run_id,graph_id,source,solver,device,mode,session,query_index,rep,warmup,instrumented,order_pos,cache_state,threads,counters_on,delta_used,wall_ms,prep_ms,alloc_ms,h2d_ms,solve_ms,d2h_ms,free_ms,kernel_ms,iterations,sync_rounds,host_syncs,parallel_phases,serial_phases,vertices_expanded,edges_touched,mismatches,dist_hash,gpu_clock_mhz_measured,gpu_foreign_procs,load1
20260927T200820Z-c857,bdcb775028e8cf1e,140379,dial,cpu,resident,,0,-1,1,0,0,warm,24,1,0,101.999114,0,1.369435,0,100.628862,0,0.00017,,305,0,0,0,0,1048218,8388572,0,962513fc443036ca,,0,8.31
20260927T200820Z-c857,bdcb775028e8cf1e,140379,delta-omp,cpu,resident,,0,-1,1,0,0,warm,24,1,12,30.616846,0,2.310542,0,28.305171,0,0.000188,,30,131,0,34,97,1151325,18516540,0,962513fc443036ca,,0,8.31
20260927T200820Z-c857,bdcb775028e8cf1e,140379,gpu-frontier,gpu,resident,,0,-1,1,0,0,warm,0,1,0,13.036687,0,0.437394,6.1580801,4.17222404,0.500875,1.739975,,29,29,29,0,0,3740263,30078794,0,962513fc443036ca,2509.00044,0,8.31
20260927T200820Z-c857,bdcb775028e8cf1e,140379,gpu-nearfar,gpu,resident,,0,-1,1,0,0,warm,0,1,12,12.044233,0,0.285724,4.42924786,3.507936,0.524817,1.934597,,134,134,390,0,0,1090906,8766478,0,962513fc443036ca,2511.16068,0,8.31
20260927T200820Z-c857,bdcb775028e8cf1e,140379,dial,cpu,resident,s0,0,0,0,0,0,warm,24,1,0,102.301775,0,1.358968,0,100.942301,0,0,,305,0,0,0,0,1048218,8388572,0,962513fc443036ca,,0,3.68
20260927T200820Z-c857,bdcb775028e8cf1e,143033,dial,cpu,resident,s0,1,0,0,0,0,warm,24,1,0,101.238561,0,1.171052,0,100.067164,0,0,,306,0,0,0,0,1048218,8388572,0,45bee60043588143,,0,3.68
20260927T200820Z-c857,bdcb775028e8cf1e,473133,dial,cpu,resident,s0,2,0,0,0,0,warm,24,1,0,101.225799,0,1.182694,0,100.042805,0,0,,304,0,0,0,0,1048218,8388572,0,ad940a6a7c9f6e79,,0,3.68
20260927T200820Z-c857,bdcb775028e8cf1e,22045,dial,cpu,resident,s0,3,0,0,0,0,warm,24,1,0,101.579036,0,1.199412,0,100.379459,0,0,,303,0,0,0,0,1048218,8388572,0,3c8a4f6babe2bcfa,,0,3.47
20260927T200820Z-c857,bdcb775028e8cf1e,367943,dial,cpu,resident,s0,4,0,0,0,0,warm,24,1,0,102.047709,0,1.203895,0,100.84367,0,0,,299,0,0,0,0,1048218,8388572,0,8f49d64399cf55ba,,0,3.47
20260927T200820Z-c857,bdcb775028e8cf1e,955628,dial,cpu,resident,s0,5,0,0,0,0,warm,24,1,0,101.325968,0,1.202099,0,100.123675,0,0,,304,0,0,0,0,1048218,8388572,0,97ac752781dd9e47,,0,3.47
20260927T200820Z-c857,bdcb775028e8cf1e,493619,dial,cpu,resident,s0,6,0,0,0,0,warm,24,1,0,104.728737,0,1.197211,0,103.531164,0,0,,308,0,0,0,0,1048218,8388572,0,01947ce70d300df5,,0,3.47
20260927T200820Z-c857,bdcb775028e8cf1e,78040,dial,cpu,resident,s0,7,0,0,0,0,warm,24,1,0,101.357443,0,1.212372,0,100.144801,0,0,,305,0,0,0,0,1048218,8388572,0,7ce762e264c535fb,,0,3.47
20260927T200820Z-c857,bdcb775028e8cf1e,597528,dial,cpu,resident,s0,8,0,0,0,0,warm,24,1,0,102.115128,0,1.19619,0,100.918773,0,0,,303,0,0,0,0,1048218,8388572,0,8eb259ff3f497ebc,,0,3.47
20260927T200820Z-c857,bdcb775028e8cf1e,666088,dial,cpu,resident,s0,9,0,0,0,0,warm,24,1,0,105.842648,0,1.227175,0,104.615246,0,0,,307,0,0,0,0,1048218,8388572,0,8babfd558442eb36,,0,3.47
20260927T200820Z-c857,bdcb775028e8cf1e,93798,dial,cpu,resident,s0,10,0,0,0,0,warm,24,1,0,107.765441,0,1.20547,0,106.559759,0,0,,307,0,0,0,0,1048218,8388572,0,d776da21d464498f,,0,3.47
20260927T200820Z-c857,bdcb775028e8cf1e,583195,dial,cpu,resident,s0,11,0,0,0,0,warm,24,1,0,103.994851,0,1.234175,0,102.760394,0,0,,306,0,0,0,0,1048218,8388572,0,172aa003797174fd,,0,3.47
20260927T200820Z-c857,bdcb775028e8cf1e,828010,dial,cpu,resident,s0,12,0,0,0,0,warm,24,1,0,100.923662,0,1.20194,0,99.721263,0,0,,303,0,0,0,0,1048218,8388572,0,24e48fed204afe20,,0,3.47
20260927T200820Z-c857,bdcb775028e8cf1e,232399,dial,cpu,resident,s0,13,0,0,0,0,warm,24,1,0,101.832976,0,1.219747,0,100.613082,0,0,,304,0,0,0,0,1048218,8388572,0,9e4d36e9fa7c15f8,,0,3.47
20260927T200820Z-c857,bdcb775028e8cf1e,439005,dial,cpu,resident,s0,14,0,0,0,0,warm,24,1,0,101.304921,0,1.193695,0,100.110923,0,0,,295,0,0,0,0,1048218,8388572,0,8e4128a19e9259cb,,0,3.47
20260927T200820Z-c857,bdcb775028e8cf1e,261911,dial,cpu,resident,s0,15,0,0,0,0,warm,24,1,0,103.593891,0,1.234869,0,102.35864,0,0,,306,0,0,0,0,1048218,8388572,0,42def7b4c28fed4d,,0,3.47
20260927T200820Z-c857,bdcb775028e8cf1e,306042,dial,cpu,resident,s0,16,0,0,0,0,warm,24,1,0,101.717196,0,1.203441,0,100.513489,0,0,,297,0,0,0,0,1048218,8388572,0,caef7bb3d74e71e7,,0,3.47
20260927T200820Z-c857,bdcb775028e8cf1e,842254,dial,cpu,resident,s0,17,0,0,0,0,warm,24,1,0,101.442422,0,1.229722,0,100.212472,0,0,,299,0,0,0,0,1048218,8388572,0,d7fe1f2a8f019015,,0,3.47
20260927T200820Z-c857,bdcb775028e8cf1e,497647,dial,cpu,resident,s0,18,0,0,0,0,warm,24,1,0,101.410831,0,1.187571,0,100.22301,0,0,,304,0,0,0,0,1048218,8388572,0,fec7b1878b41d172,,0,3.47
20260927T200820Z-c857,bdcb775028e8cf1e,283052,dial,cpu,resident,s0,19,0,0,0,0,warm,24,1,0,101.813466,0,1.184673,0,100.62842,0,0,,304,0,0,0,0,1048218,8388572,0,7118d82e727075df,,0,3.47
20260927T200820Z-c857,bdcb775028e8cf1e,299936,dial,cpu,resident,s0,20,0,0,0,0,warm,24,1,0,101.750065,0,1.229497,0,100.520351,0,0,,304,0,0,0,0,1048218,8388572,0,cacd11290a4229d3,,0,3.47
20260927T200820Z-c857,bdcb775028e8cf1e,785373,dial,cpu,resident,s0,21,0,0,0,0,warm,24,1,0,103.537373,0,1.188251,0,102.348943,0,0,,306,0,0,0,0,1048218,8388572,0,59a7d838e8fde54e,,0,3.47
20260927T200820Z-c857,bdcb775028e8cf1e,480378,dial,cpu,resident,s0,22,0,0,0,0,warm,24,1,0,101.482991,0,1.204565,0,100.278204,0,0,,297,0,0,0,0,1048218,8388572,0,8d61a1f8360384c2,,0,3.47
20260927T200820Z-c857,bdcb775028e8cf1e,321060,dial,cpu,resident,s0,23,0,0,0,0,warm,24,1,0,101.56045,0,1.203082,0,100.357135,0,0,,298,0,0,0,0,1048218,8388572,0,a31502366da41b8f,,0,3.47
20260927T200820Z-c857,bdcb775028e8cf1e,337388,dial,cpu,resident,s0,24,0,0,0,0,warm,24,1,0,101.548098,0,1.195822,0,100.352002,0,0,,301,0,0,0,0,1048218,8388572,0,8c08c70ebb3ac3fb,,0,3.47
20260927T200820Z-c857,bdcb775028e8cf1e,118671,dial,cpu,resident,s0,25,0,0,0,0,warm,24,1,0,104.025338,0,1.205701,0,102.819488,0,0,,308,0,0,0,0,1048218,8388572,0,0c15ec8650da6629,,0,3.47
20260927T200820Z-c857,bdcb775028e8cf1e,125150,dial,cpu,resident,s0,26,0,0,0,0,warm,24,1,0,101.217374,0,1.183498,0,100.033728,0,0,,298,0,0,0,0,1048218,8388572,0,5df60853290e8825,,0,3.47
20260927T200820Z-c857,bdcb775028e8cf1e,72476,dial,cpu,resident,s0,27,0,0,0,0,warm,24,1,0,103.280074,0,1.212266,0,102.06754,0,0,,307,0,0,0,0,1048218,8388572,0,9d309008139d89e2,,0,3.47
20260927T200820Z-c857,bdcb775028e8cf1e,728509,dial,cpu,resident,s0,28,0,0,0,0,warm,24,1,0,102.700829,0,1.21044,0,101.490149,0,0,,308,0,0,0,0,1048218,8388572,0,5c3d8df36abcfc12,,0,3.47
20260927T200820Z-c857,bdcb775028e8cf1e,679264,dial,cpu,resident,s0,29,0,0,0,0,warm,24,1,0,105.219384,0,1.179844,0,104.039234,0,0,,300,0,0,0,0,1048218,8388572,0,c6e211fc2a14bb1e,,0,3.47
20260927T200820Z-c857,bdcb775028e8cf1e,828590,dial,cpu,resident,s0,30,0,0,0,0,warm,24,1,0,103.617589,0,1.29819,0,102.319048,0,0,,306,0,0,0,0,1048218,8388572,0,2ae9225c26b53613,,0,3.47
20260927T200820Z-c857,bdcb775028e8cf1e,411591,dial,cpu,resident,s0,31,0,0,0,0,warm,24,1,0,103.706586,0,1.205643,0,102.500511,0,0,,305,0,0,0,0,1048218,8388572,0,87c40e56ae5ffca7,,0,3.47
20260927T200820Z-c857,bdcb775028e8cf1e,555679,dial,cpu,resident,s0,32,0,0,0,0,warm,24,1,0,100.854922,0,1.226189,0,99.628422,0,0,,301,0,0,0,0,1048218,8388572,0,9f18f792be207582,,0,3.47
20260927T200820Z-c857,bdcb775028e8cf1e,417721,dial,cpu,resident,s0,33,0,0,0,0,warm,24,1,0,101.731094,0,1.185368,0,100.545548,0,0,,299,0,0,0,0,1048218,8388572,0,40f1a85ee049ae51,,0,3.47
20260927T200820Z-c857,bdcb775028e8cf1e,199603,dial,cpu,resident,s0,34,0,0,0,0,warm,24,1,0,101.650396,0,1.186133,0,100.46403,0,0,,300,0,0,0,0,1048218,8388572,0,52eab23b1dc3a0d8,,0,3.47
20260927T200820Z-c857,bdcb775028e8cf1e,625990,dial,cpu,resident,s0,35,0,0,0,0,warm,24,1,0,101.622952,0,1.187075,0,100.435637,0,0,,297,0,0,0,0,1048218,8388572,0,1f91735b89b1e749,,0,3.47
20260927T200820Z-c857,bdcb775028e8cf1e,931576,dial,cpu,resident,s0,36,0,0,0,0,warm,24,1,0,101.380347,0,1.248977,0,100.131125,0,0,,307,0,0,0,0,1048218,8388572,0,f9b3834a03c725b2,,0,3.47
20260927T200820Z-c857,bdcb775028e8cf1e,388607,dial,cpu,resident,s0,37,0,0,0,0,warm,24,1,0,102.990846,0,1.222804,0,101.767796,0,0,,302,0,0,0,0,1048218,8388572,0,2469a61a38128657,,0,3.47
20260927T200820Z-c857,bdcb775028e8cf1e,40305,dial,cpu,resident,s0,38,0,0,0,0,warm,24,1,0,102.540778,0,1.207971,0,101.332593,0,0,,304,0,0,0,0,1048218,8388572,0,a95dfd3d0c7b8217,,0,3.47
20260927T200820Z-c857,bdcb775028e8cf1e,297024,dial,cpu,resident,s0,39,0,0,0,0,warm,24,1,0,102.091062,0,1.206934,0,100.883905,0,0,,305,0,0,0,0,1048218,8388572,0,126ebac47fb036d5,,0,3.47
20260927T200820Z-c857,bdcb775028e8cf1e,928309,dial,cpu,resident,s0,40,0,0,0,0,warm,24,1,0,101.507536,0,1.204955,0,100.302367,0,0,,307,0,0,0,0,1048218,8388572,0,1d4f08d9e5c4d39f,,0,3.47
20260927T200820Z-c857,bdcb775028e8cf1e,274490,dial,cpu,resident,s0,41,0,0,0,0,warm,24,1,0,103.570367,0,1.168088,0,102.401862,0,0,,307,0,0,0,0,1048218,8388572,0,b8ae98805b057b5a,,0,3.47
20260927T200820Z-c857,bdcb775028e8cf1e,545768,dial,cpu,resident,s0,42,0,0,0,0,warm,24,1,0,101.592461,0,1.185406,0,100.406763,0,0,,307,0,0,0,0,1048218,8388572,0,804a6099fd45f9f1,,0,3.47
20260927T200820Z-c857,bdcb775028e8cf1e,20469,dial,cpu,resident,s0,43,0,0,0,0,warm,24,1,0,101.140238,0,1.195768,0,99.944286,0,0,,301,0,0,0,0,1048218,8388572,0,67718541774a1c58,,0,3.47
20260927T200820Z-c857,bdcb775028e8cf1e,531301,dial,cpu,resident,s0,44,0,0,0,0,warm,24,1,0,100.960219,0,1.233549,0,99.726319,0,0,,312,0,0,0,0,1048218,8388572,0,a2d077b44abc8be4,,0,3.47
20260927T200820Z-c857,bdcb775028e8cf1e,1047443,dial,cpu,resident,s0,45,0,0,0,0,warm,24,1,0,102.674623,0,1.181788,0,101.492569,0,0,,317,0,0,0,0,1048218,8388572,0,5193d56b59210cff,,0,3.47
20260927T200820Z-c857,bdcb775028e8cf1e,638272,dial,cpu,resident,s0,46,0,0,0,0,warm,24,1,0,100.836618,0,1.173963,0,99.662491,0,0,,305,0,0,0,0,1048218,8388572,0,55cd86ef2d52603f,,0,3.47
20260927T200820Z-c857,bdcb775028e8cf1e,975530,dial,cpu,resident,s0,47,0,0,0,0,warm,24,1,0,101.449978,0,1.192496,0,100.257243,0,0,,300,0,0,0,0,1048218,8388572,0,defa82ffc7c822c1,,0,3.47
20260927T200820Z-c857,bdcb775028e8cf1e,914696,dial,cpu,resident,s0,48,0,0,0,0,warm,24,1,0,101.982698,0,1.220825,0,100.761654,0,0,,299,0,0,0,0,1048218,8388572,0,b214dabb258e9aae,,0,3.47
20260927T200820Z-c857,bdcb775028e8cf1e,169940,dial,cpu,resident,s0,49,0,0,0,0,warm,24,1,0,106.801916,0,1.368537,0,105.433174,0,0,,303,0,0,0,0,1048218,8388572,0,aa0703ef4173c77e,,0,3.47
20260927T200820Z-c857,bdcb775028e8cf1e,834360,dial,cpu,resident,s0,50,0,0,0,0,warm,24,1,0,102.288802,0,1.234019,0,101.054594,0,0,,302,0,0,0,0,1048218,8388572,0,5691474dd60d91eb,,0,3.47
20260927T200820Z-c857,bdcb775028e8cf1e,518322,dial,cpu,resident,s0,51,0,0,0,0,warm,24,1,0,103.141399,0,1.23697,0,101.904171,0,0,,300,0,0,0,0,1048218,8388572,0,487e23ea466e3dc3,,0,3.27
20260927T200820Z-c857,bdcb775028e8cf1e,577541,dial,cpu,resident,s0,52,0,0,0,0,warm,24,1,0,101.293244,0,1.20526,0,100.087576,0,0,,300,0,0,0,0,1048218,8388572,0,b1fdbbb5e3df8eaf,,0,3.27
20260927T200820Z-c857,bdcb775028e8cf1e,764242,dial,cpu,resident,s0,53,0,0,0,0,warm,24,1,0,101.5214,0,1.222543,0,100.298391,0,0,,306,0,0,0,0,1048218,8388572,0,3d9713fe1cb13f0f,,0,3.27
20260927T200820Z-c857,bdcb775028e8cf1e,14706,dial,cpu,resident,s0,54,0,0,0,0,warm,24,1,0,101.447847,0,1.20239,0,100.245238,0,0,,304,0,0,0,0,1048218,8388572,0,670ec085e25725a5,,0,3.27
20260927T200820Z-c857,bdcb775028e8cf1e,471650,dial,cpu,resident,s0,55,0,0,0,0,warm,24,1,0,101.576791,0,1.209634,0,100.366722,0,0,,302,0,0,0,0,1048218,8388572,0,8e96feb8790153a9,,0,3.27
20260927T200820Z-c857,bdcb775028e8cf1e,192150,dial,cpu,resident,s0,56,0,0,0,0,warm,24,1,0,101.822404,0,1.237114,0,100.585139,0,0,,311,0,0,0,0,1048218,8388572,0,7a4e7c7f4964792a,,0,3.27
20260927T200820Z-c857,bdcb775028e8cf1e,59477,dial,cpu,resident,s0,57,0,0,0,0,warm,24,1,0,101.404108,0,1.217415,0,100.186447,0,0,,304,0,0,0,0,1048218,8388572,0,720be9d618fad5fd,,0,3.27
20260927T200820Z-c857,bdcb775028e8cf1e,201224,dial,cpu,resident,s0,58,0,0,0,0,warm,24,1,0,102.504887,0,1.204322,0,101.300145,0,0,,303,0,0,0,0,1048218,8388572,0,9def48f1ef14c98b,,0,3.27
20260927T200820Z-c857,bdcb775028e8cf1e,12846,dial,cpu,resident,s0,59,0,0,0,0,warm,24,1,0,101.113048,0,1.225501,0,99.887288,0,0,,303,0,0,0,0,1048218,8388572,0,4a251f0fc1f7c4d8,,0,3.27
20260927T200820Z-c857,bdcb775028e8cf1e,88685,dial,cpu,resident,s0,60,0,0,0,0,warm,24,1,0,100.997415,0,1.21641,0,99.780632,0,0,,309,0,0,0,0,1048218,8388572,0,35e1f7fbc76a56e6,,0,3.27
20260927T200820Z-c857,bdcb775028e8cf1e,637,dial,cpu,resident,s0,61,0,0,0,0,warm,24,1,0,103.045897,0,1.201534,0,101.844046,0,0,,302,0,0,0,0,1048218,8388572,0,55580c8117e41e29,,0,3.27
20260927T200820Z-c857,bdcb775028e8cf1e,140682,dial,cpu,resident,s0,62,0,0,0,0,warm,24,1,0,101.961384,0,1.212726,0,100.748364,0,0,,297,0,0,0,0,1048218,8388572,0,2275df8962059f7d,,0,3.27
20260927T200820Z-c857,bdcb775028e8cf1e,242263,dial,cpu,resident,s0,63,0,0,0,0,warm,24,1,0,102.086663,0,1.18052,0,100.905716,0,0,,305,0,0,0,0,1048218,8388572,0,aec23922016823f2,,0,3.27
20260927T200820Z-c857,bdcb775028e8cf1e,955528,dial,cpu,resident,s0,64,0,0,0,0,warm,24,1,0,101.353813,0,1.212919,0,100.14048,0,0,,301,0,0,0,0,1048218,8388572,0,71745a9ddcfa9aed,,0,3.27
20260927T200820Z-c857,bdcb775028e8cf1e,604431,dial,cpu,resident,s0,65,0,0,0,0,warm,24,1,0,102.339176,0,1.246062,0,101.092869,0,0,,304,0,0,0,0,1048218,8388572,0,0f2fc4de9183f8e5,,0,3.27
20260927T200820Z-c857,bdcb775028e8cf1e,968747,dial,cpu,resident,s0,66,0,0,0,0,warm,24,1,0,101.601203,0,1.206246,0,100.394711,0,0,,301,0,0,0,0,1048218,8388572,0,23fb936cb9001886,,0,3.27
20260927T200820Z-c857,bdcb775028e8cf1e,25579,dial,cpu,resident,s0,67,0,0,0,0,warm,24,1,0,101.351631,0,1.218579,0,100.132733,0,0,,300,0,0,0,0,1048218,8388572,0,147f42102dacb4a9,,0,3.27
20260927T200820Z-c857,bdcb775028e8cf1e,802074,dial,cpu,resident,s0,68,0,0,0,0,warm,24,1,0,103.62865,0,1.201823,0,102.426425,0,0,,309,0,0,0,0,1048218,8388572,0,9ab4ea21ea39d810,,0,3.27
20260927T200820Z-c857,bdcb775028e8cf1e,785602,dial,cpu,resident,s0,69,0,0,0,0,warm,24,1,0,105.176401,0,1.217814,0,103.958315,0,0,,305,0,0,0,0,1048218,8388572,0,904abcbc011db59e,,0,3.27
20260927T200820Z-c857,bdcb775028e8cf1e,800647,dial,cpu,resident,s0,70,0,0,0,0,warm,24,1,0,102.339053,0,1.208606,0,101.130118,0,0,,299,0,0,0,0,1048218,8388572,0,963c10a1708eaba2,,0,3.27
20260927T200820Z-c857,bdcb775028e8cf1e,1034835,dial,cpu,resident,s0,71,0,0,0,0,warm,24,1,0,103.09496,0,1.207561,0,101.887174,0,0,,302,0,0,0,0,1048218,8388572,0,e6fa7c6616165044,,0,3.27
20260927T200820Z-c857,bdcb775028e8cf1e,591983,dial,cpu,resident,s0,72,0,0,0,0,warm,24,1,0,101.207281,0,1.19603,0,100.010865,0,0,,300,0,0,0,0,1048218,8388572,0,6d8caa59599b10cf,,0,3.27
20260927T200820Z-c857,bdcb775028e8cf1e,509143,dial,cpu,resident,s0,73,0,0,0,0,warm,24,1,0,101.715482,0,1.246263,0,100.468822,0,0,,304,0,0,0,0,1048218,8388572,0,6ebbe9cb431c1e34,,0,3.27
20260927T200820Z-c857,bdcb775028e8cf1e,258004,dial,cpu,resident,s0,74,0,0,0,0,warm,24,1,0,101.6081,0,1.18269,0,100.425046,0,0,,304,0,0,0,0,1048218,8388572,0,8fe71bf6883af38c,,0,3.27
20260927T200820Z-c857,bdcb775028e8cf1e,1008134,dial,cpu,resident,s0,75,0,0,0,0,warm,24,1,0,104.507071,0,1.31618,0,103.190703,0,0,,299,0,0,0,0,1048218,8388572,0,cdc782d99fbeccfa,,0,3.27
20260927T200820Z-c857,bdcb775028e8cf1e,693058,dial,cpu,resident,s0,76,0,0,0,0,warm,24,1,0,101.704146,0,1.223578,0,100.480247,0,0,,307,0,0,0,0,1048218,8388572,0,62b2e74b763aa377,,0,3.27
20260927T200820Z-c857,bdcb775028e8cf1e,567498,dial,cpu,resident,s0,77,0,0,0,0,warm,24,1,0,101.591442,0,1.233416,0,100.357856,0,0,,297,0,0,0,0,1048218,8388572,0,b3954405507118b0,,0,3.27
20260927T200820Z-c857,bdcb775028e8cf1e,626061,dial,cpu,resident,s0,78,0,0,0,0,warm,24,1,0,101.17109,0,1.201971,0,99.968741,0,0,,300,0,0,0,0,1048218,8388572,0,61fd094b9998fbe0,,0,3.27
20260927T200820Z-c857,bdcb775028e8cf1e,599867,dial,cpu,resident,s0,79,0,0,0,0,warm,24,1,0,101.459732,0,1.233686,0,100.225892,0,0,,305,0,0,0,0,1048218,8388572,0,4284c3996437d273,,0,3.27
20260927T200820Z-c857,bdcb775028e8cf1e,721594,dial,cpu,resident,s0,80,0,0,0,0,warm,24,1,0,101.415666,0,1.228369,0,100.186874,0,0,,298,0,0,0,0,1048218,8388572,0,c5027d3d7bcd5d43,,0,3.27
20260927T200820Z-c857,bdcb775028e8cf1e,755768,dial,cpu,resident,s0,81,0,0,0,0,warm,24,1,0,103.778456,0,1.177075,0,102.600846,0,0,,293,0,0,0,0,1048218,8388572,0,955e6864f3462f95,,0,3.27
20260927T200820Z-c857,bdcb775028e8cf1e,481879,dial,cpu,resident,s0,82,0,0,0,0,warm,24,1,0,101.188576,0,1.226317,0,99.961722,0,0,,301,0,0,0,0,1048218,8388572,0,4d31dc5efe4dd68c,,0,3.27
20260927T200820Z-c857,bdcb775028e8cf1e,666926,dial,cpu,resident,s0,83,0,0,0,0,warm,24,1,0,101.594924,0,1.216658,0,100.377776,0,0,,296,0,0,0,0,1048218,8388572,0,e59c132c158e1970,,0,3.27
20260927T200820Z-c857,bdcb775028e8cf1e,812308,dial,cpu,resident,s0,84,0,0,0,0,warm,24,1,0,101.254943,0,1.183147,0,100.071449,0,0,,306,0,0,0,0,1048218,8388572,0,0f02fef1f6f062f9,,0,3.27
20260927T200820Z-c857,bdcb775028e8cf1e,940471,dial,cpu,resident,s0,85,0,0,0,0,warm,24,1,0,106.130486,0,1.252074,0,104.8781,0,0,,299,0,0,0,0,1048218,8388572,0,d4f15bd52e42c464,,0,3.27
20260927T200820Z-c857,bdcb775028e8cf1e,705817,dial,cpu,resident,s0,86,0,0,0,0,warm,24,1,0,101.241411,0,1.177073,0,100.064,0,0,,305,0,0,0,0,1048218,8388572,0,2f9e346e5a9590b3,,0,3.27
20260927T200820Z-c857,bdcb775028e8cf1e,378775,dial,cpu,resident,s0,87,0,0,0,0,warm,24,1,0,102.936366,0,1.234154,0,101.701925,0,0,,303,0,0,0,0,1048218,8388572,0,247dc886d68cf358,,0,3.27
20260927T200820Z-c857,bdcb775028e8cf1e,11928,dial,cpu,resident,s0,88,0,0,0,0,warm,24,1,0,103.417077,0,1.205656,0,102.210814,0,0,,307,0,0,0,0,1048218,8388572,0,86b14882cf633e0e,,0,3.27
20260927T200820Z-c857,bdcb775028e8cf1e,149969,dial,cpu,resident,s0,89,0,0,0,0,warm,24,1,0,104.04353,0,1.201518,0,102.841555,0,0,,313,0,0,0,0,1048218,8388572,0,45297a6a252cf4a3,,0,3.27
20260927T200820Z-c857,bdcb775028e8cf1e,518422,dial,cpu,resident,s0,90,0,0,0,0,warm,24,1,0,103.074215,0,1.189197,0,101.884802,0,0,,306,0,0,0,0,1048218,8388572,0,48d221e86e4fc6b8,,0,3.27
20260927T200820Z-c857,bdcb775028e8cf1e,764093,dial,cpu,resident,s0,91,0,0,0,0,warm,24,1,0,103.71273,0,1.291133,0,102.421241,0,0,,308,0,0,0,0,1048218,8388572,0,30627382b9126684,,0,3.27
20260927T200820Z-c857,bdcb775028e8cf1e,818556,dial,cpu,resident,s0,92,0,0,0,0,warm,24,1,0,101.171628,0,1.189011,0,99.982337,0,0,,296,0,0,0,0,1048218,8388572,0,27a240572492669c,,0,3.27
20260927T200820Z-c857,bdcb775028e8cf1e,284007,dial,cpu,resident,s0,93,0,0,0,0,warm,24,1,0,101.057563,0,1.246681,0,99.810557,0,0,,303,0,0,0,0,1048218,8388572,0,d3f6714dfb85bc57,,0,3.27
20260927T200820Z-c857,bdcb775028e8cf1e,147527,dial,cpu,resident,s0,94,0,0,0,0,warm,24,1,0,102.312032,0,1.202756,0,101.108992,0,0,,306,0,0,0,0,1048218,8388572,0,d049b16980e0f60c,,0,3.27
20260927T200820Z-c857,bdcb775028e8cf1e,810773,dial,cpu,resident,s0,95,0,0,0,0,warm,24,1,0,101.200169,0,1.181945,0,100.018036,0,0,,303,0,0,0,0,1048218,8388572,0,6fd146baf7e50cb8,,0,3.27
20260927T200820Z-c857,bdcb775028e8cf1e,496849,dial,cpu,resident,s0,96,0,0,0,0,warm,24,1,0,101.424168,0,1.208759,0,100.215072,0,0,,306,0,0,0,0,1048218,8388572,0,51e6ca03ae62fe83,,0,3.27
20260927T200820Z-c857,bdcb775028e8cf1e,1013688,dial,cpu,resident,s0,97,0,0,0,0,warm,24,1,0,101.148895,0,1.222518,0,99.926049,0,0,,307,0,0,0,0,1048218,8388572,0,30b5e615d19b4db7,,0,3.27
20260927T200820Z-c857,bdcb775028e8cf1e,935512,dial,cpu,resident,s0,98,0,0,0,0,warm,24,1,0,101.419335,0,1.257663,0,100.161295,0,0,,301,0,0,0,0,1048218,8388572,0,345b9f3d13942b0a,,0,3.27
20260927T200820Z-c857,bdcb775028e8cf1e,714883,dial,cpu,resident,s0,99,0,0,0,0,warm,24,1,0,100.86708,0,1.235934,0,99.630794,0,0,,302,0,0,0,0,1048218,8388572,0,3caa4b9d4e60a28c,,0,3.27
20260927T200820Z-c857,bdcb775028e8cf1e,670214,dial,cpu,resident,s0,100,0,0,0,0,warm,24,1,0,101.385478,0,1.185669,0,100.199468,0,0,,302,0,0,0,0,1048218,8388572,0,58cdbd04e9ad4b5a,,0,3.09
20260927T200820Z-c857,bdcb775028e8cf1e,922346,dial,cpu,resident,s0,101,0,0,0,0,warm,24,1,0,103.051492,0,1.216499,0,101.834625,0,0,,299,0,0,0,0,1048218,8388572,0,a9345b2da1f507da,,0,3.09
20260927T200820Z-c857,bdcb775028e8cf1e,802242,dial,cpu,resident,s0,102,0,0,0,0,warm,24,1,0,100.923697,0,1.253039,0,99.670311,0,0,,305,0,0,0,0,1048218,8388572,0,36cceee4a9db6a4b,,0,3.09
20260927T200820Z-c857,bdcb775028e8cf1e,45284,dial,cpu,resident,s0,103,0,0,0,0,warm,24,1,0,101.435615,0,1.213601,0,100.221605,0,0,,305,0,0,0,0,1048218,8388572,0,8cde483398c0c574,,0,3.09
20260927T200820Z-c857,bdcb775028e8cf1e,908797,dial,cpu,resident,s0,104,0,0,0,0,warm,24,1,0,101.717092,0,1.191297,0,100.525388,0,0,,307,0,0,0,0,1048218,8388572,0,693d054e427576ec,,0,3.09
20260927T200820Z-c857,bdcb775028e8cf1e,281396,dial,cpu,resident,s0,105,0,0,0,0,warm,24,1,0,101.012261,0,1.28174,0,99.73019,0,0,,303,0,0,0,0,1048218,8388572,0,b14bb4ea16e9e257,,0,3.09
20260927T200820Z-c857,bdcb775028e8cf1e,1000550,dial,cpu,resident,s0,106,0,0,0,0,warm,24,1,0,101.424415,0,1.202117,0,100.221873,0,0,,299,0,0,0,0,1048218,8388572,0,1100489ad95e65a9,,0,3.09
20260927T200820Z-c857,bdcb775028e8cf1e,73594,dial,cpu,resident,s0,107,0,0,0,0,warm,24,1,0,101.006181,0,1.194611,0,99.811055,0,0,,308,0,0,0,0,1048218,8388572,0,f80913d9ffa61601,,0,3.09
20260927T200820Z-c857,bdcb775028e8cf1e,301631,dial,cpu,resident,s0,108,0,0,0,0,warm,24,1,0,105.840913,0,1.186527,0,104.654138,0,0,,302,0,0,0,0,1048218,8388572,0,ffb0bdb411984f79,,0,3.09
20260927T200820Z-c857,bdcb775028e8cf1e,430170,dial,cpu,resident,s0,109,0,0,0,0,warm,24,1,0,94.414837,0,1.356725,0,93.057576,0,0,,305,0,0,0,0,1048218,8388572,0,3ddac9680cf654ec,,0,3.09
20260927T200820Z-c857,bdcb775028e8cf1e,752814,dial,cpu,resident,s0,110,0,0,0,0,warm,24,1,0,91.880593,0,1.244994,0,90.635271,0,0,,309,0,0,0,0,1048218,8388572,0,894bd5913f3ff4d4,,0,3.09
20260927T200820Z-c857,bdcb775028e8cf1e,679839,dial,cpu,resident,s0,111,0,0,0,0,warm,24,1,0,93.900476,0,1.256907,0,92.643077,0,0,,300,0,0,0,0,1048218,8388572,0,2311d0e3a8eb00ff,,0,3.09
20260927T200820Z-c857,bdcb775028e8cf1e,619664,dial,cpu,resident,s0,112,0,0,0,0,warm,24,1,0,93.216845,0,1.341721,0,91.874651,0,0,,297,0,0,0,0,1048218,8388572,0,67d5b0180727b207,,0,3.09
20260927T200820Z-c857,bdcb775028e8cf1e,98827,dial,cpu,resident,s0,113,0,0,0,0,warm,24,1,0,92.382819,0,1.265359,0,91.117002,0,0,,304,0,0,0,0,1048218,8388572,0,028ac127e1d04635,,0,3.09
20260927T200820Z-c857,bdcb775028e8cf1e,105994,dial,cpu,resident,s0,114,0,0,0,0,warm,24,1,0,92.316722,0,1.281158,0,91.035274,0,0,,307,0,0,0,0,1048218,8388572,0,6101a6af17cce50a,,0,3.09
20260927T200820Z-c857,bdcb775028e8cf1e,243457,dial,cpu,resident,s0,115,0,0,0,0,warm,24,1,0,92.028442,0,1.262271,0,90.765813,0,0,,305,0,0,0,0,1048218,8388572,0,d63dcb9c463e2915,,0,3.09
20260927T200820Z-c857,bdcb775028e8cf1e,734875,dial,cpu,resident,s0,116,0,0,0,0,warm,24,1,0,91.659155,0,1.238969,0,90.419715,0,0,,300,0,0,0,0,1048218,8388572,0,4ff936efc2f83018,,0,3.09
20260927T200820Z-c857,bdcb775028e8cf1e,370736,dial,cpu,resident,s0,117,0,0,0,0,warm,24,1,0,92.652305,0,1.229621,0,91.422437,0,0,,305,0,0,0,0,1048218,8388572,0,dddd8859f17554f0,,0,3.09
20260927T200820Z-c857,bdcb775028e8cf1e,521055,dial,cpu,resident,s0,118,0,0,0,0,warm,24,1,0,100.425329,0,1.239347,0,99.185768,0,0,,308,0,0,0,0,1048218,8388572,0,b294e6b0e2222d00,,0,3.09
20260927T200820Z-c857,bdcb775028e8cf1e,697461,dial,cpu,resident,s0,119,0,0,0,0,warm,24,1,0,101.277507,0,1.197236,0,100.079944,0,0,,311,0,0,0,0,1048218,8388572,0,c89ae9f21d6f3a2f,,0,3.09
20260927T200820Z-c857,bdcb775028e8cf1e,696648,dial,cpu,resident,s0,120,0,0,0,0,warm,24,1,0,101.1558,0,1.201462,0,99.953978,0,0,,301,0,0,0,0,1048218,8388572,0,e037bd626e593f61,,0,3.09
20260927T200820Z-c857,bdcb775028e8cf1e,322939,dial,cpu,resident,s0,121,0,0,0,0,warm,24,1,0,101.179699,0,1.228902,0,99.950312,0,0,,300,0,0,0,0,1048218,8388572,0,b87b221b270ba537,,0,3.09
20260927T200820Z-c857,bdcb775028e8cf1e,235403,dial,cpu,resident,s0,122,0,0,0,0,warm,24,1,0,104.052533,0,1.220346,0,102.832033,0,0,,305,0,0,0,0,1048218,8388572,0,df346452db877857,,0,3.09
20260927T200820Z-c857,bdcb775028e8cf1e,842932,dial,cpu,resident,s0,123,0,0,0,0,warm,24,1,0,102.552524,0,1.201115,0,101.350994,0,0,,304,0,0,0,0,1048218,8388572,0,af21ce208f9f1ea0,,0,3.09
20260927T200820Z-c857,bdcb775028e8cf1e,776073,dial,cpu,resident,s0,124,0,0,0,0,warm,24,1,0,101.555317,0,1.222451,0,100.332687,0,0,,297,0,0,0,0,1048218,8388572,0,7e405523a60c0b48,,0,3.09
20260927T200820Z-c857,bdcb775028e8cf1e,159157,dial,cpu,resident,s0,125,0,0,0,0,warm,24,1,0,101.845887,0,1.197735,0,100.647301,0,0,,303,0,0,0,0,1048218,8388572,0,f3d9b207575393e3,,0,3.09
20260927T200820Z-c857,bdcb775028e8cf1e,824874,dial,cpu,resident,s0,126,0,0,0,0,warm,24,1,0,101.556837,0,1.184566,0,100.372024,0,0,,302,0,0,0,0,1048218,8388572,0,d96a4f94f9e5b71e,,0,3.09
20260927T200820Z-c857,bdcb775028e8cf1e,523339,dial,cpu,resident,s0,127,0,0,0,0,warm,24,1,0,101.575121,0,1.205143,0,100.369509,0,0.000329,,308,0,0,0,0,1048218,8388572,0,f45d5e630c88b75d,,0,3.09
20260927T200820Z-c857,bdcb775028e8cf1e,140379,delta-omp,cpu,resident,s0,0,0,0,0,1,warm,24,1,12,20.123334,0,2.473086,0,17.649589,0,0,,30,131,0,34,97,1151318,18517216,0,962513fc443036ca,,0,3.09
20260927T200820Z-c857,bdcb775028e8cf1e,143033,delta-omp,cpu,resident,s0,1,0,0,0,1,warm,24,1,12,20.319763,0,2.276943,0,18.042082,0,0,,31,128,0,35,93,1151060,18512184,0,45bee60043588143,,0,3.09
20260927T200820Z-c857,bdcb775028e8cf1e,473133,delta-omp,cpu,resident,s0,2,0,0,0,1,warm,24,1,12,19.965372,0,2.277054,0,17.687759,0,0,,31,133,0,34,99,1151129,18514804,0,ad940a6a7c9f6e79,,0,3.09
20260927T200820Z-c857,bdcb775028e8cf1e,22045,delta-omp,cpu,resident,s0,3,0,0,0,1,warm,24,1,12,20.211834,0,2.456244,0,17.755236,0,0,,29,126,0,36,90,1150923,18511564,0,3c8a4f6babe2bcfa,,0,3.09
20260927T200820Z-c857,bdcb775028e8cf1e,367943,delta-omp,cpu,resident,s0,4,0,0,0,1,warm,24,1,12,20.069619,0,2.31359,0,17.755695,0,0,,30,130,0,34,96,1150888,18512344,0,8f49d64399cf55ba,,0,3.09
20260927T200820Z-c857,bdcb775028e8cf1e,955628,delta-omp,cpu,resident,s0,5,0,0,0,1,warm,24,1,12,19.307605,0,2.291983,0,17.015148,0,0,,31,132,0,36,96,1150595,18503068,0,97ac752781dd9e47,,0,3.09
20260927T200820Z-c857,bdcb775028e8cf1e,493619,delta-omp,cpu,resident,s0,6,0,0,0,1,warm,24,1,12,19.460495,0,2.281748,0,17.178326,0,0,,30,127,0,36,91,1151122,18517318,0,01947ce70d300df5,,0,3.09
20260927T200820Z-c857,bdcb775028e8cf1e,78040,delta-omp,cpu,resident,s0,7,0,0,0,1,warm,24,1,12,20.168285,0,2.279841,0,17.887825,0,0,,31,131,0,35,96,1150582,18505964,0,7ce762e264c535fb,,0,3.09
20260927T200820Z-c857,bdcb775028e8cf1e,597528,delta-omp,cpu,resident,s0,8,0,0,0,1,warm,24,1,12,21.897025,0,2.631023,0,19.264903,0,0,,32,127,0,36,91,1149909,18494528,0,8eb259ff3f497ebc,,0,3.09
20260927T200820Z-c857,bdcb775028e8cf1e,666088,delta-omp,cpu,resident,s0,9,0,0,0,1,warm,24,1,12,21.906641,0,3.742232,0,18.163499,0,0,,31,129,0,35,94,1150235,18497124,0,8babfd558442eb36,,0,3.09
20260927T200820Z-c857,bdcb775028e8cf1e,93798,delta-omp,cpu,resident,s0,10,0,0,0,1,warm,24,1,12,22.369899,0,3.734173,0,18.634645,0,0,,30,129,0,34,95,1150551,18504104,0,d776da21d464498f,,0,3.09
20260927T200820Z-c857,bdcb775028e8cf1e,583195,delta-omp,cpu,resident,s0,11,0,0,0,1,warm,24,1,12,22.047451,0,3.715405,0,18.331334,0,0,,30,128,0,36,92,1150521,18504278,0,172aa003797174fd,,0,3.09
20260927T200820Z-c857,bdcb775028e8cf1e,828010,delta-omp,cpu,resident,s0,12,0,0,0,1,warm,24,1,12,21.839536,0,3.727078,0,18.11178,0,0,,32,130,0,36,94,1150780,18509608,0,24e48fed204afe20,,0,3.09
20260927T200820Z-c857,bdcb775028e8cf1e,232399,delta-omp,cpu,resident,s0,13,0,0,0,1,warm,24,1,12,22.086049,0,3.714595,0,18.370548,0,0,,30,132,0,35,97,1150350,18498218,0,9e4d36e9fa7c15f8,,0,3.09
20260927T200820Z-c857,bdcb775028e8cf1e,439005,delta-omp,cpu,resident,s0,14,0,0,0,1,warm,24,1,12,21.858303,0,3.734533,0,18.122759,0,0,,30,125,0,36,89,1150659,18506058,0,8e4128a19e9259cb,,0,3.09
20260927T200820Z-c857,bdcb775028e8cf1e,261911,delta-omp,cpu,resident,s0,15,0,0,0,1,warm,24,1,12,22.730532,0,3.719845,0,19.010001,0,0,,31,127,0,35,92,1150285,18499690,0,42def7b4c28fed4d,,0,3.09
20260927T200820Z-c857,bdcb775028e8cf1e,306042,delta-omp,cpu,resident,s0,16,0,0,0,1,warm,24,1,12,22.367753,0,3.727964,0,18.639149,0,0,,29,128,0,34,94,1150690,18508250,0,caef7bb3d74e71e7,,0,3.09
20260927T200820Z-c857,bdcb775028e8cf1e,842254,delta-omp,cpu,resident,s0,17,0,0,0,1,warm,24,1,12,21.905173,0,3.725221,0,18.17924,0,0,,30,131,0,36,95,1150855,18509888,0,d7fe1f2a8f019015,,0,3.09
20260927T200820Z-c857,bdcb775028e8cf1e,497647,delta-omp,cpu,resident,s0,18,0,0,0,1,warm,24,1,12,22.539087,0,3.715435,0,18.822853,0,0,,30,132,0,34,98,1150876,18511578,0,fec7b1878b41d172,,0,3.09
20260927T200820Z-c857,bdcb775028e8cf1e,283052,delta-omp,cpu,resident,s0,19,0,0,0,1,warm,24,1,12,21.935326,0,3.73011,0,18.204415,0,0,,31,132,0,36,96,1150592,18505728,0,7118d82e727075df,,0,3.09
20260927T200820Z-c857,bdcb775028e8cf1e,299936,delta-omp,cpu,resident,s0,20,0,0,0,1,warm,24,1,12,22.941185,0,3.842572,0,19.097848,0,0,,30,123,0,36,87,1150506,18503010,0,cacd11290a4229d3,,0,3.09
20260927T200820Z-c857,bdcb775028e8cf1e,785373,delta-omp,cpu,resident,s0,21,0,0,0,1,warm,24,1,12,22.146676,0,3.742375,0,18.403474,0,0,,30,129,0,36,93,1150943,18511112,0,59a7d838e8fde54e,,0,3.09
20260927T200820Z-c857,bdcb775028e8cf1e,480378,delta-omp,cpu,resident,s0,22,0,0,0,1,warm,24,1,12,21.800692,0,3.732966,0,18.067001,0,0,,30,127,0,37,90,1151106,18514214,0,8d61a1f8360384c2,,0,3.09
20260927T200820Z-c857,bdcb775028e8cf1e,321060,delta-omp,cpu,resident,s0,23,0,0,0,1,warm,24,1,12,22.292108,0,3.742688,0,18.548667,0,0,,30,129,0,36,93,1150985,18515406,0,a31502366da41b8f,,0,3.09
20260927T200820Z-c857,bdcb775028e8cf1e,337388,delta-omp,cpu,resident,s0,24,0,0,0,1,warm,24,1,12,22.06789,0,3.72312,0,18.343885,0,0,,31,129,0,35,94,1151148,18514550,0,8c08c70ebb3ac3fb,,0,3.09
20260927T200820Z-c857,bdcb775028e8cf1e,118671,delta-omp,cpu,resident,s0,25,0,0,0,1,warm,24,1,12,21.716708,0,3.725126,0,17.990718,0,0,,30,132,0,36,96,1151022,18513544,0,0c15ec8650da6629,,0,3.09
20260927T200820Z-c857,bdcb775028e8cf1e,125150,delta-omp,cpu,resident,s0,26,0,0,0,1,warm,24,1,12,22.671117,0,3.719103,0,18.951145,0,0,,29,130,0,34,96,1151399,18519904,0,5df60853290e8825,,0,3.09
20260927T200820Z-c857,bdcb775028e8cf1e,72476,delta-omp,cpu,resident,s0,27,0,0,0,1,warm,24,1,12,21.658926,0,3.746866,0,17.911135,0,0,,31,132,0,36,96,1151215,18515250,0,9d309008139d89e2,,0,3.09
20260927T200820Z-c857,bdcb775028e8cf1e,728509,delta-omp,cpu,resident,s0,28,0,0,0,1,warm,24,1,12,21.854539,0,3.754883,0,18.098793,0,0,,33,135,0,36,99,1151160,18516770,0,5c3d8df36abcfc12,,0,3.09
20260927T200820Z-c857,bdcb775028e8cf1e,679264,delta-omp,cpu,resident,s0,29,0,0,0,1,warm,24,1,12,21.648023,0,3.707386,0,17.939721,0,0,,31,131,0,36,95,1150553,18507002,0,c6e211fc2a14bb1e,,0,3.09
20260927T200820Z-c857,bdcb775028e8cf1e,828590,delta-omp,cpu,resident,s0,30,0,0,0,1,warm,24,1,12,22.28841,0,3.721128,0,18.56648,0,0,,34,136,0,34,102,1150352,18500004,0,2ae9225c26b53613,,0,3.09
20260927T200820Z-c857,bdcb775028e8cf1e,411591,delta-omp,cpu,resident,s0,31,0,0,0,1,warm,24,1,12,22.103027,0,3.721854,0,18.380144,0,0,,30,132,0,36,96,1151081,18510340,0,87c40e56ae5ffca7,,0,3.09
20260927T200820Z-c857,bdcb775028e8cf1e,555679,delta-omp,cpu,resident,s0,32,0,0,0,1,warm,24,1,12,21.37807,0,3.722715,0,17.65447,0,0,,30,126,0,36,90,1151071,18513002,0,9f18f792be207582,,0,3.09
20260927T200820Z-c857,bdcb775028e8cf1e,417721,delta-omp,cpu,resident,s0,33,0,0,0,1,warm,24,1,12,22.078519,0,3.714635,0,18.362925,0,0,,28,125,0,35,90,1150409,18505504,0,40f1a85ee049ae51,,0,3.09
20260927T200820Z-c857,bdcb775028e8cf1e,199603,delta-omp,cpu,resident,s0,34,0,0,0,1,warm,24,1,12,21.625764,0,3.72829,0,17.896857,0,0,,30,131,0,36,95,1150334,18498902,0,52eab23b1dc3a0d8,,0,3.09
20260927T200820Z-c857,bdcb775028e8cf1e,625990,delta-omp,cpu,resident,s0,35,0,0,0,1,warm,24,1,12,21.594734,0,3.720078,0,17.87399,0,0,,29,128,0,36,92,1150926,18509280,0,1f91735b89b1e749,,0,3.09
20260927T200820Z-c857,bdcb775028e8cf1e,931576,delta-omp,cpu,resident,s0,36,0,0,0,1,warm,24,1,12,22.001322,0,3.739622,0,18.260935,0,0,,31,131,0,36,95,1150983,18512820,0,f9b3834a03c725b2,,0,3.09
20260927T200820Z-c857,bdcb775028e8cf1e,388607,delta-omp,cpu,resident,s0,37,0,0,0,1,warm,24,1,12,22.327862,0,3.721947,0,18.605142,0,0,,29,127,0,34,93,1150662,18506140,0,2469a61a38128657,,0,3.09
20260927T200820Z-c857,bdcb775028e8cf1e,40305,delta-omp,cpu,resident,s0,38,0,0,0,1,warm,24,1,12,22.467715,0,3.720989,0,18.745977,0,0,,30,126,0,35,91,1150593,18505476,0,a95dfd3d0c7b8217,,0,3.09
20260927T200820Z-c857,bdcb775028e8cf1e,297024,delta-omp,cpu,resident,s0,39,0,0,0,1,warm,24,1,12,21.820523,0,3.718056,0,18.10161,0,0,,32,133,0,35,98,1151499,18518012,0,126ebac47fb036d5,,0,3.09
20260927T200820Z-c857,bdcb775028e8cf1e,928309,delta-omp,cpu,resident,s0,40,0,0,0,1,warm,24,1,12,21.865821,0,3.747939,0,18.117073,0,0,,31,132,0,35,97,1150894,18509112,0,1d4f08d9e5c4d39f,,0,3.09
20260927T200820Z-c857,bdcb775028e8cf1e,274490,delta-omp,cpu,resident,s0,41,0,0,0,1,warm,24,1,12,22.438374,0,3.74329,0,18.694381,0,0,,33,136,0,34,102,1150539,18505640,0,b8ae98805b057b5a,,0,3.09
20260927T200820Z-c857,bdcb775028e8cf1e,545768,delta-omp,cpu,resident,s0,42,0,0,0,1,warm,24,1,12,21.69757,0,3.730331,0,17.966459,0,0,,31,131,0,36,95,1150661,18506420,0,804a6099fd45f9f1,,0,3.09
20260927T200820Z-c857,bdcb775028e8cf1e,20469,delta-omp,cpu,resident,s0,43,0,0,0,1,warm,24,1,12,22.186029,0,3.718527,0,18.466413,0,0,,30,125,0,36,89,1150920,18509116,0,67718541774a1c58,,0,3.09
20260927T200820Z-c857,bdcb775028e8cf1e,531301,delta-omp,cpu,resident,s0,44,0,0,0,1,warm,24,1,12,22.352225,0,3.723145,0,18.628489,0,0,,32,135,0,34,101,1150549,18508618,0,a2d077b44abc8be4,,0,3.09
20260927T200820Z-c857,bdcb775028e8cf1e,1047443,delta-omp,cpu,resident,s0,45,0,0,0,1,warm,24,1,12,21.688379,0,3.728104,0,17.959288,0,0,,32,129,0,36,93,1150722,18508702,0,5193d56b59210cff,,0,3.09
20260927T200820Z-c857,bdcb775028e8cf1e,638272,delta-omp,cpu,resident,s0,46,0,0,0,1,warm,24,1,12,21.866075,0,3.71082,0,18.154543,0,0,,34,140,0,36,104,1150709,18508064,0,55cd86ef2d52603f,,0,3.09
20260927T200820Z-c857,bdcb775028e8cf1e,975530,delta-omp,cpu,resident,s0,47,0,0,0,1,warm,24,1,12,21.930173,0,3.715261,0,18.214064,0,0,,31,130,0,36,94,1150685,18510250,0,defa82ffc7c822c1,,0,3.09
20260927T200820Z-c857,bdcb775028e8cf1e,914696,delta-omp,cpu,resident,s0,48,0,0,0,1,warm,24,1,12,21.854826,0,3.726795,0,18.127374,0,0,,32,129,0,36,93,1150849,18511992,0,b214dabb258e9aae,,0,3.09
20260927T200820Z-c857,bdcb775028e8cf1e,169940,delta-omp,cpu,resident,s0,49,0,0,0,1,warm,24,1,12,21.790045,0,3.711789,0,18.077441,0,0,,30,129,0,36,93,1150641,18506020,0,aa0703ef4173c77e,,0,3.09
20260927T200820Z-c857,bdcb775028e8cf1e,834360,delta-omp,cpu,resident,s0,50,0,0,0,1,warm,24,1,12,21.587869,0,3.740702,0,17.846344,0,0,,29,128,0,36,92,1150313,18501588,0,5691474dd60d91eb,,0,3.09
20260927T200820Z-c857,bdcb775028e8cf1e,518322,delta-omp,cpu,resident,s0,51,0,0,0,1,warm,24,1,12,21.845299,0,3.720656,0,18.123889,0,0,,30,134,0,36,98,1150754,18507388,0,487e23ea466e3dc3,,0,3.09
20260927T200820Z-c857,bdcb775028e8cf1e,577541,delta-omp,cpu,resident,s0,52,0,0,0,1,warm,24,1,12,22.22683,0,3.706924,0,18.51907,0,0,,28,126,0,35,91,1150697,18507634,0,b1fdbbb5e3df8eaf,,0,3.09
20260927T200820Z-c857,bdcb775028e8cf1e,764242,delta-omp,cpu,resident,s0,53,0,0,0,1,warm,24,1,12,21.806766,0,3.714819,0,18.091159,0,0,,30,127,0,35,92,1150538,18504870,0,3d9713fe1cb13f0f,,0,3.09
20260927T200820Z-c857,bdcb775028e8cf1e,14706,delta-omp,cpu,resident,s0,54,0,0,0,1,warm,24,1,12,22.632907,0,3.767535,0,18.86471,0,0,,30,128,0,35,93,1150919,18508872,0,670ec085e25725a5,,0,3.09
20260927T200820Z-c857,bdcb775028e8cf1e,471650,delta-omp,cpu,resident,s0,55,0,0,0,1,warm,24,1,12,22.045103,0,3.926858,0,18.117194,0,0,,31,125,0,35,90,1150931,18509418,0,8e96feb8790153a9,,0,3.09
20260927T200820Z-c857,bdcb775028e8cf1e,192150,delta-omp,cpu,resident,s0,56,0,0,0,1,warm,24,1,12,22.443916,0,3.743481,0,18.69946,0,0,,32,130,0,34,96,1150933,18510632,0,7a4e7c7f4964792a,,0,3.09
20260927T200820Z-c857,bdcb775028e8cf1e,59477,delta-omp,cpu,resident,s0,57,0,0,0,1,warm,24,1,12,22.31919,0,3.714632,0,18.603623,0,0,,32,129,0,34,95,1150635,18508094,0,720be9d618fad5fd,,0,3.09
20260927T200820Z-c857,bdcb775028e8cf1e,201224,delta-omp,cpu,resident,s0,58,0,0,0,1,warm,24,1,12,22.291969,0,3.731048,0,18.559939,0,0,,30,124,0,34,90,1150710,18504118,0,9def48f1ef14c98b,,0,3.09
20260927T200820Z-c857,bdcb775028e8cf1e,12846,delta-omp,cpu,resident,s0,59,0,0,0,1,warm,24,1,12,21.781241,0,3.720418,0,18.060017,0,0,,30,128,0,36,92,1150735,18509160,0,4a251f0fc1f7c4d8,,0,3.09
20260927T200820Z-c857,bdcb775028e8cf1e,88685,delta-omp,cpu,resident,s0,60,0,0,0,1,warm,24,1,12,21.57953,0,3.721996,0,17.856662,0,0,,29,127,0,36,91,1150647,18504332,0,35e1f7fbc76a56e6,,0,3.09
20260927T200820Z-c857,bdcb775028e8cf1e,637,delta-omp,cpu,resident,s0,61,0,0,0,1,warm,24,1,12,22.58184,0,3.736539,0,18.84449,0,0,,31,132,0,34,98,1150568,18506746,0,55580c8117e41e29,,0,3.09
20260927T200820Z-c857,bdcb775028e8cf1e,140682,delta-omp,cpu,resident,s0,62,0,0,0,1,warm,24,1,12,21.814004,0,3.727016,0,18.086076,0,0,,29,130,0,36,94,1151360,18517648,0,2275df8962059f7d,,0,3.09
20260927T200820Z-c857,bdcb775028e8cf1e,242263,delta-omp,cpu,resident,s0,63,0,0,0,1,warm,24,1,12,21.862217,0,3.733917,0,18.127327,0,0,,31,128,0,36,92,1150478,18500500,0,aec23922016823f2,,0,3.09
20260927T200820Z-c857,bdcb775028e8cf1e,955528,delta-omp,cpu,resident,s0,64,0,0,0,1,warm,24,1,12,22.145829,0,3.714447,0,18.430552,0,0,,30,130,0,35,95,1150632,18508498,0,71745a9ddcfa9aed,,0,3.09
20260927T200820Z-c857,bdcb775028e8cf1e,604431,delta-omp,cpu,resident,s0,65,0,0,0,1,warm,24,1,12,21.99548,0,3.724088,0,18.270587,0,0,,31,127,0,35,92,1150447,18503378,0,0f2fc4de9183f8e5,,0,3.09
20260927T200820Z-c857,bdcb775028e8cf1e,968747,delta-omp,cpu,resident,s0,66,0,0,0,1,warm,24,1,12,21.94511,0,3.732729,0,18.211576,0,0,,30,128,0,36,92,1150459,18501810,0,23fb936cb9001886,,0,3.09
20260927T200820Z-c857,bdcb775028e8cf1e,25579,delta-omp,cpu,resident,s0,67,0,0,0,1,warm,24,1,12,21.825841,0,3.721076,0,18.103977,0,0,,30,131,0,36,95,1150526,18508062,0,147f42102dacb4a9,,0,3.09
20260927T200820Z-c857,bdcb775028e8cf1e,802074,delta-omp,cpu,resident,s0,68,0,0,0,1,warm,24,1,12,21.851906,0,3.731668,0,18.119392,0,0,,32,129,0,35,94,1150669,18503254,0,9ab4ea21ea39d810,,0,3.09
20260927T200820Z-c857,bdcb775028e8cf1e,785602,delta-omp,cpu,resident,s0,69,0,0,0,1,warm,24,1,12,21.471424,0,3.731715,0,17.738853,0,0,,31,129,0,37,92,1150580,18506372,0,904abcbc011db59e,,0,3.09
20260927T200820Z-c857,bdcb775028e8cf1e,800647,delta-omp,cpu,resident,s0,70,0,0,0,1,warm,24,1,12,22.606038,0,3.982409,0,18.622807,0,0,,30,130,0,36,94,1150570,18505528,0,963c10a1708eaba2,,0,3.09
20260927T200820Z-c857,bdcb775028e8cf1e,1034835,delta-omp,cpu,resident,s0,71,0,0,0,1,warm,24,1,12,21.982369,0,3.762596,0,18.218842,0,0,,29,125,0,36,89,1150872,18510156,0,e6fa7c6616165044,,0,3.09
20260927T200820Z-c857,bdcb775028e8cf1e,591983,delta-omp,cpu,resident,s0,72,0,0,0,1,warm,24,1,12,22.340347,0,3.717717,0,18.621853,0,0,,32,130,0,34,96,1150381,18501582,0,6d8caa59599b10cf,,0,3.09
20260927T200820Z-c857,bdcb775028e8cf1e,509143,delta-omp,cpu,resident,s0,73,0,0,0,1,warm,24,1,12,22.218448,0,3.724295,0,18.493283,0,0,,32,137,0,34,103,1150354,18499698,0,6ebbe9cb431c1e34,,0,3.09
20260927T200820Z-c857,bdcb775028e8cf1e,258004,delta-omp,cpu,resident,s0,74,0,0,0,1,warm,24,1,12,22.467829,0,3.748641,0,18.718347,0,0,,33,131,0,34,97,1151459,18518306,0,8fe71bf6883af38c,,0,3.09
20260927T200820Z-c857,bdcb775028e8cf1e,1008134,delta-omp,cpu,resident,s0,75,0,0,0,1,warm,24,1,12,21.539046,0,3.732673,0,17.805557,0,0,,31,126,0,36,90,1150606,18505740,0,cdc782d99fbeccfa,,0,3.09
20260927T200820Z-c857,bdcb775028e8cf1e,693058,delta-omp,cpu,resident,s0,76,0,0,0,1,warm,24,1,12,21.70175,0,3.725932,0,17.974976,0,0,,32,131,0,37,94,1150451,18503544,0,62b2e74b763aa377,,0,3.09
20260927T200820Z-c857,bdcb775028e8cf1e,567498,delta-omp,cpu,resident,s0,77,0,0,0,1,warm,24,1,12,21.722845,0,3.710166,0,18.011428,0,0,,31,135,0,36,99,1151011,18512432,0,b3954405507118b0,,0,3.09
20260927T200820Z-c857,bdcb775028e8cf1e,626061,delta-omp,cpu,resident,s0,78,0,0,0,1,warm,24,1,12,21.933513,0,3.722413,0,18.210215,0,0,,31,130,0,36,94,1151012,18516258,0,61fd094b9998fbe0,,0,3.09
20260927T200820Z-c857,bdcb775028e8cf1e,599867,delta-omp,cpu,resident,s0,79,0,0,0,1,warm,24,1,12,22.310611,0,3.723579,0,18.586181,0,0,,33,136,0,34,102,1150919,18510900,0,4284c3996437d273,,0,3.09
20260927T200820Z-c857,bdcb775028e8cf1e,721594,delta-omp,cpu,resident,s0,80,0,0,0,1,warm,24,1,12,21.547315,0,3.716037,0,17.830505,0,0,,30,128,0,36,92,1150620,18506414,0,c5027d3d7bcd5d43,,0,3.09
20260927T200820Z-c857,bdcb775028e8cf1e,755768,delta-omp,cpu,resident,s0,81,0,0,0,1,warm,24,1,12,21.978908,0,3.724038,0,18.254048,0,0,,30,126,0,35,91,1150198,18499692,0,955e6864f3462f95,,0,3.09
20260927T200820Z-c857,bdcb775028e8cf1e,481879,delta-omp,cpu,resident,s0,82,0,0,0,1,warm,24,1,12,22.214543,0,3.728376,0,18.485303,0,0,,30,131,0,35,96,1150925,18514064,0,4d31dc5efe4dd68c,,0,3.09
20260927T200820Z-c857,bdcb775028e8cf1e,666926,delta-omp,cpu,resident,s0,83,0,0,0,1,warm,24,1,12,21.680831,0,3.709247,0,17.970746,0,0,,28,129,0,36,93,1150605,18503670,0,e59c132c158e1970,,0,3.09
20260927T200820Z-c857,bdcb775028e8cf1e,812308,delta-omp,cpu,resident,s0,84,0,0,0,1,warm,24,1,12,21.898734,0,3.720889,0,18.177048,0,0,,31,137,0,35,102,1151376,18516962,0,0f02fef1f6f062f9,,0,3.09
20260927T200820Z-c857,bdcb775028e8cf1e,940471,delta-omp,cpu,resident,s0,85,0,0,0,1,warm,24,1,12,21.644242,0,3.734499,0,17.908798,0,0,,30,130,0,36,94,1151074,18510970,0,d4f15bd52e42c464,,0,3.09
20260927T200820Z-c857,bdcb775028e8cf1e,705817,delta-omp,cpu,resident,s0,86,0,0,0,1,warm,24,1,12,21.837841,0,3.721208,0,18.115925,0,0,,32,132,0,36,96,1149974,18492378,0,2f9e346e5a9590b3,,0,3.09
20260927T200820Z-c857,bdcb775028e8cf1e,378775,delta-omp,cpu,resident,s0,87,0,0,0,1,warm,24,1,12,22.219428,0,3.729344,0,18.489366,0,0,,32,137,0,36,101,1150775,18509480,0,247dc886d68cf358,,0,3.09
20260927T200820Z-c857,bdcb775028e8cf1e,11928,delta-omp,cpu,resident,s0,88,0,0,0,1,warm,24,1,12,22.027224,0,3.706794,0,18.31977,0,0,,30,132,0,35,97,1150327,18501714,0,86b14882cf633e0e,,0,3.09
20260927T200820Z-c857,bdcb775028e8cf1e,149969,delta-omp,cpu,resident,s0,89,0,0,0,1,warm,24,1,12,22.454525,0,3.728323,0,18.725492,0,0,,30,133,0,34,99,1150766,18507372,0,45297a6a252cf4a3,,0,3.09
20260927T200820Z-c857,bdcb775028e8cf1e,518422,delta-omp,cpu,resident,s0,90,0,0,0,1,warm,24,1,12,22.070815,0,3.720529,0,18.349479,0,0,,31,127,0,35,92,1151252,18518334,0,48d221e86e4fc6b8,,0,3.09
20260927T200820Z-c857,bdcb775028e8cf1e,764093,delta-omp,cpu,resident,s0,91,0,0,0,1,warm,24,1,12,23.331288,0,4.314274,0,19.016307,0,0,,29,134,0,35,99,1150659,18505586,0,30627382b9126684,,0,3.09
20260927T200820Z-c857,bdcb775028e8cf1e,818556,delta-omp,cpu,resident,s0,92,0,0,0,1,warm,24,1,12,22.186276,0,3.731647,0,18.454005,0,0,,31,128,0,36,92,1150249,18501774,0,27a240572492669c,,0,3.09
20260927T200820Z-c857,bdcb775028e8cf1e,284007,delta-omp,cpu,resident,s0,93,0,0,0,1,warm,24,1,12,22.581402,0,3.738061,0,18.842519,0,0,,30,122,0,35,87,1150742,18507892,0,d3f6714dfb85bc57,,0,3.09
20260927T200820Z-c857,bdcb775028e8cf1e,147527,delta-omp,cpu,resident,s0,94,0,0,0,1,warm,24,1,12,23.423155,0,4.100116,0,19.322032,0,0,,30,127,0,34,93,1150659,18506360,0,d049b16980e0f60c,,0,3.09
20260927T200820Z-c857,bdcb775028e8cf1e,810773,delta-omp,cpu,resident,s0,95,0,0,0,1,warm,24,1,12,22.297736,0,4.05601,0,18.240965,0,0,,30,130,0,36,94,1152162,18531778,0,6fd146baf7e50cb8,,0,4.76
20260927T200820Z-c857,bdcb775028e8cf1e,496849,delta-omp,cpu,resident,s0,96,0,0,0,1,warm,24,1,12,21.973623,0,3.746631,0,18.22612,0,0,,32,129,0,35,94,1150382,18500564,0,51e6ca03ae62fe83,,0,4.76
20260927T200820Z-c857,bdcb775028e8cf1e,1013688,delta-omp,cpu,resident,s0,97,0,0,0,1,warm,24,1,12,22.226456,0,3.738714,0,18.486955,0,0,,30,127,0,35,92,1150153,18496776,0,30b5e615d19b4db7,,0,4.76
20260927T200820Z-c857,bdcb775028e8cf1e,935512,delta-omp,cpu,resident,s0,98,0,0,0,1,warm,24,1,12,22.789585,0,3.730429,0,19.058486,0,0,,31,133,0,34,99,1150977,18511128,0,345b9f3d13942b0a,,0,4.76
20260927T200820Z-c857,bdcb775028e8cf1e,714883,delta-omp,cpu,resident,s0,99,0,0,0,1,warm,24,1,12,22.043166,0,3.716175,0,18.326189,0,0,,30,129,0,35,94,1150657,18506400,0,3caa4b9d4e60a28c,,0,4.76
20260927T200820Z-c857,bdcb775028e8cf1e,670214,delta-omp,cpu,resident,s0,100,0,0,0,1,warm,24,1,12,21.659627,0,3.723591,0,17.935273,0,0,,31,131,0,36,95,1151105,18512828,0,58cdbd04e9ad4b5a,,0,4.76
20260927T200820Z-c857,bdcb775028e8cf1e,922346,delta-omp,cpu,resident,s0,101,0,0,0,1,warm,24,1,12,22.666316,0,3.728821,0,18.936778,0,0,,29,126,0,34,92,1150271,18501388,0,a9345b2da1f507da,,0,4.76
20260927T200820Z-c857,bdcb775028e8cf1e,802242,delta-omp,cpu,resident,s0,102,0,0,0,1,warm,24,1,12,21.382136,0,3.722844,0,17.658638,0,0,,30,129,0,37,92,1151267,18516210,0,36cceee4a9db6a4b,,0,4.76
20260927T200820Z-c857,bdcb775028e8cf1e,45284,delta-omp,cpu,resident,s0,103,0,0,0,1,warm,24,1,12,22.541339,0,3.723919,0,18.816824,0,0,,30,125,0,35,90,1150357,18500646,0,8cde483398c0c574,,0,4.76
20260927T200820Z-c857,bdcb775028e8cf1e,908797,delta-omp,cpu,resident,s0,104,0,0,0,1,warm,24,1,12,21.661322,0,3.724993,0,17.935566,0,0,,32,127,0,36,91,1151041,18511496,0,693d054e427576ec,,0,4.76
20260927T200820Z-c857,bdcb775028e8cf1e,281396,delta-omp,cpu,resident,s0,105,0,0,0,1,warm,24,1,12,21.820331,0,3.716882,0,18.102621,0,0,,30,130,0,36,94,1150673,18505910,0,b14bb4ea16e9e257,,0,4.76
20260927T200820Z-c857,bdcb775028e8cf1e,1000550,delta-omp,cpu,resident,s0,106,0,0,0,1,warm,24,1,12,21.971255,0,3.721916,0,18.248544,0,0,,29,128,0,36,92,1151028,18510290,0,1100489ad95e65a9,,0,4.76
20260927T200820Z-c857,bdcb775028e8cf1e,73594,delta-omp,cpu,resident,s0,107,0,0,0,1,warm,24,1,12,21.803049,0,3.724559,0,18.077689,0,0,,31,127,0,36,91,1151093,18515096,0,f80913d9ffa61601,,0,4.76
20260927T200820Z-c857,bdcb775028e8cf1e,301631,delta-omp,cpu,resident,s0,108,0,0,0,1,warm,24,1,12,22.304206,0,3.719514,0,18.583984,0,0,,29,128,0,34,94,1151083,18516334,0,ffb0bdb411984f79,,0,4.76
20260927T200820Z-c857,bdcb775028e8cf1e,430170,delta-omp,cpu,resident,s0,109,0,0,0,1,warm,24,1,12,22.298,0,3.72565,0,18.571579,0,0,,31,132,0,34,98,1151183,18516296,0,3ddac9680cf654ec,,0,4.76
20260927T200820Z-c857,bdcb775028e8cf1e,752814,delta-omp,cpu,resident,s0,110,0,0,0,1,warm,24,1,12,22.227924,0,3.74447,0,18.482601,0,0,,32,130,0,35,95,1150835,18508650,0,894bd5913f3ff4d4,,0,4.76
20260927T200820Z-c857,bdcb775028e8cf1e,679839,delta-omp,cpu,resident,s0,111,0,0,0,1,warm,24,1,12,22.422376,0,3.736055,0,18.685506,0,0,,30,132,0,34,98,1150497,18505682,0,2311d0e3a8eb00ff,,0,4.76
20260927T200820Z-c857,bdcb775028e8cf1e,619664,delta-omp,cpu,resident,s0,112,0,0,0,1,warm,24,1,12,22.167224,0,3.735582,0,18.430885,0,0,,30,127,0,36,91,1150029,18498936,0,67d5b0180727b207,,0,4.76
20260927T200820Z-c857,bdcb775028e8cf1e,98827,delta-omp,cpu,resident,s0,113,0,0,0,1,warm,24,1,12,22.639833,0,3.733139,0,18.905916,0,0,,31,125,0,34,91,1150957,18511714,0,028ac127e1d04635,,0,4.76
20260927T200820Z-c857,bdcb775028e8cf1e,105994,delta-omp,cpu,resident,s0,114,0,0,0,1,warm,24,1,12,22.604894,0,4.104039,0,18.500232,0,0,,31,133,0,36,97,1150825,18508204,0,6101a6af17cce50a,,0,4.76
20260927T200820Z-c857,bdcb775028e8cf1e,243457,delta-omp,cpu,resident,s0,115,0,0,0,1,warm,24,1,12,21.837925,0,3.735396,0,18.101687,0,0,,31,126,0,36,90,1150972,18515574,0,d63dcb9c463e2915,,0,4.76
20260927T200820Z-c857,bdcb775028e8cf1e,734875,delta-omp,cpu,resident,s0,116,0,0,0,1,warm,24,1,12,21.79515,0,3.723011,0,18.071224,0,0,,31,129,0,36,93,1151090,18515354,0,4ff936efc2f83018,,0,4.76
20260927T200820Z-c857,bdcb775028e8cf1e,370736,delta-omp,cpu,resident,s0,117,0,0,0,1,warm,24,1,12,22.025076,0,3.715311,0,18.309015,0,0,,33,136,0,36,100,1151592,18520670,0,dddd8859f17554f0,,0,4.76
20260927T200820Z-c857,bdcb775028e8cf1e,521055,delta-omp,cpu,resident,s0,118,0,0,0,1,warm,24,1,12,21.804991,0,3.706902,0,18.097117,0,0,,31,132,0,36,96,1150906,18514054,0,b294e6b0e2222d00,,0,4.76
20260927T200820Z-c857,bdcb775028e8cf1e,697461,delta-omp,cpu,resident,s0,119,0,0,0,1,warm,24,1,12,22.194487,0,3.719939,0,18.473715,0,0,,30,126,0,35,91,1149891,18493418,0,c89ae9f21d6f3a2f,,0,4.76
20260927T200820Z-c857,bdcb775028e8cf1e,696648,delta-omp,cpu,resident,s0,120,0,0,0,1,warm,24,1,12,22.534557,0,3.726189,0,18.807565,0,0,,30,123,0,35,88,1150915,18509672,0,e037bd626e593f61,,0,4.76
20260927T200820Z-c857,bdcb775028e8cf1e,322939,delta-omp,cpu,resident,s0,121,0,0,0,1,warm,24,1,12,21.910807,0,3.726903,0,18.183094,0,0,,29,126,0,36,90,1150925,18512524,0,b87b221b270ba537,,0,4.76
20260927T200820Z-c857,bdcb775028e8cf1e,235403,delta-omp,cpu,resident,s0,122,0,0,0,1,warm,24,1,12,22.181958,0,3.731256,0,18.450049,0,0,,31,133,0,35,98,1150677,18502558,0,df346452db877857,,0,4.76
20260927T200820Z-c857,bdcb775028e8cf1e,842932,delta-omp,cpu,resident,s0,123,0,0,0,1,warm,24,1,12,21.855883,0,3.727509,0,18.127546,0,0,,29,125,0,35,90,1150832,18507478,0,af21ce208f9f1ea0,,0,4.76
20260927T200820Z-c857,bdcb775028e8cf1e,776073,delta-omp,cpu,resident,s0,124,0,0,0,1,warm,24,1,12,21.931516,0,3.730935,0,18.199788,0,0,,30,125,0,36,89,1150572,18505286,0,7e405523a60c0b48,,0,4.76
20260927T200820Z-c857,bdcb775028e8cf1e,159157,delta-omp,cpu,resident,s0,125,0,0,0,1,warm,24,1,12,22.657368,0,3.723821,0,18.932903,0,0,,30,131,0,34,97,1150556,18505782,0,f3d9b207575393e3,,0,4.76
20260927T200820Z-c857,bdcb775028e8cf1e,824874,delta-omp,cpu,resident,s0,126,0,0,0,1,warm,24,1,12,22.046832,0,3.731866,0,18.314178,0,0,,29,127,0,35,92,1150297,18500164,0,d96a4f94f9e5b71e,,0,4.76
20260927T200820Z-c857,bdcb775028e8cf1e,523339,delta-omp,cpu,resident,s0,127,0,0,0,1,warm,24,1,12,22.703797,0,3.741323,0,18.961471,0,0.000326,,31,131,0,34,97,1150828,18510904,0,f45d5e630c88b75d,,0,4.76
20260927T200820Z-c857,bdcb775028e8cf1e,140379,gpu-frontier,gpu,resident,s0,0,0,0,0,2,warm,0,1,0,9.391294,0,0.322933,4.51724815,4.0692482,0.458849,0,,29,29,29,0,0,3721347,29929038,0,962513fc443036ca,2511.32088,0,4.76
20260927T200820Z-c857,bdcb775028e8cf1e,143033,gpu-frontier,gpu,resident,s0,1,0,0,0,2,warm,0,1,0,4.392828,0,0,0,3.90147209,0.478827,0,,27,27,27,0,0,3564509,28650320,0,45bee60043588143,2513.72573,0,4.76
20260927T200820Z-c857,bdcb775028e8cf1e,473133,gpu-frontier,gpu,resident,s0,2,0,0,0,2,warm,0,1,0,4.581799,0,0,0,4.10406399,0.466289,0,,29,29,29,0,0,3735410,30051005,0,ad940a6a7c9f6e79,2513.72573,0,4.76
20260927T200820Z-c857,bdcb775028e8cf1e,22045,gpu-frontier,gpu,resident,s0,3,0,0,0,2,warm,0,1,0,4.494927,0,0,0,4.00063992,0.45874,0,,30,30,30,0,0,3636167,29230482,0,3c8a4f6babe2bcfa,2513.72573,0,4.76
20260927T200820Z-c857,bdcb775028e8cf1e,367943,gpu-frontier,gpu,resident,s0,4,0,0,0,2,warm,0,1,0,4.430605,0,0,0,3.97500801,0.44391,0,,31,31,31,0,0,3588793,28854279,0,8f49d64399cf55ba,2511.88159,0,4.76
20260927T200820Z-c857,bdcb775028e8cf1e,955628,gpu-frontier,gpu,resident,s0,5,0,0,0,2,warm,0,1,0,4.431061,0,0,0,4.00678396,0.413302,0,,29,29,29,0,0,3666533,29490772,0,97ac752781dd9e47,2513.1642,0,4.76
20260927T200820Z-c857,bdcb775028e8cf1e,493619,gpu-frontier,gpu,resident,s0,6,0,0,0,2,warm,0,1,0,4.43881,0,0,0,4.00486422,0.423534,0,,28,28,28,0,0,3682002,29619643,0,01947ce70d300df5,2513.24427,0,4.76
20260927T200820Z-c857,bdcb775028e8cf1e,78040,gpu-frontier,gpu,resident,s0,7,0,0,0,2,warm,0,1,0,4.455546,0,0,0,4.03545618,0.408551,0,,30,30,30,0,0,3663447,29457208,0,7ce762e264c535fb,2512.12189,0,4.76
20260927T200820Z-c857,bdcb775028e8cf1e,597528,gpu-frontier,gpu,resident,s0,8,0,0,0,2,warm,0,1,0,4.374394,0,0,0,3.95062399,0.412802,0,,29,29,29,0,0,3587177,28841641,0,8eb259ff3f497ebc,2511.8016,0,4.76
20260927T200820Z-c857,bdcb775028e8cf1e,666088,gpu-frontier,gpu,resident,s0,9,0,0,0,2,warm,0,1,0,4.495829,0,0,0,4.06620789,0.419074,0,,29,29,29,0,0,3714298,29855983,0,8babfd558442eb36,2512.12189,0,4.76
20260927T200820Z-c857,bdcb775028e8cf1e,93798,gpu-frontier,gpu,resident,s0,10,0,0,0,2,warm,0,1,0,4.610246,0,0,0,4.18297577,0.415932,0,,31,31,31,0,0,3801585,30561506,0,d776da21d464498f,2513.72573,0,4.76
20260927T200820Z-c857,bdcb775028e8cf1e,583195,gpu-frontier,gpu,resident,s0,11,0,0,0,2,warm,0,1,0,5.284754,0,0,0,4.87103987,0.402435,0,,32,32,32,0,0,4480667,36061521,0,172aa003797174fd,2513.72573,0,4.76
20260927T200820Z-c857,bdcb775028e8cf1e,828010,gpu-frontier,gpu,resident,s0,12,0,0,0,2,warm,0,1,0,4.391671,0,0,0,3.97929597,0.400921,0,,29,29,29,0,0,3614682,29069494,0,24e48fed204afe20,2513.72573,0,4.76
20260927T200820Z-c857,bdcb775028e8cf1e,232399,gpu-frontier,gpu,resident,s0,13,0,0,0,2,warm,0,1,0,4.753247,0,0,0,4.3100481,0.43172,0,,34,34,34,0,0,3895025,31339216,0,9e4d36e9fa7c15f8,2513.72573,0,4.76
20260927T200820Z-c857,bdcb775028e8cf1e,439005,gpu-frontier,gpu,resident,s0,14,0,0,0,2,warm,0,1,0,4.535112,0,0,0,4.10412788,0.420167,0,,28,28,28,0,0,3766127,30303766,0,8e4128a19e9259cb,2513.72573,0,4.76
20260927T200820Z-c857,bdcb775028e8cf1e,261911,gpu-frontier,gpu,resident,s0,15,0,0,0,2,warm,0,1,0,4.498043,0,0,0,4.06688023,0.42028,0,,29,29,29,0,0,3714513,29870159,0,42def7b4c28fed4d,2511.4811,0,4.76
20260927T200820Z-c857,bdcb775028e8cf1e,306042,gpu-frontier,gpu,resident,s0,16,0,0,0,2,warm,0,1,0,4.705809,0,0,0,4.28444815,0.410281,0,,29,29,29,0,0,3934810,31631672,0,caef7bb3d74e71e7,2512.04188,0,4.76
20260927T200820Z-c857,bdcb775028e8cf1e,842254,gpu-frontier,gpu,resident,s0,17,0,0,0,2,warm,0,1,0,4.626237,0,0,0,4.21776009,0.398136,0,,33,33,33,0,0,3816764,30682440,0,d7fe1f2a8f019015,2511.64134,0,4.76
20260927T200820Z-c857,bdcb775028e8cf1e,497647,gpu-frontier,gpu,resident,s0,18,0,0,0,2,warm,0,1,0,4.552615,0,0,0,4.13379192,0.407938,0,,30,30,30,0,0,3748719,30158073,0,fec7b1878b41d172,2513.72573,0,4.76
20260927T200820Z-c857,bdcb775028e8cf1e,283052,gpu-frontier,gpu,resident,s0,19,0,0,0,2,warm,0,1,0,4.564825,0,0,0,4.11225605,0.440354,0,,30,30,30,0,0,3742326,30103778,0,7118d82e727075df,2513.72573,0,4.76
20260927T200820Z-c857,bdcb775028e8cf1e,299936,gpu-frontier,gpu,resident,s0,20,0,0,0,2,warm,0,1,0,4.416624,0,0,0,3.98835206,0.415991,0,,30,30,30,0,0,3632692,29209773,0,cacd11290a4229d3,2513.72573,0,4.76
20260927T200820Z-c857,bdcb775028e8cf1e,785373,gpu-frontier,gpu,resident,s0,21,0,0,0,2,warm,0,1,0,4.518626,0,0,0,4.10172796,0.406606,0,,31,31,31,0,0,4093462,32929740,0,59a7d838e8fde54e,2513.72573,0,4.76
20260927T200820Z-c857,bdcb775028e8cf1e,480378,gpu-frontier,gpu,resident,s0,22,0,0,0,2,warm,0,1,0,4.020315,0,0,0,3.59510398,0.413553,0,,30,30,30,0,0,3558615,28629591,0,8d61a1f8360384c2,2512.12189,0,4.76
20260927T200820Z-c857,bdcb775028e8cf1e,321060,gpu-frontier,gpu,resident,s0,23,0,0,0,2,warm,0,1,0,4.13031,0,0,0,3.71792006,0.400815,0,,28,28,28,0,0,3709604,29821318,0,a31502366da41b8f,2513.80584,0,4.76
20260927T200820Z-c857,bdcb775028e8cf1e,337388,gpu-frontier,gpu,resident,s0,24,0,0,0,2,warm,0,1,0,4.15399,0,0,0,3.67708802,0.464421,0,,29,29,29,0,0,3645870,29335771,0,8c08c70ebb3ac3fb,2513.72573,0,4.76
20260927T200820Z-c857,bdcb775028e8cf1e,118671,gpu-frontier,gpu,resident,s0,25,0,0,0,2,warm,0,1,0,4.243537,0,0,0,3.82246399,0.410225,0,,33,33,33,0,0,3760461,30245764,0,0c15ec8650da6629,2514.52827,0,4.76
20260927T200820Z-c857,bdcb775028e8cf1e,125150,gpu-frontier,gpu,resident,s0,26,0,0,0,2,warm,0,1,0,4.329338,0,0,0,3.91148806,0.407551,0,,32,32,32,0,0,3859223,31031987,0,5df60853290e8825,2513.1642,0,4.76
20260927T200820Z-c857,bdcb775028e8cf1e,72476,gpu-frontier,gpu,resident,s0,27,0,0,0,2,warm,0,1,0,4.433184,0,0,0,4.01689577,0.405653,0,,30,30,30,0,0,4014342,32296000,0,9d309008139d89e2,2513.72573,0,4.76
20260927T200820Z-c857,bdcb775028e8cf1e,728509,gpu-frontier,gpu,resident,s0,28,0,0,0,2,warm,0,1,0,4.119074,0,0,0,3.69740796,0.411536,0,,30,30,30,0,0,3667187,29502810,0,5c3d8df36abcfc12,2513.72573,0,4.76
20260927T200820Z-c857,bdcb775028e8cf1e,679264,gpu-frontier,gpu,resident,s0,29,0,0,0,2,warm,0,1,0,4.252543,0,0,0,3.82963204,0.411242,0,,29,29,29,0,0,3813382,30687260,0,c6e211fc2a14bb1e,2513.72573,0,4.76
20260927T200820Z-c857,bdcb775028e8cf1e,828590,gpu-frontier,gpu,resident,s0,30,0,0,0,2,warm,0,1,0,4.179367,0,0,0,3.75980806,0.409069,0,,28,28,28,0,0,3750742,30171609,0,2ae9225c26b53613,2513.72573,0,4.76
20260927T200820Z-c857,bdcb775028e8cf1e,411591,gpu-frontier,gpu,resident,s0,31,0,0,0,2,warm,0,1,0,4.065023,0,0,0,3.64825606,0.405558,0,,28,28,28,0,0,3641234,29268899,0,87c40e56ae5ffca7,2513.72573,0,4.76
20260927T200820Z-c857,bdcb775028e8cf1e,555679,gpu-frontier,gpu,resident,s0,32,0,0,0,2,warm,0,1,0,4.116306,0,0,0,3.69635201,0.409804,0,,28,28,28,0,0,3694644,29702819,0,9f18f792be207582,2513.72573,0,4.76
20260927T200820Z-c857,bdcb775028e8cf1e,417721,gpu-frontier,gpu,resident,s0,33,0,0,0,2,warm,0,1,0,4.247243,0,0,0,3.82143998,0.415359,0,,30,30,30,0,0,3800043,30569778,0,40f1a85ee049ae51,2513.96638,0,4.76
20260927T200820Z-c857,bdcb775028e8cf1e,199603,gpu-frontier,gpu,resident,s0,34,0,0,0,2,warm,0,1,0,4.221468,0,0,0,3.8079679,0.402708,0,,30,30,30,0,0,3772406,30325982,0,52eab23b1dc3a0d8,2511.8016,0,4.76
20260927T200820Z-c857,bdcb775028e8cf1e,625990,gpu-frontier,gpu,resident,s0,35,0,0,0,2,warm,0,1,0,4.229852,0,0,0,3.81417608,0.40417,0,,32,32,32,0,0,3741686,30075215,0,1f91735b89b1e749,2513.72573,0,4.76
20260927T200820Z-c857,bdcb775028e8cf1e,931576,gpu-frontier,gpu,resident,s0,36,0,0,0,2,warm,0,1,0,4.350503,0,0,0,3.93513608,0.404006,0,,29,29,29,0,0,3944485,31717587,0,f9b3834a03c725b2,2513.72573,0,4.76
20260927T200820Z-c857,bdcb775028e8cf1e,388607,gpu-frontier,gpu,resident,s0,37,0,0,0,2,warm,0,1,0,4.278546,0,0,0,3.86553597,0.401746,0,,28,28,28,0,0,3862314,31053851,0,2469a61a38128657,2513.72573,0,4.76
20260927T200820Z-c857,bdcb775028e8cf1e,40305,gpu-frontier,gpu,resident,s0,38,0,0,0,2,warm,0,1,0,4.287391,0,0,0,3.87692809,0.399872,0,,28,28,28,0,0,3877347,31203553,0,a95dfd3d0c7b8217,2513.72573,0,4.76
20260927T200820Z-c857,bdcb775028e8cf1e,297024,gpu-frontier,gpu,resident,s0,39,0,0,0,2,warm,0,1,0,4.346786,0,0,0,3.93196797,0.404413,0,,31,31,31,0,0,3886190,31251016,0,126ebac47fb036d5,2511.96159,0,4.76
20260927T200820Z-c857,bdcb775028e8cf1e,928309,gpu-frontier,gpu,resident,s0,40,0,0,0,2,warm,0,1,0,4.194645,0,0,0,3.78105593,0.402346,0,,28,28,28,0,0,3776678,30356765,0,1d4f08d9e5c4d39f,2514.28751,0,4.76
20260927T200820Z-c857,bdcb775028e8cf1e,274490,gpu-frontier,gpu,resident,s0,41,0,0,0,2,warm,0,1,0,4.319903,0,0,0,3.90425611,0.405308,0,,32,32,32,0,0,3848199,30957896,0,b8ae98805b057b5a,2513.72573,0,4.76
20260927T200820Z-c857,bdcb775028e8cf1e,545768,gpu-frontier,gpu,resident,s0,42,0,0,0,2,warm,0,1,0,4.093564,0,0,0,3.67590404,0.406974,0,,31,31,31,0,0,3630816,29197675,0,804a6099fd45f9f1,2513.72573,0,4.76
20260927T200820Z-c857,bdcb775028e8cf1e,20469,gpu-frontier,gpu,resident,s0,43,0,0,0,2,warm,0,1,0,3.912372,0,0,0,3.49577594,0.405146,0,,27,27,27,0,0,3469884,27896932,0,67718541774a1c58,2512.2022,0,4.76
20260927T200820Z-c857,bdcb775028e8cf1e,531301,gpu-frontier,gpu,resident,s0,44,0,0,0,2,warm,0,1,0,4.228526,0,0,0,3.81836796,0.399423,0,,31,31,31,0,0,3753479,30174196,0,a2d077b44abc8be4,2514.28751,0,4.76
20260927T200820Z-c857,bdcb775028e8cf1e,1047443,gpu-frontier,gpu,resident,s0,45,0,0,0,2,warm,0,1,0,4.33304,0,0,0,3.92345595,0.397983,0,,31,31,31,0,0,3878943,31210273,0,5193d56b59210cff,2513.72573,0,4.76
20260927T200820Z-c857,bdcb775028e8cf1e,638272,gpu-frontier,gpu,resident,s0,46,0,0,0,2,warm,0,1,0,4.398945,0,0,0,3.98720002,0.401144,0,,30,30,30,0,0,3966636,31919962,0,55cd86ef2d52603f,2513.72573,0,4.76
20260927T200820Z-c857,bdcb775028e8cf1e,975530,gpu-frontier,gpu,resident,s0,47,0,0,0,2,warm,0,1,0,4.472009,0,0,0,4.06095982,0.399664,0,,36,36,36,0,0,3978031,32003905,0,defa82ffc7c822c1,2513.72573,0,4.76
20260927T200820Z-c857,bdcb775028e8cf1e,914696,gpu-frontier,gpu,resident,s0,48,0,0,0,2,warm,0,1,0,4.14147,0,0,0,3.70358396,0.425906,0,,29,29,29,0,0,3667736,29498337,0,b214dabb258e9aae,2514.12694,0,4.76
20260927T200820Z-c857,bdcb775028e8cf1e,169940,gpu-frontier,gpu,resident,s0,49,0,0,0,2,warm,0,1,0,4.072982,0,0,0,3.66374397,0.398593,0,,28,28,28,0,0,3648099,29333724,0,aa0703ef4173c77e,2513.72573,0,4.76
20260927T200820Z-c857,bdcb775028e8cf1e,834360,gpu-frontier,gpu,resident,s0,50,0,0,0,2,warm,0,1,0,4.27193,0,0,0,3.84211206,0.417707,0,,30,30,30,0,0,3811564,30644354,0,5691474dd60d91eb,2513.72573,0,4.76
20260927T200820Z-c857,bdcb775028e8cf1e,518322,gpu-frontier,gpu,resident,s0,51,0,0,0,2,warm,0,1,0,4.278073,0,0,0,3.86121607,0.405913,0,,29,29,29,0,0,3851481,30984785,0,487e23ea466e3dc3,2512.12189,0,4.76
20260927T200820Z-c857,bdcb775028e8cf1e,577541,gpu-frontier,gpu,resident,s0,52,0,0,0,2,warm,0,1,0,4.509071,0,0,0,4.09689617,0.401133,0,,32,32,32,0,0,4061864,32679345,0,b1fdbbb5e3df8eaf,2514.36796,0,4.76
20260927T200820Z-c857,bdcb775028e8cf1e,764242,gpu-frontier,gpu,resident,s0,53,0,0,0,2,warm,0,1,0,4.345788,0,0,0,3.93507195,0.400195,0,,33,33,33,0,0,3858602,31042861,0,3d9713fe1cb13f0f,2514.0468,0,4.76
20260927T200820Z-c857,bdcb775028e8cf1e,14706,gpu-frontier,gpu,resident,s0,54,0,0,0,2,warm,0,1,0,4.262545,0,0,0,3.85212803,0.399804,0,,30,30,30,0,0,3826267,30752987,0,670ec085e25725a5,2513.96638,0,4.76
20260927T200820Z-c857,bdcb775028e8cf1e,471650,gpu-frontier,gpu,resident,s0,55,0,0,0,2,warm,0,1,0,4.0317,0,0,0,3.6176641,0.402033,0,,30,30,30,0,0,3574790,28730684,0,8e96feb8790153a9,2514.44811,0,4.76
20260927T200820Z-c857,bdcb775028e8cf1e,192150,gpu-frontier,gpu,resident,s0,56,0,0,0,2,warm,0,1,0,4.202197,0,0,0,3.79372811,0.396823,0,,30,30,30,0,0,3769469,30320235,0,7a4e7c7f4964792a,2512.2022,0,4.76
20260927T200820Z-c857,bdcb775028e8cf1e,59477,gpu-frontier,gpu,resident,s0,57,0,0,0,2,warm,0,1,0,4.176129,0,0,0,3.76707196,0.396957,0,,31,31,31,0,0,3703502,29779698,0,720be9d618fad5fd,2513.72573,0,4.76
20260927T200820Z-c857,bdcb775028e8cf1e,201224,gpu-frontier,gpu,resident,s0,58,0,0,0,2,warm,0,1,0,4.046022,0,0,0,3.64214396,0.393889,0,,28,28,28,0,0,3606996,28986595,0,9def48f1ef14c98b,2513.72573,0,4.76
20260927T200820Z-c857,bdcb775028e8cf1e,12846,gpu-frontier,gpu,resident,s0,59,0,0,0,2,warm,0,1,0,4.253549,0,0,0,3.84742403,0.39551,0,,31,31,31,0,0,3805974,30612347,0,4a251f0fc1f7c4d8,2513.08413,0,4.76
20260927T200820Z-c857,bdcb775028e8cf1e,88685,gpu-frontier,gpu,resident,s0,60,0,0,0,2,warm,0,1,0,4.034575,0,0,0,3.6154561,0.408285,0,,29,29,29,0,0,3588439,28846899,0,35e1f7fbc76a56e6,2513.72573,0,4.76
20260927T200820Z-c857,bdcb775028e8cf1e,637,gpu-frontier,gpu,resident,s0,61,0,0,0,2,warm,0,1,0,4.304597,0,0,0,3.89401603,0.399317,0,,29,29,29,0,0,3883818,31248614,0,55580c8117e41e29,2512.12189,0,4.76
20260927T200820Z-c857,bdcb775028e8cf1e,140682,gpu-frontier,gpu,resident,s0,62,0,0,0,2,warm,0,1,0,4.043983,0,0,0,3.6339519,0.399064,0,,31,31,31,0,0,3583160,28811731,0,2275df8962059f7d,2514.28751,0,4.76
20260927T200820Z-c857,bdcb775028e8cf1e,242263,gpu-frontier,gpu,resident,s0,63,0,0,0,2,warm,0,1,0,4.134818,0,0,0,3.72118402,0.403208,0,,27,27,27,0,0,3740686,30076014,0,aec23922016823f2,2513.72573,0,4.76
20260927T200820Z-c857,bdcb775028e8cf1e,955528,gpu-frontier,gpu,resident,s0,64,0,0,0,2,warm,0,1,0,4.513722,0,0,0,4.09980822,0.403184,0,,31,31,31,0,0,4078918,32815523,0,71745a9ddcfa9aed,2514.44811,0,4.76
20260927T200820Z-c857,bdcb775028e8cf1e,604431,gpu-frontier,gpu,resident,s0,65,0,0,0,2,warm,0,1,0,4.115756,0,0,0,3.69737601,0.407841,0,,27,27,27,0,0,3706846,29794474,0,0f2fc4de9183f8e5,2511.4811,0,4.76
20260927T200820Z-c857,bdcb775028e8cf1e,968747,gpu-frontier,gpu,resident,s0,66,0,0,0,2,warm,0,1,0,3.947979,0,0,0,3.53049588,0.407348,0,,29,29,29,0,0,3490612,28069852,0,23fb936cb9001886,2513.72573,0,4.76
20260927T200820Z-c857,bdcb775028e8cf1e,25579,gpu-frontier,gpu,resident,s0,67,0,0,0,2,warm,0,1,0,4.255586,0,0,0,3.83363199,0.41058,0,,30,30,30,0,0,3800613,30569455,0,147f42102dacb4a9,2513.72573,0,4.76
20260927T200820Z-c857,bdcb775028e8cf1e,802074,gpu-frontier,gpu,resident,s0,68,0,0,0,2,warm,0,1,0,4.337525,0,0,0,3.85935998,0.465955,0,,29,29,29,0,0,3840917,30892503,0,9ab4ea21ea39d810,2513.72573,0,4.76
20260927T200820Z-c857,bdcb775028e8cf1e,785602,gpu-frontier,gpu,resident,s0,69,0,0,0,2,warm,0,1,0,4.204373,0,0,0,3.78755212,0.405912,0,,33,33,33,0,0,3709880,29828919,0,904abcbc011db59e,2514.12694,0,4.76
20260927T200820Z-c857,bdcb775028e8cf1e,800647,gpu-frontier,gpu,resident,s0,70,0,0,0,2,warm,0,1,0,4.379704,0,0,0,3.94732809,0.421538,0,,28,28,28,0,0,3962298,31866216,0,963c10a1708eaba2,2513.72573,0,4.76
20260927T200820Z-c857,bdcb775028e8cf1e,1034835,gpu-frontier,gpu,resident,s0,71,0,0,0,2,warm,0,1,0,4.410573,0,0,0,3.99129605,0.407214,0,,30,30,30,0,0,3980433,31996689,0,e6fa7c6616165044,2513.08413,0,4.76
20260927T200820Z-c857,bdcb775028e8cf1e,591983,gpu-frontier,gpu,resident,s0,72,0,0,0,2,warm,0,1,0,4.162861,0,0,0,3.74352002,0.408636,0,,30,30,30,0,0,3708143,29835768,0,6d8caa59599b10cf,2514.36796,0,4.76
20260927T200820Z-c857,bdcb775028e8cf1e,509143,gpu-frontier,gpu,resident,s0,73,0,0,0,2,warm,0,1,0,4.380596,0,0,0,3.84697604,0.520764,0,,31,31,31,0,0,3792321,30513132,0,6ebbe9cb431c1e34,2513.72573,0,4.76
20260927T200820Z-c857,bdcb775028e8cf1e,258004,gpu-frontier,gpu,resident,s0,74,0,0,0,2,warm,0,1,0,4.049766,0,0,0,3.53683209,0.500872,0,,29,29,29,0,0,3469880,27916946,0,8fe71bf6883af38c,2514.0468,0,4.76
20260927T200820Z-c857,bdcb775028e8cf1e,1008134,gpu-frontier,gpu,resident,s0,75,0,0,0,2,warm,0,1,0,4.167837,0,0,0,3.71884799,0.437142,0,,27,27,27,0,0,3703919,29772225,0,cdc782d99fbeccfa,2513.72573,0,4.76
20260927T200820Z-c857,bdcb775028e8cf1e,693058,gpu-frontier,gpu,resident,s0,76,0,0,0,2,warm,0,1,0,4.043276,0,0,0,3.60134411,0.429664,0,,28,28,28,0,0,3564078,28676078,0,62b2e74b763aa377,2514.0468,0,4.76
20260927T200820Z-c857,bdcb775028e8cf1e,567498,gpu-frontier,gpu,resident,s0,77,0,0,0,2,warm,0,1,0,4.516614,0,0,0,4.09376001,0.411831,0,,32,32,32,0,0,4062201,32655232,0,b3954405507118b0,2511.96159,0,4.76
20260927T200820Z-c857,bdcb775028e8cf1e,626061,gpu-frontier,gpu,resident,s0,78,0,0,0,2,warm,0,1,0,4.242599,0,0,0,3.79683208,0.433887,0,,28,28,28,0,0,3776677,30373791,0,61fd094b9998fbe0,2513.72573,0,4.76
20260927T200820Z-c857,bdcb775028e8cf1e,599867,gpu-frontier,gpu,resident,s0,79,0,0,0,2,warm,0,1,0,4.294323,0,0,0,3.85318398,0.430645,0,,30,30,30,0,0,3822805,30756979,0,4284c3996437d273,2513.72573,0,4.76
20260927T200820Z-c857,bdcb775028e8cf1e,721594,gpu-frontier,gpu,resident,s0,80,0,0,0,2,warm,0,1,0,4.645857,0,0,0,4.22783995,0.405781,0,,32,32,32,0,0,4223000,33980030,0,c5027d3d7bcd5d43,2513.08413,0,4.76
20260927T200820Z-c857,bdcb775028e8cf1e,755768,gpu-frontier,gpu,resident,s0,81,0,0,0,2,warm,0,1,0,4.118501,0,0,0,3.70355201,0.403357,0,,31,31,31,0,0,3643739,29317044,0,955e6864f3462f95,2514.36796,0,4.76
20260927T200820Z-c857,bdcb775028e8cf1e,481879,gpu-frontier,gpu,resident,s0,82,0,0,0,2,warm,0,1,0,4.176183,0,0,0,3.75679994,0.408447,0,,28,28,28,0,0,3776352,30368624,0,4d31dc5efe4dd68c,2512.12189,0,4.76
20260927T200820Z-c857,bdcb775028e8cf1e,666926,gpu-frontier,gpu,resident,s0,83,0,0,0,2,warm,0,1,0,4.177152,0,0,0,3.76089597,0.405962,0,,27,27,27,0,0,3758197,30225980,0,e59c132c158e1970,2513.72573,0,4.76
20260927T200820Z-c857,bdcb775028e8cf1e,812308,gpu-frontier,gpu,resident,s0,84,0,0,0,2,warm,0,1,0,4.410947,0,0,0,3.97903991,0.420713,0,,31,31,31,0,0,3945770,31746122,0,0f02fef1f6f062f9,2513.32465,0,4.76
20260927T200820Z-c857,bdcb775028e8cf1e,940471,gpu-frontier,gpu,resident,s0,85,0,0,0,2,warm,0,1,0,4.128143,0,0,0,3.70294404,0.413617,0,,31,31,31,0,0,3638812,29247864,0,d4f15bd52e42c464,2513.72573,0,4.76
20260927T200820Z-c857,bdcb775028e8cf1e,705817,gpu-frontier,gpu,resident,s0,86,0,0,0,2,warm,0,1,0,4.178403,0,0,0,3.76707196,0.400535,0,,31,31,31,0,0,3726628,29952487,0,2f9e346e5a9590b3,2513.72573,0,4.76
20260927T200820Z-c857,bdcb775028e8cf1e,378775,gpu-frontier,gpu,resident,s0,87,0,0,0,2,warm,0,1,0,4.098091,0,0,0,3.67708802,0.409838,0,,32,32,32,0,0,3577045,28776262,0,247dc886d68cf358,2511.8016,0,4.76
20260927T200820Z-c857,bdcb775028e8cf1e,11928,gpu-frontier,gpu,resident,s0,88,0,0,0,2,warm,0,1,0,4.133091,0,0,0,3.72399998,0.397933,0,,28,28,28,0,0,3713561,29852809,0,86b14882cf633e0e,2513.72573,0,4.76
20260927T200820Z-c857,bdcb775028e8cf1e,149969,gpu-frontier,gpu,resident,s0,89,0,0,0,2,warm,0,1,0,4.34812,0,0,0,3.93407989,0.404083,0,,29,29,29,0,0,3916441,31499115,0,45297a6a252cf4a3,2513.72573,0,4.76
20260927T200820Z-c857,bdcb775028e8cf1e,518422,gpu-frontier,gpu,resident,s0,90,0,0,0,2,warm,0,1,0,4.443836,0,0,0,4.01891184,0.412497,0,,32,32,32,0,0,3971953,31939584,0,48d221e86e4fc6b8,2511.96159,0,4.76
20260927T200820Z-c857,bdcb775028e8cf1e,764093,gpu-frontier,gpu,resident,s0,91,0,0,0,2,warm,0,1,0,4.270653,0,0,0,3.85712004,0.403299,0,,29,29,29,0,0,3847765,30958662,0,30627382b9126684,2513.72573,0,4.76
20260927T200820Z-c857,bdcb775028e8cf1e,818556,gpu-frontier,gpu,resident,s0,92,0,0,0,2,warm,0,1,0,4.014917,0,0,0,3.5960319,0.407833,0,,27,27,27,0,0,3584947,28809323,0,27a240572492669c,2513.72573,0,4.76
20260927T200820Z-c857,bdcb775028e8cf1e,284007,gpu-frontier,gpu,resident,s0,93,0,0,0,2,warm,0,1,0,4.088297,0,0,0,3.66889596,0.405931,0,,28,28,28,0,0,3661605,29428999,0,d3f6714dfb85bc57,2513.56522,0,4.76
20260927T200820Z-c857,bdcb775028e8cf1e,147527,gpu-frontier,gpu,resident,s0,94,0,0,0,2,warm,0,1,0,4.38159,0,0,0,3.95648003,0.414521,0,,31,31,31,0,0,3949656,31774826,0,d049b16980e0f60c,2513.72573,0,4.76
20260927T200820Z-c857,bdcb775028e8cf1e,810773,gpu-frontier,gpu,resident,s0,95,0,0,0,2,warm,0,1,0,4.123872,0,0,0,3.71792006,0.395595,0,,27,27,27,0,0,3725759,29954932,0,6fd146baf7e50cb8,2513.72573,0,4.76
20260927T200820Z-c857,bdcb775028e8cf1e,496849,gpu-frontier,gpu,resident,s0,96,0,0,0,2,warm,0,1,0,3.969482,0,0,0,3.51939201,0.439017,0,,28,28,28,0,0,3497657,28125678,0,51e6ca03ae62fe83,2513.72573,0,4.76
20260927T200820Z-c857,bdcb775028e8cf1e,1013688,gpu-frontier,gpu,resident,s0,97,0,0,0,2,warm,0,1,0,4.208077,0,0,0,3.78559995,0.411666,0,,30,30,30,0,0,3750396,30164713,0,30b5e615d19b4db7,2511.72132,0,4.76
20260927T200820Z-c857,bdcb775028e8cf1e,935512,gpu-frontier,gpu,resident,s0,98,0,0,0,2,warm,0,1,0,4.16542,0,0,0,3.73955202,0.413306,0,,29,29,29,0,0,3726268,29962706,0,345b9f3d13942b0a,2513.72573,0,4.76
20260927T200820Z-c857,bdcb775028e8cf1e,714883,gpu-frontier,gpu,resident,s0,99,0,0,0,2,warm,0,1,0,4.067354,0,0,0,3.64931202,0.407231,0,,29,29,29,0,0,3609876,29018474,0,3caa4b9d4e60a28c,2513.72573,0,4.76
20260927T200820Z-c857,bdcb775028e8cf1e,670214,gpu-frontier,gpu,resident,s0,100,0,0,0,2,warm,0,1,0,4.159054,0,0,0,3.74454403,0.40313,0,,30,30,30,0,0,3695818,29715426,0,58cdbd04e9ad4b5a,2512.2022,0,4.76
20260927T200820Z-c857,bdcb775028e8cf1e,922346,gpu-frontier,gpu,resident,s0,101,0,0,0,2,warm,0,1,0,4.37237,0,0,0,3.96063995,0.401227,0,,30,30,30,0,0,3933435,31645527,0,a9345b2da1f507da,2513.72573,0,4.76
20260927T200820Z-c857,bdcb775028e8cf1e,802242,gpu-frontier,gpu,resident,s0,102,0,0,0,2,warm,0,1,0,4.014706,0,0,0,3.59804797,0.406114,0,,29,29,29,0,0,3580266,28783222,0,36cceee4a9db6a4b,2513.96638,0,4.76
20260927T200820Z-c857,bdcb775028e8cf1e,45284,gpu-frontier,gpu,resident,s0,103,0,0,0,2,warm,0,1,0,4.032233,0,0,0,3.6154561,0.406178,0,,30,30,30,0,0,3539484,28454754,0,8cde483398c0c574,2513.72573,0,4.76
20260927T200820Z-c857,bdcb775028e8cf1e,908797,gpu-frontier,gpu,resident,s0,104,0,0,0,2,warm,0,1,0,3.999517,0,0,0,3.5837121,0.404959,0,,28,28,28,0,0,3572159,28735114,0,693d054e427576ec,2513.72573,0,4.76
20260927T200820Z-c857,bdcb775028e8cf1e,281396,gpu-frontier,gpu,resident,s0,105,0,0,0,2,warm,0,1,0,4.227451,0,0,0,3.81126404,0.404706,0,,30,30,30,0,0,3769667,30321293,0,b14bb4ea16e9e257,2513.24427,0,4.76
20260927T200820Z-c857,bdcb775028e8cf1e,1000550,gpu-frontier,gpu,resident,s0,106,0,0,0,2,warm,0,1,0,4.174875,0,0,0,3.76505589,0.399217,0,,30,30,30,0,0,3734904,30040357,0,1100489ad95e65a9,2514.28751,0,4.76
20260927T200820Z-c857,bdcb775028e8cf1e,73594,gpu-frontier,gpu,resident,s0,107,0,0,0,2,warm,0,1,0,4.345369,0,0,0,3.92387199,0.410522,0,,28,28,28,0,0,3954318,31819393,0,f80913d9ffa61601,2511.88159,0,4.76
20260927T200820Z-c857,bdcb775028e8cf1e,301631,gpu-frontier,gpu,resident,s0,108,0,0,0,2,warm,0,1,0,4.241146,0,0,0,3.81625605,0.414483,0,,28,28,28,0,0,3815531,30681676,0,ffb0bdb411984f79,2513.72573,0,4.76
20260927T200820Z-c857,bdcb775028e8cf1e,430170,gpu-frontier,gpu,resident,s0,109,0,0,0,2,warm,0,1,0,4.284974,0,0,0,3.865376,0.408414,0,,30,30,30,0,0,3849143,30975331,0,3ddac9680cf654ec,2513.72573,0,4.76
20260927T200820Z-c857,bdcb775028e8cf1e,752814,gpu-frontier,gpu,resident,s0,110,0,0,0,2,warm,0,1,0,4.438801,0,0,0,4.02403212,0.40398,0,,30,30,30,0,0,4014497,32264211,0,894bd5913f3ff4d4,2513.72573,0,4.76
20260927T200820Z-c857,bdcb775028e8cf1e,679839,gpu-frontier,gpu,resident,s0,111,0,0,0,2,warm,0,1,0,4.142622,0,0,0,3.72297597,0.409239,0,,28,28,28,0,0,3712932,29844345,0,2311d0e3a8eb00ff,2513.72573,0,4.76
20260927T200820Z-c857,bdcb775028e8cf1e,619664,gpu-frontier,gpu,resident,s0,112,0,0,0,2,warm,0,1,0,4.164078,0,0,0,3.74969602,0.403887,0,,28,28,28,0,0,3738516,30045881,0,67d5b0180727b207,2512.28221,0,4.76
20260927T200820Z-c857,bdcb775028e8cf1e,98827,gpu-frontier,gpu,resident,s0,113,0,0,0,2,warm,0,1,0,4.167166,0,0,0,3.75075197,0.40582,0,,31,31,31,0,0,3692056,29688115,0,028ac127e1d04635,2512.2022,0,4.76
20260927T200820Z-c857,bdcb775028e8cf1e,105994,gpu-frontier,gpu,resident,s0,114,0,0,0,2,warm,0,1,0,4.268236,0,0,0,3.85830402,0.398793,0,,30,30,30,0,0,3838159,30851948,0,6101a6af17cce50a,2513.40474,0,4.76
20260927T200820Z-c857,bdcb775028e8cf1e,243457,gpu-frontier,gpu,resident,s0,115,0,0,0,2,warm,0,1,0,4.497257,0,0,0,4.07740784,0.408001,0,,30,30,30,0,0,4089269,32891116,0,d63dcb9c463e2915,2514.12694,0,4.76
20260927T200820Z-c857,bdcb775028e8cf1e,734875,gpu-frontier,gpu,resident,s0,116,0,0,0,2,warm,0,1,0,4.354217,0,0,0,3.93804789,0.405727,0,,29,29,29,0,0,3947205,31740922,0,4ff936efc2f83018,2513.72573,0,4.76
20260927T200820Z-c857,bdcb775028e8cf1e,370736,gpu-frontier,gpu,resident,s0,117,0,0,0,2,warm,0,1,0,4.089279,0,0,0,3.66975999,0.408549,0,,30,30,30,0,0,3628661,29194066,0,dddd8859f17554f0,2513.72573,0,4.76
20260927T200820Z-c857,bdcb775028e8cf1e,521055,gpu-frontier,gpu,resident,s0,118,0,0,0,2,warm,0,1,0,4.449168,0,0,0,4.03433609,0.402813,0,,30,30,30,0,0,3914647,31501599,0,b294e6b0e2222d00,2513.72573,0,4.76
20260927T200820Z-c857,bdcb775028e8cf1e,697461,gpu-frontier,gpu,resident,s0,119,0,0,0,2,warm,0,1,0,4.121387,0,0,0,3.70569611,0.403496,0,,29,29,29,0,0,3691836,29687135,0,c89ae9f21d6f3a2f,2514.0468,0,4.76
20260927T200820Z-c857,bdcb775028e8cf1e,696648,gpu-frontier,gpu,resident,s0,120,0,0,0,2,warm,0,1,0,4.137277,0,0,0,3.72512007,0.401274,0,,29,29,29,0,0,3705685,29791895,0,e037bd626e593f61,2513.72573,0,4.76
20260927T200820Z-c857,bdcb775028e8cf1e,322939,gpu-frontier,gpu,resident,s0,121,0,0,0,2,warm,0,1,0,4.280223,0,0,0,3.87078404,0.397827,0,,29,29,29,0,0,3872967,31150464,0,b87b221b270ba537,2513.72573,0,4.76
20260927T200820Z-c857,bdcb775028e8cf1e,235403,gpu-frontier,gpu,resident,s0,122,0,0,0,2,warm,0,1,0,4.00667,0,0,0,3.5960319,0.399974,0,,31,31,31,0,0,3545666,28524924,0,df346452db877857,2514.20737,0,4.76
20260927T200820Z-c857,bdcb775028e8cf1e,842932,gpu-frontier,gpu,resident,s0,123,0,0,0,2,warm,0,1,0,4.162995,0,0,0,3.70867205,0.442642,0,,28,28,28,0,0,3694472,29710578,0,af21ce208f9f1ea0,2513.72573,0,4.76
20260927T200820Z-c857,bdcb775028e8cf1e,776073,gpu-frontier,gpu,resident,s0,124,0,0,0,2,warm,0,1,0,4.282845,0,0,0,3.76627207,0.505654,0,,29,29,29,0,0,3730998,30008703,0,7e405523a60c0b48,2513.72573,0,4.76
20260927T200820Z-c857,bdcb775028e8cf1e,159157,gpu-frontier,gpu,resident,s0,125,0,0,0,2,warm,0,1,0,4.225159,0,0,0,3.66160011,0.551945,0,,30,30,30,0,0,3599015,28930629,0,f3d9b207575393e3,2513.72573,0,4.76
20260927T200820Z-c857,bdcb775028e8cf1e,824874,gpu-frontier,gpu,resident,s0,126,0,0,0,2,warm,0,1,0,4.235183,0,0,0,3.71705604,0.505053,0,,28,28,28,0,0,3664803,29468607,0,d96a4f94f9e5b71e,2513.72573,0,4.76
20260927T200820Z-c857,bdcb775028e8cf1e,523339,gpu-frontier,gpu,resident,s0,127,0,0,0,2,warm,0,1,0,5.96377,0,0,0,3.8592639,0.473092,1.619218,,29,29,29,0,0,3838632,30874740,0,f45d5e630c88b75d,2512.04188,0,4.76
20260927T200820Z-c857,bdcb775028e8cf1e,140379,gpu-nearfar,gpu,resident,s0,0,0,0,0,3,warm,0,1,12,10.048882,0,0.288789,4.53411198,3.35500789,0.519287,0,,132,132,386,0,0,1090768,8765202,0,962513fc443036ca,2513.96638,0,4.76
20260927T200820Z-c857,bdcb775028e8cf1e,143033,gpu-nearfar,gpu,resident,s0,1,0,0,0,3,warm,0,1,12,4.903367,0,0,0,3.32115197,0.49441,0,,132,132,390,0,0,1089956,8758647,0,45bee60043588143,2513.88626,0,4.76
20260927T200820Z-c857,bdcb775028e8cf1e,473133,gpu-nearfar,gpu,resident,s0,2,0,0,0,3,warm,0,1,12,4.912513,0,0,0,3.33948803,0.487021,0,,133,133,388,0,0,1090559,8764599,0,ad940a6a7c9f6e79,2513.96638,0,4.76
20260927T200820Z-c857,bdcb775028e8cf1e,22045,gpu-nearfar,gpu,resident,s0,3,0,0,0,3,warm,0,1,12,4.924344,0,0,0,3.27536011,0.532602,0,,128,128,374,0,0,1091076,8768452,0,3c8a4f6babe2bcfa,2513.72573,0,4.76
20260927T200820Z-c857,bdcb775028e8cf1e,367943,gpu-nearfar,gpu,resident,s0,4,0,0,0,3,warm,0,1,12,5.23639,0,0,0,3.35708809,0.531975,0,,131,131,384,0,0,1090554,8763401,0,8f49d64399cf55ba,2513.24427,0,4.76
20260927T200820Z-c857,bdcb775028e8cf1e,955628,gpu-nearfar,gpu,resident,s0,5,0,0,0,3,warm,0,1,12,5.303896,0,0,0,3.30591989,0.537781,0,,134,134,390,0,0,1090648,8764049,0,97ac752781dd9e47,2513.96638,0,4.76
20260927T200820Z-c857,bdcb775028e8cf1e,493619,gpu-nearfar,gpu,resident,s0,6,0,0,0,3,warm,0,1,12,5.201763,0,0,0,3.28976011,0.51764,0,,128,128,374,0,0,1091117,8768577,0,01947ce70d300df5,2513.24427,0,4.76
20260927T200820Z-c857,bdcb775028e8cf1e,78040,gpu-nearfar,gpu,resident,s0,7,0,0,0,3,warm,0,1,12,5.088136,0,0,0,3.31075191,0.511331,0,,130,130,382,0,0,1090324,8761342,0,7ce762e264c535fb,2513.72573,0,4.76
20260927T200820Z-c857,bdcb775028e8cf1e,597528,gpu-nearfar,gpu,resident,s0,8,0,0,0,3,warm,0,1,12,4.974478,0,0,0,3.23542404,0.492004,0,,125,125,372,0,0,1090903,8766200,0,8eb259ff3f497ebc,2511.88159,0,4.76
20260927T200820Z-c857,bdcb775028e8cf1e,666088,gpu-nearfar,gpu,resident,s0,9,0,0,0,3,warm,0,1,12,5.130092,0,0,0,3.36246395,0.491996,0,,133,133,388,0,0,1090117,8759358,0,8babfd558442eb36,2513.96638,0,4.76
20260927T200820Z-c857,bdcb775028e8cf1e,93798,gpu-nearfar,gpu,resident,s0,10,0,0,0,3,warm,0,1,12,4.981253,0,0,0,3.28751993,0.490602,0,,129,129,380,0,0,1090795,8764698,0,d776da21d464498f,2513.96638,0,4.76
20260927T200820Z-c857,bdcb775028e8cf1e,583195,gpu-nearfar,gpu,resident,s0,11,0,0,0,3,warm,0,1,12,4.935001,0,0,0,3.26182389,0.485479,0,,129,129,376,0,0,1090714,8765456,0,172aa003797174fd,2513.72573,0,4.76
20260927T200820Z-c857,bdcb775028e8cf1e,828010,gpu-nearfar,gpu,resident,s0,12,0,0,0,3,warm,0,1,12,5.020515,0,0,0,3.36806393,0.480362,0,,133,133,396,0,0,1090531,8762909,0,24e48fed204afe20,2511.64134,0,4.76
20260927T200820Z-c857,bdcb775028e8cf1e,232399,gpu-nearfar,gpu,resident,s0,13,0,0,0,3,warm,0,1,12,5.009894,0,0,0,3.36752009,0.475778,0,,136,136,390,0,0,1090792,8765060,0,9e4d36e9fa7c15f8,2513.72573,0,4.76
20260927T200820Z-c857,bdcb775028e8cf1e,439005,gpu-nearfar,gpu,resident,s0,14,0,0,0,3,warm,0,1,12,4.859695,0,0,0,3.24969602,0.47662,0,,129,129,380,0,0,1090572,8764619,0,8e4128a19e9259cb,2513.72573,0,4.76
20260927T200820Z-c857,bdcb775028e8cf1e,261911,gpu-nearfar,gpu,resident,s0,15,0,0,0,3,warm,0,1,12,5.025165,0,0,0,3.29881597,0.510023,0,,132,132,390,0,0,1090693,8764429,0,42def7b4c28fed4d,2513.56522,0,4.76
20260927T200820Z-c857,bdcb775028e8cf1e,306042,gpu-nearfar,gpu,resident,s0,16,0,0,0,3,warm,0,1,12,4.916,0,0,0,3.2700479,0.476965,0,,131,131,380,0,0,1090555,8763022,0,caef7bb3d74e71e7,2513.72573,0,4.76
20260927T200820Z-c857,bdcb775028e8cf1e,842254,gpu-nearfar,gpu,resident,s0,17,0,0,0,3,warm,0,1,12,4.927836,0,0,0,3.30764794,0.470487,0,,134,134,386,0,0,1090048,8760067,0,d7fe1f2a8f019015,2512.04188,0,4.76
20260927T200820Z-c857,bdcb775028e8cf1e,497647,gpu-nearfar,gpu,resident,s0,18,0,0,0,3,warm,0,1,12,4.92977,0,0,0,3.31478405,0.469705,0,,132,132,386,0,0,1090968,8766835,0,fec7b1878b41d172,2513.72573,0,4.76
20260927T200820Z-c857,bdcb775028e8cf1e,283052,gpu-nearfar,gpu,resident,s0,19,0,0,0,3,warm,0,1,12,4.977454,0,0,0,3.33663988,0.492538,0,,134,134,394,0,0,1090086,8759820,0,7118d82e727075df,2513.72573,0,4.76
20260927T200820Z-c857,bdcb775028e8cf1e,299936,gpu-nearfar,gpu,resident,s0,20,0,0,0,3,warm,0,1,12,4.955226,0,0,0,3.27817607,0.487141,0,,130,130,382,0,0,1090377,8761854,0,cacd11290a4229d3,2511.16068,0,4.76
20260927T200820Z-c857,bdcb775028e8cf1e,785373,gpu-nearfar,gpu,resident,s0,21,0,0,0,3,warm,0,1,12,5.138109,0,0,0,3.44604802,0.484661,0,,133,133,388,0,0,1090662,8764697,0,59a7d838e8fde54e,2490.82754,0,4.76
20260927T200820Z-c857,bdcb775028e8cf1e,480378,gpu-nearfar,gpu,resident,s0,22,0,0,0,3,warm,0,1,12,5.041413,0,0,0,3.43404794,0.469822,0,,132,132,386,0,0,1091035,8767870,0,8d61a1f8360384c2,2488.938,0,4.76
20260927T200820Z-c857,bdcb775028e8cf1e,321060,gpu-nearfar,gpu,resident,s0,23,0,0,0,3,warm,0,1,12,4.988789,0,0,0,3.379776,0.475577,0,,130,130,378,0,0,1090606,8763145,0,a31502366da41b8f,2490.59101,0,4.76
20260927T200820Z-c857,bdcb775028e8cf1e,337388,gpu-nearfar,gpu,resident,s0,24,0,0,0,3,warm,0,1,12,5.068344,0,0,0,3.43007994,0.49302,0,,133,133,388,0,0,1091032,8768332,0,8c08c70ebb3ac3fb,2489.09538,0,4.76
20260927T200820Z-c857,bdcb775028e8cf1e,118671,gpu-nearfar,gpu,resident,s0,25,0,0,0,3,warm,0,1,12,5.144951,0,0,0,3.46988797,0.492467,0,,133,133,388,0,0,1090300,8761732,0,0c15ec8650da6629,2488.30899,0,4.76
20260927T200820Z-c857,bdcb775028e8cf1e,125150,gpu-nearfar,gpu,resident,s0,26,0,0,0,3,warm,0,1,12,5.059272,0,0,0,3.42915201,0.470385,0,,132,132,386,0,0,1090919,8766913,0,5df60853290e8825,2490.82754,0,4.76
20260927T200820Z-c857,bdcb775028e8cf1e,72476,gpu-nearfar,gpu,resident,s0,27,0,0,0,3,warm,0,1,12,5.212762,0,0,0,3.50160003,0.486212,0,,135,135,392,0,0,1090849,8765642,0,9d309008139d89e2,2488.85947,0,4.76
20260927T200820Z-c857,bdcb775028e8cf1e,728509,gpu-nearfar,gpu,resident,s0,28,0,0,0,3,warm,0,1,12,5.148049,0,0,0,3.51695991,0.491826,0,,137,137,404,0,0,1090664,8764565,0,5c3d8df36abcfc12,2508.60087,0,4.76
20260927T200820Z-c857,bdcb775028e8cf1e,679264,gpu-nearfar,gpu,resident,s0,29,0,0,0,3,warm,0,1,12,5.115285,0,0,0,3.49430394,0.471717,0,,136,136,394,0,0,1090365,8762045,0,c6e211fc2a14bb1e,2506.28574,0,4.76
20260927T200820Z-c857,bdcb775028e8cf1e,828590,gpu-nearfar,gpu,resident,s0,30,0,0,0,3,warm,0,1,12,5.163944,0,0,0,3.55500793,0.472615,0,,139,139,412,0,0,1090926,8766816,0,2ae9225c26b53613,2506.84421,0,4.76
20260927T200820Z-c857,bdcb775028e8cf1e,411591,gpu-nearfar,gpu,resident,s0,31,0,0,0,3,warm,0,1,12,5.018046,0,0,0,3.38796806,0.485598,0,,130,130,378,0,0,1090514,8762765,0,87c40e56ae5ffca7,2506.76424,0,4.76
20260927T200820Z-c857,bdcb775028e8cf1e,555679,gpu-nearfar,gpu,resident,s0,32,0,0,0,3,warm,0,1,12,4.932508,0,0,0,3.32147193,0.47906,0,,127,127,372,0,0,1090600,8764300,0,9f18f792be207582,2506.68458,0,4.76
20260927T200820Z-c857,bdcb775028e8cf1e,417721,gpu-nearfar,gpu,resident,s0,33,0,0,0,3,warm,0,1,12,5.010022,0,0,0,3.34892797,0.481684,0,,128,128,370,0,0,1089788,8757336,0,40f1a85ee049ae51,2506.12619,0,4.76
20260927T200820Z-c857,bdcb775028e8cf1e,199603,gpu-nearfar,gpu,resident,s0,34,0,0,0,3,warm,0,1,12,5.080492,0,0,0,3.47811198,0.467258,0,,132,132,386,0,0,1090491,8762922,0,52eab23b1dc3a0d8,2508.04162,0,4.76
20260927T200820Z-c857,bdcb775028e8cf1e,625990,gpu-nearfar,gpu,resident,s0,35,0,0,0,3,warm,0,1,12,5.07305,0,0,0,3.45155191,0.48849,0,,133,133,380,0,0,1090420,8761735,0,1f91735b89b1e749,2509.56011,0,4.76
20260927T200820Z-c857,bdcb775028e8cf1e,931576,gpu-nearfar,gpu,resident,s0,36,0,0,0,3,warm,0,1,12,5.085363,0,0,0,3.4844799,0.464802,0,,135,135,392,0,0,1090597,8763845,0,f9b3834a03c725b2,2508.12167,0,4.76
20260927T200820Z-c857,bdcb775028e8cf1e,388607,gpu-nearfar,gpu,resident,s0,37,0,0,0,3,warm,0,1,12,4.974055,0,0,0,3.34214401,0.483339,0,,128,128,370,0,0,1090560,8763323,0,2469a61a38128657,2508.44102,0,4.76
20260927T200820Z-c857,bdcb775028e8cf1e,40305,gpu-nearfar,gpu,resident,s0,38,0,0,0,3,warm,0,1,12,4.929599,0,0,0,3.30508804,0.475813,0,,126,126,370,0,0,1091240,8769600,0,a95dfd3d0c7b8217,2508.04162,0,4.76
20260927T200820Z-c857,bdcb775028e8cf1e,297024,gpu-nearfar,gpu,resident,s0,39,0,0,0,3,warm,0,1,12,5.132844,0,0,0,3.48736,0.499432,0,,134,134,394,0,0,1090794,8765544,0,126ebac47fb036d5,2508.44102,0,4.76
20260927T200820Z-c857,bdcb775028e8cf1e,928309,gpu-nearfar,gpu,resident,s0,40,0,0,0,3,warm,0,1,12,5.06306,0,0,0,3.42995191,0.481422,0,,134,134,390,0,0,1090314,8762289,0,1d4f08d9e5c4d39f,2508.60087,0,4.76
20260927T200820Z-c857,bdcb775028e8cf1e,274490,gpu-nearfar,gpu,resident,s0,41,0,0,0,3,warm,0,1,12,5.229989,0,0,0,3.59590411,0.470199,0,,142,142,422,0,0,1090646,8764461,0,b8ae98805b057b5a,2508.60087,0,4.76
20260927T200820Z-c857,bdcb775028e8cf1e,545768,gpu-nearfar,gpu,resident,s0,42,0,0,0,3,warm,0,1,12,5.061915,0,0,0,3.45363212,0.465797,0,,132,132,386,0,0,1090536,8763562,0,804a6099fd45f9f1,2507.00356,0,4.76
20260927T200820Z-c857,bdcb775028e8cf1e,20469,gpu-nearfar,gpu,resident,s0,43,0,0,0,3,warm,0,1,12,4.982473,0,0,0,3.3664,0.466356,0,,129,129,380,0,0,1090219,8760323,0,67718541774a1c58,2508.60087,0,4.76
20260927T200820Z-c857,bdcb775028e8cf1e,531301,gpu-nearfar,gpu,resident,s0,44,0,0,0,3,warm,0,1,12,5.144879,0,0,0,3.51811194,0.478018,0,,136,136,402,0,0,1090812,8765965,0,a2d077b44abc8be4,2506.04627,0,4.76
20260927T200820Z-c857,bdcb775028e8cf1e,1047443,gpu-nearfar,gpu,resident,s0,45,0,0,0,3,warm,0,1,12,5.075924,0,0,0,3.4537921,0.47331,0,,132,132,394,0,0,1091128,8768556,0,5193d56b59210cff,2506.60462,0,4.76
20260927T200820Z-c857,bdcb775028e8cf1e,638272,gpu-nearfar,gpu,resident,s0,46,0,0,0,3,warm,0,1,12,5.197401,0,0,0,3.54886389,0.494894,0,,138,138,410,0,0,1090645,8763968,0,55cd86ef2d52603f,2506.92388,0,4.76
20260927T200820Z-c857,bdcb775028e8cf1e,975530,gpu-nearfar,gpu,resident,s0,47,0,0,0,3,warm,0,1,12,5.07964,0,0,0,3.466048,0.479549,0,,135,135,392,0,0,1090963,8768019,0,defa82ffc7c822c1,2507.88184,0,4.76
20260927T200820Z-c857,bdcb775028e8cf1e,914696,gpu-nearfar,gpu,resident,s0,48,0,0,0,3,warm,0,1,12,5.110996,0,0,0,3.45548797,0.482053,0,,133,133,392,0,0,1090588,8764980,0,b214dabb258e9aae,2508.60087,0,4.76
20260927T200820Z-c857,bdcb775028e8cf1e,169940,gpu-nearfar,gpu,resident,s0,49,0,0,0,3,warm,0,1,12,5.031925,0,0,0,3.38313603,0.497825,0,,130,130,382,0,0,1090601,8764648,0,aa0703ef4173c77e,2508.60087,0,4.76
20260927T200820Z-c857,bdcb775028e8cf1e,834360,gpu-nearfar,gpu,resident,s0,50,0,0,0,3,warm,0,1,12,5.004223,0,0,0,3.34380794,0.50222,0,,127,127,368,0,0,1090200,8761142,0,5691474dd60d91eb,2506.60462,0,4.76
20260927T200820Z-c857,bdcb775028e8cf1e,518322,gpu-nearfar,gpu,resident,s0,51,0,0,0,3,warm,0,1,12,5.09712,0,0,0,3.48028803,0.470186,0,,137,137,392,0,0,1090632,8765012,0,487e23ea466e3dc3,2508.60087,0,4.76
20260927T200820Z-c857,bdcb775028e8cf1e,577541,gpu-nearfar,gpu,resident,s0,52,0,0,0,3,warm,0,1,12,4.949102,0,0,0,3.33987188,0.466617,0,,129,129,368,0,0,1090709,8764475,0,b1fdbbb5e3df8eaf,2506.04627,0,4.76
20260927T200820Z-c857,bdcb775028e8cf1e,764242,gpu-nearfar,gpu,resident,s0,53,0,0,0,3,warm,0,1,12,5.078224,0,0,0,3.42905593,0.470959,0,,133,133,384,0,0,1090639,8764720,0,3d9713fe1cb13f0f,2506.04627,0,4.76
20260927T200820Z-c857,bdcb775028e8cf1e,14706,gpu-nearfar,gpu,resident,s0,54,0,0,0,3,warm,0,1,12,5.142053,0,0,0,3.43113589,0.503847,0,,134,134,390,0,0,1090664,8764415,0,670ec085e25725a5,2508.60087,0,4.76
20260927T200820Z-c857,bdcb775028e8cf1e,471650,gpu-nearfar,gpu,resident,s0,55,0,0,0,3,warm,0,1,12,5.093971,0,0,0,3.46591997,0.479571,0,,134,134,394,0,0,1090713,8765214,0,8e96feb8790153a9,2506.52497,0,4.76
20260927T200820Z-c857,bdcb775028e8cf1e,192150,gpu-nearfar,gpu,resident,s0,56,0,0,0,3,warm,0,1,12,5.069877,0,0,0,3.44633603,0.489405,0,,133,133,392,0,0,1090337,8762138,0,7a4e7c7f4964792a,2506.04627,0,4.76
20260927T200820Z-c857,bdcb775028e8cf1e,59477,gpu-nearfar,gpu,resident,s0,57,0,0,0,3,warm,0,1,12,5.107558,0,0,0,3.36979198,0.529716,0,,128,128,378,0,0,1090557,8763030,0,720be9d618fad5fd,2508.60087,0,4.76
20260927T200820Z-c857,bdcb775028e8cf1e,201224,gpu-nearfar,gpu,resident,s0,58,0,0,0,3,warm,0,1,12,5.14652,0,0,0,3.37158394,0.534025,0,,128,128,374,0,0,1090310,8760206,0,9def48f1ef14c98b,2506.44502,0,4.76
20260927T200820Z-c857,bdcb775028e8cf1e,12846,gpu-nearfar,gpu,resident,s0,59,0,0,0,3,warm,0,1,12,5.124332,0,0,0,3.38592005,0.506558,0,,128,128,374,0,0,1090700,8764881,0,4a251f0fc1f7c4d8,2506.20581,0,4.76
20260927T200820Z-c857,bdcb775028e8cf1e,88685,gpu-nearfar,gpu,resident,s0,60,0,0,0,3,warm,0,1,12,5.294081,0,0,0,3.4548161,0.537218,0,,131,131,376,0,0,1090669,8764017,0,35e1f7fbc76a56e6,2506.36538,0,4.76
20260927T200820Z-c857,bdcb775028e8cf1e,637,gpu-nearfar,gpu,resident,s0,61,0,0,0,3,warm,0,1,12,5.283654,0,0,0,3.47865605,0.521699,0,,134,134,390,0,0,1090251,8761373,0,55580c8117e41e29,2508.68095,0,4.76
20260927T200820Z-c857,bdcb775028e8cf1e,140682,gpu-nearfar,gpu,resident,s0,62,0,0,0,3,warm,0,1,12,5.138691,0,0,0,3.43308806,0.472583,0,,130,130,378,0,0,1090818,8766958,0,2275df8962059f7d,2506.28574,0,4.76
20260927T200820Z-c857,bdcb775028e8cf1e,242263,gpu-nearfar,gpu,resident,s0,63,0,0,0,3,warm,0,1,12,5.146986,0,0,0,3.45369601,0.477665,0,,132,132,386,0,0,1090478,8763440,0,aec23922016823f2,2506.44502,0,4.76
20260927T200820Z-c857,bdcb775028e8cf1e,955528,gpu-nearfar,gpu,resident,s0,64,0,0,0,3,warm,0,1,12,5.065087,0,0,0,3.43225598,0.472677,0,,133,133,384,0,0,1090623,8764668,0,71745a9ddcfa9aed,2506.04627,0,4.76
20260927T200820Z-c857,bdcb775028e8cf1e,604431,gpu-nearfar,gpu,resident,s0,65,0,0,0,3,warm,0,1,12,5.078335,0,0,0,3.44540811,0.488132,0,,133,133,388,0,0,1090714,8765739,0,0f2fc4de9183f8e5,2508.60087,0,4.76
20260927T200820Z-c857,bdcb775028e8cf1e,968747,gpu-nearfar,gpu,resident,s0,66,0,0,0,3,warm,0,1,12,5.06515,0,0,0,3.43734407,0.490555,0,,133,133,388,0,0,1090356,8762209,0,23fb936cb9001886,2508.60087,0,4.76
20260927T200820Z-c857,bdcb775028e8cf1e,25579,gpu-nearfar,gpu,resident,s0,67,0,0,0,3,warm,0,1,12,5.068406,0,0,0,3.43359995,0.49098,0,,132,132,382,0,0,1091032,8769192,0,147f42102dacb4a9,2507.08354,0,4.76
20260927T200820Z-c857,bdcb775028e8cf1e,802074,gpu-nearfar,gpu,resident,s0,68,0,0,0,3,warm,0,1,12,5.071132,0,0,0,3.44339204,0.483751,0,,133,133,392,0,0,1090655,8765217,0,9ab4ea21ea39d810,2508.60087,0,4.76
20260927T200820Z-c857,bdcb775028e8cf1e,785602,gpu-nearfar,gpu,resident,s0,69,0,0,0,3,warm,0,1,12,5.072165,0,0,0,3.43459201,0.488799,0,,132,132,386,0,0,1091061,8768676,0,904abcbc011db59e,2508.04162,0,4.76
20260927T200820Z-c857,bdcb775028e8cf1e,800647,gpu-nearfar,gpu,resident,s0,70,0,0,0,3,warm,0,1,12,5.087186,0,0,0,3.45337605,0.479596,0,,134,134,386,0,0,1090295,8761939,0,963c10a1708eaba2,2507.64236,0,4.76
20260927T200820Z-c857,bdcb775028e8cf1e,1034835,gpu-nearfar,gpu,resident,s0,71,0,0,0,3,warm,0,1,12,4.909002,0,0,0,3.2881279,0.476395,0,,125,125,368,0,0,1091025,8767205,0,e6fa7c6616165044,2508.60087,0,4.76
20260927T200820Z-c857,bdcb775028e8cf1e,591983,gpu-nearfar,gpu,resident,s0,72,0,0,0,3,warm,0,1,12,5.096629,0,0,0,3.44655991,0.463599,0,,134,134,394,0,0,1090285,8762050,0,6d8caa59599b10cf,2506.04627,0,4.76
20260927T200820Z-c857,bdcb775028e8cf1e,509143,gpu-nearfar,gpu,resident,s0,73,0,0,0,3,warm,0,1,12,5.103406,0,0,0,3.50575995,0.458359,0,,137,137,404,0,0,1090698,8764999,0,6ebbe9cb431c1e34,2508.60087,0,4.76
20260927T200820Z-c857,bdcb775028e8cf1e,258004,gpu-nearfar,gpu,resident,s0,74,0,0,0,3,warm,0,1,12,5.106601,0,0,0,3.46304011,0.472466,0,,132,132,394,0,0,1090772,8765919,0,8fe71bf6883af38c,2506.36538,0,4.76
20260927T200820Z-c857,bdcb775028e8cf1e,1008134,gpu-nearfar,gpu,resident,s0,75,0,0,0,3,warm,0,1,12,5.01301,0,0,0,3.39817595,0.485421,0,,129,129,380,0,0,1090651,8763783,0,cdc782d99fbeccfa,2506.04627,0,4.76
20260927T200820Z-c857,bdcb775028e8cf1e,693058,gpu-nearfar,gpu,resident,s0,76,0,0,0,3,warm,0,1,12,5.048814,0,0,0,3.42419195,0.488976,0,,132,132,390,0,0,1090716,8765537,0,62b2e74b763aa377,2508.60087,0,4.76
20260927T200820Z-c857,bdcb775028e8cf1e,567498,gpu-nearfar,gpu,resident,s0,77,0,0,0,3,warm,0,1,12,5.121411,0,0,0,3.52412796,0.473841,0,,137,137,396,0,0,1090528,8762937,0,b3954405507118b0,2507.00356,0,4.76
20260927T200820Z-c857,bdcb775028e8cf1e,626061,gpu-nearfar,gpu,resident,s0,78,0,0,0,3,warm,0,1,12,5.033963,0,0,0,3.41571212,0.488897,0,,132,132,386,0,0,1090798,8766637,0,61fd094b9998fbe0,2508.60087,0,4.76
20260927T200820Z-c857,bdcb775028e8cf1e,599867,gpu-nearfar,gpu,resident,s0,79,0,0,0,3,warm,0,1,12,5.16856,0,0,0,3.54793596,0.491851,0,,139,139,408,0,0,1090614,8765831,0,4284c3996437d273,2506.60462,0,4.76
20260927T200820Z-c857,bdcb775028e8cf1e,721594,gpu-nearfar,gpu,resident,s0,80,0,0,0,3,warm,0,1,12,5.043467,0,0,0,3.42063999,0.473055,0,,131,131,384,0,0,1090339,8762077,0,c5027d3d7bcd5d43,2506.52497,0,4.76
20260927T200820Z-c857,bdcb775028e8cf1e,755768,gpu-nearfar,gpu,resident,s0,81,0,0,0,3,warm,0,1,12,4.982642,0,0,0,3.37788796,0.475631,0,,131,131,384,0,0,1090111,8760154,0,955e6864f3462f95,2508.60087,0,4.76
20260927T200820Z-c857,bdcb775028e8cf1e,481879,gpu-nearfar,gpu,resident,s0,82,0,0,0,3,warm,0,1,12,5.113882,0,0,0,3.51212811,0.462835,0,,138,138,394,0,0,1090837,8766313,0,4d31dc5efe4dd68c,2508.60087,0,4.76
20260927T200820Z-c857,bdcb775028e8cf1e,666926,gpu-nearfar,gpu,resident,s0,83,0,0,0,3,warm,0,1,12,5.020106,0,0,0,3.40435195,0.478969,0,,131,131,376,0,0,1090750,8764735,0,e59c132c158e1970,2508.20142,0,4.76
20260927T200820Z-c857,bdcb775028e8cf1e,812308,gpu-nearfar,gpu,resident,s0,84,0,0,0,3,warm,0,1,12,5.094273,0,0,0,3.48537588,0.471531,0,,136,136,394,0,0,1090783,8765320,0,0f02fef1f6f062f9,2506.04627,0,4.76
20260927T200820Z-c857,bdcb775028e8cf1e,940471,gpu-nearfar,gpu,resident,s0,85,0,0,0,3,warm,0,1,12,4.994582,0,0,0,3.38582397,0.474291,0,,128,128,378,0,0,1090139,8760224,0,d4f15bd52e42c464,2506.28574,0,4.76
20260927T200820Z-c857,bdcb775028e8cf1e,705817,gpu-nearfar,gpu,resident,s0,86,0,0,0,3,warm,0,1,12,5.099025,0,0,0,3.48748803,0.47135,0,,132,132,390,0,0,1090527,8763493,0,2f9e346e5a9590b3,2507.80211,0,4.76
20260927T200820Z-c857,bdcb775028e8cf1e,378775,gpu-nearfar,gpu,resident,s0,87,0,0,0,3,warm,0,1,12,5.148545,0,0,0,3.5285759,0.491316,0,,137,137,404,0,0,1090507,8763342,0,247dc886d68cf358,2507.00356,0,4.76
20260927T200820Z-c857,bdcb775028e8cf1e,11928,gpu-nearfar,gpu,resident,s0,88,0,0,0,3,warm,0,1,12,5.026337,0,0,0,3.41948795,0.466284,0,,133,133,388,0,0,1090768,8765499,0,86b14882cf633e0e,2506.04627,0,4.76
20260927T200820Z-c857,bdcb775028e8cf1e,149969,gpu-nearfar,gpu,resident,s0,89,0,0,0,3,warm,0,1,12,5.067016,0,0,0,3.4495039,0.477071,0,,136,136,390,0,0,1090159,8759730,0,45297a6a252cf4a3,2506.20581,0,4.76
20260927T200820Z-c857,bdcb775028e8cf1e,518422,gpu-nearfar,gpu,resident,s0,90,0,0,0,3,warm,0,1,12,5.048385,0,0,0,3.42406392,0.484533,0,,133,133,388,0,0,1090938,8766968,0,48d221e86e4fc6b8,2506.28574,0,4.76
20260927T200820Z-c857,bdcb775028e8cf1e,764093,gpu-nearfar,gpu,resident,s0,91,0,0,0,3,warm,0,1,12,5.003619,0,0,0,3.39017606,0.481599,0,,131,131,376,0,0,1090757,8764970,0,30627382b9126684,2507.08354,0,4.76
20260927T200820Z-c857,bdcb775028e8cf1e,818556,gpu-nearfar,gpu,resident,s0,92,0,0,0,3,warm,0,1,12,5.012239,0,0,0,3.39347196,0.475571,0,,131,131,384,0,0,1090401,8761603,0,27a240572492669c,2508.60087,0,4.76
20260927T200820Z-c857,bdcb775028e8cf1e,284007,gpu-nearfar,gpu,resident,s0,93,0,0,0,3,warm,0,1,12,4.974486,0,0,0,3.33587193,0.488991,0,,127,127,372,0,0,1090542,8763188,0,d3f6714dfb85bc57,2507.00356,0,4.76
20260927T200820Z-c857,bdcb775028e8cf1e,147527,gpu-nearfar,gpu,resident,s0,94,0,0,0,3,warm,0,1,12,5.024821,0,0,0,3.38863993,0.486895,0,,128,128,374,0,0,1090631,8764630,0,d049b16980e0f60c,2506.04627,0,4.76
20260927T200820Z-c857,bdcb775028e8cf1e,810773,gpu-nearfar,gpu,resident,s0,95,0,0,0,3,warm,0,1,12,5.067414,0,0,0,3.42576003,0.475068,0,,132,132,386,0,0,1090930,8766739,0,6fd146baf7e50cb8,2506.04627,0,4.76
20260927T200820Z-c857,bdcb775028e8cf1e,496849,gpu-nearfar,gpu,resident,s0,96,0,0,0,3,warm,0,1,12,5.033238,0,0,0,3.42271996,0.471724,0,,132,132,390,0,0,1089999,8758242,0,51e6ca03ae62fe83,2508.12167,0,4.76
20260927T200820Z-c857,bdcb775028e8cf1e,1013688,gpu-nearfar,gpu,resident,s0,97,0,0,0,3,warm,0,1,12,5.036264,0,0,0,3.40441608,0.489985,0,,130,130,382,0,0,1090504,8764193,0,30b5e615d19b4db7,2508.60087,0,4.76
20260927T200820Z-c857,bdcb775028e8cf1e,935512,gpu-nearfar,gpu,resident,s0,98,0,0,0,3,warm,0,1,12,5.387889,0,0,0,3.51833606,0.541827,0,,134,134,390,0,0,1090727,8764613,0,345b9f3d13942b0a,2506.20581,0,4.76
20260927T200820Z-c857,bdcb775028e8cf1e,714883,gpu-nearfar,gpu,resident,s0,99,0,0,0,3,warm,0,1,12,5.387148,0,0,0,3.60844803,0.50397,0,,131,131,384,0,0,1090132,8759486,0,3caa4b9d4e60a28c,2506.84421,0,4.76
20260927T200820Z-c857,bdcb775028e8cf1e,670214,gpu-nearfar,gpu,resident,s0,100,0,0,0,3,warm,0,1,12,5.308982,0,0,0,3.50905609,0.527157,0,,133,133,392,0,0,1090813,8764402,0,58cdbd04e9ad4b5a,2508.36125,0,4.76
20260927T200820Z-c857,bdcb775028e8cf1e,922346,gpu-nearfar,gpu,resident,s0,101,0,0,0,3,warm,0,1,12,5.136462,0,0,0,3.44764805,0.478141,0,,133,133,384,0,0,1090824,8766033,0,a9345b2da1f507da,2506.20581,0,4.76
20260927T200820Z-c857,bdcb775028e8cf1e,802242,gpu-nearfar,gpu,resident,s0,102,0,0,0,3,warm,0,1,12,5.047622,0,0,0,3.39433599,0.488674,0,,131,131,384,0,0,1090567,8763875,0,36cceee4a9db6a4b,2507.00356,0,4.76
20260927T200820Z-c857,bdcb775028e8cf1e,45284,gpu-nearfar,gpu,resident,s0,103,0,0,0,3,warm,0,1,12,5.121565,0,0,0,3.44447994,0.480167,0,,133,133,388,0,0,1090409,8762961,0,8cde483398c0c574,2508.60087,0,4.76
20260927T200820Z-c857,bdcb775028e8cf1e,908797,gpu-nearfar,gpu,resident,s0,104,0,0,0,3,warm,0,1,12,5.10506,0,0,0,3.46614408,0.481188,0,,132,132,394,0,0,1090548,8763502,0,693d054e427576ec,2506.92388,0,4.76
20260927T200820Z-c857,bdcb775028e8cf1e,281396,gpu-nearfar,gpu,resident,s0,105,0,0,0,3,warm,0,1,12,5.134892,0,0,0,3.49763203,0.4745,0,,135,135,392,0,0,1090830,8765948,0,b14bb4ea16e9e257,2508.20142,0,4.76
20260927T200820Z-c857,bdcb775028e8cf1e,1000550,gpu-nearfar,gpu,resident,s0,106,0,0,0,3,warm,0,1,12,5.011587,0,0,0,3.38582397,0.486181,0,,130,130,374,0,0,1090760,8765130,0,1100489ad95e65a9,2506.12619,0,4.76
20260927T200820Z-c857,bdcb775028e8cf1e,73594,gpu-nearfar,gpu,resident,s0,107,0,0,0,3,warm,0,1,12,5.116683,0,0,0,3.50595188,0.470934,0,,136,136,398,0,0,1090735,8764487,0,f80913d9ffa61601,2508.60087,0,4.76
20260927T200820Z-c857,bdcb775028e8cf1e,301631,gpu-nearfar,gpu,resident,s0,108,0,0,0,3,warm,0,1,12,5.000381,0,0,0,3.3667841,0.492572,0,,131,131,380,0,0,1090406,8762303,0,ffb0bdb411984f79,2506.04627,0,4.76
20260927T200820Z-c857,bdcb775028e8cf1e,430170,gpu-nearfar,gpu,resident,s0,109,0,0,0,3,warm,0,1,12,5.074729,0,0,0,3.44537592,0.494103,0,,136,136,394,0,0,1090413,8762160,0,3ddac9680cf654ec,2506.60462,0,4.76
20260927T200820Z-c857,bdcb775028e8cf1e,752814,gpu-nearfar,gpu,resident,s0,110,0,0,0,3,warm,0,1,12,5.066306,0,0,0,3.44771194,0.480046,0,,132,132,390,0,0,1091083,8768879,0,894bd5913f3ff4d4,2506.36538,0,4.76
20260927T200820Z-c857,bdcb775028e8cf1e,679839,gpu-nearfar,gpu,resident,s0,111,0,0,0,3,warm,0,1,12,5.051939,0,0,0,3.43843198,0.488154,0,,133,133,388,0,0,1090404,8763017,0,2311d0e3a8eb00ff,2506.04627,0,4.76
20260927T200820Z-c857,bdcb775028e8cf1e,619664,gpu-nearfar,gpu,resident,s0,112,0,0,0,3,warm,0,1,12,5.029045,0,0,0,3.40054393,0.491721,0,,130,130,382,0,0,1090243,8761581,0,67d5b0180727b207,2506.04627,0,4.76
20260927T200820Z-c857,bdcb775028e8cf1e,98827,gpu-nearfar,gpu,resident,s0,113,0,0,0,3,warm,0,1,12,5.062201,0,0,0,3.42515206,0.494015,0,,130,130,382,0,0,1090635,8763972,0,028ac127e1d04635,2508.60087,0,4.76
20260927T200820Z-c857,bdcb775028e8cf1e,105994,gpu-nearfar,gpu,resident,s0,114,0,0,0,3,warm,0,1,12,5.103622,0,0,0,3.48860788,0.474471,0,,135,135,392,0,0,1090342,8761554,0,6101a6af17cce50a,2506.04627,0,4.76
20260927T200820Z-c857,bdcb775028e8cf1e,243457,gpu-nearfar,gpu,resident,s0,115,0,0,0,3,warm,0,1,12,5.070748,0,0,0,3.47459197,0.472429,0,,133,133,392,0,0,1090782,8765823,0,d63dcb9c463e2915,2508.60087,0,4.76
20260927T200820Z-c857,bdcb775028e8cf1e,734875,gpu-nearfar,gpu,resident,s0,116,0,0,0,3,warm,0,1,12,5.114313,0,0,0,3.52470398,0.468804,0,,135,135,396,0,0,1090804,8766547,0,4ff936efc2f83018,2507.72208,0,4.76
20260927T200820Z-c857,bdcb775028e8cf1e,370736,gpu-nearfar,gpu,resident,s0,117,0,0,0,3,warm,0,1,12,5.157816,0,0,0,3.55388808,0.471028,0,,138,138,414,0,0,1090789,8766318,0,dddd8859f17554f0,2508.60087,0,4.76
20260927T200820Z-c857,bdcb775028e8cf1e,521055,gpu-nearfar,gpu,resident,s0,118,0,0,0,3,warm,0,1,12,5.075892,0,0,0,3.46649599,0.485281,0,,134,134,394,0,0,1090708,8765494,0,b294e6b0e2222d00,2506.44502,0,4.76
20260927T200820Z-c857,bdcb775028e8cf1e,697461,gpu-nearfar,gpu,resident,s0,119,0,0,0,3,warm,0,1,12,5.026184,0,0,0,3.40851212,0.488247,0,,132,132,382,0,0,1090294,8760760,0,c89ae9f21d6f3a2f,2506.68458,0,4.76
20260927T200820Z-c857,bdcb775028e8cf1e,696648,gpu-nearfar,gpu,resident,s0,120,0,0,0,3,warm,0,1,12,4.941986,0,0,0,3.33894396,0.470063,0,,126,126,374,0,0,1090960,8767057,0,e037bd626e593f61,2506.04627,0,4.76
20260927T200820Z-c857,bdcb775028e8cf1e,322939,gpu-nearfar,gpu,resident,s0,121,0,0,0,3,warm,0,1,12,5.04061,0,0,0,3.450176,0.471417,0,,134,134,386,0,0,1090344,8761962,0,b87b221b270ba537,2508.52109,0,4.76
20260927T200820Z-c857,bdcb775028e8cf1e,235403,gpu-nearfar,gpu,resident,s0,122,0,0,0,3,warm,0,1,12,4.994103,0,0,0,3.40121603,0.473,0,,132,132,386,0,0,1090779,8764656,0,df346452db877857,2508.84054,0,4.76
20260927T200820Z-c857,bdcb775028e8cf1e,842932,gpu-nearfar,gpu,resident,s0,123,0,0,0,3,warm,0,1,12,4.969821,0,0,0,3.37059212,0.483431,0,,131,131,380,0,0,1090773,8766498,0,af21ce208f9f1ea0,2507.88184,0,4.76
20260927T200820Z-c857,bdcb775028e8cf1e,776073,gpu-nearfar,gpu,resident,s0,124,0,0,0,3,warm,0,1,12,4.999942,0,0,0,3.36643195,0.490986,0,,130,130,378,0,0,1090534,8763651,0,7e405523a60c0b48,2506.60462,0,4.76
20260927T200820Z-c857,bdcb775028e8cf1e,159157,gpu-nearfar,gpu,resident,s0,125,0,0,0,3,warm,0,1,12,5.096778,0,0,0,3.4834559,0.485347,0,,137,137,392,0,0,1090556,8763079,0,f3d9b207575393e3,2506.68458,0,4.76
20260927T200820Z-c857,bdcb775028e8cf1e,824874,gpu-nearfar,gpu,resident,s0,126,0,0,0,3,warm,0,1,12,4.985332,0,0,0,3.340832,0.516169,0,,129,129,372,0,0,1090532,8762897,0,d96a4f94f9e5b71e,2506.04627,0,4.76
20260927T200820Z-c857,bdcb775028e8cf1e,523339,gpu-nearfar,gpu,resident,s0,127,0,0,0,3,warm,0,1,12,7.020505,0,0,0,3.49276805,0.46771,1.9275,,136,136,398,0,0,1090341,8761855,0,f45d5e630c88b75d,2506.60462,0,4.76
20260927T200820Z-c857,bdcb775028e8cf1e,140379,delta-omp,cpu,resident,s1,0,1,0,0,0,warm,24,1,12,19.435464,0,2.15361,0,17.281173,0,0,,30,131,0,34,97,1151441,18518352,0,962513fc443036ca,,0,4.76
20260927T200820Z-c857,bdcb775028e8cf1e,143033,delta-omp,cpu,resident,s1,1,1,0,0,0,warm,24,1,12,20.497427,0,2.539078,0,17.957444,0,0,,31,129,0,35,94,1151115,18512974,0,45bee60043588143,,0,4.76
20260927T200820Z-c857,bdcb775028e8cf1e,473133,delta-omp,cpu,resident,s1,2,1,0,0,0,warm,24,1,12,20.275775,0,2.581185,0,17.693985,0,0,,31,133,0,34,99,1151086,18514174,0,ad940a6a7c9f6e79,,0,4.76
20260927T200820Z-c857,bdcb775028e8cf1e,22045,delta-omp,cpu,resident,s1,3,1,0,0,0,warm,24,1,12,20.13298,0,2.598506,0,17.533699,0,0,,29,126,0,36,90,1151062,18513502,0,3c8a4f6babe2bcfa,,0,4.76
20260927T200820Z-c857,bdcb775028e8cf1e,367943,delta-omp,cpu,resident,s1,4,1,0,0,0,warm,24,1,12,22.524833,0,3.730193,0,18.793862,0,0,,30,130,0,34,96,1151012,18514946,0,8f49d64399cf55ba,,0,4.76
20260927T200820Z-c857,bdcb775028e8cf1e,955628,delta-omp,cpu,resident,s1,5,1,0,0,0,warm,24,1,12,21.676983,0,3.749488,0,17.926718,0,0,,31,132,0,36,96,1150637,18504518,0,97ac752781dd9e47,,0,4.76
20260927T200820Z-c857,bdcb775028e8cf1e,493619,delta-omp,cpu,resident,s1,6,1,0,0,0,warm,24,1,12,21.736012,0,3.737747,0,17.997396,0,0,,30,127,0,36,91,1151105,18517226,0,01947ce70d300df5,,0,4.76
20260927T200820Z-c857,bdcb775028e8cf1e,78040,delta-omp,cpu,resident,s1,7,1,0,0,0,warm,24,1,12,22.369554,0,3.720504,0,18.648111,0,0,,31,131,0,35,96,1150590,18504982,0,7ce762e264c535fb,,0,4.76
20260927T200820Z-c857,bdcb775028e8cf1e,597528,delta-omp,cpu,resident,s1,8,1,0,0,0,warm,24,1,12,21.626106,0,3.705446,0,17.919923,0,0,,32,127,0,36,91,1149881,18494128,0,8eb259ff3f497ebc,,0,4.76
20260927T200820Z-c857,bdcb775028e8cf1e,666088,delta-omp,cpu,resident,s1,9,1,0,0,0,warm,24,1,12,22.261783,0,3.749268,0,18.511911,0,0,,31,129,0,35,94,1150293,18497844,0,8babfd558442eb36,,0,4.76
20260927T200820Z-c857,bdcb775028e8cf1e,93798,delta-omp,cpu,resident,s1,10,1,0,0,0,warm,24,1,12,22.388204,0,3.719722,0,18.667555,0,0,,30,129,0,34,95,1150662,18506694,0,d776da21d464498f,,0,4.76
20260927T200820Z-c857,bdcb775028e8cf1e,583195,delta-omp,cpu,resident,s1,11,1,0,0,0,warm,24,1,12,21.537735,0,3.734092,0,17.802891,0,0,,30,128,0,36,92,1150836,18509938,0,172aa003797174fd,,0,4.76
20260927T200820Z-c857,bdcb775028e8cf1e,828010,delta-omp,cpu,resident,s1,12,1,0,0,0,warm,24,1,12,21.643628,0,3.751171,0,17.891461,0,0,,32,130,0,36,94,1150957,18513666,0,24e48fed204afe20,,0,4.76
20260927T200820Z-c857,bdcb775028e8cf1e,232399,delta-omp,cpu,resident,s1,13,1,0,0,0,warm,24,1,12,21.864022,0,3.76399,0,18.099149,0,0,,30,132,0,35,97,1150391,18498622,0,9e4d36e9fa7c15f8,,0,4.76
20260927T200820Z-c857,bdcb775028e8cf1e,439005,delta-omp,cpu,resident,s1,14,1,0,0,0,warm,24,1,12,21.781344,0,3.756265,0,18.02432,0,0,,30,125,0,36,89,1150715,18507528,0,8e4128a19e9259cb,,0,4.76
20260927T200820Z-c857,bdcb775028e8cf1e,261911,delta-omp,cpu,resident,s1,15,1,0,0,0,warm,24,1,12,22.322157,0,3.72597,0,18.595488,0,0,,31,127,0,35,92,1150288,18499392,0,42def7b4c28fed4d,,0,4.76
20260927T200820Z-c857,bdcb775028e8cf1e,306042,delta-omp,cpu,resident,s1,16,1,0,0,0,warm,24,1,12,22.323741,0,3.723217,0,18.599634,0,0,,29,128,0,34,94,1150646,18506876,0,caef7bb3d74e71e7,,0,4.76
20260927T200820Z-c857,bdcb775028e8cf1e,842254,delta-omp,cpu,resident,s1,17,1,0,0,0,warm,24,1,12,21.660226,0,3.745698,0,17.913888,0,0,,30,131,0,36,95,1150940,18511744,0,d7fe1f2a8f019015,,0,4.76
20260927T200820Z-c857,bdcb775028e8cf1e,497647,delta-omp,cpu,resident,s1,18,1,0,0,0,warm,24,1,12,22.547897,0,3.731048,0,18.816029,0,0,,30,131,0,34,97,1150900,18511260,0,fec7b1878b41d172,,0,4.76
20260927T200820Z-c857,bdcb775028e8cf1e,283052,delta-omp,cpu,resident,s1,19,1,0,0,0,warm,24,1,12,21.891608,0,3.732255,0,18.158704,0,0,,31,132,0,36,96,1150442,18503228,0,7118d82e727075df,,0,4.76
20260927T200820Z-c857,bdcb775028e8cf1e,299936,delta-omp,cpu,resident,s1,20,1,0,0,0,warm,24,1,12,21.70762,0,3.729396,0,17.97716,0,0,,30,123,0,36,87,1150398,18501376,0,cacd11290a4229d3,,0,4.76
20260927T200820Z-c857,bdcb775028e8cf1e,785373,delta-omp,cpu,resident,s1,21,1,0,0,0,warm,24,1,12,22.021163,0,3.719146,0,18.301197,0,0,,30,129,0,36,93,1151073,18512370,0,59a7d838e8fde54e,,0,4.76
20260927T200820Z-c857,bdcb775028e8cf1e,480378,delta-omp,cpu,resident,s1,22,1,0,0,0,warm,24,1,12,21.572822,0,3.722513,0,17.849424,0,0,,30,127,0,37,90,1150977,18512288,0,8d61a1f8360384c2,,0,4.76
20260927T200820Z-c857,bdcb775028e8cf1e,321060,delta-omp,cpu,resident,s1,23,1,0,0,0,warm,24,1,12,21.898371,0,3.709469,0,18.18826,0,0,,30,129,0,36,93,1151035,18515568,0,a31502366da41b8f,,0,4.76
20260927T200820Z-c857,bdcb775028e8cf1e,337388,delta-omp,cpu,resident,s1,24,1,0,0,0,warm,24,1,12,21.815572,0,3.717313,0,18.097485,0,0,,31,129,0,35,94,1151253,18515400,0,8c08c70ebb3ac3fb,,0,4.76
20260927T200820Z-c857,bdcb775028e8cf1e,118671,delta-omp,cpu,resident,s1,25,1,0,0,0,warm,24,1,12,21.710214,0,3.757011,0,17.952413,0,0,,30,132,0,36,96,1150931,18512242,0,0c15ec8650da6629,,0,4.76
20260927T200820Z-c857,bdcb775028e8cf1e,125150,delta-omp,cpu,resident,s1,26,1,0,0,0,warm,24,1,12,22.314197,0,3.739311,0,18.573967,0,0,,29,130,0,34,96,1151129,18514816,0,5df60853290e8825,,0,4.76
20260927T200820Z-c857,bdcb775028e8cf1e,72476,delta-omp,cpu,resident,s1,27,1,0,0,0,warm,24,1,12,21.707882,0,3.752142,0,17.955111,0,0,,31,132,0,36,96,1151277,18516194,0,9d309008139d89e2,,0,4.76
20260927T200820Z-c857,bdcb775028e8cf1e,728509,delta-omp,cpu,resident,s1,28,1,0,0,0,warm,24,1,12,21.68494,0,3.73797,0,17.946063,0,0,,33,135,0,36,99,1151263,18518066,0,5c3d8df36abcfc12,,0,4.76
20260927T200820Z-c857,bdcb775028e8cf1e,679264,delta-omp,cpu,resident,s1,29,1,0,0,0,warm,24,1,12,21.598977,0,3.735806,0,17.862293,0,0,,31,131,0,36,95,1150468,18504870,0,c6e211fc2a14bb1e,,0,4.76
20260927T200820Z-c857,bdcb775028e8cf1e,828590,delta-omp,cpu,resident,s1,30,1,0,0,0,warm,24,1,12,23.106487,0,4.301484,0,18.80362,0,0,,34,137,0,34,103,1150457,18502070,0,2ae9225c26b53613,,0,4.76
20260927T200820Z-c857,bdcb775028e8cf1e,411591,delta-omp,cpu,resident,s1,31,1,0,0,0,warm,24,1,12,22.369938,0,3.791138,0,18.577859,0,0,,30,132,0,36,96,1151013,18508698,0,87c40e56ae5ffca7,,0,4.76
20260927T200820Z-c857,bdcb775028e8cf1e,555679,delta-omp,cpu,resident,s1,32,1,0,0,0,warm,24,1,12,21.618571,0,3.73364,0,17.884033,0,0,,30,126,0,36,90,1150875,18509746,0,9f18f792be207582,,0,4.76
20260927T200820Z-c857,bdcb775028e8cf1e,417721,delta-omp,cpu,resident,s1,33,1,0,0,0,warm,24,1,12,23.196244,0,3.742037,0,19.453178,0,0,,28,125,0,35,90,1150245,18503588,0,40f1a85ee049ae51,,0,4.76
20260927T200820Z-c857,bdcb775028e8cf1e,199603,delta-omp,cpu,resident,s1,34,1,0,0,0,warm,24,1,12,22.374951,0,4.229962,0,18.144185,0,0,,30,131,0,36,95,1150445,18500308,0,52eab23b1dc3a0d8,,0,4.76
20260927T200820Z-c857,bdcb775028e8cf1e,625990,delta-omp,cpu,resident,s1,35,1,0,0,0,warm,24,1,12,21.802385,0,3.723516,0,18.078216,0,0,,29,128,0,36,92,1150892,18509016,0,1f91735b89b1e749,,0,4.76
20260927T200820Z-c857,bdcb775028e8cf1e,931576,delta-omp,cpu,resident,s1,36,1,0,0,0,warm,24,1,12,22.024279,0,3.784032,0,18.239457,0,0,,31,131,0,36,95,1150757,18508712,0,f9b3834a03c725b2,,0,4.76
20260927T200820Z-c857,bdcb775028e8cf1e,388607,delta-omp,cpu,resident,s1,37,1,0,0,0,warm,24,1,12,22.165569,0,3.715054,0,18.449799,0,0,,29,127,0,34,93,1150763,18508314,0,2469a61a38128657,,0,4.76
20260927T200820Z-c857,bdcb775028e8cf1e,40305,delta-omp,cpu,resident,s1,38,1,0,0,0,warm,24,1,12,22.454482,0,3.715707,0,18.738067,0,0,,30,126,0,35,91,1150592,18506310,0,a95dfd3d0c7b8217,,0,4.76
20260927T200820Z-c857,bdcb775028e8cf1e,297024,delta-omp,cpu,resident,s1,39,1,0,0,0,warm,24,1,12,21.987725,0,3.727309,0,18.259505,0,0,,31,131,0,35,96,1151585,18519002,0,126ebac47fb036d5,,0,4.76
20260927T200820Z-c857,bdcb775028e8cf1e,928309,delta-omp,cpu,resident,s1,40,1,0,0,0,warm,24,1,12,21.9384,0,3.71355,0,18.224129,0,0,,31,132,0,35,97,1150951,18510338,0,1d4f08d9e5c4d39f,,0,4.76
20260927T200820Z-c857,bdcb775028e8cf1e,274490,delta-omp,cpu,resident,s1,41,1,0,0,0,warm,24,1,12,22.415475,0,3.722331,0,18.692443,0,0,,33,137,0,34,103,1150508,18504692,0,b8ae98805b057b5a,,0,4.76
20260927T200820Z-c857,bdcb775028e8cf1e,545768,delta-omp,cpu,resident,s1,42,1,0,0,0,warm,24,1,12,21.574154,0,3.741576,0,17.832017,0,0,,31,131,0,36,95,1150744,18508620,0,804a6099fd45f9f1,,0,4.76
20260927T200820Z-c857,bdcb775028e8cf1e,20469,delta-omp,cpu,resident,s1,43,1,0,0,0,warm,24,1,12,21.721406,0,3.743043,0,17.977589,0,0,,30,125,0,36,89,1151018,18511446,0,67718541774a1c58,,0,4.76
20260927T200820Z-c857,bdcb775028e8cf1e,531301,delta-omp,cpu,resident,s1,44,1,0,0,0,warm,24,1,12,22.336499,0,3.716495,0,18.618973,0,0,,32,135,0,34,101,1150702,18510760,0,a2d077b44abc8be4,,0,4.76
20260927T200820Z-c857,bdcb775028e8cf1e,1047443,delta-omp,cpu,resident,s1,45,1,0,0,0,warm,24,1,12,21.710419,0,3.720587,0,17.988975,0,0,,32,128,0,36,92,1150504,18504872,0,5193d56b59210cff,,0,4.76
20260927T200820Z-c857,bdcb775028e8cf1e,638272,delta-omp,cpu,resident,s1,46,1,0,0,0,warm,24,1,12,21.835597,0,3.727178,0,18.107539,0,0,,34,139,0,36,103,1150581,18505728,0,55cd86ef2d52603f,,0,4.76
20260927T200820Z-c857,bdcb775028e8cf1e,975530,delta-omp,cpu,resident,s1,47,1,0,0,0,warm,24,1,12,21.852869,0,3.722338,0,18.129573,0,0,,31,131,0,36,95,1150590,18508294,0,defa82ffc7c822c1,,0,4.76
20260927T200820Z-c857,bdcb775028e8cf1e,914696,delta-omp,cpu,resident,s1,48,1,0,0,0,warm,24,1,12,21.882576,0,3.758045,0,18.123673,0,0,,32,129,0,36,93,1150875,18513000,0,b214dabb258e9aae,,0,4.76
20260927T200820Z-c857,bdcb775028e8cf1e,169940,delta-omp,cpu,resident,s1,49,1,0,0,0,warm,24,1,12,21.945444,0,3.724245,0,18.220266,0,0,,30,129,0,36,93,1150603,18505470,0,aa0703ef4173c77e,,0,4.76
20260927T200820Z-c857,bdcb775028e8cf1e,834360,delta-omp,cpu,resident,s1,50,1,0,0,0,warm,24,1,12,21.709485,0,3.719599,0,17.989078,0,0,,29,129,0,36,93,1150373,18503484,0,5691474dd60d91eb,,0,4.76
20260927T200820Z-c857,bdcb775028e8cf1e,518322,delta-omp,cpu,resident,s1,51,1,0,0,0,warm,24,1,12,21.75897,0,3.701209,0,18.056958,0,0,,30,134,0,36,98,1150699,18506160,0,487e23ea466e3dc3,,0,4.76
20260927T200820Z-c857,bdcb775028e8cf1e,577541,delta-omp,cpu,resident,s1,52,1,0,0,0,warm,24,1,12,22.373503,0,3.718887,0,18.653727,0,0,,28,126,0,35,91,1150577,18505948,0,b1fdbbb5e3df8eaf,,0,4.76
20260927T200820Z-c857,bdcb775028e8cf1e,764242,delta-omp,cpu,resident,s1,53,1,0,0,0,warm,24,1,12,21.764147,0,3.714789,0,18.048375,0,0,,30,127,0,35,92,1150774,18508804,0,3d9713fe1cb13f0f,,0,4.76
20260927T200820Z-c857,bdcb775028e8cf1e,14706,delta-omp,cpu,resident,s1,54,1,0,0,0,warm,24,1,12,21.855253,0,3.724795,0,18.129757,0,0,,30,128,0,35,93,1151019,18510650,0,670ec085e25725a5,,0,4.76
20260927T200820Z-c857,bdcb775028e8cf1e,471650,delta-omp,cpu,resident,s1,55,1,0,0,0,warm,24,1,12,22.021185,0,3.723258,0,18.297019,0,0,,31,125,0,35,90,1150934,18509056,0,8e96feb8790153a9,,0,4.76
20260927T200820Z-c857,bdcb775028e8cf1e,192150,delta-omp,cpu,resident,s1,56,1,0,0,0,warm,24,1,12,22.49448,0,3.72877,0,18.764984,0,0,,32,130,0,34,96,1151037,18512542,0,7a4e7c7f4964792a,,0,4.76
20260927T200820Z-c857,bdcb775028e8cf1e,59477,delta-omp,cpu,resident,s1,57,1,0,0,0,warm,24,1,12,22.322536,0,3.725601,0,18.596117,0,0,,32,128,0,34,94,1150609,18507750,0,720be9d618fad5fd,,0,4.76
20260927T200820Z-c857,bdcb775028e8cf1e,201224,delta-omp,cpu,resident,s1,58,1,0,0,0,warm,24,1,12,22.516343,0,3.726029,0,18.789266,0,0,,30,125,0,34,91,1150615,18503394,0,9def48f1ef14c98b,,0,4.76
20260927T200820Z-c857,bdcb775028e8cf1e,12846,delta-omp,cpu,resident,s1,59,1,0,0,0,warm,24,1,12,21.789351,0,3.72669,0,18.061823,0,0,,30,129,0,36,93,1150576,18505728,0,4a251f0fc1f7c4d8,,0,4.76
20260927T200820Z-c857,bdcb775028e8cf1e,88685,delta-omp,cpu,resident,s1,60,1,0,0,0,warm,24,1,12,21.654906,0,3.712382,0,17.941772,0,0,,29,126,0,36,90,1150646,18504170,0,35e1f7fbc76a56e6,,0,4.76
20260927T200820Z-c857,bdcb775028e8cf1e,637,delta-omp,cpu,resident,s1,61,1,0,0,0,warm,24,1,12,22.539019,0,3.721691,0,18.816576,0,0,,31,132,0,34,98,1150573,18506868,0,55580c8117e41e29,,0,4.76
20260927T200820Z-c857,bdcb775028e8cf1e,140682,delta-omp,cpu,resident,s1,62,1,0,0,0,warm,24,1,12,21.689487,0,3.715426,0,17.973337,0,0,,29,130,0,36,94,1151308,18517142,0,2275df8962059f7d,,0,4.76
20260927T200820Z-c857,bdcb775028e8cf1e,242263,delta-omp,cpu,resident,s1,63,1,0,0,0,warm,24,1,12,21.754951,0,3.710158,0,18.043966,0,0,,31,128,0,36,92,1150421,18499294,0,aec23922016823f2,,0,4.76
20260927T200820Z-c857,bdcb775028e8cf1e,955528,delta-omp,cpu,resident,s1,64,1,0,0,0,warm,24,1,12,22.381211,0,3.737912,0,18.642564,0,0,,30,130,0,35,95,1150557,18507834,0,71745a9ddcfa9aed,,0,4.76
20260927T200820Z-c857,bdcb775028e8cf1e,604431,delta-omp,cpu,resident,s1,65,1,0,0,0,warm,24,1,12,22.000283,0,3.715529,0,18.283943,0,0,,31,127,0,35,92,1150431,18502990,0,0f2fc4de9183f8e5,,0,4.76
20260927T200820Z-c857,bdcb775028e8cf1e,968747,delta-omp,cpu,resident,s1,66,1,0,0,0,warm,24,1,12,21.990671,0,3.726653,0,18.262983,0,0,,30,129,0,36,93,1150484,18501686,0,23fb936cb9001886,,0,4.76
20260927T200820Z-c857,bdcb775028e8cf1e,25579,delta-omp,cpu,resident,s1,67,1,0,0,0,warm,24,1,12,21.816324,0,3.715383,0,18.100071,0,0,,30,131,0,36,95,1150335,18505010,0,147f42102dacb4a9,,0,4.76
20260927T200820Z-c857,bdcb775028e8cf1e,802074,delta-omp,cpu,resident,s1,68,1,0,0,0,warm,24,1,12,22.050999,0,3.713906,0,18.336369,0,0,,32,130,0,35,95,1150733,18504178,0,9ab4ea21ea39d810,,0,4.76
20260927T200820Z-c857,bdcb775028e8cf1e,785602,delta-omp,cpu,resident,s1,69,1,0,0,0,warm,24,1,12,21.826499,0,3.736799,0,18.088705,0,0,,31,129,0,36,93,1150531,18506274,0,904abcbc011db59e,,0,4.76
20260927T200820Z-c857,bdcb775028e8cf1e,800647,delta-omp,cpu,resident,s1,70,1,0,0,0,warm,24,1,12,22.037179,0,3.73169,0,18.304417,0,0,,30,130,0,36,94,1150598,18506574,0,963c10a1708eaba2,,0,4.76
20260927T200820Z-c857,bdcb775028e8cf1e,1034835,delta-omp,cpu,resident,s1,71,1,0,0,0,warm,24,1,12,21.907698,0,3.722108,0,18.184614,0,0,,29,125,0,36,89,1150738,18507620,0,e6fa7c6616165044,,0,4.76
20260927T200820Z-c857,bdcb775028e8cf1e,591983,delta-omp,cpu,resident,s1,72,1,0,0,0,warm,24,1,12,22.659494,0,3.724158,0,18.934618,0,0,,32,130,0,34,96,1150379,18501804,0,6d8caa59599b10cf,,0,4.76
20260927T200820Z-c857,bdcb775028e8cf1e,509143,delta-omp,cpu,resident,s1,73,1,0,0,0,warm,24,1,12,22.301392,0,3.733896,0,18.566758,0,0,,32,137,0,34,103,1150419,18502204,0,6ebbe9cb431c1e34,,0,4.76
20260927T200820Z-c857,bdcb775028e8cf1e,258004,delta-omp,cpu,resident,s1,74,1,0,0,0,warm,24,1,12,22.509957,0,3.723884,0,18.785179,0,0,,33,131,0,34,97,1151393,18517922,0,8fe71bf6883af38c,,0,4.76
20260927T200820Z-c857,bdcb775028e8cf1e,1008134,delta-omp,cpu,resident,s1,75,1,0,0,0,warm,24,1,12,22.091043,0,3.8786,0,18.21171,0,0,,31,126,0,36,90,1150605,18505774,0,cdc782d99fbeccfa,,0,6.3
20260927T200820Z-c857,bdcb775028e8cf1e,693058,delta-omp,cpu,resident,s1,76,1,0,0,0,warm,24,1,12,21.726489,0,3.785574,0,17.940066,0,0,,32,131,0,37,94,1150584,18505448,0,62b2e74b763aa377,,0,6.3
20260927T200820Z-c857,bdcb775028e8cf1e,567498,delta-omp,cpu,resident,s1,77,1,0,0,0,warm,24,1,12,22.03913,0,3.7107,0,18.327569,0,0,,31,135,0,36,99,1151025,18511982,0,b3954405507118b0,,0,6.3
20260927T200820Z-c857,bdcb775028e8cf1e,626061,delta-omp,cpu,resident,s1,78,1,0,0,0,warm,24,1,12,22.294694,0,3.719679,0,18.574177,0,0,,31,130,0,36,94,1150961,18515110,0,61fd094b9998fbe0,,0,6.3
20260927T200820Z-c857,bdcb775028e8cf1e,599867,delta-omp,cpu,resident,s1,79,1,0,0,0,warm,24,1,12,22.426421,0,3.712932,0,18.712571,0,0,,33,136,0,34,102,1150975,18511252,0,4284c3996437d273,,0,6.3
20260927T200820Z-c857,bdcb775028e8cf1e,721594,delta-omp,cpu,resident,s1,80,1,0,0,0,warm,24,1,12,21.695897,0,3.720741,0,17.974059,0,0,,30,128,0,36,92,1150638,18506844,0,c5027d3d7bcd5d43,,0,6.3
20260927T200820Z-c857,bdcb775028e8cf1e,755768,delta-omp,cpu,resident,s1,81,1,0,0,0,warm,24,1,12,22.125451,0,3.713953,0,18.41062,0,0,,30,126,0,35,91,1150376,18502386,0,955e6864f3462f95,,0,6.3
20260927T200820Z-c857,bdcb775028e8cf1e,481879,delta-omp,cpu,resident,s1,82,1,0,0,0,warm,24,1,12,22.479153,0,3.730974,0,18.747309,0,0,,30,131,0,35,96,1150986,18515362,0,4d31dc5efe4dd68c,,0,6.3
20260927T200820Z-c857,bdcb775028e8cf1e,666926,delta-omp,cpu,resident,s1,83,1,0,0,0,warm,24,1,12,22.010814,0,3.730845,0,18.279235,0,0,,28,129,0,36,93,1150606,18503504,0,e59c132c158e1970,,0,6.3
20260927T200820Z-c857,bdcb775028e8cf1e,812308,delta-omp,cpu,resident,s1,84,1,0,0,0,warm,24,1,12,22.022264,0,3.718433,0,18.302976,0,0,,31,137,0,35,102,1151338,18515298,0,0f02fef1f6f062f9,,0,6.3
20260927T200820Z-c857,bdcb775028e8cf1e,940471,delta-omp,cpu,resident,s1,85,1,0,0,0,warm,24,1,12,21.891771,0,3.720917,0,18.170085,0,0,,30,132,0,36,96,1151169,18512062,0,d4f15bd52e42c464,,0,6.3
20260927T200820Z-c857,bdcb775028e8cf1e,705817,delta-omp,cpu,resident,s1,86,1,0,0,0,warm,24,1,12,21.726141,0,3.730739,0,17.99444,0,0,,32,132,0,36,96,1150031,18493754,0,2f9e346e5a9590b3,,0,6.3
20260927T200820Z-c857,bdcb775028e8cf1e,378775,delta-omp,cpu,resident,s1,87,1,0,0,0,warm,24,1,12,21.881808,0,3.71711,0,18.163897,0,0,,32,136,0,36,100,1150763,18509438,0,247dc886d68cf358,,0,6.3
20260927T200820Z-c857,bdcb775028e8cf1e,11928,delta-omp,cpu,resident,s1,88,1,0,0,0,warm,24,1,12,21.987691,0,3.70622,0,18.280691,0,0,,30,132,0,35,97,1150168,18500324,0,86b14882cf633e0e,,0,6.3
20260927T200820Z-c857,bdcb775028e8cf1e,149969,delta-omp,cpu,resident,s1,89,1,0,0,0,warm,24,1,12,22.326212,0,3.729784,0,18.595513,0,0,,30,133,0,34,99,1150746,18506966,0,45297a6a252cf4a3,,0,6.3
20260927T200820Z-c857,bdcb775028e8cf1e,518422,delta-omp,cpu,resident,s1,90,1,0,0,0,warm,24,1,12,22.062245,0,3.719519,0,18.341749,0,0,,31,128,0,35,93,1151377,18520296,0,48d221e86e4fc6b8,,0,6.3
20260927T200820Z-c857,bdcb775028e8cf1e,764093,delta-omp,cpu,resident,s1,91,1,0,0,0,warm,24,1,12,22.575428,0,3.726523,0,18.84809,0,0,,29,134,0,35,99,1150583,18504818,0,30627382b9126684,,0,6.3
20260927T200820Z-c857,bdcb775028e8cf1e,818556,delta-omp,cpu,resident,s1,92,1,0,0,0,warm,24,1,12,21.852831,0,3.708424,0,18.14363,0,0,,31,127,0,36,91,1150292,18502154,0,27a240572492669c,,0,6.3
20260927T200820Z-c857,bdcb775028e8cf1e,284007,delta-omp,cpu,resident,s1,93,1,0,0,0,warm,24,1,12,22.20175,0,3.719477,0,18.481391,0,0,,30,122,0,35,87,1150870,18510072,0,d3f6714dfb85bc57,,0,6.3
20260927T200820Z-c857,bdcb775028e8cf1e,147527,delta-omp,cpu,resident,s1,94,1,0,0,0,warm,24,1,12,22.419676,0,3.726458,0,18.692382,0,0,,30,127,0,34,93,1150687,18506662,0,d049b16980e0f60c,,0,6.3
20260927T200820Z-c857,bdcb775028e8cf1e,810773,delta-omp,cpu,resident,s1,95,1,0,0,0,warm,24,1,12,21.712594,0,3.725967,0,17.98585,0,0,,30,131,0,36,95,1152167,18532616,0,6fd146baf7e50cb8,,0,6.3
20260927T200820Z-c857,bdcb775028e8cf1e,496849,delta-omp,cpu,resident,s1,96,1,0,0,0,warm,24,1,12,22.005867,0,3.733446,0,18.271646,0,0,,32,129,0,35,94,1150529,18503350,0,51e6ca03ae62fe83,,0,6.3
20260927T200820Z-c857,bdcb775028e8cf1e,1013688,delta-omp,cpu,resident,s1,97,1,0,0,0,warm,24,1,12,22.047068,0,3.719333,0,18.327021,0,0,,30,127,0,35,92,1150138,18496490,0,30b5e615d19b4db7,,0,6.3
20260927T200820Z-c857,bdcb775028e8cf1e,935512,delta-omp,cpu,resident,s1,98,1,0,0,0,warm,24,1,12,22.408402,0,3.719488,0,18.688109,0,0,,31,133,0,34,99,1150879,18509490,0,345b9f3d13942b0a,,0,6.3
20260927T200820Z-c857,bdcb775028e8cf1e,714883,delta-omp,cpu,resident,s1,99,1,0,0,0,warm,24,1,12,21.951733,0,3.721106,0,18.229768,0,0,,30,129,0,35,94,1150842,18508808,0,3caa4b9d4e60a28c,,0,6.3
20260927T200820Z-c857,bdcb775028e8cf1e,670214,delta-omp,cpu,resident,s1,100,1,0,0,0,warm,24,1,12,21.693979,0,3.73999,0,17.953284,0,0,,31,131,0,36,95,1151091,18512252,0,58cdbd04e9ad4b5a,,0,6.3
20260927T200820Z-c857,bdcb775028e8cf1e,922346,delta-omp,cpu,resident,s1,101,1,0,0,0,warm,24,1,12,22.43052,0,3.727448,0,18.702398,0,0,,29,126,0,34,92,1150356,18502332,0,a9345b2da1f507da,,0,6.3
20260927T200820Z-c857,bdcb775028e8cf1e,802242,delta-omp,cpu,resident,s1,102,1,0,0,0,warm,24,1,12,22.136034,0,3.727158,0,18.408092,0,0,,30,129,0,36,93,1151228,18515230,0,36cceee4a9db6a4b,,0,6.3
20260927T200820Z-c857,bdcb775028e8cf1e,45284,delta-omp,cpu,resident,s1,103,1,0,0,0,warm,24,1,12,22.351629,0,3.713872,0,18.637012,0,0,,30,125,0,35,90,1150426,18501176,0,8cde483398c0c574,,0,6.3
20260927T200820Z-c857,bdcb775028e8cf1e,908797,delta-omp,cpu,resident,s1,104,1,0,0,0,warm,24,1,12,21.738769,0,3.716452,0,18.021484,0,0,,32,128,0,36,92,1150947,18509426,0,693d054e427576ec,,0,6.3
20260927T200820Z-c857,bdcb775028e8cf1e,281396,delta-omp,cpu,resident,s1,105,1,0,0,0,warm,24,1,12,21.866158,0,3.732241,0,18.133228,0,0,,30,131,0,36,95,1150692,18505868,0,b14bb4ea16e9e257,,0,6.3
20260927T200820Z-c857,bdcb775028e8cf1e,1000550,delta-omp,cpu,resident,s1,106,1,0,0,0,warm,24,1,12,21.872158,0,3.734763,0,18.136708,0,0,,29,128,0,36,92,1151040,18511048,0,1100489ad95e65a9,,0,6.3
20260927T200820Z-c857,bdcb775028e8cf1e,73594,delta-omp,cpu,resident,s1,107,1,0,0,0,warm,24,1,12,21.915146,0,3.71708,0,18.19728,0,0,,31,127,0,36,91,1150886,18512444,0,f80913d9ffa61601,,0,6.3
20260927T200820Z-c857,bdcb775028e8cf1e,301631,delta-omp,cpu,resident,s1,108,1,0,0,0,warm,24,1,12,22.627252,0,3.714844,0,18.911621,0,0,,29,128,0,34,94,1151024,18515204,0,ffb0bdb411984f79,,0,6.3
20260927T200820Z-c857,bdcb775028e8cf1e,430170,delta-omp,cpu,resident,s1,109,1,0,0,0,warm,24,1,12,22.316428,0,3.73602,0,18.579757,0,0,,31,132,0,34,98,1151162,18515178,0,3ddac9680cf654ec,,0,6.3
20260927T200820Z-c857,bdcb775028e8cf1e,752814,delta-omp,cpu,resident,s1,110,1,0,0,0,warm,24,1,12,22.293363,0,3.726724,0,18.565979,0,0,,32,130,0,35,95,1150715,18506312,0,894bd5913f3ff4d4,,0,6.3
20260927T200820Z-c857,bdcb775028e8cf1e,679839,delta-omp,cpu,resident,s1,111,1,0,0,0,warm,24,1,12,22.788072,0,3.723058,0,19.064204,0,0,,30,131,0,34,97,1150577,18507244,0,2311d0e3a8eb00ff,,0,6.3
20260927T200820Z-c857,bdcb775028e8cf1e,619664,delta-omp,cpu,resident,s1,112,1,0,0,0,warm,24,1,12,22.182829,0,3.733681,0,18.448181,0,0,,30,127,0,36,91,1150089,18499382,0,67d5b0180727b207,,0,6.3
20260927T200820Z-c857,bdcb775028e8cf1e,98827,delta-omp,cpu,resident,s1,113,1,0,0,0,warm,24,1,12,22.509527,0,3.712577,0,18.796174,0,0,,31,126,0,34,92,1150808,18508400,0,028ac127e1d04635,,0,6.3
20260927T200820Z-c857,bdcb775028e8cf1e,105994,delta-omp,cpu,resident,s1,114,1,0,0,0,warm,24,1,12,21.830416,0,3.728467,0,18.101178,0,0,,31,133,0,36,97,1150946,18510358,0,6101a6af17cce50a,,0,6.3
20260927T200820Z-c857,bdcb775028e8cf1e,243457,delta-omp,cpu,resident,s1,115,1,0,0,0,warm,24,1,12,21.935178,0,3.731583,0,18.202352,0,0,,31,126,0,36,90,1151019,18516576,0,d63dcb9c463e2915,,0,6.3
20260927T200820Z-c857,bdcb775028e8cf1e,734875,delta-omp,cpu,resident,s1,116,1,0,0,0,warm,24,1,12,21.837269,0,3.713631,0,18.122862,0,0,,31,129,0,36,93,1151095,18514864,0,4ff936efc2f83018,,0,6.3
20260927T200820Z-c857,bdcb775028e8cf1e,370736,delta-omp,cpu,resident,s1,117,1,0,0,0,warm,24,1,12,23.109506,0,4.118653,0,18.990041,0,0,,33,136,0,36,100,1151549,18520716,0,dddd8859f17554f0,,0,6.3
20260927T200820Z-c857,bdcb775028e8cf1e,521055,delta-omp,cpu,resident,s1,118,1,0,0,0,warm,24,1,12,22.073129,0,3.720715,0,18.351548,0,0,,31,132,0,36,96,1151047,18516636,0,b294e6b0e2222d00,,0,6.3
20260927T200820Z-c857,bdcb775028e8cf1e,697461,delta-omp,cpu,resident,s1,119,1,0,0,0,warm,24,1,12,22.92592,0,3.766887,0,19.158111,0,0,,30,126,0,35,91,1149835,18492718,0,c89ae9f21d6f3a2f,,0,6.3
20260927T200820Z-c857,bdcb775028e8cf1e,696648,delta-omp,cpu,resident,s1,120,1,0,0,0,warm,24,1,12,22.826125,0,3.727059,0,19.098064,0,0,,30,123,0,35,88,1151105,18513746,0,e037bd626e593f61,,0,6.3
20260927T200820Z-c857,bdcb775028e8cf1e,322939,delta-omp,cpu,resident,s1,121,1,0,0,0,warm,24,1,12,21.922697,0,4.666313,0,17.255575,0,0,,29,126,0,36,90,1150884,18512108,0,b87b221b270ba537,,0,6.3
20260927T200820Z-c857,bdcb775028e8cf1e,235403,delta-omp,cpu,resident,s1,122,1,0,0,0,warm,24,1,12,19.188871,0,2.314354,0,16.873868,0,0,,31,133,0,35,98,1150655,18502102,0,df346452db877857,,0,6.3
20260927T200820Z-c857,bdcb775028e8cf1e,842932,delta-omp,cpu,resident,s1,123,1,0,0,0,warm,24,1,12,19.249965,0,2.313085,0,16.93616,0,0,,29,125,0,35,90,1150764,18506384,0,af21ce208f9f1ea0,,0,6.3
20260927T200820Z-c857,bdcb775028e8cf1e,776073,delta-omp,cpu,resident,s1,124,1,0,0,0,warm,24,1,12,18.970369,0,2.292481,0,16.677293,0,0,,30,125,0,36,89,1150612,18505974,0,7e405523a60c0b48,,0,6.3
20260927T200820Z-c857,bdcb775028e8cf1e,159157,delta-omp,cpu,resident,s1,125,1,0,0,0,warm,24,1,12,19.47208,0,2.281241,0,17.190619,0,0,,30,131,0,34,97,1150690,18507300,0,f3d9b207575393e3,,0,6.3
20260927T200820Z-c857,bdcb775028e8cf1e,824874,delta-omp,cpu,resident,s1,126,1,0,0,0,warm,24,1,12,18.983767,0,2.277988,0,16.705151,0,0,,29,127,0,35,92,1150270,18500162,0,d96a4f94f9e5b71e,,0,6.3
20260927T200820Z-c857,bdcb775028e8cf1e,523339,delta-omp,cpu,resident,s1,127,1,0,0,0,warm,24,1,12,19.654909,0,2.27904,0,17.374939,0,0.000197,,31,131,0,34,97,1150835,18510952,0,f45d5e630c88b75d,,0,6.3
20260927T200820Z-c857,bdcb775028e8cf1e,140379,gpu-frontier,gpu,resident,s1,0,1,0,0,1,warm,0,1,0,9.259316,0,0.325951,4.31996822,4.14688015,0.44203,0,,30,30,30,0,0,3735266,30040267,0,962513fc443036ca,2511.16068,0,6.3
20260927T200820Z-c857,bdcb775028e8cf1e,143033,gpu-frontier,gpu,resident,s1,1,1,0,0,1,warm,0,1,0,4.38932,0,0,0,3.89209604,0.484391,0,,27,27,27,0,0,3559900,28617290,0,45bee60043588143,2511.16068,0,6.3
20260927T200820Z-c857,bdcb775028e8cf1e,473133,gpu-frontier,gpu,resident,s1,2,1,0,0,1,warm,0,1,0,4.585288,0,0,0,4.1000638,0.473999,0,,29,29,29,0,0,3755604,30213980,0,ad940a6a7c9f6e79,2511.56107,0,6.3
20260927T200820Z-c857,bdcb775028e8cf1e,22045,gpu-frontier,gpu,resident,s1,3,1,0,0,1,warm,0,1,0,4.416655,0,0,0,3.95948792,0.445954,0,,29,29,29,0,0,3614178,29058896,0,3c8a4f6babe2bcfa,2511.16068,0,6.3
20260927T200820Z-c857,bdcb775028e8cf1e,367943,gpu-frontier,gpu,resident,s1,4,1,0,0,1,warm,0,1,0,4.430259,0,0,0,3.96697593,0.453012,0,,31,31,31,0,0,3593803,28894861,0,8f49d64399cf55ba,2511.16068,0,6.3
20260927T200820Z-c857,bdcb775028e8cf1e,955628,gpu-frontier,gpu,resident,s1,5,1,0,0,1,warm,0,1,0,4.48679,0,0,0,4.03471994,0.441379,0,,30,30,30,0,0,3675657,29565527,0,97ac752781dd9e47,2510.20022,0,6.3
20260927T200820Z-c857,bdcb775028e8cf1e,493619,gpu-frontier,gpu,resident,s1,6,1,0,0,1,warm,0,1,0,4.433307,0,0,0,3.99958396,0.422252,0,,27,27,27,0,0,3680622,29606933,0,01947ce70d300df5,2509.24048,0,6.3
20260927T200820Z-c857,bdcb775028e8cf1e,78040,gpu-frontier,gpu,resident,s1,7,1,0,0,1,warm,0,1,0,4.489828,0,0,0,4.04259205,0.436296,0,,30,30,30,0,0,3682226,29610328,0,7ce762e264c535fb,2511.16068,0,6.3
20260927T200820Z-c857,bdcb775028e8cf1e,597528,gpu-frontier,gpu,resident,s1,8,1,0,0,1,warm,0,1,0,4.431112,0,0,0,3.99142408,0.428495,0,,32,32,32,0,0,3598334,28930058,0,8eb259ff3f497ebc,2511.16068,0,6.3
20260927T200820Z-c857,bdcb775028e8cf1e,666088,gpu-frontier,gpu,resident,s1,9,1,0,0,1,warm,0,1,0,4.463239,0,0,0,4.02022409,0.43245,0,,27,27,27,0,0,3692517,29683555,0,8babfd558442eb36,2509.40044,0,6.3
20260927T200820Z-c857,bdcb775028e8cf1e,93798,gpu-frontier,gpu,resident,s1,10,1,0,0,1,warm,0,1,0,4.612872,0,0,0,4.17283201,0.429552,0,,30,30,30,0,0,3821300,30719298,0,d776da21d464498f,2508.92063,0,6.3
20260927T200820Z-c857,bdcb775028e8cf1e,583195,gpu-frontier,gpu,resident,s1,11,1,0,0,1,warm,0,1,0,5.309996,0,0,0,4.86793613,0.431161,0,,31,31,31,0,0,4495379,36186900,0,172aa003797174fd,2509.56011,0,6.3
20260927T200820Z-c857,bdcb775028e8cf1e,828010,gpu-frontier,gpu,resident,s1,12,1,0,0,1,warm,0,1,0,4.397537,0,0,0,3.95862389,0.428207,0,,28,28,28,0,0,3622979,29134727,0,24e48fed204afe20,2508.60087,0,6.3
20260927T200820Z-c857,bdcb775028e8cf1e,232399,gpu-frontier,gpu,resident,s1,13,1,0,0,1,warm,0,1,0,4.74728,0,0,0,4.31088018,0.425909,0,,34,34,34,0,0,3903280,31408272,0,9e4d36e9fa7c15f8,2509.32031,0,6.3
20260927T200820Z-c857,bdcb775028e8cf1e,439005,gpu-frontier,gpu,resident,s1,14,1,0,0,1,warm,0,1,0,4.571256,0,0,0,4.13577604,0.424603,0,,30,30,30,0,0,3776645,30385456,0,8e4128a19e9259cb,2508.68095,0,6.3
20260927T200820Z-c857,bdcb775028e8cf1e,261911,gpu-frontier,gpu,resident,s1,15,1,0,0,1,warm,0,1,0,4.505768,0,0,0,4.07244778,0.42175,0,,30,30,30,0,0,3716244,29882906,0,42def7b4c28fed4d,2509.24048,0,6.3
20260927T200820Z-c857,bdcb775028e8cf1e,306042,gpu-frontier,gpu,resident,s1,16,1,0,0,1,warm,0,1,0,4.69766,0,0,0,4.26896,0.417388,0,,30,30,30,0,0,3908603,31419600,0,caef7bb3d74e71e7,2508.60087,0,6.3
20260927T200820Z-c857,bdcb775028e8cf1e,842254,gpu-frontier,gpu,resident,s1,17,1,0,0,1,warm,0,1,0,4.658998,0,0,0,4.22588778,0.422379,0,,32,32,32,0,0,3826652,30766440,0,d7fe1f2a8f019015,2508.92063,0,6.3
20260927T200820Z-c857,bdcb775028e8cf1e,497647,gpu-frontier,gpu,resident,s1,18,1,0,0,1,warm,0,1,0,4.553238,0,0,0,4.1168642,0.425954,0,,29,29,29,0,0,3758304,30236157,0,fec7b1878b41d172,2508.60087,0,6.3
20260927T200820Z-c857,bdcb775028e8cf1e,283052,gpu-frontier,gpu,resident,s1,19,1,0,0,1,warm,0,1,0,4.572656,0,0,0,4.13788795,0.42437,0,,32,32,32,0,0,3734949,30044917,0,7118d82e727075df,2511.16068,0,6.3
20260927T200820Z-c857,bdcb775028e8cf1e,299936,gpu-frontier,gpu,resident,s1,20,1,0,0,1,warm,0,1,0,4.427411,0,0,0,4.00060797,0.415539,0,,30,30,30,0,0,3639218,29260169,0,cacd11290a4229d3,2511.16068,0,6.3
20260927T200820Z-c857,bdcb775028e8cf1e,785373,gpu-frontier,gpu,resident,s1,21,1,0,0,1,warm,0,1,0,4.87646,0,0,0,4.442976,0.422516,0,,31,31,31,0,0,4073522,32771102,0,59a7d838e8fde54e,2509.64026,0,6.3
20260927T200820Z-c857,bdcb775028e8cf1e,480378,gpu-frontier,gpu,resident,s1,22,1,0,0,1,warm,0,1,0,4.385805,0,0,0,3.94121599,0.433226,0,,31,31,31,0,0,3560092,28640487,0,8d61a1f8360384c2,2511.16068,0,6.3
20260927T200820Z-c857,bdcb775028e8cf1e,321060,gpu-frontier,gpu,resident,s1,23,1,0,0,1,warm,0,1,0,4.487688,0,0,0,4.05183983,0.424676,0,,29,29,29,0,0,3710145,29822917,0,a31502366da41b8f,2509.64026,0,6.3
20260927T200820Z-c857,bdcb775028e8cf1e,337388,gpu-frontier,gpu,resident,s1,24,1,0,0,1,warm,0,1,0,4.409545,0,0,0,3.97907209,0.419646,0,,29,29,29,0,0,3638018,29268250,0,8c08c70ebb3ac3fb,2511.16068,0,6.3
20260927T200820Z-c857,bdcb775028e8cf1e,118671,gpu-frontier,gpu,resident,s1,25,1,0,0,1,warm,0,1,0,4.585352,0,0,0,4.1530242,0.421644,0,,33,33,33,0,0,3733841,30035897,0,0c15ec8650da6629,2508.60087,0,6.3
20260927T200820Z-c857,bdcb775028e8cf1e,125150,gpu-frontier,gpu,resident,s1,26,1,0,0,1,warm,0,1,0,4.727355,0,0,0,4.28326416,0.433445,0,,32,32,32,0,0,3893514,31301703,0,5df60853290e8825,2511.16068,0,6.3
20260927T200820Z-c857,bdcb775028e8cf1e,72476,gpu-frontier,gpu,resident,s1,27,1,0,0,1,warm,0,1,0,4.795533,0,0,0,4.33958387,0.44504,0,,29,29,29,0,0,3993964,32132936,0,9d309008139d89e2,2509.56011,0,6.3
20260927T200820Z-c857,bdcb775028e8cf1e,728509,gpu-frontier,gpu,resident,s1,28,1,0,0,1,warm,0,1,0,4.426175,0,0,0,3.98835206,0.426576,0,,27,27,27,0,0,3669973,29522005,0,5c3d8df36abcfc12,2509.64026,0,6.3
20260927T200820Z-c857,bdcb775028e8cf1e,679264,gpu-frontier,gpu,resident,s1,29,1,0,0,1,warm,0,1,0,4.61532,0,0,0,4.16652822,0.437809,0,,29,29,29,0,0,3821136,30745451,0,c6e211fc2a14bb1e,2511.16068,0,6.3
20260927T200820Z-c857,bdcb775028e8cf1e,828590,gpu-frontier,gpu,resident,s1,30,1,0,0,1,warm,0,1,0,4.519856,0,0,0,4.07043219,0.438771,0,,28,28,28,0,0,3729751,30004225,0,2ae9225c26b53613,2509.40044,0,6.3
20260927T200820Z-c857,bdcb775028e8cf1e,411591,gpu-frontier,gpu,resident,s1,31,1,0,0,1,warm,0,1,0,4.44228,0,0,0,3.99151993,0.439447,0,,29,29,29,0,0,3651029,29348263,0,87c40e56ae5ffca7,2511.16068,0,6.3
20260927T200820Z-c857,bdcb775028e8cf1e,555679,gpu-frontier,gpu,resident,s1,32,1,0,0,1,warm,0,1,0,4.494958,0,0,0,4.053792,0.431046,0,,28,28,28,0,0,3715355,29866398,0,9f18f792be207582,2510.76042,0,6.3
20260927T200820Z-c857,bdcb775028e8cf1e,417721,gpu-frontier,gpu,resident,s1,33,1,0,0,1,warm,0,1,0,4.587898,0,0,0,4.15363216,0.423624,0,,30,30,30,0,0,3793246,30510169,0,40f1a85ee049ae51,2495.87967,0,6.3
20260927T200820Z-c857,bdcb775028e8cf1e,199603,gpu-frontier,gpu,resident,s1,34,1,0,0,1,warm,0,1,0,4.562789,0,0,0,4.13478422,0.417334,0,,30,30,30,0,0,3786026,30433769,0,52eab23b1dc3a0d8,2496.1962,0,6.3
20260927T200820Z-c857,bdcb775028e8cf1e,625990,gpu-frontier,gpu,resident,s1,35,1,0,0,1,warm,0,1,0,4.59151,0,0,0,4.12771177,0.453106,0,,32,32,32,0,0,3754907,30179643,0,1f91735b89b1e749,2508.60087,0,6.3
20260927T200820Z-c857,bdcb775028e8cf1e,931576,gpu-frontier,gpu,resident,s1,36,1,0,0,1,warm,0,1,0,4.786559,0,0,0,4.32832003,0.445029,0,,33,33,33,0,0,3949228,31755499,0,f9b3834a03c725b2,2506.92388,0,6.3
20260927T200820Z-c857,bdcb775028e8cf1e,388607,gpu-frontier,gpu,resident,s1,37,1,0,0,1,warm,0,1,0,4.629596,0,0,0,4.21260786,0.406063,0,,30,30,30,0,0,3876935,31167603,0,2469a61a38128657,2508.60087,0,6.3
20260927T200820Z-c857,bdcb775028e8cf1e,40305,gpu-frontier,gpu,resident,s1,38,1,0,0,1,warm,0,1,0,4.551142,0,0,0,4.1215682,0.418325,0,,30,30,30,0,0,3885045,31262980,0,a95dfd3d0c7b8217,2508.60087,0,6.3
20260927T200820Z-c857,bdcb775028e8cf1e,297024,gpu-frontier,gpu,resident,s1,39,1,0,0,1,warm,0,1,0,4.34099,0,0,0,3.91564798,0.414785,0,,30,30,30,0,0,3890498,31284286,0,126ebac47fb036d5,2513.72573,0,6.3
20260927T200820Z-c857,bdcb775028e8cf1e,928309,gpu-frontier,gpu,resident,s1,40,1,0,0,1,warm,0,1,0,4.224683,0,0,0,3.79568005,0.418465,0,,29,29,29,0,0,3768745,30296319,0,1d4f08d9e5c4d39f,2512.04188,0,6.3
20260927T200820Z-c857,bdcb775028e8cf1e,274490,gpu-frontier,gpu,resident,s1,41,1,0,0,1,warm,0,1,0,4.372534,0,0,0,3.93910408,0.421682,0,,31,31,31,0,0,3875377,31172075,0,b8ae98805b057b5a,2513.72573,0,6.3
20260927T200820Z-c857,bdcb775028e8cf1e,545768,gpu-frontier,gpu,resident,s1,42,1,0,0,1,warm,0,1,0,4.114101,0,0,0,3.68576002,0.415838,0,,31,31,31,0,0,3621047,29117269,0,804a6099fd45f9f1,2513.72573,0,6.3
20260927T200820Z-c857,bdcb775028e8cf1e,20469,gpu-frontier,gpu,resident,s1,43,1,0,0,1,warm,0,1,0,3.91371,0,0,0,3.48656011,0.415183,0,,27,27,27,0,0,3454954,27779187,0,67718541774a1c58,2512.04188,0,6.3
20260927T200820Z-c857,bdcb775028e8cf1e,531301,gpu-frontier,gpu,resident,s1,44,1,0,0,1,warm,0,1,0,4.229968,0,0,0,3.80905604,0.410435,0,,31,31,31,0,0,3747628,30124388,0,a2d077b44abc8be4,2511.56107,0,6.3
20260927T200820Z-c857,bdcb775028e8cf1e,1047443,gpu-frontier,gpu,resident,s1,45,1,0,0,1,warm,0,1,0,4.284207,0,0,0,3.8592,0.414191,0,,30,30,30,0,0,3855588,31025930,0,5193d56b59210cff,2513.72573,0,6.3
20260927T200820Z-c857,bdcb775028e8cf1e,638272,gpu-frontier,gpu,resident,s1,46,1,0,0,1,warm,0,1,0,4.478844,0,0,0,4.04863977,0.419327,0,,34,34,34,0,0,3997745,32166833,0,55cd86ef2d52603f,2513.72573,0,6.3
20260927T200820Z-c857,bdcb775028e8cf1e,975530,gpu-frontier,gpu,resident,s1,47,1,0,0,1,warm,0,1,0,4.452608,0,0,0,4.02726412,0.414049,0,,33,33,33,0,0,3978371,32004498,0,defa82ffc7c822c1,2513.00376,0,6.3
20260927T200820Z-c857,bdcb775028e8cf1e,914696,gpu-frontier,gpu,resident,s1,48,1,0,0,1,warm,0,1,0,4.135721,0,0,0,3.70764804,0.417595,0,,29,29,29,0,0,3664314,29469126,0,b214dabb258e9aae,2513.72573,0,6.3
20260927T200820Z-c857,bdcb775028e8cf1e,169940,gpu-frontier,gpu,resident,s1,49,1,0,0,1,warm,0,1,0,4.091914,0,0,0,3.66470408,0.414676,0,,29,29,29,0,0,3638953,29261555,0,aa0703ef4173c77e,2513.72573,0,6.3
20260927T200820Z-c857,bdcb775028e8cf1e,834360,gpu-frontier,gpu,resident,s1,50,1,0,0,1,warm,0,1,0,4.280559,0,0,0,3.86230397,0.406897,0,,30,30,30,0,0,3824151,30747959,0,5691474dd60d91eb,2513.72573,0,6.3
20260927T200820Z-c857,bdcb775028e8cf1e,518322,gpu-frontier,gpu,resident,s1,51,1,0,0,1,warm,0,1,0,4.272108,0,0,0,3.85209608,0.40833,0,,29,29,29,0,0,3844710,30927419,0,487e23ea466e3dc3,2513.56522,0,6.3
20260927T200820Z-c857,bdcb775028e8cf1e,577541,gpu-frontier,gpu,resident,s1,52,1,0,0,1,warm,0,1,0,4.487968,0,0,0,4.06921577,0.407656,0,,32,32,32,0,0,4046993,32559365,0,b1fdbbb5e3df8eaf,2513.32465,0,6.3
20260927T200820Z-c857,bdcb775028e8cf1e,764242,gpu-frontier,gpu,resident,s1,53,1,0,0,1,warm,0,1,0,4.337888,0,0,0,3.92476797,0.401923,0,,30,30,30,0,0,3885049,31256283,0,3d9713fe1cb13f0f,2513.72573,0,6.3
20260927T200820Z-c857,bdcb775028e8cf1e,14706,gpu-frontier,gpu,resident,s1,54,1,0,0,1,warm,0,1,0,4.247373,0,0,0,3.82844806,0.408271,0,,29,29,29,0,0,3817052,30682491,0,670ec085e25725a5,2511.8016,0,6.3
20260927T200820Z-c857,bdcb775028e8cf1e,471650,gpu-frontier,gpu,resident,s1,55,1,0,0,1,warm,0,1,0,4.00955,0,0,0,3.58576012,0.412439,0,,29,29,29,0,0,3568970,28689205,0,8e96feb8790153a9,2513.72573,0,6.3
20260927T200820Z-c857,bdcb775028e8cf1e,192150,gpu-frontier,gpu,resident,s1,56,1,0,0,1,warm,0,1,0,4.25912,0,0,0,3.84080005,0.407211,0,,32,32,32,0,0,3794432,30521498,0,7a4e7c7f4964792a,2513.72573,0,6.3
20260927T200820Z-c857,bdcb775028e8cf1e,59477,gpu-frontier,gpu,resident,s1,57,1,0,0,1,warm,0,1,0,4.184603,0,0,0,3.76105595,0.412838,0,,31,31,31,0,0,3699848,29749939,0,720be9d618fad5fd,2513.72573,0,6.3
20260927T200820Z-c857,bdcb775028e8cf1e,201224,gpu-frontier,gpu,resident,s1,58,1,0,0,1,warm,0,1,0,4.081959,0,0,0,3.65657592,0.415158,0,,29,29,29,0,0,3610729,29017423,0,9def48f1ef14c98b,2513.72573,0,6.3
20260927T200820Z-c857,bdcb775028e8cf1e,12846,gpu-frontier,gpu,resident,s1,59,1,0,0,1,warm,0,1,0,4.250971,0,0,0,3.83772802,0.403026,0,,29,29,29,0,0,3813501,30672038,0,4a251f0fc1f7c4d8,2513.24427,0,6.3
20260927T200820Z-c857,bdcb775028e8cf1e,88685,gpu-frontier,gpu,resident,s1,60,1,0,0,1,warm,0,1,0,4.036865,0,0,0,3.61638403,0.409705,0,,29,29,29,0,0,3586713,28834964,0,35e1f7fbc76a56e6,2514.36796,0,6.3
20260927T200820Z-c857,bdcb775028e8cf1e,637,gpu-frontier,gpu,resident,s1,61,1,0,0,1,warm,0,1,0,4.281295,0,0,0,3.8551681,0.415604,0,,29,29,29,0,0,3848894,30970206,0,55580c8117e41e29,2514.36796,0,6.3
20260927T200820Z-c857,bdcb775028e8cf1e,140682,gpu-frontier,gpu,resident,s1,62,1,0,0,1,warm,0,1,0,4.030574,0,0,0,3.61001611,0.409626,0,,28,28,28,0,0,3595791,28915270,0,2275df8962059f7d,2513.72573,0,6.3
20260927T200820Z-c857,bdcb775028e8cf1e,242263,gpu-frontier,gpu,resident,s1,63,1,0,0,1,warm,0,1,0,4.143765,0,0,0,3.72403193,0.409491,0,,27,27,27,0,0,3736584,30044306,0,aec23922016823f2,2513.72573,0,6.3
20260927T200820Z-c857,bdcb775028e8cf1e,955528,gpu-frontier,gpu,resident,s1,64,1,0,0,1,warm,0,1,0,4.509698,0,0,0,4.08358383,0.414204,0,,29,29,29,0,0,4078330,32813046,0,71745a9ddcfa9aed,2513.72573,0,6.3
20260927T200820Z-c857,bdcb775028e8cf1e,604431,gpu-frontier,gpu,resident,s1,65,1,0,0,1,warm,0,1,0,4.116861,0,0,0,3.70368004,0.401224,0,,27,27,27,0,0,3706739,29794838,0,0f2fc4de9183f8e5,2513.72573,0,6.3
20260927T200820Z-c857,bdcb775028e8cf1e,968747,gpu-frontier,gpu,resident,s1,66,1,0,0,1,warm,0,1,0,3.95194,0,0,0,3.53968,0.400991,0,,29,29,29,0,0,3489484,28056561,0,23fb936cb9001886,2513.72573,0,6.3
20260927T200820Z-c857,bdcb775028e8cf1e,25579,gpu-frontier,gpu,resident,s1,67,1,0,0,1,warm,0,1,0,4.257096,0,0,0,3.84700799,0.399182,0,,30,30,30,0,0,3809716,30644643,0,147f42102dacb4a9,2511.8016,0,6.3
20260927T200820Z-c857,bdcb775028e8cf1e,802074,gpu-frontier,gpu,resident,s1,68,1,0,0,1,warm,0,1,0,4.20664,0,0,0,3.794976,0.401258,0,,28,28,28,0,0,3802512,30586037,0,9ab4ea21ea39d810,2513.96638,0,6.3
20260927T200820Z-c857,bdcb775028e8cf1e,785602,gpu-frontier,gpu,resident,s1,69,1,0,0,1,warm,0,1,0,4.173732,0,0,0,3.75990391,0.403069,0,,31,31,31,0,0,3700032,29745316,0,904abcbc011db59e,2514.12694,0,6.3
20260927T200820Z-c857,bdcb775028e8cf1e,800647,gpu-frontier,gpu,resident,s1,70,1,0,0,1,warm,0,1,0,4.35489,0,0,0,3.94211197,0.402827,0,,28,28,28,0,0,3946175,31738504,0,963c10a1708eaba2,2514.12694,0,6.3
20260927T200820Z-c857,bdcb775028e8cf1e,1034835,gpu-frontier,gpu,resident,s1,71,1,0,0,1,warm,0,1,0,4.451115,0,0,0,3.97388792,0.466118,0,,29,29,29,0,0,3972435,31931553,0,e6fa7c6616165044,2513.64562,0,6.3
20260927T200820Z-c857,bdcb775028e8cf1e,591983,gpu-frontier,gpu,resident,s1,72,1,0,0,1,warm,0,1,0,4.201212,0,0,0,3.73222399,0.457035,0,,30,30,30,0,0,3703110,29796446,0,6d8caa59599b10cf,2513.72573,0,6.3
20260927T200820Z-c857,bdcb775028e8cf1e,509143,gpu-frontier,gpu,resident,s1,73,1,0,0,1,warm,0,1,0,4.225496,0,0,0,3.81100798,0.403742,0,,30,30,30,0,0,3780424,30416132,0,6ebbe9cb431c1e34,2513.24427,0,6.3
20260927T200820Z-c857,bdcb775028e8cf1e,258004,gpu-frontier,gpu,resident,s1,74,1,0,0,1,warm,0,1,0,3.93421,0,0,0,3.51516795,0.408376,0,,30,30,30,0,0,3460902,27847518,0,8fe71bf6883af38c,2513.72573,0,6.3
20260927T200820Z-c857,bdcb775028e8cf1e,1008134,gpu-frontier,gpu,resident,s1,75,1,0,0,1,warm,0,1,0,4.179461,0,0,0,3.76604795,0.402404,0,,30,30,30,0,0,3701221,29749901,0,cdc782d99fbeccfa,2513.72573,0,6.3
20260927T200820Z-c857,bdcb775028e8cf1e,693058,gpu-frontier,gpu,resident,s1,76,1,0,0,1,warm,0,1,0,3.972292,0,0,0,3.553056,0.408904,0,,27,27,27,0,0,3543945,28513518,0,62b2e74b763aa377,2513.72573,0,6.3
20260927T200820Z-c857,bdcb775028e8cf1e,567498,gpu-frontier,gpu,resident,s1,77,1,0,0,1,warm,0,1,0,4.555759,0,0,0,4.13369608,0.41128,0,,33,33,33,0,0,4089495,32871625,0,b3954405507118b0,2513.72573,0,6.3
20260927T200820Z-c857,bdcb775028e8cf1e,626061,gpu-frontier,gpu,resident,s1,78,1,0,0,1,warm,0,1,0,4.209469,0,0,0,3.79071999,0.407805,0,,28,28,28,0,0,3774366,30356266,0,61fd094b9998fbe0,2513.72573,0,6.3
20260927T200820Z-c857,bdcb775028e8cf1e,599867,gpu-frontier,gpu,resident,s1,79,1,0,0,1,warm,0,1,0,4.269566,0,0,0,3.84918404,0.40932,0,,29,29,29,0,0,3841224,30902450,0,4284c3996437d273,2511.88159,0,6.3
20260927T200820Z-c857,bdcb775028e8cf1e,721594,gpu-frontier,gpu,resident,s1,80,1,0,0,1,warm,0,1,0,4.669513,0,0,0,4.24934387,0.406183,0,,32,32,32,0,0,4234783,34075227,0,c5027d3d7bcd5d43,2513.72573,0,6.3
20260927T200820Z-c857,bdcb775028e8cf1e,755768,gpu-frontier,gpu,resident,s1,81,1,0,0,1,warm,0,1,0,4.094318,0,0,0,3.68000007,0.403727,0,,31,31,31,0,0,3628312,29195302,0,955e6864f3462f95,2513.72573,0,6.3
20260927T200820Z-c857,bdcb775028e8cf1e,481879,gpu-frontier,gpu,resident,s1,82,1,0,0,1,warm,0,1,0,4.23886,0,0,0,3.79990411,0.427724,0,,29,29,29,0,0,3782608,30418267,0,4d31dc5efe4dd68c,2513.72573,0,6.3
20260927T200820Z-c857,bdcb775028e8cf1e,666926,gpu-frontier,gpu,resident,s1,83,1,0,0,1,warm,0,1,0,4.223975,0,0,0,3.79056001,0.419285,0,,28,28,28,0,0,3778461,30381914,0,e59c132c158e1970,2513.80584,0,6.3
20260927T200820Z-c857,bdcb775028e8cf1e,812308,gpu-frontier,gpu,resident,s1,84,1,0,0,1,warm,0,1,0,4.359139,0,0,0,3.94214392,0.406364,0,,29,29,29,0,0,3934909,31658049,0,0f02fef1f6f062f9,2513.72573,0,6.3
20260927T200820Z-c857,bdcb775028e8cf1e,940471,gpu-frontier,gpu,resident,s1,85,1,0,0,1,warm,0,1,0,4.155586,0,0,0,3.71596789,0.426942,0,,32,32,32,0,0,3640135,29257448,0,d4f15bd52e42c464,2513.72573,0,6.3
20260927T200820Z-c857,bdcb775028e8cf1e,705817,gpu-frontier,gpu,resident,s1,86,1,0,0,1,warm,0,1,0,4.179165,0,0,0,3.76207995,0.406228,0,,30,30,30,0,0,3726988,29957640,0,2f9e346e5a9590b3,2514.20737,0,6.3
20260927T200820Z-c857,bdcb775028e8cf1e,378775,gpu-frontier,gpu,resident,s1,87,1,0,0,1,warm,0,1,0,4.061684,0,0,0,3.64636803,0.404389,0,,30,30,30,0,0,3586041,28852318,0,247dc886d68cf358,2513.72573,0,6.3
20260927T200820Z-c857,bdcb775028e8cf1e,11928,gpu-frontier,gpu,resident,s1,88,1,0,0,1,warm,0,1,0,4.123688,0,0,0,3.70764804,0.405592,0,,28,28,28,0,0,3711706,29844016,0,86b14882cf633e0e,2513.72573,0,6.3
20260927T200820Z-c857,bdcb775028e8cf1e,149969,gpu-frontier,gpu,resident,s1,89,1,0,0,1,warm,0,1,0,4.45275,0,0,0,3.93007994,0.509442,0,,29,29,29,0,0,3931572,31622601,0,45297a6a252cf4a3,2513.64562,0,6.3
20260927T200820Z-c857,bdcb775028e8cf1e,518422,gpu-frontier,gpu,resident,s1,90,1,0,0,1,warm,0,1,0,4.536269,0,0,0,4.05280018,0.471391,0,,34,34,34,0,0,3980739,32008218,0,48d221e86e4fc6b8,2513.40474,0,6.3
20260927T200820Z-c857,bdcb775028e8cf1e,764093,gpu-frontier,gpu,resident,s1,91,1,0,0,1,warm,0,1,0,4.270716,0,0,0,3.8306241,0.429425,0,,28,28,28,0,0,3845007,30938615,0,30627382b9126684,2513.72573,0,6.3
20260927T200820Z-c857,bdcb775028e8cf1e,818556,gpu-frontier,gpu,resident,s1,92,1,0,0,1,warm,0,1,0,4.032232,0,0,0,3.59504008,0.426294,0,,28,28,28,0,0,3573047,28715144,0,27a240572492669c,2514.36796,0,6.3
20260927T200820Z-c857,bdcb775028e8cf1e,284007,gpu-frontier,gpu,resident,s1,93,1,0,0,1,warm,0,1,0,4.114212,0,0,0,3.67488003,0.427827,0,,27,27,27,0,0,3667457,29483805,0,d3f6714dfb85bc57,2513.72573,0,6.3
20260927T200820Z-c857,bdcb775028e8cf1e,147527,gpu-frontier,gpu,resident,s1,94,1,0,0,1,warm,0,1,0,4.383253,0,0,0,3.96271992,0.409583,0,,31,31,31,0,0,3954764,31815239,0,d049b16980e0f60c,2513.32465,0,6.3
20260927T200820Z-c857,bdcb775028e8cf1e,810773,gpu-frontier,gpu,resident,s1,95,1,0,0,1,warm,0,1,0,4.198531,0,0,0,3.74480009,0.442353,0,,27,27,27,0,0,3760049,30228398,0,6fd146baf7e50cb8,2513.24427,0,6.3
20260927T200820Z-c857,bdcb775028e8cf1e,496849,gpu-frontier,gpu,resident,s1,96,1,0,0,1,warm,0,1,0,3.932184,0,0,0,3.5090239,0.412173,0,,27,27,27,0,0,3502162,28163584,0,51e6ca03ae62fe83,2513.72573,0,6.3
20260927T200820Z-c857,bdcb775028e8cf1e,1013688,gpu-frontier,gpu,resident,s1,97,1,0,0,1,warm,0,1,0,4.212322,0,0,0,3.79686403,0.404673,0,,30,30,30,0,0,3762396,30262611,0,30b5e615d19b4db7,2513.72573,0,6.3
20260927T200820Z-c857,bdcb775028e8cf1e,935512,gpu-frontier,gpu,resident,s1,98,1,0,0,1,warm,0,1,0,4.139173,0,0,0,3.72521591,0.403243,0,,29,29,29,0,0,3707573,29814890,0,345b9f3d13942b0a,2513.72573,0,6.3
20260927T200820Z-c857,bdcb775028e8cf1e,714883,gpu-frontier,gpu,resident,s1,99,1,0,0,1,warm,0,1,0,4.095783,0,0,0,3.67091203,0.414048,0,,30,30,30,0,0,3612315,29039329,0,3caa4b9d4e60a28c,2512.12189,0,6.3
20260927T200820Z-c857,bdcb775028e8cf1e,670214,gpu-frontier,gpu,resident,s1,100,1,0,0,1,warm,0,1,0,4.169449,0,0,0,3.75868797,0.399992,0,,30,30,30,0,0,3708032,29812482,0,58cdbd04e9ad4b5a,2513.72573,0,6.3
20260927T200820Z-c857,bdcb775028e8cf1e,922346,gpu-frontier,gpu,resident,s1,101,1,0,0,1,warm,0,1,0,4.388201,0,0,0,3.9668479,0.411141,0,,30,30,30,0,0,3947179,31759807,0,a9345b2da1f507da,2512.2022,0,6.3
20260927T200820Z-c857,bdcb775028e8cf1e,802242,gpu-frontier,gpu,resident,s1,102,1,0,0,1,warm,0,1,0,4.030025,0,0,0,3.61651206,0.402528,0,,28,28,28,0,0,3590212,28860671,0,36cceee4a9db6a4b,2513.72573,0,6.3
20260927T200820Z-c857,bdcb775028e8cf1e,45284,gpu-frontier,gpu,resident,s1,103,1,0,0,1,warm,0,1,0,4.005751,0,0,0,3.58492804,0.407835,0,,28,28,28,0,0,3548936,28525067,0,8cde483398c0c574,2513.72573,0,6.3
20260927T200820Z-c857,bdcb775028e8cf1e,908797,gpu-frontier,gpu,resident,s1,104,1,0,0,1,warm,0,1,0,4.037658,0,0,0,3.62159991,0.405347,0,,29,29,29,0,0,3577362,28774235,0,693d054e427576ec,2513.72573,0,6.3
20260927T200820Z-c857,bdcb775028e8cf1e,281396,gpu-frontier,gpu,resident,s1,105,1,0,0,1,warm,0,1,0,4.230581,0,0,0,3.81209612,0.406914,0,,30,30,30,0,0,3771710,30338408,0,b14bb4ea16e9e257,2513.72573,0,6.3
20260927T200820Z-c857,bdcb775028e8cf1e,1000550,gpu-frontier,gpu,resident,s1,106,1,0,0,1,warm,0,1,0,4.192865,0,0,0,3.77625608,0.403042,0,,30,30,30,0,0,3743652,30109231,0,1100489ad95e65a9,2514.12694,0,6.3
20260927T200820Z-c857,bdcb775028e8cf1e,73594,gpu-frontier,gpu,resident,s1,107,1,0,0,1,warm,0,1,0,4.344704,0,0,0,3.92755198,0.406707,0,,28,28,28,0,0,3944507,31734484,0,f80913d9ffa61601,2513.72573,0,6.3
20260927T200820Z-c857,bdcb775028e8cf1e,301631,gpu-frontier,gpu,resident,s1,108,1,0,0,1,warm,0,1,0,4.235397,0,0,0,3.81833601,0.404738,0,,29,29,29,0,0,3807455,30620776,0,ffb0bdb411984f79,2514.12694,0,6.3
20260927T200820Z-c857,bdcb775028e8cf1e,430170,gpu-frontier,gpu,resident,s1,109,1,0,0,1,warm,0,1,0,4.309653,0,0,0,3.9011519,0.397623,0,,31,31,31,0,0,3870930,31149626,0,3ddac9680cf654ec,2513.72573,0,6.3
20260927T200820Z-c857,bdcb775028e8cf1e,752814,gpu-frontier,gpu,resident,s1,110,1,0,0,1,warm,0,1,0,4.388656,0,0,0,3.97286391,0.404639,0,,28,28,28,0,0,3989656,32065308,0,894bd5913f3ff4d4,2513.24427,0,6.3
20260927T200820Z-c857,bdcb775028e8cf1e,679839,gpu-frontier,gpu,resident,s1,111,1,0,0,1,warm,0,1,0,4.165164,0,0,0,3.75593591,0.397633,0,,29,29,29,0,0,3739386,30055434,0,2311d0e3a8eb00ff,2513.72573,0,6.3
20260927T200820Z-c857,bdcb775028e8cf1e,619664,gpu-frontier,gpu,resident,s1,112,1,0,0,1,warm,0,1,0,4.163709,0,0,0,3.740448,0.409432,0,,27,27,27,0,0,3727286,29961006,0,67d5b0180727b207,2513.72573,0,6.3
20260927T200820Z-c857,bdcb775028e8cf1e,98827,gpu-frontier,gpu,resident,s1,113,1,0,0,1,warm,0,1,0,4.168352,0,0,0,3.75999999,0.398324,0,,31,31,31,0,0,3707448,29808794,0,028ac127e1d04635,2514.0468,0,6.3
20260927T200820Z-c857,bdcb775028e8cf1e,105994,gpu-frontier,gpu,resident,s1,114,1,0,0,1,warm,0,1,0,4.232861,0,0,0,3.8194561,0.402462,0,,29,29,29,0,0,3819694,30706116,0,6101a6af17cce50a,2514.52827,0,6.3
20260927T200820Z-c857,bdcb775028e8cf1e,243457,gpu-frontier,gpu,resident,s1,115,1,0,0,1,warm,0,1,0,4.52175,0,0,0,4.10598421,0.404408,0,,32,32,32,0,0,4086885,32871134,0,d63dcb9c463e2915,2513.72573,0,6.3
20260927T200820Z-c857,bdcb775028e8cf1e,734875,gpu-frontier,gpu,resident,s1,116,1,0,0,1,warm,0,1,0,4.347021,0,0,0,3.93616009,0.400391,0,,29,29,29,0,0,3923083,31548908,0,4ff936efc2f83018,2513.72573,0,6.3
20260927T200820Z-c857,bdcb775028e8cf1e,370736,gpu-frontier,gpu,resident,s1,117,1,0,0,1,warm,0,1,0,4.088648,0,0,0,3.66995192,0.405254,0,,30,30,30,0,0,3626366,29175777,0,dddd8859f17554f0,2513.72573,0,6.3
20260927T200820Z-c857,bdcb775028e8cf1e,521055,gpu-frontier,gpu,resident,s1,118,1,0,0,1,warm,0,1,0,4.360189,0,0,0,3.94937611,0.400449,0,,32,32,32,0,0,3918833,31529985,0,b294e6b0e2222d00,2513.72573,0,6.3
20260927T200820Z-c857,bdcb775028e8cf1e,697461,gpu-frontier,gpu,resident,s1,119,1,0,0,1,warm,0,1,0,4.131218,0,0,0,3.72313595,0.398083,0,,30,30,30,0,0,3694830,29712476,0,c89ae9f21d6f3a2f,2514.0468,0,6.3
20260927T200820Z-c857,bdcb775028e8cf1e,696648,gpu-frontier,gpu,resident,s1,120,1,0,0,1,warm,0,1,0,4.126944,0,0,0,3.71683192,0.399901,0,,29,29,29,0,0,3709472,29829983,0,e037bd626e593f61,2513.32465,0,6.3
20260927T200820Z-c857,bdcb775028e8cf1e,322939,gpu-frontier,gpu,resident,s1,121,1,0,0,1,warm,0,1,0,4.294035,0,0,0,3.88278389,0.400979,0,,30,30,30,0,0,3865840,31095635,0,b87b221b270ba537,2513.72573,0,6.3
20260927T200820Z-c857,bdcb775028e8cf1e,235403,gpu-frontier,gpu,resident,s1,122,1,0,0,1,warm,0,1,0,4.026465,0,0,0,3.60732794,0.408464,0,,32,32,32,0,0,3536690,28455803,0,df346452db877857,2513.72573,0,6.3
20260927T200820Z-c857,bdcb775028e8cf1e,842932,gpu-frontier,gpu,resident,s1,123,1,0,0,1,warm,0,1,0,4.108072,0,0,0,3.69228792,0.404606,0,,28,28,28,0,0,3690200,29679270,0,af21ce208f9f1ea0,2513.72573,0,6.3
20260927T200820Z-c857,bdcb775028e8cf1e,776073,gpu-frontier,gpu,resident,s1,124,1,0,0,1,warm,0,1,0,4.155343,0,0,0,3.74047995,0.402691,0,,27,27,27,0,0,3734241,30028241,0,7e405523a60c0b48,2513.1642,0,6.3
20260927T200820Z-c857,bdcb775028e8cf1e,159157,gpu-frontier,gpu,resident,s1,125,1,0,0,1,warm,0,1,0,4.029873,0,0,0,3.616256,0.403125,0,,29,29,29,0,0,3581263,28789233,0,f3d9b207575393e3,2513.72573,0,6.3
20260927T200820Z-c857,bdcb775028e8cf1e,824874,gpu-frontier,gpu,resident,s1,126,1,0,0,1,warm,0,1,0,4.128679,0,0,0,3.71072006,0.407516,0,,30,30,30,0,0,3672272,29530863,0,d96a4f94f9e5b71e,2513.72573,0,6.3
20260927T200820Z-c857,bdcb775028e8cf1e,523339,gpu-frontier,gpu,resident,s1,127,1,0,0,1,warm,0,1,0,5.904929,0,0,0,3.86963201,0.411018,1.613352,,30,30,30,0,0,3840230,30887726,0,f45d5e630c88b75d,2513.24427,0,6.3
20260927T200820Z-c857,bdcb775028e8cf1e,140379,dial,cpu,resident,s1,0,1,0,0,2,warm,24,1,0,102.65631,0,1.378959,0,101.27688,0,0,,305,0,0,0,0,1048218,8388572,0,962513fc443036ca,,0,6.3
20260927T200820Z-c857,bdcb775028e8cf1e,143033,dial,cpu,resident,s1,1,1,0,0,2,warm,24,1,0,101.949464,0,1.263077,0,100.686022,0,0,,306,0,0,0,0,1048218,8388572,0,45bee60043588143,,0,6.3
20260927T200820Z-c857,bdcb775028e8cf1e,473133,dial,cpu,resident,s1,2,1,0,0,2,warm,24,1,0,107.571251,0,1.212517,0,106.35818,0,0,,304,0,0,0,0,1048218,8388572,0,ad940a6a7c9f6e79,,0,6.3
20260927T200820Z-c857,bdcb775028e8cf1e,22045,dial,cpu,resident,s1,3,1,0,0,2,warm,24,1,0,107.500542,0,1.228363,0,106.271592,0,0,,303,0,0,0,0,1048218,8388572,0,3c8a4f6babe2bcfa,,0,6.3
20260927T200820Z-c857,bdcb775028e8cf1e,367943,dial,cpu,resident,s1,4,1,0,0,2,warm,24,1,0,99.763794,0,1.240604,0,98.522568,0,0,,299,0,0,0,0,1048218,8388572,0,8f49d64399cf55ba,,0,6.3
20260927T200820Z-c857,bdcb775028e8cf1e,955628,dial,cpu,resident,s1,5,1,0,0,2,warm,24,1,0,103.818017,0,1.230481,0,102.587083,0,0,,304,0,0,0,0,1048218,8388572,0,97ac752781dd9e47,,0,6.3
20260927T200820Z-c857,bdcb775028e8cf1e,493619,dial,cpu,resident,s1,6,1,0,0,2,warm,24,1,0,108.845415,0,1.205413,0,107.639564,0,0,,308,0,0,0,0,1048218,8388572,0,01947ce70d300df5,,0,6.3
20260927T200820Z-c857,bdcb775028e8cf1e,78040,dial,cpu,resident,s1,7,1,0,0,2,warm,24,1,0,101.417941,0,1.227946,0,100.189386,0,0,,305,0,0,0,0,1048218,8388572,0,7ce762e264c535fb,,0,6.3
20260927T200820Z-c857,bdcb775028e8cf1e,597528,dial,cpu,resident,s1,8,1,0,0,2,warm,24,1,0,101.769951,0,1.197469,0,100.572046,0,0,,303,0,0,0,0,1048218,8388572,0,8eb259ff3f497ebc,,0,6.3
20260927T200820Z-c857,bdcb775028e8cf1e,666088,dial,cpu,resident,s1,9,1,0,0,2,warm,24,1,0,101.646117,0,1.210777,0,100.434834,0,0,,307,0,0,0,0,1048218,8388572,0,8babfd558442eb36,,0,6.3
20260927T200820Z-c857,bdcb775028e8cf1e,93798,dial,cpu,resident,s1,10,1,0,0,2,warm,24,1,0,102.264077,0,1.213203,0,101.050146,0,0,,307,0,0,0,0,1048218,8388572,0,d776da21d464498f,,0,6.3
20260927T200820Z-c857,bdcb775028e8cf1e,583195,dial,cpu,resident,s1,11,1,0,0,2,warm,24,1,0,101.431659,0,1.201293,0,100.229935,0,0,,306,0,0,0,0,1048218,8388572,0,172aa003797174fd,,0,6.3
20260927T200820Z-c857,bdcb775028e8cf1e,828010,dial,cpu,resident,s1,12,1,0,0,2,warm,24,1,0,101.813329,0,1.226263,0,100.586311,0,0,,303,0,0,0,0,1048218,8388572,0,24e48fed204afe20,,0,6.3
20260927T200820Z-c857,bdcb775028e8cf1e,232399,dial,cpu,resident,s1,13,1,0,0,2,warm,24,1,0,101.453181,0,1.189903,0,100.262744,0,0,,304,0,0,0,0,1048218,8388572,0,9e4d36e9fa7c15f8,,0,6.3
20260927T200820Z-c857,bdcb775028e8cf1e,439005,dial,cpu,resident,s1,14,1,0,0,2,warm,24,1,0,107.732846,0,1.174304,0,106.558329,0,0,,295,0,0,0,0,1048218,8388572,0,8e4128a19e9259cb,,0,6.3
20260927T200820Z-c857,bdcb775028e8cf1e,261911,dial,cpu,resident,s1,15,1,0,0,2,warm,24,1,0,105.517707,0,1.192656,0,104.324824,0,0,,306,0,0,0,0,1048218,8388572,0,42def7b4c28fed4d,,0,6.3
20260927T200820Z-c857,bdcb775028e8cf1e,306042,dial,cpu,resident,s1,16,1,0,0,2,warm,24,1,0,110.291644,0,1.309047,0,108.982306,0,0,,297,0,0,0,0,1048218,8388572,0,caef7bb3d74e71e7,,0,6.3
20260927T200820Z-c857,bdcb775028e8cf1e,842254,dial,cpu,resident,s1,17,1,0,0,2,warm,24,1,0,105.637822,0,1.180793,0,104.456684,0,0,,299,0,0,0,0,1048218,8388572,0,d7fe1f2a8f019015,,0,6.3
20260927T200820Z-c857,bdcb775028e8cf1e,497647,dial,cpu,resident,s1,18,1,0,0,2,warm,24,1,0,101.069103,0,1.20622,0,99.862492,0,0,,304,0,0,0,0,1048218,8388572,0,fec7b1878b41d172,,0,6.3
20260927T200820Z-c857,bdcb775028e8cf1e,283052,dial,cpu,resident,s1,19,1,0,0,2,warm,24,1,0,106.896182,0,1.20878,0,105.687067,0,0,,304,0,0,0,0,1048218,8388572,0,7118d82e727075df,,0,6.3
20260927T200820Z-c857,bdcb775028e8cf1e,299936,dial,cpu,resident,s1,20,1,0,0,2,warm,24,1,0,105.373651,0,1.23433,0,104.13905,0,0,,304,0,0,0,0,1048218,8388572,0,cacd11290a4229d3,,0,6.3
20260927T200820Z-c857,bdcb775028e8cf1e,785373,dial,cpu,resident,s1,21,1,0,0,2,warm,24,1,0,106.595625,0,1.244914,0,105.350403,0,0,,306,0,0,0,0,1048218,8388572,0,59a7d838e8fde54e,,0,6.3
20260927T200820Z-c857,bdcb775028e8cf1e,480378,dial,cpu,resident,s1,22,1,0,0,2,warm,24,1,0,106.261203,0,1.283326,0,104.977592,0,0,,297,0,0,0,0,1048218,8388572,0,8d61a1f8360384c2,,0,6.3
20260927T200820Z-c857,bdcb775028e8cf1e,321060,dial,cpu,resident,s1,23,1,0,0,2,warm,24,1,0,106.613487,0,1.1783,0,105.434831,0,0,,298,0,0,0,0,1048218,8388572,0,a31502366da41b8f,,0,6.3
20260927T200820Z-c857,bdcb775028e8cf1e,337388,dial,cpu,resident,s1,24,1,0,0,2,warm,24,1,0,102.301101,0,1.18684,0,101.113968,0,0,,301,0,0,0,0,1048218,8388572,0,8c08c70ebb3ac3fb,,0,6.3
20260927T200820Z-c857,bdcb775028e8cf1e,118671,dial,cpu,resident,s1,25,1,0,0,2,warm,24,1,0,106.557675,0,1.287049,0,105.270446,0,0,,308,0,0,0,0,1048218,8388572,0,0c15ec8650da6629,,0,5.88
20260927T200820Z-c857,bdcb775028e8cf1e,125150,dial,cpu,resident,s1,26,1,0,0,2,warm,24,1,0,101.961114,0,1.319049,0,100.641697,0,0,,298,0,0,0,0,1048218,8388572,0,5df60853290e8825,,0,5.88
20260927T200820Z-c857,bdcb775028e8cf1e,72476,dial,cpu,resident,s1,27,1,0,0,2,warm,24,1,0,101.060707,0,1.20827,0,99.852197,0,0,,307,0,0,0,0,1048218,8388572,0,9d309008139d89e2,,0,5.88
20260927T200820Z-c857,bdcb775028e8cf1e,728509,dial,cpu,resident,s1,28,1,0,0,2,warm,24,1,0,102.290375,0,1.241688,0,101.0483,0,0,,308,0,0,0,0,1048218,8388572,0,5c3d8df36abcfc12,,0,5.88
20260927T200820Z-c857,bdcb775028e8cf1e,679264,dial,cpu,resident,s1,29,1,0,0,2,warm,24,1,0,101.698982,0,1.204193,0,100.49429,0,0,,300,0,0,0,0,1048218,8388572,0,c6e211fc2a14bb1e,,0,5.88
20260927T200820Z-c857,bdcb775028e8cf1e,828590,dial,cpu,resident,s1,30,1,0,0,2,warm,24,1,0,101.266937,0,1.207997,0,100.058522,0,0,,306,0,0,0,0,1048218,8388572,0,2ae9225c26b53613,,0,5.88
20260927T200820Z-c857,bdcb775028e8cf1e,411591,dial,cpu,resident,s1,31,1,0,0,2,warm,24,1,0,101.709967,0,1.401175,0,100.308398,0,0,,305,0,0,0,0,1048218,8388572,0,87c40e56ae5ffca7,,0,5.88
20260927T200820Z-c857,bdcb775028e8cf1e,555679,dial,cpu,resident,s1,32,1,0,0,2,warm,24,1,0,101.600146,0,1.220933,0,100.378776,0,0,,301,0,0,0,0,1048218,8388572,0,9f18f792be207582,,0,5.88
20260927T200820Z-c857,bdcb775028e8cf1e,417721,dial,cpu,resident,s1,33,1,0,0,2,warm,24,1,0,100.830041,0,1.212598,0,99.617075,0,0,,299,0,0,0,0,1048218,8388572,0,40f1a85ee049ae51,,0,5.88
20260927T200820Z-c857,bdcb775028e8cf1e,199603,dial,cpu,resident,s1,34,1,0,0,2,warm,24,1,0,102.462037,0,1.22267,0,101.238753,0,0,,300,0,0,0,0,1048218,8388572,0,52eab23b1dc3a0d8,,0,5.88
20260927T200820Z-c857,bdcb775028e8cf1e,625990,dial,cpu,resident,s1,35,1,0,0,2,warm,24,1,0,106.849742,0,1.219485,0,105.629775,0,0,,297,0,0,0,0,1048218,8388572,0,1f91735b89b1e749,,0,5.88
20260927T200820Z-c857,bdcb775028e8cf1e,931576,dial,cpu,resident,s1,36,1,0,0,2,warm,24,1,0,103.808586,0,1.216984,0,102.591181,0,0,,307,0,0,0,0,1048218,8388572,0,f9b3834a03c725b2,,0,5.88
20260927T200820Z-c857,bdcb775028e8cf1e,388607,dial,cpu,resident,s1,37,1,0,0,2,warm,24,1,0,101.903568,0,1.250208,0,100.652805,0,0,,302,0,0,0,0,1048218,8388572,0,2469a61a38128657,,0,5.88
20260927T200820Z-c857,bdcb775028e8cf1e,40305,dial,cpu,resident,s1,38,1,0,0,2,warm,24,1,0,101.986866,0,1.221778,0,100.764625,0,0,,304,0,0,0,0,1048218,8388572,0,a95dfd3d0c7b8217,,0,5.88
20260927T200820Z-c857,bdcb775028e8cf1e,297024,dial,cpu,resident,s1,39,1,0,0,2,warm,24,1,0,101.707924,0,1.275632,0,100.431559,0,0,,305,0,0,0,0,1048218,8388572,0,126ebac47fb036d5,,0,5.88
20260927T200820Z-c857,bdcb775028e8cf1e,928309,dial,cpu,resident,s1,40,1,0,0,2,warm,24,1,0,101.360128,0,1.213736,0,100.146011,0,0,,307,0,0,0,0,1048218,8388572,0,1d4f08d9e5c4d39f,,0,5.88
20260927T200820Z-c857,bdcb775028e8cf1e,274490,dial,cpu,resident,s1,41,1,0,0,2,warm,24,1,0,101.707405,0,1.221844,0,100.485208,0,0,,307,0,0,0,0,1048218,8388572,0,b8ae98805b057b5a,,0,5.88
20260927T200820Z-c857,bdcb775028e8cf1e,545768,dial,cpu,resident,s1,42,1,0,0,2,warm,24,1,0,101.292229,0,1.205669,0,100.086344,0,0,,307,0,0,0,0,1048218,8388572,0,804a6099fd45f9f1,,0,5.88
20260927T200820Z-c857,bdcb775028e8cf1e,20469,dial,cpu,resident,s1,43,1,0,0,2,warm,24,1,0,102.032923,0,1.206952,0,100.82569,0,0,,301,0,0,0,0,1048218,8388572,0,67718541774a1c58,,0,5.88
20260927T200820Z-c857,bdcb775028e8cf1e,531301,dial,cpu,resident,s1,44,1,0,0,2,warm,24,1,0,103.689066,0,1.224864,0,102.463843,0,0,,312,0,0,0,0,1048218,8388572,0,a2d077b44abc8be4,,0,5.88
20260927T200820Z-c857,bdcb775028e8cf1e,1047443,dial,cpu,resident,s1,45,1,0,0,2,warm,24,1,0,105.731345,0,1.189848,0,104.541098,0,0,,317,0,0,0,0,1048218,8388572,0,5193d56b59210cff,,0,5.88
20260927T200820Z-c857,bdcb775028e8cf1e,638272,dial,cpu,resident,s1,46,1,0,0,2,warm,24,1,0,103.159524,0,1.206085,0,101.952962,0,0,,305,0,0,0,0,1048218,8388572,0,55cd86ef2d52603f,,0,5.88
20260927T200820Z-c857,bdcb775028e8cf1e,975530,dial,cpu,resident,s1,47,1,0,0,2,warm,24,1,0,101.678814,0,1.376984,0,100.301567,0,0,,300,0,0,0,0,1048218,8388572,0,defa82ffc7c822c1,,0,5.88
20260927T200820Z-c857,bdcb775028e8cf1e,914696,dial,cpu,resident,s1,48,1,0,0,2,warm,24,1,0,101.576475,0,1.238397,0,100.337705,0,0,,299,0,0,0,0,1048218,8388572,0,b214dabb258e9aae,,0,5.88
20260927T200820Z-c857,bdcb775028e8cf1e,169940,dial,cpu,resident,s1,49,1,0,0,2,warm,24,1,0,103.093548,0,1.28831,0,101.805042,0,0,,303,0,0,0,0,1048218,8388572,0,aa0703ef4173c77e,,0,5.88
20260927T200820Z-c857,bdcb775028e8cf1e,834360,dial,cpu,resident,s1,50,1,0,0,2,warm,24,1,0,103.925599,0,1.302471,0,102.622784,0,0,,302,0,0,0,0,1048218,8388572,0,5691474dd60d91eb,,0,5.88
20260927T200820Z-c857,bdcb775028e8cf1e,518322,dial,cpu,resident,s1,51,1,0,0,2,warm,24,1,0,102.340519,0,1.197891,0,101.142373,0,0,,300,0,0,0,0,1048218,8388572,0,487e23ea466e3dc3,,0,5.88
20260927T200820Z-c857,bdcb775028e8cf1e,577541,dial,cpu,resident,s1,52,1,0,0,2,warm,24,1,0,101.736132,0,1.195684,0,100.540119,0,0,,300,0,0,0,0,1048218,8388572,0,b1fdbbb5e3df8eaf,,0,5.88
20260927T200820Z-c857,bdcb775028e8cf1e,764242,dial,cpu,resident,s1,53,1,0,0,2,warm,24,1,0,101.229609,0,1.207982,0,100.021374,0,0,,306,0,0,0,0,1048218,8388572,0,3d9713fe1cb13f0f,,0,5.88
20260927T200820Z-c857,bdcb775028e8cf1e,14706,dial,cpu,resident,s1,54,1,0,0,2,warm,24,1,0,101.499358,0,1.260592,0,100.238438,0,0,,304,0,0,0,0,1048218,8388572,0,670ec085e25725a5,,0,5.88
20260927T200820Z-c857,bdcb775028e8cf1e,471650,dial,cpu,resident,s1,55,1,0,0,2,warm,24,1,0,101.116511,0,1.210783,0,99.905318,0,0,,302,0,0,0,0,1048218,8388572,0,8e96feb8790153a9,,0,5.88
20260927T200820Z-c857,bdcb775028e8cf1e,192150,dial,cpu,resident,s1,56,1,0,0,2,warm,24,1,0,103.408503,0,1.205996,0,102.202195,0,0,,311,0,0,0,0,1048218,8388572,0,7a4e7c7f4964792a,,0,5.88
20260927T200820Z-c857,bdcb775028e8cf1e,59477,dial,cpu,resident,s1,57,1,0,0,2,warm,24,1,0,101.643428,0,1.214191,0,100.428656,0,0,,304,0,0,0,0,1048218,8388572,0,720be9d618fad5fd,,0,5.88
20260927T200820Z-c857,bdcb775028e8cf1e,201224,dial,cpu,resident,s1,58,1,0,0,2,warm,24,1,0,101.841729,0,1.219381,0,100.621973,0,0,,303,0,0,0,0,1048218,8388572,0,9def48f1ef14c98b,,0,5.88
20260927T200820Z-c857,bdcb775028e8cf1e,12846,dial,cpu,resident,s1,59,1,0,0,2,warm,24,1,0,101.251111,0,1.217581,0,100.033273,0,0,,303,0,0,0,0,1048218,8388572,0,4a251f0fc1f7c4d8,,0,5.88
20260927T200820Z-c857,bdcb775028e8cf1e,88685,dial,cpu,resident,s1,60,1,0,0,2,warm,24,1,0,106.671236,0,1.208752,0,105.462234,0,0,,309,0,0,0,0,1048218,8388572,0,35e1f7fbc76a56e6,,0,5.88
20260927T200820Z-c857,bdcb775028e8cf1e,637,dial,cpu,resident,s1,61,1,0,0,2,warm,24,1,0,101.441599,0,1.207189,0,100.233972,0,0,,302,0,0,0,0,1048218,8388572,0,55580c8117e41e29,,0,5.88
20260927T200820Z-c857,bdcb775028e8cf1e,140682,dial,cpu,resident,s1,62,1,0,0,2,warm,24,1,0,101.220028,0,1.21304,0,100.006622,0,0,,297,0,0,0,0,1048218,8388572,0,2275df8962059f7d,,0,5.88
20260927T200820Z-c857,bdcb775028e8cf1e,242263,dial,cpu,resident,s1,63,1,0,0,2,warm,24,1,0,101.738915,0,1.182682,0,100.55578,0,0,,305,0,0,0,0,1048218,8388572,0,aec23922016823f2,,0,5.88
20260927T200820Z-c857,bdcb775028e8cf1e,955528,dial,cpu,resident,s1,64,1,0,0,2,warm,24,1,0,105.280109,0,1.189784,0,104.089902,0,0,,301,0,0,0,0,1048218,8388572,0,71745a9ddcfa9aed,,0,5.88
20260927T200820Z-c857,bdcb775028e8cf1e,604431,dial,cpu,resident,s1,65,1,0,0,2,warm,24,1,0,103.740941,0,1.304864,0,102.435691,0,0,,304,0,0,0,0,1048218,8388572,0,0f2fc4de9183f8e5,,0,5.88
20260927T200820Z-c857,bdcb775028e8cf1e,968747,dial,cpu,resident,s1,66,1,0,0,2,warm,24,1,0,102.462047,0,1.208394,0,101.253488,0,0,,301,0,0,0,0,1048218,8388572,0,23fb936cb9001886,,0,5.88
20260927T200820Z-c857,bdcb775028e8cf1e,25579,dial,cpu,resident,s1,67,1,0,0,2,warm,24,1,0,100.894055,0,1.264314,0,99.629448,0,0,,300,0,0,0,0,1048218,8388572,0,147f42102dacb4a9,,0,5.88
20260927T200820Z-c857,bdcb775028e8cf1e,802074,dial,cpu,resident,s1,68,1,0,0,2,warm,24,1,0,101.748615,0,1.205132,0,100.543086,0,0,,309,0,0,0,0,1048218,8388572,0,9ab4ea21ea39d810,,0,5.88
20260927T200820Z-c857,bdcb775028e8cf1e,785602,dial,cpu,resident,s1,69,1,0,0,2,warm,24,1,0,101.754975,0,1.202119,0,100.552674,0,0,,305,0,0,0,0,1048218,8388572,0,904abcbc011db59e,,0,5.88
20260927T200820Z-c857,bdcb775028e8cf1e,800647,dial,cpu,resident,s1,70,1,0,0,2,warm,24,1,0,101.456359,0,1.199023,0,100.256827,0,0,,299,0,0,0,0,1048218,8388572,0,963c10a1708eaba2,,0,5.88
20260927T200820Z-c857,bdcb775028e8cf1e,1034835,dial,cpu,resident,s1,71,1,0,0,2,warm,24,1,0,101.982418,0,1.20232,0,100.779735,0,0,,302,0,0,0,0,1048218,8388572,0,e6fa7c6616165044,,0,5.88
20260927T200820Z-c857,bdcb775028e8cf1e,591983,dial,cpu,resident,s1,72,1,0,0,2,warm,24,1,0,101.656179,0,1.249177,0,100.406697,0,0,,300,0,0,0,0,1048218,8388572,0,6d8caa59599b10cf,,0,5.88
20260927T200820Z-c857,bdcb775028e8cf1e,509143,dial,cpu,resident,s1,73,1,0,0,2,warm,24,1,0,101.347776,0,1.18908,0,100.158373,0,0,,304,0,0,0,0,1048218,8388572,0,6ebbe9cb431c1e34,,0,5.88
20260927T200820Z-c857,bdcb775028e8cf1e,258004,dial,cpu,resident,s1,74,1,0,0,2,warm,24,1,0,101.244882,0,1.226546,0,100.018005,0,0,,304,0,0,0,0,1048218,8388572,0,8fe71bf6883af38c,,0,5.49
20260927T200820Z-c857,bdcb775028e8cf1e,1008134,dial,cpu,resident,s1,75,1,0,0,2,warm,24,1,0,101.391732,0,1.196864,0,100.194392,0,0,,299,0,0,0,0,1048218,8388572,0,cdc782d99fbeccfa,,0,5.49
20260927T200820Z-c857,bdcb775028e8cf1e,693058,dial,cpu,resident,s1,76,1,0,0,2,warm,24,1,0,103.595889,0,1.200108,0,102.395377,0,0,,307,0,0,0,0,1048218,8388572,0,62b2e74b763aa377,,0,5.49
20260927T200820Z-c857,bdcb775028e8cf1e,567498,dial,cpu,resident,s1,77,1,0,0,2,warm,24,1,0,101.378577,0,1.190685,0,100.187601,0,0,,297,0,0,0,0,1048218,8388572,0,b3954405507118b0,,0,5.49
20260927T200820Z-c857,bdcb775028e8cf1e,626061,dial,cpu,resident,s1,78,1,0,0,2,warm,24,1,0,107.138812,0,1.200368,0,105.938097,0,0,,300,0,0,0,0,1048218,8388572,0,61fd094b9998fbe0,,0,5.49
20260927T200820Z-c857,bdcb775028e8cf1e,599867,dial,cpu,resident,s1,79,1,0,0,2,warm,24,1,0,105.772433,0,1.183389,0,104.58875,0,0,,305,0,0,0,0,1048218,8388572,0,4284c3996437d273,,0,5.49
20260927T200820Z-c857,bdcb775028e8cf1e,721594,dial,cpu,resident,s1,80,1,0,0,2,warm,24,1,0,105.933823,0,1.22928,0,104.704019,0,0,,298,0,0,0,0,1048218,8388572,0,c5027d3d7bcd5d43,,0,5.49
20260927T200820Z-c857,bdcb775028e8cf1e,755768,dial,cpu,resident,s1,81,1,0,0,2,warm,24,1,0,106.662553,0,1.198106,0,105.463933,0,0,,293,0,0,0,0,1048218,8388572,0,955e6864f3462f95,,0,5.49
20260927T200820Z-c857,bdcb775028e8cf1e,481879,dial,cpu,resident,s1,82,1,0,0,2,warm,24,1,0,101.115235,0,1.187179,0,99.927733,0,0,,301,0,0,0,0,1048218,8388572,0,4d31dc5efe4dd68c,,0,5.49
20260927T200820Z-c857,bdcb775028e8cf1e,666926,dial,cpu,resident,s1,83,1,0,0,2,warm,24,1,0,103.008569,0,1.308389,0,101.699782,0,0,,296,0,0,0,0,1048218,8388572,0,e59c132c158e1970,,0,5.49
20260927T200820Z-c857,bdcb775028e8cf1e,812308,dial,cpu,resident,s1,84,1,0,0,2,warm,24,1,0,109.872272,0,1.214169,0,108.657813,0,0,,306,0,0,0,0,1048218,8388572,0,0f02fef1f6f062f9,,0,5.49
20260927T200820Z-c857,bdcb775028e8cf1e,940471,dial,cpu,resident,s1,85,1,0,0,2,warm,24,1,0,101.039904,0,1.219912,0,99.8198,0,0,,299,0,0,0,0,1048218,8388572,0,d4f15bd52e42c464,,0,5.49
20260927T200820Z-c857,bdcb775028e8cf1e,705817,dial,cpu,resident,s1,86,1,0,0,2,warm,24,1,0,102.659424,0,1.206269,0,101.452426,0,0,,305,0,0,0,0,1048218,8388572,0,2f9e346e5a9590b3,,0,5.49
20260927T200820Z-c857,bdcb775028e8cf1e,378775,dial,cpu,resident,s1,87,1,0,0,2,warm,24,1,0,101.208317,0,1.208882,0,99.998884,0,0,,303,0,0,0,0,1048218,8388572,0,247dc886d68cf358,,0,5.49
20260927T200820Z-c857,bdcb775028e8cf1e,11928,dial,cpu,resident,s1,88,1,0,0,2,warm,24,1,0,101.643067,0,1.204208,0,100.438494,0,0,,307,0,0,0,0,1048218,8388572,0,86b14882cf633e0e,,0,5.49
20260927T200820Z-c857,bdcb775028e8cf1e,149969,dial,cpu,resident,s1,89,1,0,0,2,warm,24,1,0,101.487418,0,1.22551,0,100.261507,0,0,,313,0,0,0,0,1048218,8388572,0,45297a6a252cf4a3,,0,5.49
20260927T200820Z-c857,bdcb775028e8cf1e,518422,dial,cpu,resident,s1,90,1,0,0,2,warm,24,1,0,101.322552,0,1.234309,0,100.087892,0,0,,306,0,0,0,0,1048218,8388572,0,48d221e86e4fc6b8,,0,5.49
20260927T200820Z-c857,bdcb775028e8cf1e,764093,dial,cpu,resident,s1,91,1,0,0,2,warm,24,1,0,101.187989,0,1.184608,0,100.003124,0,0,,308,0,0,0,0,1048218,8388572,0,30627382b9126684,,0,5.49
20260927T200820Z-c857,bdcb775028e8cf1e,818556,dial,cpu,resident,s1,92,1,0,0,2,warm,24,1,0,101.507994,0,1.219794,0,100.287923,0,0,,296,0,0,0,0,1048218,8388572,0,27a240572492669c,,0,5.49
20260927T200820Z-c857,bdcb775028e8cf1e,284007,dial,cpu,resident,s1,93,1,0,0,2,warm,24,1,0,101.38862,0,1.186779,0,100.201393,0,0,,303,0,0,0,0,1048218,8388572,0,d3f6714dfb85bc57,,0,5.49
20260927T200820Z-c857,bdcb775028e8cf1e,147527,dial,cpu,resident,s1,94,1,0,0,2,warm,24,1,0,100.855913,0,1.200353,0,99.655256,0,0,,306,0,0,0,0,1048218,8388572,0,d049b16980e0f60c,,0,5.49
20260927T200820Z-c857,bdcb775028e8cf1e,810773,dial,cpu,resident,s1,95,1,0,0,2,warm,24,1,0,101.176138,0,1.204933,0,99.970887,0,0,,303,0,0,0,0,1048218,8388572,0,6fd146baf7e50cb8,,0,5.49
20260927T200820Z-c857,bdcb775028e8cf1e,496849,dial,cpu,resident,s1,96,1,0,0,2,warm,24,1,0,103.160907,0,1.185584,0,101.975059,0,0,,306,0,0,0,0,1048218,8388572,0,51e6ca03ae62fe83,,0,5.49
20260927T200820Z-c857,bdcb775028e8cf1e,1013688,dial,cpu,resident,s1,97,1,0,0,2,warm,24,1,0,105.76082,0,1.224698,0,104.535807,0,0,,307,0,0,0,0,1048218,8388572,0,30b5e615d19b4db7,,0,5.49
20260927T200820Z-c857,bdcb775028e8cf1e,935512,dial,cpu,resident,s1,98,1,0,0,2,warm,24,1,0,101.110227,0,1.220474,0,99.889538,0,0,,301,0,0,0,0,1048218,8388572,0,345b9f3d13942b0a,,0,5.49
20260927T200820Z-c857,bdcb775028e8cf1e,714883,dial,cpu,resident,s1,99,1,0,0,2,warm,24,1,0,104.101044,0,1.216941,0,102.88331,0,0,,302,0,0,0,0,1048218,8388572,0,3caa4b9d4e60a28c,,0,5.49
20260927T200820Z-c857,bdcb775028e8cf1e,670214,dial,cpu,resident,s1,100,1,0,0,2,warm,24,1,0,101.787915,0,1.244558,0,100.542847,0,0,,302,0,0,0,0,1048218,8388572,0,58cdbd04e9ad4b5a,,0,5.49
20260927T200820Z-c857,bdcb775028e8cf1e,922346,dial,cpu,resident,s1,101,1,0,0,2,warm,24,1,0,105.443469,0,1.208107,0,104.235057,0,0,,299,0,0,0,0,1048218,8388572,0,a9345b2da1f507da,,0,5.49
20260927T200820Z-c857,bdcb775028e8cf1e,802242,dial,cpu,resident,s1,102,1,0,0,2,warm,24,1,0,101.027552,0,1.291407,0,99.73565,0,0,,305,0,0,0,0,1048218,8388572,0,36cceee4a9db6a4b,,0,5.49
20260927T200820Z-c857,bdcb775028e8cf1e,45284,dial,cpu,resident,s1,103,1,0,0,2,warm,24,1,0,102.771619,0,1.226017,0,101.545288,0,0,,305,0,0,0,0,1048218,8388572,0,8cde483398c0c574,,0,5.49
20260927T200820Z-c857,bdcb775028e8cf1e,908797,dial,cpu,resident,s1,104,1,0,0,2,warm,24,1,0,104.492864,0,1.237806,0,103.254797,0,0,,307,0,0,0,0,1048218,8388572,0,693d054e427576ec,,0,5.49
20260927T200820Z-c857,bdcb775028e8cf1e,281396,dial,cpu,resident,s1,105,1,0,0,2,warm,24,1,0,101.627313,0,1.195111,0,100.431826,0,0,,303,0,0,0,0,1048218,8388572,0,b14bb4ea16e9e257,,0,5.49
20260927T200820Z-c857,bdcb775028e8cf1e,1000550,dial,cpu,resident,s1,106,1,0,0,2,warm,24,1,0,102.970752,0,1.215267,0,101.754943,0,0,,299,0,0,0,0,1048218,8388572,0,1100489ad95e65a9,,0,5.49
20260927T200820Z-c857,bdcb775028e8cf1e,73594,dial,cpu,resident,s1,107,1,0,0,2,warm,24,1,0,100.489348,0,1.197751,0,99.291201,0,0,,308,0,0,0,0,1048218,8388572,0,f80913d9ffa61601,,0,5.49
20260927T200820Z-c857,bdcb775028e8cf1e,301631,dial,cpu,resident,s1,108,1,0,0,2,warm,24,1,0,101.276828,0,1.202822,0,100.073778,0,0,,302,0,0,0,0,1048218,8388572,0,ffb0bdb411984f79,,0,5.49
20260927T200820Z-c857,bdcb775028e8cf1e,430170,dial,cpu,resident,s1,109,1,0,0,2,warm,24,1,0,101.991448,0,1.219648,0,100.771323,0,0,,305,0,0,0,0,1048218,8388572,0,3ddac9680cf654ec,,0,5.49
20260927T200820Z-c857,bdcb775028e8cf1e,752814,dial,cpu,resident,s1,110,1,0,0,2,warm,24,1,0,101.518548,0,1.225731,0,100.29205,0,0,,309,0,0,0,0,1048218,8388572,0,894bd5913f3ff4d4,,0,5.49
20260927T200820Z-c857,bdcb775028e8cf1e,679839,dial,cpu,resident,s1,111,1,0,0,2,warm,24,1,0,105.828484,0,1.178652,0,104.649596,0,0,,300,0,0,0,0,1048218,8388572,0,2311d0e3a8eb00ff,,0,5.49
20260927T200820Z-c857,bdcb775028e8cf1e,619664,dial,cpu,resident,s1,112,1,0,0,2,warm,24,1,0,107.529044,0,1.20931,0,106.319213,0,0,,297,0,0,0,0,1048218,8388572,0,67d5b0180727b207,,0,5.49
20260927T200820Z-c857,bdcb775028e8cf1e,98827,dial,cpu,resident,s1,113,1,0,0,2,warm,24,1,0,108.133511,0,1.211641,0,106.921639,0,0,,304,0,0,0,0,1048218,8388572,0,028ac127e1d04635,,0,5.49
20260927T200820Z-c857,bdcb775028e8cf1e,105994,dial,cpu,resident,s1,114,1,0,0,2,warm,24,1,0,101.113581,0,1.19832,0,99.914876,0,0,,307,0,0,0,0,1048218,8388572,0,6101a6af17cce50a,,0,5.49
20260927T200820Z-c857,bdcb775028e8cf1e,243457,dial,cpu,resident,s1,115,1,0,0,2,warm,24,1,0,101.409142,0,1.215526,0,100.193267,0,0,,305,0,0,0,0,1048218,8388572,0,d63dcb9c463e2915,,0,5.49
20260927T200820Z-c857,bdcb775028e8cf1e,734875,dial,cpu,resident,s1,116,1,0,0,2,warm,24,1,0,102.651234,0,1.203115,0,101.447855,0,0,,300,0,0,0,0,1048218,8388572,0,4ff936efc2f83018,,0,5.49
20260927T200820Z-c857,bdcb775028e8cf1e,370736,dial,cpu,resident,s1,117,1,0,0,2,warm,24,1,0,101.233278,0,1.181143,0,100.051739,0,0,,305,0,0,0,0,1048218,8388572,0,dddd8859f17554f0,,0,5.49
20260927T200820Z-c857,bdcb775028e8cf1e,521055,dial,cpu,resident,s1,118,1,0,0,2,warm,24,1,0,101.096876,0,1.185267,0,99.91122,0,0,,308,0,0,0,0,1048218,8388572,0,b294e6b0e2222d00,,0,5.49
20260927T200820Z-c857,bdcb775028e8cf1e,697461,dial,cpu,resident,s1,119,1,0,0,2,warm,24,1,0,101.485586,0,1.174465,0,100.310796,0,0,,311,0,0,0,0,1048218,8388572,0,c89ae9f21d6f3a2f,,0,5.49
20260927T200820Z-c857,bdcb775028e8cf1e,696648,dial,cpu,resident,s1,120,1,0,0,2,warm,24,1,0,106.710601,0,1.201713,0,105.508466,0,0,,301,0,0,0,0,1048218,8388572,0,e037bd626e593f61,,0,5.49
20260927T200820Z-c857,bdcb775028e8cf1e,322939,dial,cpu,resident,s1,121,1,0,0,2,warm,24,1,0,102.373227,0,1.225462,0,101.147263,0,0,,300,0,0,0,0,1048218,8388572,0,b87b221b270ba537,,0,5.49
20260927T200820Z-c857,bdcb775028e8cf1e,235403,dial,cpu,resident,s1,122,1,0,0,2,warm,24,1,0,103.284391,0,1.213351,0,102.070542,0,0,,305,0,0,0,0,1048218,8388572,0,df346452db877857,,0,5.13
20260927T200820Z-c857,bdcb775028e8cf1e,842932,dial,cpu,resident,s1,123,1,0,0,2,warm,24,1,0,98.953934,0,1.345316,0,97.607985,0,0,,304,0,0,0,0,1048218,8388572,0,af21ce208f9f1ea0,,0,5.13
20260927T200820Z-c857,bdcb775028e8cf1e,776073,dial,cpu,resident,s1,124,1,0,0,2,warm,24,1,0,93.373896,0,1.306467,0,92.066805,0,0,,297,0,0,0,0,1048218,8388572,0,7e405523a60c0b48,,0,5.13
20260927T200820Z-c857,bdcb775028e8cf1e,159157,dial,cpu,resident,s1,125,1,0,0,2,warm,24,1,0,92.01007,0,1.252915,0,90.756909,0,0,,303,0,0,0,0,1048218,8388572,0,f3d9b207575393e3,,0,5.13
20260927T200820Z-c857,bdcb775028e8cf1e,824874,dial,cpu,resident,s1,126,1,0,0,2,warm,24,1,0,93.405447,0,1.264351,0,92.140574,0,0,,302,0,0,0,0,1048218,8388572,0,d96a4f94f9e5b71e,,0,5.13
20260927T200820Z-c857,bdcb775028e8cf1e,523339,dial,cpu,resident,s1,127,1,0,0,2,warm,24,1,0,92.430647,0,1.306187,0,91.123567,0,0.000345,,308,0,0,0,0,1048218,8388572,0,f45d5e630c88b75d,,0,5.13
20260927T200820Z-c857,bdcb775028e8cf1e,140379,gpu-nearfar,gpu,resident,s1,0,1,0,0,3,warm,0,1,12,10.000689,0,0.359281,4.41609621,3.41727996,0.493563,0,,133,133,388,0,0,1090701,8764883,0,962513fc443036ca,2498.41358,0,5.13
20260927T200820Z-c857,bdcb775028e8cf1e,143033,gpu-nearfar,gpu,resident,s1,1,1,0,0,3,warm,0,1,12,4.979475,0,0,0,3.41472006,0.494491,0,,131,131,388,0,0,1089889,8757686,0,45bee60043588143,2495.87967,0,5.13
20260927T200820Z-c857,bdcb775028e8cf1e,473133,gpu-nearfar,gpu,resident,s1,2,1,0,0,3,warm,0,1,12,5.087404,0,0,0,3.47718406,0.503834,0,,133,133,388,0,0,1090581,8764596,0,ad940a6a7c9f6e79,2495.87967,0,5.13
20260927T200820Z-c857,bdcb775028e8cf1e,22045,gpu-nearfar,gpu,resident,s1,3,1,0,0,3,warm,0,1,12,4.988924,0,0,0,3.36348796,0.513109,0,,128,128,374,0,0,1090942,8767462,0,3c8a4f6babe2bcfa,2495.87967,0,5.13
20260927T200820Z-c857,bdcb775028e8cf1e,367943,gpu-nearfar,gpu,resident,s1,4,1,0,0,3,warm,0,1,12,5.017862,0,0,0,3.38876796,0.495665,0,,130,130,382,0,0,1090420,8761990,0,8f49d64399cf55ba,2496.59183,0,5.13
20260927T200820Z-c857,bdcb775028e8cf1e,955628,gpu-nearfar,gpu,resident,s1,5,1,0,0,3,warm,0,1,12,5.068924,0,0,0,3.46585608,0.493882,0,,134,134,390,0,0,1090545,8763240,0,97ac752781dd9e47,2496.3545,0,5.13
20260927T200820Z-c857,bdcb775028e8cf1e,493619,gpu-nearfar,gpu,resident,s1,6,1,0,0,3,warm,0,1,12,4.964496,0,0,0,3.37235188,0.473646,0,,127,127,372,0,0,1090967,8767151,0,01947ce70d300df5,2496.75018,0,5.13
20260927T200820Z-c857,bdcb775028e8cf1e,78040,gpu-nearfar,gpu,resident,s1,7,1,0,0,3,warm,0,1,12,5.064803,0,0,0,3.44739199,0.501505,0,,130,130,382,0,0,1090231,8760766,0,7ce762e264c535fb,2497.46284,0,5.13
20260927T200820Z-c857,bdcb775028e8cf1e,597528,gpu-nearfar,gpu,resident,s1,8,1,0,0,3,warm,0,1,12,5.010021,0,0,0,3.34169602,0.532772,0,,127,127,376,0,0,1090851,8765688,0,8eb259ff3f497ebc,2496.2755,0,5.13
20260927T200820Z-c857,bdcb775028e8cf1e,666088,gpu-nearfar,gpu,resident,s1,9,1,0,0,3,warm,0,1,12,5.038739,0,0,0,3.41219211,0.489489,0,,132,132,386,0,0,1090085,8758861,0,8babfd558442eb36,2497.62129,0,5.13
20260927T200820Z-c857,bdcb775028e8cf1e,93798,gpu-nearfar,gpu,resident,s1,10,1,0,0,3,warm,0,1,12,4.995464,0,0,0,3.36947203,0.485169,0,,129,129,380,0,0,1090856,8765422,0,d776da21d464498f,2495.01007,0,5.13
20260927T200820Z-c857,bdcb775028e8cf1e,583195,gpu-nearfar,gpu,resident,s1,11,1,0,0,3,warm,0,1,12,5.082935,0,0,0,3.47430396,0.483214,0,,131,131,380,0,0,1090873,8767025,0,172aa003797174fd,2495.87967,0,5.13
20260927T200820Z-c857,bdcb775028e8cf1e,828010,gpu-nearfar,gpu,resident,s1,12,1,0,0,3,warm,0,1,12,5.128763,0,0,0,3.52921605,0.494486,0,,132,132,394,0,0,1090456,8762428,0,24e48fed204afe20,2495.64247,0,5.13
20260927T200820Z-c857,bdcb775028e8cf1e,232399,gpu-nearfar,gpu,resident,s1,13,1,0,0,3,warm,0,1,12,5.147727,0,0,0,3.46905589,0.50026,0,,135,135,388,0,0,1090699,8764271,0,9e4d36e9fa7c15f8,2495.87967,0,5.13
20260927T200820Z-c857,bdcb775028e8cf1e,439005,gpu-nearfar,gpu,resident,s1,14,1,0,0,3,warm,0,1,12,4.993837,0,0,0,3.39577603,0.478733,0,,129,129,380,0,0,1090521,8764132,0,8e4128a19e9259cb,2495.87967,0,5.13
20260927T200820Z-c857,bdcb775028e8cf1e,261911,gpu-nearfar,gpu,resident,s1,15,1,0,0,3,warm,0,1,12,5.070567,0,0,0,3.45897603,0.481623,0,,133,133,392,0,0,1090688,8764693,0,42def7b4c28fed4d,2495.87967,0,5.13
20260927T200820Z-c857,bdcb775028e8cf1e,306042,gpu-nearfar,gpu,resident,s1,16,1,0,0,3,warm,0,1,12,5.010651,0,0,0,3.41590405,0.473305,0,,130,130,378,0,0,1090510,8762684,0,caef7bb3d74e71e7,2496.67115,0,5.13
20260927T200820Z-c857,bdcb775028e8cf1e,842254,gpu-nearfar,gpu,resident,s1,17,1,0,0,3,warm,0,1,12,5.063641,0,0,0,3.48854399,0.463427,0,,137,137,392,0,0,1090088,8760549,0,d7fe1f2a8f019015,2495.56352,0,5.13
20260927T200820Z-c857,bdcb775028e8cf1e,497647,gpu-nearfar,gpu,resident,s1,18,1,0,0,3,warm,0,1,12,5.017172,0,0,0,3.43433595,0.470881,0,,133,133,388,0,0,1090778,8765198,0,fec7b1878b41d172,2495.87967,0,5.13
20260927T200820Z-c857,bdcb775028e8cf1e,283052,gpu-nearfar,gpu,resident,s1,19,1,0,0,3,warm,0,1,12,5.103969,0,0,0,3.46889591,0.476335,0,,134,134,394,0,0,1090240,8760963,0,7118d82e727075df,2496.03793,0,5.13
20260927T200820Z-c857,bdcb775028e8cf1e,299936,gpu-nearfar,gpu,resident,s1,20,1,0,0,3,warm,0,1,12,4.986472,0,0,0,3.39993596,0.47196,0,,128,128,378,0,0,1090467,8762740,0,cacd11290a4229d3,2495.87967,0,5.13
20260927T200820Z-c857,bdcb775028e8cf1e,785373,gpu-nearfar,gpu,resident,s1,21,1,0,0,3,warm,0,1,12,5.046955,0,0,0,3.41459203,0.492197,0,,132,132,386,0,0,1090742,8765463,0,59a7d838e8fde54e,2493.43001,0,5.13
20260927T200820Z-c857,bdcb775028e8cf1e,480378,gpu-nearfar,gpu,resident,s1,22,1,0,0,3,warm,0,1,12,4.984482,0,0,0,3.38419199,0.490827,0,,130,130,382,0,0,1090949,8767018,0,8d61a1f8360384c2,2496.03793,0,5.13
20260927T200820Z-c857,bdcb775028e8cf1e,321060,gpu-nearfar,gpu,resident,s1,23,1,0,0,3,warm,0,1,12,4.99695,0,0,0,3.37094402,0.490787,0,,129,129,376,0,0,1090408,8761247,0,a31502366da41b8f,2495.40532,0,5.13
20260927T200820Z-c857,bdcb775028e8cf1e,337388,gpu-nearfar,gpu,resident,s1,24,1,0,0,3,warm,0,1,12,4.997988,0,0,0,3.39206409,0.474983,0,,130,130,382,0,0,1090900,8766977,0,8c08c70ebb3ac3fb,2495.87967,0,5.13
20260927T200820Z-c857,bdcb775028e8cf1e,118671,gpu-nearfar,gpu,resident,s1,25,1,0,0,3,warm,0,1,12,5.07343,0,0,0,3.4668479,0.488164,0,,135,135,392,0,0,1090249,8761062,0,0c15ec8650da6629,2496.3545,0,5.13
20260927T200820Z-c857,bdcb775028e8cf1e,125150,gpu-nearfar,gpu,resident,s1,26,1,0,0,3,warm,0,1,12,5.037787,0,0,0,3.417696,0.461305,0,,133,133,388,0,0,1090900,8766853,0,5df60853290e8825,2498.1759,0,5.13
20260927T200820Z-c857,bdcb775028e8cf1e,72476,gpu-nearfar,gpu,resident,s1,27,1,0,0,3,warm,0,1,12,5.08237,0,0,0,3.48022389,0.480643,0,,135,135,392,0,0,1090817,8765327,0,9d309008139d89e2,2495.87967,0,5.13
20260927T200820Z-c857,bdcb775028e8cf1e,728509,gpu-nearfar,gpu,resident,s1,28,1,0,0,3,warm,0,1,12,5.104319,0,0,0,3.50803208,0.488766,0,,135,135,400,0,0,1090845,8765948,0,5c3d8df36abcfc12,2495.87967,0,5.13
20260927T200820Z-c857,bdcb775028e8cf1e,679264,gpu-nearfar,gpu,resident,s1,29,1,0,0,3,warm,0,1,12,5.059086,0,0,0,3.45977592,0.491491,0,,133,133,388,0,0,1090317,8761831,0,c6e211fc2a14bb1e,2496.4338,0,5.13
20260927T200820Z-c857,bdcb775028e8cf1e,828590,gpu-nearfar,gpu,resident,s1,30,1,0,0,3,warm,0,1,12,5.121334,0,0,0,3.53443193,0.468748,0,,138,138,410,0,0,1091026,8767711,0,2ae9225c26b53613,2495.87967,0,5.13
20260927T200820Z-c857,bdcb775028e8cf1e,411591,gpu-nearfar,gpu,resident,s1,31,1,0,0,3,warm,0,1,12,4.949486,0,0,0,3.35840011,0.474127,0,,129,129,376,0,0,1090599,8763600,0,87c40e56ae5ffca7,2494.37769,0,5.13
20260927T200820Z-c857,bdcb775028e8cf1e,555679,gpu-nearfar,gpu,resident,s1,32,1,0,0,3,warm,0,1,12,4.919679,0,0,0,3.32726407,0.467644,0,,127,127,372,0,0,1090586,8764179,0,9f18f792be207582,2495.87967,0,5.13
20260927T200820Z-c857,bdcb775028e8cf1e,417721,gpu-nearfar,gpu,resident,s1,33,1,0,0,3,warm,0,1,12,4.97884,0,0,0,3.38592005,0.470739,0,,131,131,376,0,0,1089901,8758024,0,40f1a85ee049ae51,2495.87967,0,5.13
20260927T200820Z-c857,bdcb775028e8cf1e,199603,gpu-nearfar,gpu,resident,s1,34,1,0,0,3,warm,0,1,12,5.038114,0,0,0,3.44508791,0.466406,0,,132,132,386,0,0,1090553,8763733,0,52eab23b1dc3a0d8,2495.08899,0,5.13
20260927T200820Z-c857,bdcb775028e8cf1e,625990,gpu-nearfar,gpu,resident,s1,35,1,0,0,3,warm,0,1,12,5.039782,0,0,0,3.4310081,0.481718,0,,134,134,382,0,0,1090404,8761631,0,1f91735b89b1e749,2495.87967,0,5.13
20260927T200820Z-c857,bdcb775028e8cf1e,931576,gpu-nearfar,gpu,resident,s1,36,1,0,0,3,warm,0,1,12,5.05146,0,0,0,3.45167994,0.486586,0,,134,134,390,0,0,1090447,8762265,0,f9b3834a03c725b2,2495.87967,0,5.13
20260927T200820Z-c857,bdcb775028e8cf1e,388607,gpu-nearfar,gpu,resident,s1,37,1,0,0,3,warm,0,1,12,4.965698,0,0,0,3.32566404,0.494465,0,,127,127,368,0,0,1090658,8764128,0,2469a61a38128657,2495.87967,0,5.13
20260927T200820Z-c857,bdcb775028e8cf1e,40305,gpu-nearfar,gpu,resident,s1,38,1,0,0,3,warm,0,1,12,4.957038,0,0,0,3.34006405,0.492496,0,,126,126,370,0,0,1091246,8769820,0,a95dfd3d0c7b8217,2493.66679,0,5.13
20260927T200820Z-c857,bdcb775028e8cf1e,297024,gpu-nearfar,gpu,resident,s1,39,1,0,0,3,warm,0,1,12,5.099574,0,0,0,3.49318409,0.484477,0,,134,134,394,0,0,1090773,8765368,0,126ebac47fb036d5,2495.56352,0,5.13
20260927T200820Z-c857,bdcb775028e8cf1e,928309,gpu-nearfar,gpu,resident,s1,40,1,0,0,3,warm,0,1,12,5.046483,0,0,0,3.45574403,0.476911,0,,135,135,392,0,0,1090453,8763177,0,1d4f08d9e5c4d39f,2497.46284,0,5.13
20260927T200820Z-c857,bdcb775028e8cf1e,274490,gpu-nearfar,gpu,resident,s1,41,1,0,0,3,warm,0,1,12,5.244995,0,0,0,3.63696003,0.488649,0,,143,143,424,0,0,1090752,8765300,0,b8ae98805b057b5a,2495.72173,0,5.13
20260927T200820Z-c857,bdcb775028e8cf1e,545768,gpu-nearfar,gpu,resident,s1,42,1,0,0,3,warm,0,1,12,5.014444,0,0,0,3.42595196,0.466683,0,,131,131,384,0,0,1090662,8764734,0,804a6099fd45f9f1,2498.41358,0,5.13
20260927T200820Z-c857,bdcb775028e8cf1e,20469,gpu-nearfar,gpu,resident,s1,43,1,0,0,3,warm,0,1,12,5.066192,0,0,0,3.4289279,0.472761,0,,129,129,380,0,0,1090286,8761172,0,67718541774a1c58,2495.87967,0,5.13
20260927T200820Z-c857,bdcb775028e8cf1e,531301,gpu-nearfar,gpu,resident,s1,44,1,0,0,3,warm,0,1,12,5.16379,0,0,0,3.52665591,0.472043,0,,137,137,404,0,0,1090747,8765319,0,a2d077b44abc8be4,2495.87967,0,5.13
20260927T200820Z-c857,bdcb775028e8cf1e,1047443,gpu-nearfar,gpu,resident,s1,45,1,0,0,3,warm,0,1,12,5.057852,0,0,0,3.44102407,0.494413,0,,131,131,392,0,0,1091009,8767505,0,5193d56b59210cff,2495.01007,0,5.13
20260927T200820Z-c857,bdcb775028e8cf1e,638272,gpu-nearfar,gpu,resident,s1,46,1,0,0,3,warm,0,1,12,5.151703,0,0,0,3.55558395,0.468465,0,,138,138,410,0,0,1090771,8764856,0,55cd86ef2d52603f,2495.95894,0,5.13
20260927T200820Z-c857,bdcb775028e8cf1e,975530,gpu-nearfar,gpu,resident,s1,47,1,0,0,3,warm,0,1,12,5.08665,0,0,0,3.50486398,0.47348,0,,137,137,396,0,0,1091032,8768452,0,defa82ffc7c822c1,2496.4338,0,5.13
20260927T200820Z-c857,bdcb775028e8cf1e,914696,gpu-nearfar,gpu,resident,s1,48,1,0,0,3,warm,0,1,12,5.099374,0,0,0,3.50380802,0.467892,0,,136,136,398,0,0,1090473,8763818,0,b214dabb258e9aae,2495.87967,0,5.13
20260927T200820Z-c857,bdcb775028e8cf1e,169940,gpu-nearfar,gpu,resident,s1,49,1,0,0,3,warm,0,1,12,4.993741,0,0,0,3.39126396,0.468692,0,,130,130,382,0,0,1090657,8765231,0,aa0703ef4173c77e,2495.87967,0,5.13
20260927T200820Z-c857,bdcb775028e8cf1e,834360,gpu-nearfar,gpu,resident,s1,50,1,0,0,3,warm,0,1,12,4.950395,0,0,0,3.3526721,0.471064,0,,128,128,370,0,0,1090250,8761457,0,5691474dd60d91eb,2494.21964,0,5.13
20260927T200820Z-c857,bdcb775028e8cf1e,518322,gpu-nearfar,gpu,resident,s1,51,1,0,0,3,warm,0,1,12,5.078908,0,0,0,3.4577601,0.486083,0,,135,135,388,0,0,1090541,8763948,0,487e23ea466e3dc3,2494.93086,0,5.13
20260927T200820Z-c857,bdcb775028e8cf1e,577541,gpu-nearfar,gpu,resident,s1,52,1,0,0,3,warm,0,1,12,5.002545,0,0,0,3.37209606,0.481593,0,,129,129,368,0,0,1090700,8764182,0,b1fdbbb5e3df8eaf,2495.87967,0,5.13
20260927T200820Z-c857,bdcb775028e8cf1e,764242,gpu-nearfar,gpu,resident,s1,53,1,0,0,3,warm,0,1,12,5.030631,0,0,0,3.42016006,0.473804,0,,133,133,384,0,0,1090702,8765270,0,3d9713fe1cb13f0f,2495.72173,0,5.13
20260927T200820Z-c857,bdcb775028e8cf1e,14706,gpu-nearfar,gpu,resident,s1,54,1,0,0,3,warm,0,1,12,5.136089,0,0,0,3.52431989,0.473158,0,,135,135,392,0,0,1090603,8763968,0,670ec085e25725a5,2496.1962,0,5.13
20260927T200820Z-c857,bdcb775028e8cf1e,471650,gpu-nearfar,gpu,resident,s1,55,1,0,0,3,warm,0,1,12,5.158776,0,0,0,3.49248004,0.490873,0,,133,133,392,0,0,1090573,8763686,0,8e96feb8790153a9,2494.06162,0,5.13
20260927T200820Z-c857,bdcb775028e8cf1e,192150,gpu-nearfar,gpu,resident,s1,56,1,0,0,3,warm,0,1,12,5.145556,0,0,0,3.45804811,0.488168,0,,133,133,392,0,0,1090482,8763369,0,7a4e7c7f4964792a,2495.87967,0,5.13
20260927T200820Z-c857,bdcb775028e8cf1e,59477,gpu-nearfar,gpu,resident,s1,57,1,0,0,3,warm,0,1,12,4.978152,0,0,0,3.34080005,0.48501,0,,127,127,376,0,0,1090565,8763131,0,720be9d618fad5fd,2495.40532,0,5.13
20260927T200820Z-c857,bdcb775028e8cf1e,201224,gpu-nearfar,gpu,resident,s1,58,1,0,0,3,warm,0,1,12,4.966844,0,0,0,3.34822392,0.477188,0,,129,129,376,0,0,1090242,8759451,0,9def48f1ef14c98b,2496.03793,0,5.13
20260927T200820Z-c857,bdcb775028e8cf1e,12846,gpu-nearfar,gpu,resident,s1,59,1,0,0,3,warm,0,1,12,4.973524,0,0,0,3.36143994,0.479377,0,,128,128,374,0,0,1090561,8763636,0,4a251f0fc1f7c4d8,2494.21964,0,5.13
20260927T200820Z-c857,bdcb775028e8cf1e,88685,gpu-nearfar,gpu,resident,s1,60,1,0,0,3,warm,0,1,12,4.981205,0,0,0,3.35113597,0.472696,0,,129,129,372,0,0,1090637,8763538,0,35e1f7fbc76a56e6,2495.87967,0,5.13
20260927T200820Z-c857,bdcb775028e8cf1e,637,gpu-nearfar,gpu,resident,s1,61,1,0,0,3,warm,0,1,12,5.105166,0,0,0,3.49855995,0.475849,0,,137,137,396,0,0,1090295,8761615,0,55580c8117e41e29,2496.2755,0,5.13
20260927T200820Z-c857,bdcb775028e8cf1e,140682,gpu-nearfar,gpu,resident,s1,62,1,0,0,3,warm,0,1,12,5.043854,0,0,0,3.43091202,0.481464,0,,133,133,384,0,0,1090918,8767839,0,2275df8962059f7d,2495.87967,0,5.13
20260927T200820Z-c857,bdcb775028e8cf1e,242263,gpu-nearfar,gpu,resident,s1,63,1,0,0,3,warm,0,1,12,5.051587,0,0,0,3.44249606,0.475722,0,,132,132,386,0,0,1090671,8765090,0,aec23922016823f2,2495.87967,0,5.13
20260927T200820Z-c857,bdcb775028e8cf1e,955528,gpu-nearfar,gpu,resident,s1,64,1,0,0,3,warm,0,1,12,5.023652,0,0,0,3.427104,0.473447,0,,132,132,382,0,0,1090691,8765045,0,71745a9ddcfa9aed,2495.87967,0,5.13
20260927T200820Z-c857,bdcb775028e8cf1e,604431,gpu-nearfar,gpu,resident,s1,65,1,0,0,3,warm,0,1,12,5.046757,0,0,0,3.45356798,0.466909,0,,134,134,390,0,0,1090820,8766585,0,0f2fc4de9183f8e5,2495.87967,0,5.13
20260927T200820Z-c857,bdcb775028e8cf1e,968747,gpu-nearfar,gpu,resident,s1,66,1,0,0,3,warm,0,1,12,5.034583,0,0,0,3.43007994,0.469633,0,,133,133,388,0,0,1090437,8762635,0,23fb936cb9001886,2495.87967,0,5.13
20260927T200820Z-c857,bdcb775028e8cf1e,25579,gpu-nearfar,gpu,resident,s1,67,1,0,0,3,warm,0,1,12,5.004829,0,0,0,3.38483191,0.471313,0,,130,130,378,0,0,1090938,8768297,0,147f42102dacb4a9,2496.51281,0,5.13
20260927T200820Z-c857,bdcb775028e8cf1e,802074,gpu-nearfar,gpu,resident,s1,68,1,0,0,3,warm,0,1,12,5.037612,0,0,0,3.44655991,0.473211,0,,133,133,392,0,0,1090739,8766289,0,9ab4ea21ea39d810,2495.87967,0,5.13
20260927T200820Z-c857,bdcb775028e8cf1e,785602,gpu-nearfar,gpu,resident,s1,69,1,0,0,3,warm,0,1,12,5.013254,0,0,0,3.41574407,0.476805,0,,132,132,386,0,0,1090977,8768014,0,904abcbc011db59e,2495.87967,0,5.13
20260927T200820Z-c857,bdcb775028e8cf1e,800647,gpu-nearfar,gpu,resident,s1,70,1,0,0,3,warm,0,1,12,5.074537,0,0,0,3.47503996,0.480763,0,,135,135,388,0,0,1090309,8761861,0,963c10a1708eaba2,2495.87967,0,5.13
20260927T200820Z-c857,bdcb775028e8cf1e,1034835,gpu-nearfar,gpu,resident,s1,71,1,0,0,3,warm,0,1,12,4.924859,0,0,0,3.32256007,0.478402,0,,126,126,370,0,0,1090890,8765966,0,e6fa7c6616165044,2493.98276,0,5.13
20260927T200820Z-c857,bdcb775028e8cf1e,591983,gpu-nearfar,gpu,resident,s1,72,1,0,0,3,warm,0,1,12,5.033682,0,0,0,3.436064,0.478282,0,,134,134,394,0,0,1090296,8762152,0,6d8caa59599b10cf,2495.87967,0,5.13
20260927T200820Z-c857,bdcb775028e8cf1e,509143,gpu-nearfar,gpu,resident,s1,73,1,0,0,3,warm,0,1,12,5.090689,0,0,0,3.48720002,0.486586,0,,135,135,400,0,0,1090680,8764756,0,6ebbe9cb431c1e34,2495.87967,0,5.13
20260927T200820Z-c857,bdcb775028e8cf1e,258004,gpu-nearfar,gpu,resident,s1,74,1,0,0,3,warm,0,1,12,5.044997,0,0,0,3.43379211,0.485156,0,,132,132,394,0,0,1090638,8764728,0,8fe71bf6883af38c,2494.21964,0,5.13
20260927T200820Z-c857,bdcb775028e8cf1e,1008134,gpu-nearfar,gpu,resident,s1,75,1,0,0,3,warm,0,1,12,5.006251,0,0,0,3.3982079,0.478289,0,,129,129,380,0,0,1090833,8765238,0,cdc782d99fbeccfa,2495.87967,0,5.13
20260927T200820Z-c857,bdcb775028e8cf1e,693058,gpu-nearfar,gpu,resident,s1,76,1,0,0,3,warm,0,1,12,5.044302,0,0,0,3.4577601,0.471407,0,,134,134,394,0,0,1090765,8765870,0,62b2e74b763aa377,2494.21964,0,5.13
20260927T200820Z-c857,bdcb775028e8cf1e,567498,gpu-nearfar,gpu,resident,s1,77,1,0,0,3,warm,0,1,12,5.072702,0,0,0,3.48540807,0.467868,0,,136,136,394,0,0,1090650,8764117,0,b3954405507118b0,2495.87967,0,5.13
20260927T200820Z-c857,bdcb775028e8cf1e,626061,gpu-nearfar,gpu,resident,s1,78,1,0,0,3,warm,0,1,12,4.99688,0,0,0,3.39731193,0.475138,0,,130,130,382,0,0,1090844,8767155,0,61fd094b9998fbe0,2495.87967,0,5.13
20260927T200820Z-c857,bdcb775028e8cf1e,599867,gpu-nearfar,gpu,resident,s1,79,1,0,0,3,warm,0,1,12,5.137006,0,0,0,3.54876804,0.471406,0,,139,139,408,0,0,1090591,8765735,0,4284c3996437d273,2493.98276,0,5.13
20260927T200820Z-c857,bdcb775028e8cf1e,721594,gpu-nearfar,gpu,resident,s1,80,1,0,0,3,warm,0,1,12,5.045872,0,0,0,3.43980789,0.486969,0,,132,132,386,0,0,1090396,8762483,0,c5027d3d7bcd5d43,2493.66679,0,5.13
20260927T200820Z-c857,bdcb775028e8cf1e,755768,gpu-nearfar,gpu,resident,s1,81,1,0,0,3,warm,0,1,12,4.959682,0,0,0,3.35830402,0.476596,0,,129,129,380,0,0,1090243,8761355,0,955e6864f3462f95,2495.87967,0,5.13
20260927T200820Z-c857,bdcb775028e8cf1e,481879,gpu-nearfar,gpu,resident,s1,82,1,0,0,3,warm,0,1,12,5.144906,0,0,0,3.51596808,0.493482,0,,137,137,392,0,0,1090818,8766313,0,4d31dc5efe4dd68c,2496.3545,0,5.13
20260927T200820Z-c857,bdcb775028e8cf1e,666926,gpu-nearfar,gpu,resident,s1,83,1,0,0,3,warm,0,1,12,5.009663,0,0,0,3.39113593,0.480709,0,,131,131,376,0,0,1090673,8764121,0,e59c132c158e1970,2496.1962,0,5.13
20260927T200820Z-c857,bdcb775028e8cf1e,812308,gpu-nearfar,gpu,resident,s1,84,1,0,0,3,warm,0,1,12,5.095508,0,0,0,3.47020793,0.484854,0,,135,135,392,0,0,1090789,8765477,0,0f02fef1f6f062f9,2495.95894,0,5.13
20260927T200820Z-c857,bdcb775028e8cf1e,940471,gpu-nearfar,gpu,resident,s1,85,1,0,0,3,warm,0,1,12,5.009939,0,0,0,3.39625597,0.464878,0,,127,127,376,0,0,1090305,8761889,0,d4f15bd52e42c464,2493.35119,0,5.13
20260927T200820Z-c857,bdcb775028e8cf1e,705817,gpu-nearfar,gpu,resident,s1,86,1,0,0,3,warm,0,1,12,5.016277,0,0,0,3.42707205,0.466954,0,,131,131,388,0,0,1090686,8764583,0,2f9e346e5a9590b3,2495.87967,0,5.13
20260927T200820Z-c857,bdcb775028e8cf1e,378775,gpu-nearfar,gpu,resident,s1,87,1,0,0,3,warm,0,1,12,5.086139,0,0,0,3.45971203,0.468799,0,,134,134,398,0,0,1090573,8763901,0,247dc886d68cf358,2495.87967,0,5.13
20260927T200820Z-c857,bdcb775028e8cf1e,11928,gpu-nearfar,gpu,resident,s1,88,1,0,0,3,warm,0,1,12,5.070757,0,0,0,3.43887997,0.467506,0,,134,134,390,0,0,1090668,8764808,0,86b14882cf633e0e,2494.21964,0,5.13
20260927T200820Z-c857,bdcb775028e8cf1e,149969,gpu-nearfar,gpu,resident,s1,89,1,0,0,3,warm,0,1,12,5.063303,0,0,0,3.41388798,0.47075,0,,134,134,386,0,0,1090266,8760197,0,45297a6a252cf4a3,2496.4338,0,5.13
20260927T200820Z-c857,bdcb775028e8cf1e,518422,gpu-nearfar,gpu,resident,s1,90,1,0,0,3,warm,0,1,12,5.050763,0,0,0,3.41865611,0.490265,0,,131,131,384,0,0,1090988,8767399,0,48d221e86e4fc6b8,2494.21964,0,5.13
20260927T200820Z-c857,bdcb775028e8cf1e,764093,gpu-nearfar,gpu,resident,s1,91,1,0,0,3,warm,0,1,12,5.037618,0,0,0,3.42611194,0.485592,0,,133,133,380,0,0,1090686,8764323,0,30627382b9126684,2495.87967,0,5.13
20260927T200820Z-c857,bdcb775028e8cf1e,818556,gpu-nearfar,gpu,resident,s1,92,1,0,0,3,warm,0,1,12,5.012628,0,0,0,3.41283202,0.484416,0,,131,131,384,0,0,1090364,8761280,0,27a240572492669c,2495.87967,0,5.13
20260927T200820Z-c857,bdcb775028e8cf1e,284007,gpu-nearfar,gpu,resident,s1,93,1,0,0,3,warm,0,1,12,4.920617,0,0,0,3.33200002,0.469634,0,,126,126,370,0,0,1090553,8763393,0,d3f6714dfb85bc57,2498.41358,0,5.13
20260927T200820Z-c857,bdcb775028e8cf1e,147527,gpu-nearfar,gpu,resident,s1,94,1,0,0,3,warm,0,1,12,4.939628,0,0,0,3.33475208,0.489438,0,,127,127,372,0,0,1090615,8764475,0,d049b16980e0f60c,2498.41358,0,5.13
20260927T200820Z-c857,bdcb775028e8cf1e,810773,gpu-nearfar,gpu,resident,s1,95,1,0,0,3,warm,0,1,12,4.988203,0,0,0,3.385216,0.473903,0,,130,130,382,0,0,1090919,8766589,0,6fd146baf7e50cb8,2498.41358,0,5.13
20260927T200820Z-c857,bdcb775028e8cf1e,496849,gpu-nearfar,gpu,resident,s1,96,1,0,0,3,warm,0,1,12,4.998978,0,0,0,3.41257596,0.470515,0,,132,132,390,0,0,1090118,8759491,0,51e6ca03ae62fe83,2495.87967,0,5.13
20260927T200820Z-c857,bdcb775028e8cf1e,1013688,gpu-nearfar,gpu,resident,s1,97,1,0,0,3,warm,0,1,12,5.172865,0,0,0,3.41971207,0.544789,0,,130,130,382,0,0,1090571,8764604,0,30b5e615d19b4db7,2496.11721,0,5.13
20260927T200820Z-c857,bdcb775028e8cf1e,935512,gpu-nearfar,gpu,resident,s1,98,1,0,0,3,warm,0,1,12,5.295911,0,0,0,3.51203203,0.505013,0,,133,133,388,0,0,1090821,8765604,0,345b9f3d13942b0a,2495.87967,0,5.13
20260927T200820Z-c857,bdcb775028e8cf1e,714883,gpu-nearfar,gpu,resident,s1,99,1,0,0,3,warm,0,1,12,5.230911,0,0,0,3.42889595,0.516788,0,,131,131,384,0,0,1090320,8761265,0,3caa4b9d4e60a28c,2494.29881,0,5.13
20260927T200820Z-c857,bdcb775028e8cf1e,670214,gpu-nearfar,gpu,resident,s1,100,1,0,0,3,warm,0,1,12,5.168291,0,0,0,3.50003195,0.480893,0,,132,132,390,0,0,1090904,8765335,0,58cdbd04e9ad4b5a,2495.87967,0,5.13
20260927T200820Z-c857,bdcb775028e8cf1e,922346,gpu-nearfar,gpu,resident,s1,101,1,0,0,3,warm,0,1,12,5.04784,0,0,0,3.43136001,0.471009,0,,133,133,384,0,0,1090779,8765651,0,a9345b2da1f507da,2496.75018,0,5.13
20260927T200820Z-c857,bdcb775028e8cf1e,802242,gpu-nearfar,gpu,resident,s1,102,1,0,0,3,warm,0,1,12,5.129649,0,0,0,3.39932799,0.500118,0,,130,130,382,0,0,1090560,8763790,0,36cceee4a9db6a4b,2494.21964,0,5.13
20260927T200820Z-c857,bdcb775028e8cf1e,45284,gpu-nearfar,gpu,resident,s1,103,1,0,0,3,warm,0,1,12,5.092887,0,0,0,3.46620798,0.472883,0,,134,134,390,0,0,1090404,8762894,0,8cde483398c0c574,2495.56352,0,5.13
20260927T200820Z-c857,bdcb775028e8cf1e,908797,gpu-nearfar,gpu,resident,s1,104,1,0,0,3,warm,0,1,12,5.124857,0,0,0,3.50444794,0.474416,0,,134,134,398,0,0,1090385,8761951,0,693d054e427576ec,2495.87967,0,5.13
20260927T200820Z-c857,bdcb775028e8cf1e,281396,gpu-nearfar,gpu,resident,s1,105,1,0,0,3,warm,0,1,12,5.092119,0,0,0,3.48220801,0.479258,0,,134,134,390,0,0,1090666,8764310,0,b14bb4ea16e9e257,2494.06162,0,5.13
20260927T200820Z-c857,bdcb775028e8cf1e,1000550,gpu-nearfar,gpu,resident,s1,106,1,0,0,3,warm,0,1,12,4.945528,0,0,0,3.33369589,0.489062,0,,127,127,368,0,0,1090683,8764517,0,1100489ad95e65a9,2495.87967,0,5.13
20260927T200820Z-c857,bdcb775028e8cf1e,73594,gpu-nearfar,gpu,resident,s1,107,1,0,0,3,warm,0,1,12,5.090746,0,0,0,3.46777606,0.488865,0,,135,135,396,0,0,1090806,8765199,0,f80913d9ffa61601,2498.41358,0,5.13
20260927T200820Z-c857,bdcb775028e8cf1e,301631,gpu-nearfar,gpu,resident,s1,108,1,0,0,3,warm,0,1,12,5.010296,0,0,0,3.393152,0.477588,0,,132,132,382,0,0,1090282,8761239,0,ffb0bdb411984f79,2495.87967,0,5.13
20260927T200820Z-c857,bdcb775028e8cf1e,430170,gpu-nearfar,gpu,resident,s1,109,1,0,0,3,warm,0,1,12,5.068096,0,0,0,3.47827196,0.469956,0,,136,136,394,0,0,1090654,8764359,0,3ddac9680cf654ec,2493.98276,0,5.13
20260927T200820Z-c857,bdcb775028e8cf1e,752814,gpu-nearfar,gpu,resident,s1,110,1,0,0,3,warm,0,1,12,5.072394,0,0,0,3.45151997,0.483284,0,,132,132,390,0,0,1091211,8770218,0,894bd5913f3ff4d4,2495.87967,0,5.13
20260927T200820Z-c857,bdcb775028e8cf1e,679839,gpu-nearfar,gpu,resident,s1,111,1,0,0,3,warm,0,1,12,5.007307,0,0,0,3.41756797,0.46823,0,,133,133,388,0,0,1090427,8763069,0,2311d0e3a8eb00ff,2495.87967,0,5.13
20260927T200820Z-c857,bdcb775028e8cf1e,619664,gpu-nearfar,gpu,resident,s1,112,1,0,0,3,warm,0,1,12,5.095045,0,0,0,3.472224,0.490696,0,,131,131,384,0,0,1090184,8761193,0,67d5b0180727b207,2495.87967,0,5.13
20260927T200820Z-c857,bdcb775028e8cf1e,98827,gpu-nearfar,gpu,resident,s1,113,1,0,0,3,warm,0,1,12,5.018068,0,0,0,3.40332794,0.469978,0,,131,131,384,0,0,1090500,8762620,0,028ac127e1d04635,2495.72173,0,5.13
20260927T200820Z-c857,bdcb775028e8cf1e,105994,gpu-nearfar,gpu,resident,s1,114,1,0,0,3,warm,0,1,12,5.179864,0,0,0,3.47827196,0.475815,0,,134,134,390,0,0,1090418,8762175,0,6101a6af17cce50a,2495.56352,0,5.13
20260927T200820Z-c857,bdcb775028e8cf1e,243457,gpu-nearfar,gpu,resident,s1,115,1,0,0,3,warm,0,1,12,5.097113,0,0,0,3.45827198,0.489449,0,,132,132,390,0,0,1090881,8766757,0,d63dcb9c463e2915,2493.98276,0,5.13
20260927T200820Z-c857,bdcb775028e8cf1e,734875,gpu-nearfar,gpu,resident,s1,116,1,0,0,3,warm,0,1,12,5.179538,0,0,0,3.56300807,0.488286,0,,136,136,398,0,0,1090982,8768308,0,4ff936efc2f83018,2495.72173,0,5.13
20260927T200820Z-c857,bdcb775028e8cf1e,370736,gpu-nearfar,gpu,resident,s1,117,1,0,0,3,warm,0,1,12,5.144451,0,0,0,3.53158402,0.467999,0,,136,136,410,0,0,1090677,8765384,0,dddd8859f17554f0,2495.87967,0,5.13
20260927T200820Z-c857,bdcb775028e8cf1e,521055,gpu-nearfar,gpu,resident,s1,118,1,0,0,3,warm,0,1,12,5.071754,0,0,0,3.470016,0.467419,0,,134,134,394,0,0,1090555,8764015,0,b294e6b0e2222d00,2495.87967,0,5.13
20260927T200820Z-c857,bdcb775028e8cf1e,697461,gpu-nearfar,gpu,resident,s1,119,1,0,0,3,warm,0,1,12,5.025037,0,0,0,3.42089605,0.471856,0,,132,132,382,0,0,1090423,8762130,0,c89ae9f21d6f3a2f,2495.87967,0,5.13
20260927T200820Z-c857,bdcb775028e8cf1e,696648,gpu-nearfar,gpu,resident,s1,120,1,0,0,3,warm,0,1,12,5.002715,0,0,0,3.36272001,0.490898,0,,127,127,376,0,0,1090860,8766066,0,e037bd626e593f61,2495.87967,0,5.13
20260927T200820Z-c857,bdcb775028e8cf1e,322939,gpu-nearfar,gpu,resident,s1,121,1,0,0,3,warm,0,1,12,5.018458,0,0,0,3.41167998,0.474944,0,,132,132,382,0,0,1090242,8761081,0,b87b221b270ba537,2494.06162,0,5.13
20260927T200820Z-c857,bdcb775028e8cf1e,235403,gpu-nearfar,gpu,resident,s1,122,1,0,0,3,warm,0,1,12,5.033772,0,0,0,3.43494391,0.469958,0,,133,133,388,0,0,1090870,8765563,0,df346452db877857,2495.87967,0,5.13
20260927T200820Z-c857,bdcb775028e8cf1e,842932,gpu-nearfar,gpu,resident,s1,123,1,0,0,3,warm,0,1,12,4.992197,0,0,0,3.39289594,0.468524,0,,132,132,382,0,0,1090635,8765237,0,af21ce208f9f1ea0,2495.87967,0,5.13
20260927T200820Z-c857,bdcb775028e8cf1e,776073,gpu-nearfar,gpu,resident,s1,124,1,0,0,3,warm,0,1,12,4.970682,0,0,0,3.365376,0.462225,0,,128,128,374,0,0,1090673,8764912,0,7e405523a60c0b48,2495.48427,0,5.13
20260927T200820Z-c857,bdcb775028e8cf1e,159157,gpu-nearfar,gpu,resident,s1,125,1,0,0,3,warm,0,1,12,5.057836,0,0,0,3.45977592,0.461825,0,,136,136,390,0,0,1090555,8763039,0,f3d9b207575393e3,2493.35119,0,5.13
20260927T200820Z-c857,bdcb775028e8cf1e,824874,gpu-nearfar,gpu,resident,s1,126,1,0,0,3,warm,0,1,12,4.939298,0,0,0,3.34678411,0.459884,0,,129,129,372,0,0,1090559,8763527,0,d96a4f94f9e5b71e,2493.58796,0,5.13
20260927T200820Z-c857,bdcb775028e8cf1e,523339,gpu-nearfar,gpu,resident,s1,127,1,0,0,3,warm,0,1,12,7.042185,0,0,0,3.49663997,0.469564,1.941833,,137,137,400,0,0,1090401,8762608,0,f45d5e630c88b75d,2495.40532,0,5.13
20260927T200820Z-c857,bdcb775028e8cf1e,140379,gpu-frontier,gpu,resident,s2,0,2,0,0,0,warm,0,1,0,9.33262,0,0.266043,4.4237442,4.10934401,0.512044,0,,29,29,29,0,0,3748582,30147722,0,962513fc443036ca,2495.72173,0,5.13
20260927T200820Z-c857,bdcb775028e8cf1e,143033,gpu-frontier,gpu,resident,s2,1,2,0,0,0,warm,0,1,0,4.357919,0,0,0,3.90016007,0.446231,0,,28,28,28,0,0,3556606,28589982,0,45bee60043588143,2495.87967,0,5.13
20260927T200820Z-c857,bdcb775028e8cf1e,473133,gpu-frontier,gpu,resident,s2,2,2,0,0,0,warm,0,1,0,4.582135,0,0,0,4.13164806,0.43888,0,,31,31,31,0,0,3750997,30173972,0,ad940a6a7c9f6e79,2494.21964,0,5.13
20260927T200820Z-c857,bdcb775028e8cf1e,22045,gpu-frontier,gpu,resident,s2,3,2,0,0,0,warm,0,1,0,4.418601,0,0,0,3.97193599,0.435074,0,,28,28,28,0,0,3633533,29211583,0,3c8a4f6babe2bcfa,2495.87967,0,5.13
20260927T200820Z-c857,bdcb775028e8cf1e,367943,gpu-frontier,gpu,resident,s2,4,2,0,0,0,warm,0,1,0,4.441777,0,0,0,3.97177601,0.457288,0,,31,31,31,0,0,3604691,28980033,0,8f49d64399cf55ba,2496.03793,0,5.13
20260927T200820Z-c857,bdcb775028e8cf1e,955628,gpu-frontier,gpu,resident,s2,5,2,0,0,0,warm,0,1,0,4.453851,0,0,0,4.00892782,0.433443,0,,28,28,28,0,0,3659223,29431228,0,97ac752781dd9e47,2495.87967,0,5.13
20260927T200820Z-c857,bdcb775028e8cf1e,493619,gpu-frontier,gpu,resident,s2,6,2,0,0,0,warm,0,1,0,4.419473,0,0,0,4.0036478,0.404572,0,,27,27,27,0,0,3681302,29614952,0,01947ce70d300df5,2495.87967,0,5.13
20260927T200820Z-c857,bdcb775028e8cf1e,78040,gpu-frontier,gpu,resident,s2,7,2,0,0,0,warm,0,1,0,4.430975,0,0,0,4.01599979,0.404028,0,,30,30,30,0,0,3670213,29512169,0,7ce762e264c535fb,2495.87967,0,5.13
20260927T200820Z-c857,bdcb775028e8cf1e,597528,gpu-frontier,gpu,resident,s2,8,2,0,0,0,warm,0,1,0,4.370552,0,0,0,3.92691207,0.4328,0,,31,31,31,0,0,3568165,28690200,0,8eb259ff3f497ebc,2488.46629,0,5.13
20260927T200820Z-c857,bdcb775028e8cf1e,666088,gpu-frontier,gpu,resident,s2,9,2,0,0,0,warm,0,1,0,4.500296,0,0,0,4.05916786,0.431201,0,,29,29,29,0,0,3716976,29880286,0,8babfd558442eb36,2506.04627,0,5.13
20260927T200820Z-c857,bdcb775028e8cf1e,93798,gpu-frontier,gpu,resident,s2,10,2,0,0,0,warm,0,1,0,4.611227,0,0,0,4.15350389,0.445373,0,,30,30,30,0,0,3823868,30738533,0,d776da21d464498f,2503.49686,0,5.13
20260927T200820Z-c857,bdcb775028e8cf1e,583195,gpu-frontier,gpu,resident,s2,11,2,0,0,0,warm,0,1,0,5.269605,0,0,0,4.85472012,0.404013,0,,32,32,32,0,0,4469750,35975926,0,172aa003797174fd,2503.33766,0,5.13
20260927T200820Z-c857,bdcb775028e8cf1e,828010,gpu-frontier,gpu,resident,s2,12,2,0,0,0,warm,0,1,0,4.36749,0,0,0,3.94531202,0.411721,0,,28,28,28,0,0,3622273,29128029,0,24e48fed204afe20,2504.4525,0,5.13
20260927T200820Z-c857,bdcb775028e8cf1e,232399,gpu-frontier,gpu,resident,s2,13,2,0,0,0,warm,0,1,0,4.68288,0,0,0,4.26595211,0.405711,0,,33,33,33,0,0,3895842,31347761,0,9e4d36e9fa7c15f8,2503.73585,0,5.13
20260927T200820Z-c857,bdcb775028e8cf1e,439005,gpu-frontier,gpu,resident,s2,14,2,0,0,0,warm,0,1,0,4.505847,0,0,0,4.08668804,0.406166,0,,28,28,28,0,0,3778708,30399780,0,8e4128a19e9259cb,2504.4525,0,5.13
20260927T200820Z-c857,bdcb775028e8cf1e,261911,gpu-frontier,gpu,resident,s2,15,2,0,0,0,warm,0,1,0,4.471434,0,0,0,4.060256,0.400571,0,,29,29,29,0,0,3735432,30041212,0,42def7b4c28fed4d,2504.05408,0,5.13
20260927T200820Z-c857,bdcb775028e8cf1e,306042,gpu-frontier,gpu,resident,s2,16,2,0,0,0,warm,0,1,0,4.654823,0,0,0,4.22896004,0.415322,0,,30,30,30,0,0,3907796,31414780,0,caef7bb3d74e71e7,2504.37269,0,5.13
20260927T200820Z-c857,bdcb775028e8cf1e,842254,gpu-frontier,gpu,resident,s2,17,2,0,0,0,warm,0,1,0,4.600876,0,0,0,4.17878389,0.411219,0,,32,32,32,0,0,3809858,30625454,0,d7fe1f2a8f019015,2506.04627,0,5.13
20260927T200820Z-c857,bdcb775028e8cf1e,497647,gpu-frontier,gpu,resident,s2,18,2,0,0,0,warm,0,1,0,4.503224,0,0,0,4.08563185,0.406771,0,,29,29,29,0,0,3754675,30207265,0,fec7b1878b41d172,2503.33766,0,5.13
20260927T200820Z-c857,bdcb775028e8cf1e,283052,gpu-frontier,gpu,resident,s2,19,2,0,0,0,warm,0,1,0,4.46749,0,0,0,4.05801582,0.398516,0,,29,29,29,0,0,3746607,30140561,0,7118d82e727075df,2503.65608,0,5.13
20260927T200820Z-c857,bdcb775028e8cf1e,299936,gpu-frontier,gpu,resident,s2,20,2,0,0,0,warm,0,1,0,4.397327,0,0,0,3.98019195,0.406682,0,,30,30,30,0,0,3633069,29209169,0,cacd11290a4229d3,2504.37269,0,5.13
20260927T200820Z-c857,bdcb775028e8cf1e,785373,gpu-frontier,gpu,resident,s2,21,2,0,0,0,warm,0,1,0,4.801174,0,0,0,4.38361597,0.407618,0,,30,30,30,0,0,4072764,32762837,0,59a7d838e8fde54e,2503.49686,0,5.13
20260927T200820Z-c857,bdcb775028e8cf1e,480378,gpu-frontier,gpu,resident,s2,22,2,0,0,0,warm,0,1,0,4.316538,0,0,0,3.89830399,0.406855,0,,31,31,31,0,0,3552456,28575655,0,8d61a1f8360384c2,2504.13387,0,5.13
20260927T200820Z-c857,bdcb775028e8cf1e,321060,gpu-frontier,gpu,resident,s2,23,2,0,0,0,warm,0,1,0,4.442061,0,0,0,4.02931213,0.401695,0,,29,29,29,0,0,3704550,29775711,0,a31502366da41b8f,2506.04627,0,5.13
20260927T200820Z-c857,bdcb775028e8cf1e,337388,gpu-frontier,gpu,resident,s2,24,2,0,0,0,warm,0,1,0,4.528888,0,0,0,3.98268795,0.53547,0,,30,30,30,0,0,3645979,29333173,0,8c08c70ebb3ac3fb,2507.00356,0,5.13
20260927T200820Z-c857,bdcb775028e8cf1e,118671,gpu-frontier,gpu,resident,s2,25,2,0,0,0,warm,0,1,0,4.620458,0,0,0,4.10979223,0.500448,0,,32,32,32,0,0,3746860,30136391,0,0c15ec8650da6629,2506.60462,0,5.13
20260927T200820Z-c857,bdcb775028e8cf1e,125150,gpu-frontier,gpu,resident,s2,26,2,0,0,0,warm,0,1,0,4.723941,0,0,0,4.24035215,0.471585,0,,31,31,31,0,0,3879566,31194136,0,5df60853290e8825,2508.60087,0,5.13
20260927T200820Z-c857,bdcb775028e8cf1e,72476,gpu-frontier,gpu,resident,s2,27,2,0,0,0,warm,0,1,0,4.422923,0,0,0,3.99545598,0.41673,0,,29,29,29,0,0,4015009,32300443,0,9d309008139d89e2,2511.96159,0,5.13
20260927T200820Z-c857,bdcb775028e8cf1e,728509,gpu-frontier,gpu,resident,s2,28,2,0,0,0,warm,0,1,0,4.08503,0,0,0,3.64182401,0.432283,0,,28,28,28,0,0,3640459,29289796,0,5c3d8df36abcfc12,2513.72573,0,5.13
20260927T200820Z-c857,bdcb775028e8cf1e,679264,gpu-frontier,gpu,resident,s2,29,2,0,0,0,warm,0,1,0,4.270079,0,0,0,3.85203195,0.407843,0,,30,30,30,0,0,3825886,30783919,0,c6e211fc2a14bb1e,2513.08413,0,5.13
20260927T200820Z-c857,bdcb775028e8cf1e,828590,gpu-frontier,gpu,resident,s2,30,2,0,0,0,warm,0,1,0,4.176203,0,0,0,3.73222399,0.433273,0,,28,28,28,0,0,3719139,29920323,0,2ae9225c26b53613,2513.72573,0,5.13
20260927T200820Z-c857,bdcb775028e8cf1e,411591,gpu-frontier,gpu,resident,s2,31,2,0,0,0,warm,0,1,0,4.112173,0,0,0,3.66473603,0.437523,0,,28,28,28,0,0,3644956,29297506,0,87c40e56ae5ffca7,2512.2022,0,5.13
20260927T200820Z-c857,bdcb775028e8cf1e,555679,gpu-frontier,gpu,resident,s2,32,2,0,0,0,warm,0,1,0,4.255528,0,0,0,3.72006392,0.52282,0,,28,28,28,0,0,3715242,29864310,0,9f18f792be207582,2513.72573,0,5.13
20260927T200820Z-c857,bdcb775028e8cf1e,417721,gpu-frontier,gpu,resident,s2,33,2,0,0,0,warm,0,1,0,4.417398,0,0,0,3.80041599,0.605899,0,,29,29,29,0,0,3806007,30619092,0,40f1a85ee049ae51,2513.72573,0,5.13
20260927T200820Z-c857,bdcb775028e8cf1e,199603,gpu-frontier,gpu,resident,s2,34,2,0,0,0,warm,0,1,0,4.384856,0,0,0,3.83504009,0.536377,0,,30,30,30,0,0,3774846,30347962,0,52eab23b1dc3a0d8,2511.96159,0,5.13
20260927T200820Z-c857,bdcb775028e8cf1e,625990,gpu-frontier,gpu,resident,s2,35,2,0,0,0,warm,0,1,0,4.359438,0,0,0,3.831424,0.514783,0,,29,29,29,0,0,3753647,30171982,0,1f91735b89b1e749,2513.72573,0,5.13
20260927T200820Z-c857,bdcb775028e8cf1e,931576,gpu-frontier,gpu,resident,s2,36,2,0,0,0,warm,0,1,0,4.437113,0,0,0,3.9852159,0.440375,0,,32,32,32,0,0,3925202,31567919,0,f9b3834a03c725b2,2514.12694,0,5.13
20260927T200820Z-c857,bdcb775028e8cf1e,388607,gpu-frontier,gpu,resident,s2,37,2,0,0,0,warm,0,1,0,4.350169,0,0,0,3.89606404,0.442968,0,,30,30,30,0,0,3865185,31078369,0,2469a61a38128657,2511.88159,0,5.13
20260927T200820Z-c857,bdcb775028e8cf1e,40305,gpu-frontier,gpu,resident,s2,38,2,0,0,0,warm,0,1,0,4.378682,0,0,0,3.92588806,0.441867,0,,31,31,31,0,0,3871421,31155210,0,a95dfd3d0c7b8217,2513.96638,0,5.13
20260927T200820Z-c857,bdcb775028e8cf1e,297024,gpu-frontier,gpu,resident,s2,39,2,0,0,0,warm,0,1,0,4.367304,0,0,0,3.92799997,0.429333,0,,30,30,30,0,0,3898326,31350551,0,126ebac47fb036d5,2513.72573,0,5.13
20260927T200820Z-c857,bdcb775028e8cf1e,928309,gpu-frontier,gpu,resident,s2,40,2,0,0,0,warm,0,1,0,4.276249,0,0,0,3.81494403,0.450335,0,,29,29,29,0,0,3786554,30437917,0,1d4f08d9e5c4d39f,2513.72573,0,5.13
20260927T200820Z-c857,bdcb775028e8cf1e,274490,gpu-frontier,gpu,resident,s2,41,2,0,0,0,warm,0,1,0,4.354103,0,0,0,3.90352011,0.439746,0,,31,31,31,0,0,3861086,31063699,0,b8ae98805b057b5a,2513.72573,0,5.13
20260927T200820Z-c857,bdcb775028e8cf1e,545768,gpu-frontier,gpu,resident,s2,42,2,0,0,0,warm,0,1,0,4.098742,0,0,0,3.66380811,0.424044,0,,30,30,30,0,0,3610503,29036752,0,804a6099fd45f9f1,2513.72573,0,5.13
20260927T200820Z-c857,bdcb775028e8cf1e,20469,gpu-frontier,gpu,resident,s2,43,2,0,0,0,warm,0,1,0,3.932097,0,0,0,3.49385595,0.427811,0,,27,27,27,0,0,3468787,27888346,0,67718541774a1c58,2513.72573,0,5.13
20260927T200820Z-c857,bdcb775028e8cf1e,531301,gpu-frontier,gpu,resident,s2,44,2,0,0,0,warm,0,1,0,4.24231,0,0,0,3.80591989,0.425676,0,,31,31,31,0,0,3750817,30150519,0,a2d077b44abc8be4,2511.88159,0,5.13
20260927T200820Z-c857,bdcb775028e8cf1e,1047443,gpu-frontier,gpu,resident,s2,45,2,0,0,0,warm,0,1,0,4.318507,0,0,0,3.88995194,0.418686,0,,30,30,30,0,0,3866703,31111439,0,5193d56b59210cff,2513.72573,0,5.13
20260927T200820Z-c857,bdcb775028e8cf1e,638272,gpu-frontier,gpu,resident,s2,46,2,0,0,0,warm,0,1,0,4.478676,0,0,0,4.01043177,0.457667,0,,32,32,32,0,0,3988520,32093795,0,55cd86ef2d52603f,2513.32465,0,5.13
20260927T200820Z-c857,bdcb775028e8cf1e,975530,gpu-frontier,gpu,resident,s2,47,2,0,0,0,warm,0,1,0,4.430702,0,0,0,4.0097599,0.409719,0,,31,31,31,0,0,3970985,31951296,0,defa82ffc7c822c1,2512.04188,0,5.13
20260927T200820Z-c857,bdcb775028e8cf1e,914696,gpu-frontier,gpu,resident,s2,48,2,0,0,0,warm,0,1,0,4.099382,0,0,0,3.67910409,0.41006,0,,29,29,29,0,0,3661628,29452094,0,b214dabb258e9aae,2513.72573,0,5.13
20260927T200820Z-c857,bdcb775028e8cf1e,169940,gpu-frontier,gpu,resident,s2,49,2,0,0,0,warm,0,1,0,4.090536,0,0,0,3.67183995,0.40786,0,,28,28,28,0,0,3650759,29356701,0,aa0703ef4173c77e,2513.72573,0,5.13
20260927T200820Z-c857,bdcb775028e8cf1e,834360,gpu-frontier,gpu,resident,s2,50,2,0,0,0,warm,0,1,0,4.297668,0,0,0,3.8725121,0.41405,0,,30,30,30,0,0,3840159,30877374,0,5691474dd60d91eb,2513.72573,0,5.13
20260927T200820Z-c857,bdcb775028e8cf1e,518322,gpu-frontier,gpu,resident,s2,51,2,0,0,0,warm,0,1,0,4.275901,0,0,0,3.86022401,0.405143,0,,29,29,29,0,0,3858003,31038172,0,487e23ea466e3dc3,2513.88626,0,5.13
20260927T200820Z-c857,bdcb775028e8cf1e,577541,gpu-frontier,gpu,resident,s2,52,2,0,0,0,warm,0,1,0,4.506682,0,0,0,4.08550406,0.410899,0,,31,31,31,0,0,4053643,32616631,0,b1fdbbb5e3df8eaf,2513.72573,0,5.13
20260927T200820Z-c857,bdcb775028e8cf1e,764242,gpu-frontier,gpu,resident,s2,53,2,0,0,0,warm,0,1,0,4.410719,0,0,0,3.9462719,0.453898,0,,33,33,33,0,0,3872485,31154748,0,3d9713fe1cb13f0f,2513.72573,0,5.13
20260927T200820Z-c857,bdcb775028e8cf1e,14706,gpu-frontier,gpu,resident,s2,54,2,0,0,0,warm,0,1,0,4.26526,0,0,0,3.83475208,0.419861,0,,29,29,29,0,0,3826674,30758020,0,670ec085e25725a5,2514.20737,0,5.13
20260927T200820Z-c857,bdcb775028e8cf1e,471650,gpu-frontier,gpu,resident,s2,55,2,0,0,0,warm,0,1,0,4.073528,0,0,0,3.64527988,0.417546,0,,30,30,30,0,0,3593836,28886411,0,8e96feb8790153a9,2511.88159,0,5.13
20260927T200820Z-c857,bdcb775028e8cf1e,192150,gpu-frontier,gpu,resident,s2,56,2,0,0,0,warm,0,1,0,4.244496,0,0,0,3.82236791,0.411908,0,,31,31,31,0,0,3774167,30357753,0,7a4e7c7f4964792a,2513.24427,0,5.13
20260927T200820Z-c857,bdcb775028e8cf1e,59477,gpu-frontier,gpu,resident,s2,57,2,0,0,0,warm,0,1,0,4.201781,0,0,0,3.77833605,0.413252,0,,32,32,32,0,0,3706952,29808270,0,720be9d618fad5fd,2513.72573,0,5.13
20260927T200820Z-c857,bdcb775028e8cf1e,201224,gpu-frontier,gpu,resident,s2,58,2,0,0,0,warm,0,1,0,4.079355,0,0,0,3.64108801,0.427394,0,,28,28,28,0,0,3620100,29088975,0,9def48f1ef14c98b,2513.72573,0,5.13
20260927T200820Z-c857,bdcb775028e8cf1e,12846,gpu-frontier,gpu,resident,s2,59,2,0,0,0,warm,0,1,0,4.32703,0,0,0,3.890944,0.426029,0,,32,32,32,0,0,3804287,30600228,0,4a251f0fc1f7c4d8,2513.24427,0,5.13
20260927T200820Z-c857,bdcb775028e8cf1e,88685,gpu-frontier,gpu,resident,s2,60,2,0,0,0,warm,0,1,0,4.058015,0,0,0,3.62166405,0.426448,0,,29,29,29,0,0,3583076,28805165,0,35e1f7fbc76a56e6,2513.72573,0,5.13
20260927T200820Z-c857,bdcb775028e8cf1e,637,gpu-frontier,gpu,resident,s2,61,2,0,0,0,warm,0,1,0,4.276309,0,0,0,3.85103989,0.414059,0,,29,29,29,0,0,3846555,30951494,0,55580c8117e41e29,2513.80584,0,5.13
20260927T200820Z-c857,bdcb775028e8cf1e,140682,gpu-frontier,gpu,resident,s2,62,2,0,0,0,warm,0,1,0,4.035261,0,0,0,3.60217595,0.422249,0,,30,30,30,0,0,3571944,28722320,0,2275df8962059f7d,2513.72573,0,5.13
20260927T200820Z-c857,bdcb775028e8cf1e,242263,gpu-frontier,gpu,resident,s2,63,2,0,0,0,warm,0,1,0,4.140974,0,0,0,3.70460796,0.425062,0,,27,27,27,0,0,3715934,29877649,0,aec23922016823f2,2513.72573,0,5.13
20260927T200820Z-c857,bdcb775028e8cf1e,955528,gpu-frontier,gpu,resident,s2,64,2,0,0,0,warm,0,1,0,4.472974,0,0,0,4.04876804,0.413596,0,,29,29,29,0,0,4055403,32629777,0,71745a9ddcfa9aed,2512.04188,0,5.13
20260927T200820Z-c857,bdcb775028e8cf1e,604431,gpu-frontier,gpu,resident,s2,65,2,0,0,0,warm,0,1,0,4.1456,0,0,0,3.72217607,0.413353,0,,29,29,29,0,0,3712348,29839235,0,0f2fc4de9183f8e5,2513.72573,0,5.13
20260927T200820Z-c857,bdcb775028e8cf1e,968747,gpu-frontier,gpu,resident,s2,66,2,0,0,0,warm,0,1,0,3.947678,0,0,0,3.5234561,0.413347,0,,29,29,29,0,0,3490007,28058618,0,23fb936cb9001886,2513.72573,0,5.13
20260927T200820Z-c857,bdcb775028e8cf1e,25579,gpu-frontier,gpu,resident,s2,67,2,0,0,0,warm,0,1,0,4.284748,0,0,0,3.855232,0.418763,0,,31,31,31,0,0,3819514,30720347,0,147f42102dacb4a9,2513.40474,0,5.13
20260927T200820Z-c857,bdcb775028e8cf1e,802074,gpu-frontier,gpu,resident,s2,68,2,0,0,0,warm,0,1,0,4.236376,0,0,0,3.80905604,0.416609,0,,29,29,29,0,0,3813967,30678094,0,9ab4ea21ea39d810,2513.72573,0,5.13
20260927T200820Z-c857,bdcb775028e8cf1e,785602,gpu-frontier,gpu,resident,s2,69,2,0,0,0,warm,0,1,0,4.174435,0,0,0,3.74975991,0.414043,0,,31,31,31,0,0,3709937,29825848,0,904abcbc011db59e,2513.72573,0,5.13
20260927T200820Z-c857,bdcb775028e8cf1e,800647,gpu-frontier,gpu,resident,s2,70,2,0,0,0,warm,0,1,0,4.428325,0,0,0,4.00457621,0.4135,0,,29,29,29,0,0,3988875,32080370,0,963c10a1708eaba2,2513.72573,0,5.13
20260927T200820Z-c857,bdcb775028e8cf1e,1034835,gpu-frontier,gpu,resident,s2,71,2,0,0,0,warm,0,1,0,4.42375,0,0,0,3.9895041,0.424204,0,,29,29,29,0,0,3970299,31913836,0,e6fa7c6616165044,2513.72573,0,5.13
20260927T200820Z-c857,bdcb775028e8cf1e,591983,gpu-frontier,gpu,resident,s2,72,2,0,0,0,warm,0,1,0,4.140121,0,0,0,3.71276808,0.416925,0,,29,29,29,0,0,3682523,29631787,0,6d8caa59599b10cf,2511.8016,0,5.13
20260927T200820Z-c857,bdcb775028e8cf1e,509143,gpu-frontier,gpu,resident,s2,73,2,0,0,0,warm,0,1,0,4.269295,0,0,0,3.84601593,0.41271,0,,31,31,31,0,0,3783094,30437651,0,6ebbe9cb431c1e34,2512.12189,0,5.13
20260927T200820Z-c857,bdcb775028e8cf1e,258004,gpu-frontier,gpu,resident,s2,74,2,0,0,0,warm,0,1,0,3.940459,0,0,0,3.48566389,0.444183,0,,28,28,28,0,0,3456116,27806149,0,8fe71bf6883af38c,2512.12189,0,5.13
20260927T200820Z-c857,bdcb775028e8cf1e,1008134,gpu-frontier,gpu,resident,s2,75,2,0,0,0,warm,0,1,0,4.246655,0,0,0,3.74665594,0.489286,0,,29,29,29,0,0,3717166,29875505,0,cdc782d99fbeccfa,2514.12694,0,5.13
20260927T200820Z-c857,bdcb775028e8cf1e,693058,gpu-frontier,gpu,resident,s2,76,2,0,0,0,warm,0,1,0,4.097702,0,0,0,3.59504008,0.492292,0,,28,28,28,0,0,3550416,28567638,0,62b2e74b763aa377,2513.96638,0,5.13
20260927T200820Z-c857,bdcb775028e8cf1e,567498,gpu-frontier,gpu,resident,s2,77,2,0,0,0,warm,0,1,0,4.638535,0,0,0,4.12566423,0.502169,0,,33,33,33,0,0,4091911,32890990,0,b3954405507118b0,2513.72573,0,5.13
20260927T200820Z-c857,bdcb775028e8cf1e,626061,gpu-frontier,gpu,resident,s2,78,2,0,0,0,warm,0,1,0,4.281277,0,0,0,3.79177594,0.479082,0,,28,28,28,0,0,3776149,30373719,0,61fd094b9998fbe0,2513.72573,0,5.13
20260927T200820Z-c857,bdcb775028e8cf1e,599867,gpu-frontier,gpu,resident,s2,79,2,0,0,0,warm,0,1,0,4.367484,0,0,0,3.84700799,0.509045,0,,29,29,29,0,0,3842454,30915763,0,4284c3996437d273,2512.04188,0,5.13
20260927T200820Z-c857,bdcb775028e8cf1e,721594,gpu-frontier,gpu,resident,s2,80,2,0,0,0,warm,0,1,0,4.684937,0,0,0,4.20745611,0.465995,0,,32,32,32,0,0,4177207,33612807,0,c5027d3d7bcd5d43,2513.72573,0,5.13
20260927T200820Z-c857,bdcb775028e8cf1e,755768,gpu-frontier,gpu,resident,s2,81,2,0,0,0,warm,0,1,0,4.123456,0,0,0,3.68531203,0.427449,0,,30,30,30,0,0,3625690,29174409,0,955e6864f3462f95,2513.72573,0,5.13
20260927T200820Z-c857,bdcb775028e8cf1e,481879,gpu-frontier,gpu,resident,s2,82,2,0,0,0,warm,0,1,0,4.224747,0,0,0,3.79267192,0.419613,0,,28,28,28,0,0,3786717,30452931,0,4d31dc5efe4dd68c,2513.88626,0,5.13
20260927T200820Z-c857,bdcb775028e8cf1e,666926,gpu-frontier,gpu,resident,s2,83,2,0,0,0,warm,0,1,0,4.256851,0,0,0,3.78137589,0.464483,0,,27,27,27,0,0,3779237,30392061,0,e59c132c158e1970,2512.12189,0,5.13
20260927T200820Z-c857,bdcb775028e8cf1e,812308,gpu-frontier,gpu,resident,s2,84,2,0,0,0,warm,0,1,0,4.527471,0,0,0,3.97984004,0.535058,0,,31,31,31,0,0,3940767,31707561,0,0f02fef1f6f062f9,2513.80584,0,5.13
20260927T200820Z-c857,bdcb775028e8cf1e,940471,gpu-frontier,gpu,resident,s2,85,2,0,0,0,warm,0,1,0,4.190373,0,0,0,3.69750404,0.48087,0,,31,31,31,0,0,3646150,29308030,0,d4f15bd52e42c464,2513.72573,0,5.13
20260927T200820Z-c857,bdcb775028e8cf1e,705817,gpu-frontier,gpu,resident,s2,86,2,0,0,0,warm,0,1,0,4.236026,0,0,0,3.79881597,0.425343,0,,31,31,31,0,0,3741719,30076779,0,2f9e346e5a9590b3,2513.72573,0,5.13
20260927T200820Z-c857,bdcb775028e8cf1e,378775,gpu-frontier,gpu,resident,s2,87,2,0,0,0,warm,0,1,0,4.103146,0,0,0,3.66470408,0.427958,0,,31,31,31,0,0,3594715,28919400,0,247dc886d68cf358,2513.72573,0,5.13
20260927T200820Z-c857,bdcb775028e8cf1e,11928,gpu-frontier,gpu,resident,s2,88,2,0,0,0,warm,0,1,0,4.138445,0,0,0,3.72534394,0.400074,0,,28,28,28,0,0,3718684,29895380,0,86b14882cf633e0e,2513.72573,0,5.13
20260927T200820Z-c857,bdcb775028e8cf1e,149969,gpu-frontier,gpu,resident,s2,89,2,0,0,0,warm,0,1,0,4.35334,0,0,0,3.9361279,0.40443,0,,29,29,29,0,0,3944211,31724007,0,45297a6a252cf4a3,2513.72573,0,5.13
20260927T200820Z-c857,bdcb775028e8cf1e,518422,gpu-frontier,gpu,resident,s2,90,2,0,0,0,warm,0,1,0,4.431807,0,0,0,4.00473595,0.416883,0,,31,31,31,0,0,3965558,31890612,0,48d221e86e4fc6b8,2513.80584,0,5.13
20260927T200820Z-c857,bdcb775028e8cf1e,764093,gpu-frontier,gpu,resident,s2,91,2,0,0,0,warm,0,1,0,4.289262,0,0,0,3.86844802,0.410008,0,,29,29,29,0,0,3856389,31026863,0,30627382b9126684,2513.72573,0,5.13
20260927T200820Z-c857,bdcb775028e8cf1e,818556,gpu-frontier,gpu,resident,s2,92,2,0,0,0,warm,0,1,0,4.034682,0,0,0,3.62064004,0.403484,0,,29,29,29,0,0,3591190,28861122,0,27a240572492669c,2513.24427,0,5.13
20260927T200820Z-c857,bdcb775028e8cf1e,284007,gpu-frontier,gpu,resident,s2,93,2,0,0,0,warm,0,1,0,4.072399,0,0,0,3.66108799,0.40059,0,,27,27,27,0,0,3655400,29384519,0,d3f6714dfb85bc57,2514.20737,0,5.13
20260927T200820Z-c857,bdcb775028e8cf1e,147527,gpu-frontier,gpu,resident,s2,94,2,0,0,0,warm,0,1,0,4.408768,0,0,0,3.98736,0.408878,0,,30,30,30,0,0,3959917,31853860,0,d049b16980e0f60c,2513.72573,0,5.13
20260927T200820Z-c857,bdcb775028e8cf1e,810773,gpu-frontier,gpu,resident,s2,95,2,0,0,0,warm,0,1,0,4.145521,0,0,0,3.73936009,0.39602,0,,28,28,28,0,0,3746722,30121788,0,6fd146baf7e50cb8,2513.32465,0,5.13
20260927T200820Z-c857,bdcb775028e8cf1e,496849,gpu-frontier,gpu,resident,s2,96,2,0,0,0,warm,0,1,0,3.934726,0,0,0,3.52028799,0.403279,0,,27,27,27,0,0,3501120,28154320,0,51e6ca03ae62fe83,2512.12189,0,5.13
20260927T200820Z-c857,bdcb775028e8cf1e,1013688,gpu-frontier,gpu,resident,s2,97,2,0,0,0,warm,0,1,0,4.211697,0,0,0,3.80185604,0.399176,0,,31,31,31,0,0,3755472,30208557,0,30b5e615d19b4db7,2513.24427,0,5.13
20260927T200820Z-c857,bdcb775028e8cf1e,935512,gpu-frontier,gpu,resident,s2,98,2,0,0,0,warm,0,1,0,4.190719,0,0,0,3.77724791,0.403092,0,,30,30,30,0,0,3739733,30066997,0,345b9f3d13942b0a,2511.88159,0,5.13
20260927T200820Z-c857,bdcb775028e8cf1e,714883,gpu-frontier,gpu,resident,s2,99,2,0,0,0,warm,0,1,0,4.068988,0,0,0,3.64310408,0.414942,0,,29,29,29,0,0,3617808,29084044,0,3caa4b9d4e60a28c,2513.72573,0,5.13
20260927T200820Z-c857,bdcb775028e8cf1e,670214,gpu-frontier,gpu,resident,s2,100,2,0,0,0,warm,0,1,0,4.183066,0,0,0,3.77417588,0.398055,0,,31,31,31,0,0,3715711,29876662,0,58cdbd04e9ad4b5a,2514.36796,0,5.13
20260927T200820Z-c857,bdcb775028e8cf1e,922346,gpu-frontier,gpu,resident,s2,101,2,0,0,0,warm,0,1,0,4.358956,0,0,0,3.93411207,0.413844,0,,29,29,29,0,0,3915687,31504359,0,a9345b2da1f507da,2513.72573,0,5.13
20260927T200820Z-c857,bdcb775028e8cf1e,802242,gpu-frontier,gpu,resident,s2,102,2,0,0,0,warm,0,1,0,4.006251,0,0,0,3.58886409,0.406931,0,,27,27,27,0,0,3583510,28808202,0,36cceee4a9db6a4b,2514.44811,0,5.13
20260927T200820Z-c857,bdcb775028e8cf1e,45284,gpu-frontier,gpu,resident,s2,103,2,0,0,0,warm,0,1,0,4.036087,0,0,0,3.618752,0.406354,0,,30,30,30,0,0,3539137,28452439,0,8cde483398c0c574,2513.72573,0,5.13
20260927T200820Z-c857,bdcb775028e8cf1e,908797,gpu-frontier,gpu,resident,s2,104,2,0,0,0,warm,0,1,0,3.996213,0,0,0,3.58064008,0.404724,0,,28,28,28,0,0,3573984,28748668,0,693d054e427576ec,2513.32465,0,5.13
20260927T200820Z-c857,bdcb775028e8cf1e,281396,gpu-frontier,gpu,resident,s2,105,2,0,0,0,warm,0,1,0,4.202606,0,0,0,3.79267192,0.398068,0,,30,30,30,0,0,3748090,30146742,0,b14bb4ea16e9e257,2514.12694,0,5.13
20260927T200820Z-c857,bdcb775028e8cf1e,1000550,gpu-frontier,gpu,resident,s2,106,2,0,0,0,warm,0,1,0,4.139971,0,0,0,3.73135996,0.39846,0,,29,29,29,0,0,3728603,29990839,0,1100489ad95e65a9,2513.72573,0,5.13
20260927T200820Z-c857,bdcb775028e8cf1e,73594,gpu-frontier,gpu,resident,s2,107,2,0,0,0,warm,0,1,0,4.380635,0,0,0,3.97084808,0.398736,0,,28,28,28,0,0,3971410,31954013,0,f80913d9ffa61601,2513.72573,0,5.13
20260927T200820Z-c857,bdcb775028e8cf1e,301631,gpu-frontier,gpu,resident,s2,108,2,0,0,0,warm,0,1,0,4.248041,0,0,0,3.81222391,0.424972,0,,30,30,30,0,0,3799234,30553633,0,ffb0bdb411984f79,2513.72573,0,5.13
20260927T200820Z-c857,bdcb775028e8cf1e,430170,gpu-frontier,gpu,resident,s2,109,2,0,0,0,warm,0,1,0,4.313605,0,0,0,3.87148809,0.429195,0,,30,30,30,0,0,3883307,31247988,0,3ddac9680cf654ec,2513.72573,0,5.13
20260927T200820Z-c857,bdcb775028e8cf1e,752814,gpu-frontier,gpu,resident,s2,110,2,0,0,0,warm,0,1,0,4.380048,0,0,0,3.96995211,0.400545,0,,28,28,28,0,0,3987494,32051309,0,894bd5913f3ff4d4,2513.72573,0,5.13
20260927T200820Z-c857,bdcb775028e8cf1e,679839,gpu-frontier,gpu,resident,s2,111,2,0,0,0,warm,0,1,0,4.135906,0,0,0,3.72099209,0.404302,0,,27,27,27,0,0,3726645,29956634,0,2311d0e3a8eb00ff,2514.20737,0,5.13
20260927T200820Z-c857,bdcb775028e8cf1e,619664,gpu-frontier,gpu,resident,s2,112,2,0,0,0,warm,0,1,0,4.160418,0,0,0,3.74864006,0.400194,0,,28,28,28,0,0,3732666,30002212,0,67d5b0180727b207,2514.44811,0,5.13
20260927T200820Z-c857,bdcb775028e8cf1e,98827,gpu-frontier,gpu,resident,s2,113,2,0,0,0,warm,0,1,0,4.162695,0,0,0,3.7497921,0.402604,0,,31,31,31,0,0,3699841,29745586,0,028ac127e1d04635,2513.72573,0,5.13
20260927T200820Z-c857,bdcb775028e8cf1e,105994,gpu-frontier,gpu,resident,s2,114,2,0,0,0,warm,0,1,0,4.29554,0,0,0,3.87865591,0.405819,0,,31,31,31,0,0,3845128,30907114,0,6101a6af17cce50a,2513.72573,0,5.13
20260927T200820Z-c857,bdcb775028e8cf1e,243457,gpu-frontier,gpu,resident,s2,115,2,0,0,0,warm,0,1,0,4.488001,0,0,0,4.0804162,0.396236,0,,31,31,31,0,0,4064911,32694362,0,d63dcb9c463e2915,2513.32465,0,5.13
20260927T200820Z-c857,bdcb775028e8cf1e,734875,gpu-frontier,gpu,resident,s2,116,2,0,0,0,warm,0,1,0,4.372613,0,0,0,3.96163201,0.400551,0,,30,30,30,0,0,3955212,31808425,0,4ff936efc2f83018,2513.72573,0,5.13
20260927T200820Z-c857,bdcb775028e8cf1e,370736,gpu-frontier,gpu,resident,s2,117,2,0,0,0,warm,0,1,0,4.109256,0,0,0,3.69334412,0.405822,0,,31,31,31,0,0,3640774,29290307,0,dddd8859f17554f0,2513.72573,0,5.13
20260927T200820Z-c857,bdcb775028e8cf1e,521055,gpu-frontier,gpu,resident,s2,118,2,0,0,0,warm,0,1,0,4.386487,0,0,0,3.96876788,0.406599,0,,32,32,32,0,0,3925390,31580302,0,b294e6b0e2222d00,2513.72573,0,5.13
20260927T200820Z-c857,bdcb775028e8cf1e,697461,gpu-frontier,gpu,resident,s2,119,2,0,0,0,warm,0,1,0,4.15034,0,0,0,3.73734403,0.402332,0,,30,30,30,0,0,3703467,29778735,0,c89ae9f21d6f3a2f,2511.88159,0,5.13
20260927T200820Z-c857,bdcb775028e8cf1e,696648,gpu-frontier,gpu,resident,s2,120,2,0,0,0,warm,0,1,0,4.154758,0,0,0,3.73744011,0.407503,0,,29,29,29,0,0,3714518,29863395,0,e037bd626e593f61,2511.96159,0,5.13
20260927T200820Z-c857,bdcb775028e8cf1e,322939,gpu-frontier,gpu,resident,s2,121,2,0,0,0,warm,0,1,0,4.298447,0,0,0,3.88585591,0.40144,0,,31,31,31,0,0,3860612,31049660,0,b87b221b270ba537,2512.12189,0,5.13
20260927T200820Z-c857,bdcb775028e8cf1e,235403,gpu-frontier,gpu,resident,s2,122,2,0,0,0,warm,0,1,0,4.012566,0,0,0,3.59411192,0.407162,0,,30,30,30,0,0,3548848,28553378,0,df346452db877857,2512.2022,0,5.13
20260927T200820Z-c857,bdcb775028e8cf1e,842932,gpu-frontier,gpu,resident,s2,123,2,0,0,0,warm,0,1,0,4.138674,0,0,0,3.72323203,0.405174,0,,29,29,29,0,0,3695757,29723293,0,af21ce208f9f1ea0,2514.20737,0,5.13
20260927T200820Z-c857,bdcb775028e8cf1e,776073,gpu-frontier,gpu,resident,s2,124,2,0,0,0,warm,0,1,0,4.166383,0,0,0,3.74969602,0.406347,0,,27,27,27,0,0,3732510,30018373,0,7e405523a60c0b48,2513.72573,0,5.13
20260927T200820Z-c857,bdcb775028e8cf1e,159157,gpu-frontier,gpu,resident,s2,125,2,0,0,0,warm,0,1,0,4.053589,0,0,0,3.63289595,0.410016,0,,30,30,30,0,0,3582912,28804725,0,f3d9b207575393e3,2513.72573,0,5.13
20260927T200820Z-c857,bdcb775028e8cf1e,824874,gpu-frontier,gpu,resident,s2,126,2,0,0,0,warm,0,1,0,4.096284,0,0,0,3.68614411,0.398193,0,,28,28,28,0,0,3683378,29619875,0,d96a4f94f9e5b71e,2513.72573,0,5.13
20260927T200820Z-c857,bdcb775028e8cf1e,523339,gpu-frontier,gpu,resident,s2,127,2,0,0,0,warm,0,1,0,5.874736,0,0,0,3.84291196,0.402777,1.617985,,29,29,29,0,0,3827605,30786928,0,f45d5e630c88b75d,2513.72573,0,5.13
20260927T200820Z-c857,bdcb775028e8cf1e,140379,dial,cpu,resident,s2,0,2,0,0,1,warm,24,1,0,101.758688,0,1.37243,0,100.385872,0,0,,305,0,0,0,0,1048218,8388572,0,962513fc443036ca,,0,5.13
20260927T200820Z-c857,bdcb775028e8cf1e,143033,dial,cpu,resident,s2,1,2,0,0,1,warm,24,1,0,101.311506,0,1.197024,0,100.114001,0,0,,306,0,0,0,0,1048218,8388572,0,45bee60043588143,,0,5.13
20260927T200820Z-c857,bdcb775028e8cf1e,473133,dial,cpu,resident,s2,2,2,0,0,1,warm,24,1,0,100.877056,0,1.238421,0,99.638092,0,0,,304,0,0,0,0,1048218,8388572,0,ad940a6a7c9f6e79,,0,5.13
20260927T200820Z-c857,bdcb775028e8cf1e,22045,dial,cpu,resident,s2,3,2,0,0,1,warm,24,1,0,102.195204,0,1.259837,0,100.93489,0,0,,303,0,0,0,0,1048218,8388572,0,3c8a4f6babe2bcfa,,0,5.13
20260927T200820Z-c857,bdcb775028e8cf1e,367943,dial,cpu,resident,s2,4,2,0,0,1,warm,24,1,0,101.407159,0,1.222993,0,100.183632,0,0,,299,0,0,0,0,1048218,8388572,0,8f49d64399cf55ba,,0,5.13
20260927T200820Z-c857,bdcb775028e8cf1e,955628,dial,cpu,resident,s2,5,2,0,0,1,warm,24,1,0,101.643218,0,1.210408,0,100.432434,0,0,,304,0,0,0,0,1048218,8388572,0,97ac752781dd9e47,,0,5.13
20260927T200820Z-c857,bdcb775028e8cf1e,493619,dial,cpu,resident,s2,6,2,0,0,1,warm,24,1,0,102.584953,0,1.396182,0,101.188501,0,0,,308,0,0,0,0,1048218,8388572,0,01947ce70d300df5,,0,5.13
20260927T200820Z-c857,bdcb775028e8cf1e,78040,dial,cpu,resident,s2,7,2,0,0,1,warm,24,1,0,102.204777,0,1.241067,0,100.963308,0,0,,305,0,0,0,0,1048218,8388572,0,7ce762e264c535fb,,0,5.13
20260927T200820Z-c857,bdcb775028e8cf1e,597528,dial,cpu,resident,s2,8,2,0,0,1,warm,24,1,0,101.25083,0,1.181615,0,100.068815,0,0,,303,0,0,0,0,1048218,8388572,0,8eb259ff3f497ebc,,0,5.13
20260927T200820Z-c857,bdcb775028e8cf1e,666088,dial,cpu,resident,s2,9,2,0,0,1,warm,24,1,0,102.896134,0,1.266923,0,101.6289,0,0,,307,0,0,0,0,1048218,8388572,0,8babfd558442eb36,,0,5.13
20260927T200820Z-c857,bdcb775028e8cf1e,93798,dial,cpu,resident,s2,10,2,0,0,1,warm,24,1,0,104.013932,0,1.188773,0,102.824842,0,0,,307,0,0,0,0,1048218,8388572,0,d776da21d464498f,,0,5.13
20260927T200820Z-c857,bdcb775028e8cf1e,583195,dial,cpu,resident,s2,11,2,0,0,1,warm,24,1,0,105.617775,0,1.227855,0,104.389311,0,0,,306,0,0,0,0,1048218,8388572,0,172aa003797174fd,,0,5.13
20260927T200820Z-c857,bdcb775028e8cf1e,828010,dial,cpu,resident,s2,12,2,0,0,1,warm,24,1,0,101.685279,0,1.223759,0,100.461135,0,0,,303,0,0,0,0,1048218,8388572,0,24e48fed204afe20,,0,5.13
20260927T200820Z-c857,bdcb775028e8cf1e,232399,dial,cpu,resident,s2,13,2,0,0,1,warm,24,1,0,101.863122,0,1.203871,0,100.658867,0,0,,304,0,0,0,0,1048218,8388572,0,9e4d36e9fa7c15f8,,0,5.13
20260927T200820Z-c857,bdcb775028e8cf1e,439005,dial,cpu,resident,s2,14,2,0,0,1,warm,24,1,0,101.280643,0,1.211304,0,100.068883,0,0,,295,0,0,0,0,1048218,8388572,0,8e4128a19e9259cb,,0,5.13
20260927T200820Z-c857,bdcb775028e8cf1e,261911,dial,cpu,resident,s2,15,2,0,0,1,warm,24,1,0,101.412569,0,1.21259,0,100.19956,0,0,,306,0,0,0,0,1048218,8388572,0,42def7b4c28fed4d,,0,5.13
20260927T200820Z-c857,bdcb775028e8cf1e,306042,dial,cpu,resident,s2,16,2,0,0,1,warm,24,1,0,103.500286,0,1.216545,0,102.283376,0,0,,297,0,0,0,0,1048218,8388572,0,caef7bb3d74e71e7,,0,5.13
20260927T200820Z-c857,bdcb775028e8cf1e,842254,dial,cpu,resident,s2,17,2,0,0,1,warm,24,1,0,101.28675,0,1.176256,0,100.110093,0,0,,299,0,0,0,0,1048218,8388572,0,d7fe1f2a8f019015,,0,5.13
20260927T200820Z-c857,bdcb775028e8cf1e,497647,dial,cpu,resident,s2,18,2,0,0,1,warm,24,1,0,101.774255,0,1.200667,0,100.572857,0,0,,304,0,0,0,0,1048218,8388572,0,fec7b1878b41d172,,0,5.13
20260927T200820Z-c857,bdcb775028e8cf1e,283052,dial,cpu,resident,s2,19,2,0,0,1,warm,24,1,0,101.796178,0,1.195998,0,100.599676,0,0,,304,0,0,0,0,1048218,8388572,0,7118d82e727075df,,0,4.8
20260927T200820Z-c857,bdcb775028e8cf1e,299936,dial,cpu,resident,s2,20,2,0,0,1,warm,24,1,0,101.641291,0,1.203941,0,100.436992,0,0,,304,0,0,0,0,1048218,8388572,0,cacd11290a4229d3,,0,4.8
20260927T200820Z-c857,bdcb775028e8cf1e,785373,dial,cpu,resident,s2,21,2,0,0,1,warm,24,1,0,101.340783,0,1.1789,0,100.161693,0,0,,306,0,0,0,0,1048218,8388572,0,59a7d838e8fde54e,,0,4.8
20260927T200820Z-c857,bdcb775028e8cf1e,480378,dial,cpu,resident,s2,22,2,0,0,1,warm,24,1,0,101.681831,0,1.243527,0,100.437913,0,0,,297,0,0,0,0,1048218,8388572,0,8d61a1f8360384c2,,0,4.8
20260927T200820Z-c857,bdcb775028e8cf1e,321060,dial,cpu,resident,s2,23,2,0,0,1,warm,24,1,0,101.294267,0,1.226066,0,100.06779,0,0,,298,0,0,0,0,1048218,8388572,0,a31502366da41b8f,,0,4.8
20260927T200820Z-c857,bdcb775028e8cf1e,337388,dial,cpu,resident,s2,24,2,0,0,1,warm,24,1,0,100.950956,0,1.216716,0,99.73376,0,0,,301,0,0,0,0,1048218,8388572,0,8c08c70ebb3ac3fb,,0,4.8
20260927T200820Z-c857,bdcb775028e8cf1e,118671,dial,cpu,resident,s2,25,2,0,0,1,warm,24,1,0,101.474451,0,1.200857,0,100.273372,0,0,,308,0,0,0,0,1048218,8388572,0,0c15ec8650da6629,,0,4.8
20260927T200820Z-c857,bdcb775028e8cf1e,125150,dial,cpu,resident,s2,26,2,0,0,1,warm,24,1,0,103.844515,0,1.187653,0,102.656291,0,0,,298,0,0,0,0,1048218,8388572,0,5df60853290e8825,,0,4.8
20260927T200820Z-c857,bdcb775028e8cf1e,72476,dial,cpu,resident,s2,27,2,0,0,1,warm,24,1,0,101.478478,0,1.2202,0,100.25789,0,0,,307,0,0,0,0,1048218,8388572,0,9d309008139d89e2,,0,4.8
20260927T200820Z-c857,bdcb775028e8cf1e,728509,dial,cpu,resident,s2,28,2,0,0,1,warm,24,1,0,101.56917,0,1.200971,0,100.367678,0,0,,308,0,0,0,0,1048218,8388572,0,5c3d8df36abcfc12,,0,4.8
20260927T200820Z-c857,bdcb775028e8cf1e,679264,dial,cpu,resident,s2,29,2,0,0,1,warm,24,1,0,101.688103,0,1.182682,0,100.504975,0,0,,300,0,0,0,0,1048218,8388572,0,c6e211fc2a14bb1e,,0,4.8
20260927T200820Z-c857,bdcb775028e8cf1e,828590,dial,cpu,resident,s2,30,2,0,0,1,warm,24,1,0,105.889951,0,1.204269,0,104.684904,0,0,,306,0,0,0,0,1048218,8388572,0,2ae9225c26b53613,,0,4.8
20260927T200820Z-c857,bdcb775028e8cf1e,411591,dial,cpu,resident,s2,31,2,0,0,1,warm,24,1,0,102.389053,0,1.256871,0,101.131993,0,0,,305,0,0,0,0,1048218,8388572,0,87c40e56ae5ffca7,,0,4.8
20260927T200820Z-c857,bdcb775028e8cf1e,555679,dial,cpu,resident,s2,32,2,0,0,1,warm,24,1,0,102.079051,0,1.202813,0,100.875792,0,0,,301,0,0,0,0,1048218,8388572,0,9f18f792be207582,,0,4.8
20260927T200820Z-c857,bdcb775028e8cf1e,417721,dial,cpu,resident,s2,33,2,0,0,1,warm,24,1,0,100.771338,0,1.226171,0,99.544819,0,0,,299,0,0,0,0,1048218,8388572,0,40f1a85ee049ae51,,0,4.8
20260927T200820Z-c857,bdcb775028e8cf1e,199603,dial,cpu,resident,s2,34,2,0,0,1,warm,24,1,0,101.590506,0,1.216791,0,100.37322,0,0,,300,0,0,0,0,1048218,8388572,0,52eab23b1dc3a0d8,,0,4.8
20260927T200820Z-c857,bdcb775028e8cf1e,625990,dial,cpu,resident,s2,35,2,0,0,1,warm,24,1,0,101.709536,0,1.207195,0,100.502001,0,0,,297,0,0,0,0,1048218,8388572,0,1f91735b89b1e749,,0,4.8
20260927T200820Z-c857,bdcb775028e8cf1e,931576,dial,cpu,resident,s2,36,2,0,0,1,warm,24,1,0,103.819526,0,1.201686,0,102.617684,0,0,,307,0,0,0,0,1048218,8388572,0,f9b3834a03c725b2,,0,4.8
20260927T200820Z-c857,bdcb775028e8cf1e,388607,dial,cpu,resident,s2,37,2,0,0,1,warm,24,1,0,101.526588,0,1.208755,0,100.317532,0,0,,302,0,0,0,0,1048218,8388572,0,2469a61a38128657,,0,4.8
20260927T200820Z-c857,bdcb775028e8cf1e,40305,dial,cpu,resident,s2,38,2,0,0,1,warm,24,1,0,101.778078,0,1.217157,0,100.560477,0,0,,304,0,0,0,0,1048218,8388572,0,a95dfd3d0c7b8217,,0,4.8
20260927T200820Z-c857,bdcb775028e8cf1e,297024,dial,cpu,resident,s2,39,2,0,0,1,warm,24,1,0,100.843765,0,1.20123,0,99.642135,0,0,,305,0,0,0,0,1048218,8388572,0,126ebac47fb036d5,,0,4.8
20260927T200820Z-c857,bdcb775028e8cf1e,928309,dial,cpu,resident,s2,40,2,0,0,1,warm,24,1,0,101.275099,0,1.196365,0,100.078411,0,0,,307,0,0,0,0,1048218,8388572,0,1d4f08d9e5c4d39f,,0,4.8
20260927T200820Z-c857,bdcb775028e8cf1e,274490,dial,cpu,resident,s2,41,2,0,0,1,warm,24,1,0,102.47438,0,1.200935,0,101.273202,0,0,,307,0,0,0,0,1048218,8388572,0,b8ae98805b057b5a,,0,4.8
20260927T200820Z-c857,bdcb775028e8cf1e,545768,dial,cpu,resident,s2,42,2,0,0,1,warm,24,1,0,101.738348,0,1.196177,0,100.541702,0,0,,307,0,0,0,0,1048218,8388572,0,804a6099fd45f9f1,,0,4.8
20260927T200820Z-c857,bdcb775028e8cf1e,20469,dial,cpu,resident,s2,43,2,0,0,1,warm,24,1,0,101.172599,0,1.186734,0,99.985466,0,0,,301,0,0,0,0,1048218,8388572,0,67718541774a1c58,,0,4.8
20260927T200820Z-c857,bdcb775028e8cf1e,531301,dial,cpu,resident,s2,44,2,0,0,1,warm,24,1,0,101.299424,0,1.181739,0,100.117326,0,0,,312,0,0,0,0,1048218,8388572,0,a2d077b44abc8be4,,0,4.8
20260927T200820Z-c857,bdcb775028e8cf1e,1047443,dial,cpu,resident,s2,45,2,0,0,1,warm,24,1,0,101.20627,0,1.209231,0,99.996787,0,0,,317,0,0,0,0,1048218,8388572,0,5193d56b59210cff,,0,4.8
20260927T200820Z-c857,bdcb775028e8cf1e,638272,dial,cpu,resident,s2,46,2,0,0,1,warm,24,1,0,104.354438,0,1.229914,0,103.124272,0,0,,305,0,0,0,0,1048218,8388572,0,55cd86ef2d52603f,,0,4.8
20260927T200820Z-c857,bdcb775028e8cf1e,975530,dial,cpu,resident,s2,47,2,0,0,1,warm,24,1,0,101.869943,0,1.241585,0,100.62787,0,0,,300,0,0,0,0,1048218,8388572,0,defa82ffc7c822c1,,0,4.8
20260927T200820Z-c857,bdcb775028e8cf1e,914696,dial,cpu,resident,s2,48,2,0,0,1,warm,24,1,0,101.161989,0,1.199435,0,99.962065,0,0,,299,0,0,0,0,1048218,8388572,0,b214dabb258e9aae,,0,4.8
20260927T200820Z-c857,bdcb775028e8cf1e,169940,dial,cpu,resident,s2,49,2,0,0,1,warm,24,1,0,101.905336,0,1.178172,0,100.726901,0,0,,303,0,0,0,0,1048218,8388572,0,aa0703ef4173c77e,,0,4.8
20260927T200820Z-c857,bdcb775028e8cf1e,834360,dial,cpu,resident,s2,50,2,0,0,1,warm,24,1,0,96.855781,0,1.456332,0,95.398864,0,0,,302,0,0,0,0,1048218,8388572,0,5691474dd60d91eb,,0,4.8
20260927T200820Z-c857,bdcb775028e8cf1e,518322,dial,cpu,resident,s2,51,2,0,0,1,warm,24,1,0,92.968227,0,1.276461,0,91.691269,0,0,,300,0,0,0,0,1048218,8388572,0,487e23ea466e3dc3,,0,4.8
20260927T200820Z-c857,bdcb775028e8cf1e,577541,dial,cpu,resident,s2,52,2,0,0,1,warm,24,1,0,92.270441,0,1.261854,0,91.008385,0,0,,300,0,0,0,0,1048218,8388572,0,b1fdbbb5e3df8eaf,,0,4.8
20260927T200820Z-c857,bdcb775028e8cf1e,764242,dial,cpu,resident,s2,53,2,0,0,1,warm,24,1,0,93.083987,0,1.290867,0,91.792675,0,0,,306,0,0,0,0,1048218,8388572,0,3d9713fe1cb13f0f,,0,4.8
20260927T200820Z-c857,bdcb775028e8cf1e,14706,dial,cpu,resident,s2,54,2,0,0,1,warm,24,1,0,92.130328,0,1.246465,0,90.883493,0,0,,304,0,0,0,0,1048218,8388572,0,670ec085e25725a5,,0,4.8
20260927T200820Z-c857,bdcb775028e8cf1e,471650,dial,cpu,resident,s2,55,2,0,0,1,warm,24,1,0,92.438981,0,1.253038,0,91.185546,0,0,,302,0,0,0,0,1048218,8388572,0,8e96feb8790153a9,,0,4.8
20260927T200820Z-c857,bdcb775028e8cf1e,192150,dial,cpu,resident,s2,56,2,0,0,1,warm,24,1,0,91.765118,0,1.245238,0,90.519722,0,0,,311,0,0,0,0,1048218,8388572,0,7a4e7c7f4964792a,,0,4.8
20260927T200820Z-c857,bdcb775028e8cf1e,59477,dial,cpu,resident,s2,57,2,0,0,1,warm,24,1,0,94.437383,0,1.279181,0,93.15788,0,0,,304,0,0,0,0,1048218,8388572,0,720be9d618fad5fd,,0,4.8
20260927T200820Z-c857,bdcb775028e8cf1e,201224,dial,cpu,resident,s2,58,2,0,0,1,warm,24,1,0,91.750379,0,1.247258,0,90.502832,0,0,,303,0,0,0,0,1048218,8388572,0,9def48f1ef14c98b,,0,4.8
20260927T200820Z-c857,bdcb775028e8cf1e,12846,dial,cpu,resident,s2,59,2,0,0,1,warm,24,1,0,94.138008,0,1.242492,0,92.895177,0,0,,303,0,0,0,0,1048218,8388572,0,4a251f0fc1f7c4d8,,0,4.8
20260927T200820Z-c857,bdcb775028e8cf1e,88685,dial,cpu,resident,s2,60,2,0,0,1,warm,24,1,0,93.946544,0,1.265294,0,92.68096,0,0,,309,0,0,0,0,1048218,8388572,0,35e1f7fbc76a56e6,,0,4.8
20260927T200820Z-c857,bdcb775028e8cf1e,637,dial,cpu,resident,s2,61,2,0,0,1,warm,24,1,0,92.34172,0,1.232385,0,91.109157,0,0,,302,0,0,0,0,1048218,8388572,0,55580c8117e41e29,,0,4.8
20260927T200820Z-c857,bdcb775028e8cf1e,140682,dial,cpu,resident,s2,62,2,0,0,1,warm,24,1,0,92.655672,0,1.321311,0,91.3339,0,0,,297,0,0,0,0,1048218,8388572,0,2275df8962059f7d,,0,4.8
20260927T200820Z-c857,bdcb775028e8cf1e,242263,dial,cpu,resident,s2,63,2,0,0,1,warm,24,1,0,92.524934,0,1.263337,0,91.261218,0,0,,305,0,0,0,0,1048218,8388572,0,aec23922016823f2,,0,4.8
20260927T200820Z-c857,bdcb775028e8cf1e,955528,dial,cpu,resident,s2,64,2,0,0,1,warm,24,1,0,91.439702,0,1.265089,0,90.174293,0,0,,301,0,0,0,0,1048218,8388572,0,71745a9ddcfa9aed,,0,4.8
20260927T200820Z-c857,bdcb775028e8cf1e,604431,dial,cpu,resident,s2,65,2,0,0,1,warm,24,1,0,92.863724,0,1.246603,0,91.616896,0,0,,304,0,0,0,0,1048218,8388572,0,0f2fc4de9183f8e5,,0,4.8
20260927T200820Z-c857,bdcb775028e8cf1e,968747,dial,cpu,resident,s2,66,2,0,0,1,warm,24,1,0,92.10836,0,1.255163,0,90.852953,0,0,,301,0,0,0,0,1048218,8388572,0,23fb936cb9001886,,0,4.8
20260927T200820Z-c857,bdcb775028e8cf1e,25579,dial,cpu,resident,s2,67,2,0,0,1,warm,24,1,0,92.360462,0,1.293285,0,91.066809,0,0,,300,0,0,0,0,1048218,8388572,0,147f42102dacb4a9,,0,4.8
20260927T200820Z-c857,bdcb775028e8cf1e,802074,dial,cpu,resident,s2,68,2,0,0,1,warm,24,1,0,94.567998,0,1.230929,0,93.336575,0,0,,309,0,0,0,0,1048218,8388572,0,9ab4ea21ea39d810,,0,4.8
20260927T200820Z-c857,bdcb775028e8cf1e,785602,dial,cpu,resident,s2,69,2,0,0,1,warm,24,1,0,92.580398,0,1.266499,0,91.313556,0,0,,305,0,0,0,0,1048218,8388572,0,904abcbc011db59e,,0,4.49
20260927T200820Z-c857,bdcb775028e8cf1e,800647,dial,cpu,resident,s2,70,2,0,0,1,warm,24,1,0,92.263502,0,1.254298,0,91.008603,0,0,,299,0,0,0,0,1048218,8388572,0,963c10a1708eaba2,,0,4.49
20260927T200820Z-c857,bdcb775028e8cf1e,1034835,dial,cpu,resident,s2,71,2,0,0,1,warm,24,1,0,95.139847,0,1.288569,0,93.850926,0,0,,302,0,0,0,0,1048218,8388572,0,e6fa7c6616165044,,0,4.49
20260927T200820Z-c857,bdcb775028e8cf1e,591983,dial,cpu,resident,s2,72,2,0,0,1,warm,24,1,0,97.5714,0,1.279469,0,96.291532,0,0,,300,0,0,0,0,1048218,8388572,0,6d8caa59599b10cf,,0,4.49
20260927T200820Z-c857,bdcb775028e8cf1e,509143,dial,cpu,resident,s2,73,2,0,0,1,warm,24,1,0,92.958256,0,1.261738,0,91.696286,0,0,,304,0,0,0,0,1048218,8388572,0,6ebbe9cb431c1e34,,0,4.49
20260927T200820Z-c857,bdcb775028e8cf1e,258004,dial,cpu,resident,s2,74,2,0,0,1,warm,24,1,0,92.651841,0,1.269249,0,91.382223,0,0,,304,0,0,0,0,1048218,8388572,0,8fe71bf6883af38c,,0,4.49
20260927T200820Z-c857,bdcb775028e8cf1e,1008134,dial,cpu,resident,s2,75,2,0,0,1,warm,24,1,0,92.738664,0,1.243306,0,91.494913,0,0,,299,0,0,0,0,1048218,8388572,0,cdc782d99fbeccfa,,0,4.49
20260927T200820Z-c857,bdcb775028e8cf1e,693058,dial,cpu,resident,s2,76,2,0,0,1,warm,24,1,0,101.542525,0,1.177041,0,100.365088,0,0,,307,0,0,0,0,1048218,8388572,0,62b2e74b763aa377,,0,4.49
20260927T200820Z-c857,bdcb775028e8cf1e,567498,dial,cpu,resident,s2,77,2,0,0,1,warm,24,1,0,101.53908,0,1.198488,0,100.339952,0,0,,297,0,0,0,0,1048218,8388572,0,b3954405507118b0,,0,4.49
20260927T200820Z-c857,bdcb775028e8cf1e,626061,dial,cpu,resident,s2,78,2,0,0,1,warm,24,1,0,101.647853,0,1.206735,0,100.440687,0,0,,300,0,0,0,0,1048218,8388572,0,61fd094b9998fbe0,,0,4.49
20260927T200820Z-c857,bdcb775028e8cf1e,599867,dial,cpu,resident,s2,79,2,0,0,1,warm,24,1,0,104.850763,0,1.189879,0,103.660419,0,0,,305,0,0,0,0,1048218,8388572,0,4284c3996437d273,,0,4.49
20260927T200820Z-c857,bdcb775028e8cf1e,721594,dial,cpu,resident,s2,80,2,0,0,1,warm,24,1,0,101.339105,0,1.23881,0,100.099872,0,0,,298,0,0,0,0,1048218,8388572,0,c5027d3d7bcd5d43,,0,4.49
20260927T200820Z-c857,bdcb775028e8cf1e,755768,dial,cpu,resident,s2,81,2,0,0,1,warm,24,1,0,101.199838,0,1.224999,0,99.974526,0,0,,293,0,0,0,0,1048218,8388572,0,955e6864f3462f95,,0,4.49
20260927T200820Z-c857,bdcb775028e8cf1e,481879,dial,cpu,resident,s2,82,2,0,0,1,warm,24,1,0,101.495903,0,1.206715,0,100.28899,0,0,,301,0,0,0,0,1048218,8388572,0,4d31dc5efe4dd68c,,0,4.49
20260927T200820Z-c857,bdcb775028e8cf1e,666926,dial,cpu,resident,s2,83,2,0,0,1,warm,24,1,0,102.500396,0,1.203673,0,101.296023,0,0,,296,0,0,0,0,1048218,8388572,0,e59c132c158e1970,,0,4.49
20260927T200820Z-c857,bdcb775028e8cf1e,812308,dial,cpu,resident,s2,84,2,0,0,1,warm,24,1,0,101.52111,0,1.225446,0,100.295315,0,0,,306,0,0,0,0,1048218,8388572,0,0f02fef1f6f062f9,,0,4.49
20260927T200820Z-c857,bdcb775028e8cf1e,940471,dial,cpu,resident,s2,85,2,0,0,1,warm,24,1,0,101.117165,0,1.211391,0,99.9053,0,0,,299,0,0,0,0,1048218,8388572,0,d4f15bd52e42c464,,0,4.49
20260927T200820Z-c857,bdcb775028e8cf1e,705817,dial,cpu,resident,s2,86,2,0,0,1,warm,24,1,0,101.969575,0,1.253945,0,100.715375,0,0,,305,0,0,0,0,1048218,8388572,0,2f9e346e5a9590b3,,0,4.49
20260927T200820Z-c857,bdcb775028e8cf1e,378775,dial,cpu,resident,s2,87,2,0,0,1,warm,24,1,0,101.323281,0,1.190585,0,100.132282,0,0,,303,0,0,0,0,1048218,8388572,0,247dc886d68cf358,,0,4.49
20260927T200820Z-c857,bdcb775028e8cf1e,11928,dial,cpu,resident,s2,88,2,0,0,1,warm,24,1,0,101.840543,0,1.270317,0,100.569865,0,0,,307,0,0,0,0,1048218,8388572,0,86b14882cf633e0e,,0,4.49
20260927T200820Z-c857,bdcb775028e8cf1e,149969,dial,cpu,resident,s2,89,2,0,0,1,warm,24,1,0,105.279065,0,1.278309,0,104.000321,0,0,,313,0,0,0,0,1048218,8388572,0,45297a6a252cf4a3,,0,4.49
20260927T200820Z-c857,bdcb775028e8cf1e,518422,dial,cpu,resident,s2,90,2,0,0,1,warm,24,1,0,101.290389,0,1.185011,0,100.104635,0,0,,306,0,0,0,0,1048218,8388572,0,48d221e86e4fc6b8,,0,4.49
20260927T200820Z-c857,bdcb775028e8cf1e,764093,dial,cpu,resident,s2,91,2,0,0,1,warm,24,1,0,104.831389,0,1.215615,0,103.615238,0,0,,308,0,0,0,0,1048218,8388572,0,30627382b9126684,,0,4.49
20260927T200820Z-c857,bdcb775028e8cf1e,818556,dial,cpu,resident,s2,92,2,0,0,1,warm,24,1,0,105.386959,0,1.217208,0,104.169403,0,0,,296,0,0,0,0,1048218,8388572,0,27a240572492669c,,0,4.49
20260927T200820Z-c857,bdcb775028e8cf1e,284007,dial,cpu,resident,s2,93,2,0,0,1,warm,24,1,0,101.64165,0,1.24745,0,100.393786,0,0,,303,0,0,0,0,1048218,8388572,0,d3f6714dfb85bc57,,0,4.49
20260927T200820Z-c857,bdcb775028e8cf1e,147527,dial,cpu,resident,s2,94,2,0,0,1,warm,24,1,0,100.939204,0,1.233475,0,99.705358,0,0,,306,0,0,0,0,1048218,8388572,0,d049b16980e0f60c,,0,4.49
20260927T200820Z-c857,bdcb775028e8cf1e,810773,dial,cpu,resident,s2,95,2,0,0,1,warm,24,1,0,105.047192,0,1.192875,0,103.854035,0,0,,303,0,0,0,0,1048218,8388572,0,6fd146baf7e50cb8,,0,4.49
20260927T200820Z-c857,bdcb775028e8cf1e,496849,dial,cpu,resident,s2,96,2,0,0,1,warm,24,1,0,101.557366,0,1.18026,0,100.37679,0,0,,306,0,0,0,0,1048218,8388572,0,51e6ca03ae62fe83,,0,4.49
20260927T200820Z-c857,bdcb775028e8cf1e,1013688,dial,cpu,resident,s2,97,2,0,0,1,warm,24,1,0,101.60829,0,1.228746,0,100.3792,0,0,,307,0,0,0,0,1048218,8388572,0,30b5e615d19b4db7,,0,4.49
20260927T200820Z-c857,bdcb775028e8cf1e,935512,dial,cpu,resident,s2,98,2,0,0,1,warm,24,1,0,101.619687,0,1.232224,0,100.387083,0,0,,301,0,0,0,0,1048218,8388572,0,345b9f3d13942b0a,,0,4.49
20260927T200820Z-c857,bdcb775028e8cf1e,714883,dial,cpu,resident,s2,99,2,0,0,1,warm,24,1,0,103.947381,0,1.237924,0,102.709073,0,0,,302,0,0,0,0,1048218,8388572,0,3caa4b9d4e60a28c,,0,4.49
20260927T200820Z-c857,bdcb775028e8cf1e,670214,dial,cpu,resident,s2,100,2,0,0,1,warm,24,1,0,106.428978,0,1.197072,0,105.231448,0,0,,302,0,0,0,0,1048218,8388572,0,58cdbd04e9ad4b5a,,0,4.49
20260927T200820Z-c857,bdcb775028e8cf1e,922346,dial,cpu,resident,s2,101,2,0,0,1,warm,24,1,0,101.570864,0,1.21285,0,100.357507,0,0,,299,0,0,0,0,1048218,8388572,0,a9345b2da1f507da,,0,4.49
20260927T200820Z-c857,bdcb775028e8cf1e,802242,dial,cpu,resident,s2,102,2,0,0,1,warm,24,1,0,101.65783,0,1.25131,0,100.406123,0,0,,305,0,0,0,0,1048218,8388572,0,36cceee4a9db6a4b,,0,4.49
20260927T200820Z-c857,bdcb775028e8cf1e,45284,dial,cpu,resident,s2,103,2,0,0,1,warm,24,1,0,101.837291,0,1.214101,0,100.622794,0,0,,305,0,0,0,0,1048218,8388572,0,8cde483398c0c574,,0,4.49
20260927T200820Z-c857,bdcb775028e8cf1e,908797,dial,cpu,resident,s2,104,2,0,0,1,warm,24,1,0,101.265668,0,1.192819,0,100.072555,0,0,,307,0,0,0,0,1048218,8388572,0,693d054e427576ec,,0,4.49
20260927T200820Z-c857,bdcb775028e8cf1e,281396,dial,cpu,resident,s2,105,2,0,0,1,warm,24,1,0,102.045469,0,1.22519,0,100.819857,0,0,,303,0,0,0,0,1048218,8388572,0,b14bb4ea16e9e257,,0,4.49
20260927T200820Z-c857,bdcb775028e8cf1e,1000550,dial,cpu,resident,s2,106,2,0,0,1,warm,24,1,0,101.805746,0,1.265664,0,100.539733,0,0,,299,0,0,0,0,1048218,8388572,0,1100489ad95e65a9,,0,4.49
20260927T200820Z-c857,bdcb775028e8cf1e,73594,dial,cpu,resident,s2,107,2,0,0,1,warm,24,1,0,101.660638,0,1.207951,0,100.452478,0,0,,308,0,0,0,0,1048218,8388572,0,f80913d9ffa61601,,0,4.49
20260927T200820Z-c857,bdcb775028e8cf1e,301631,dial,cpu,resident,s2,108,2,0,0,1,warm,24,1,0,100.827346,0,1.20678,0,99.620381,0,0,,302,0,0,0,0,1048218,8388572,0,ffb0bdb411984f79,,0,4.49
20260927T200820Z-c857,bdcb775028e8cf1e,430170,dial,cpu,resident,s2,109,2,0,0,1,warm,24,1,0,102.320882,0,1.189884,0,101.13063,0,0,,305,0,0,0,0,1048218,8388572,0,3ddac9680cf654ec,,0,4.49
20260927T200820Z-c857,bdcb775028e8cf1e,752814,dial,cpu,resident,s2,110,2,0,0,1,warm,24,1,0,106.050258,0,1.210616,0,104.839095,0,0,,309,0,0,0,0,1048218,8388572,0,894bd5913f3ff4d4,,0,4.49
20260927T200820Z-c857,bdcb775028e8cf1e,679839,dial,cpu,resident,s2,111,2,0,0,1,warm,24,1,0,107.318856,0,1.250631,0,106.067971,0,0,,300,0,0,0,0,1048218,8388572,0,2311d0e3a8eb00ff,,0,4.49
20260927T200820Z-c857,bdcb775028e8cf1e,619664,dial,cpu,resident,s2,112,2,0,0,1,warm,24,1,0,102.456005,0,1.256352,0,101.199415,0,0,,297,0,0,0,0,1048218,8388572,0,67d5b0180727b207,,0,4.49
20260927T200820Z-c857,bdcb775028e8cf1e,98827,dial,cpu,resident,s2,113,2,0,0,1,warm,24,1,0,102.020137,0,1.210665,0,100.809307,0,0,,304,0,0,0,0,1048218,8388572,0,028ac127e1d04635,,0,4.49
20260927T200820Z-c857,bdcb775028e8cf1e,105994,dial,cpu,resident,s2,114,2,0,0,1,warm,24,1,0,101.007242,0,1.199466,0,99.807315,0,0,,307,0,0,0,0,1048218,8388572,0,6101a6af17cce50a,,0,4.49
20260927T200820Z-c857,bdcb775028e8cf1e,243457,dial,cpu,resident,s2,115,2,0,0,1,warm,24,1,0,102.016344,0,1.222047,0,100.794126,0,0,,305,0,0,0,0,1048218,8388572,0,d63dcb9c463e2915,,0,4.49
20260927T200820Z-c857,bdcb775028e8cf1e,734875,dial,cpu,resident,s2,116,2,0,0,1,warm,24,1,0,101.405704,0,1.24188,0,100.163486,0,0,,300,0,0,0,0,1048218,8388572,0,4ff936efc2f83018,,0,4.49
20260927T200820Z-c857,bdcb775028e8cf1e,370736,dial,cpu,resident,s2,117,2,0,0,1,warm,24,1,0,100.882979,0,1.196698,0,99.685723,0,0,,305,0,0,0,0,1048218,8388572,0,dddd8859f17554f0,,0,4.49
20260927T200820Z-c857,bdcb775028e8cf1e,521055,dial,cpu,resident,s2,118,2,0,0,1,warm,24,1,0,101.091692,0,1.186095,0,99.905196,0,0,,308,0,0,0,0,1048218,8388572,0,b294e6b0e2222d00,,0,4.21
20260927T200820Z-c857,bdcb775028e8cf1e,697461,dial,cpu,resident,s2,119,2,0,0,1,warm,24,1,0,103.803742,0,1.215854,0,102.587587,0,0,,311,0,0,0,0,1048218,8388572,0,c89ae9f21d6f3a2f,,0,4.21
20260927T200820Z-c857,bdcb775028e8cf1e,696648,dial,cpu,resident,s2,120,2,0,0,1,warm,24,1,0,102.153606,0,1.210474,0,100.942812,0,0,,301,0,0,0,0,1048218,8388572,0,e037bd626e593f61,,0,4.21
20260927T200820Z-c857,bdcb775028e8cf1e,322939,dial,cpu,resident,s2,121,2,0,0,1,warm,24,1,0,100.971548,0,1.186143,0,99.785061,0,0,,300,0,0,0,0,1048218,8388572,0,b87b221b270ba537,,0,4.21
20260927T200820Z-c857,bdcb775028e8cf1e,235403,dial,cpu,resident,s2,122,2,0,0,1,warm,24,1,0,101.778976,0,1.203433,0,100.57495,0,0,,305,0,0,0,0,1048218,8388572,0,df346452db877857,,0,4.21
20260927T200820Z-c857,bdcb775028e8cf1e,842932,dial,cpu,resident,s2,123,2,0,0,1,warm,24,1,0,101.068749,0,1.199527,0,99.868938,0,0,,304,0,0,0,0,1048218,8388572,0,af21ce208f9f1ea0,,0,4.21
20260927T200820Z-c857,bdcb775028e8cf1e,776073,dial,cpu,resident,s2,124,2,0,0,1,warm,24,1,0,101.699554,0,1.209584,0,100.489674,0,0,,297,0,0,0,0,1048218,8388572,0,7e405523a60c0b48,,0,4.21
20260927T200820Z-c857,bdcb775028e8cf1e,159157,dial,cpu,resident,s2,125,2,0,0,1,warm,24,1,0,101.513398,0,1.205904,0,100.307015,0,0,,303,0,0,0,0,1048218,8388572,0,f3d9b207575393e3,,0,4.21
20260927T200820Z-c857,bdcb775028e8cf1e,824874,dial,cpu,resident,s2,126,2,0,0,1,warm,24,1,0,101.787918,0,1.196633,0,100.590987,0,0,,302,0,0,0,0,1048218,8388572,0,d96a4f94f9e5b71e,,0,4.21
20260927T200820Z-c857,bdcb775028e8cf1e,523339,dial,cpu,resident,s2,127,2,0,0,1,warm,24,1,0,101.681105,0,1.207631,0,100.472768,0,0.000307,,308,0,0,0,0,1048218,8388572,0,f45d5e630c88b75d,,0,4.21
20260927T200820Z-c857,bdcb775028e8cf1e,140379,gpu-nearfar,gpu,resident,s2,0,2,0,0,2,warm,0,1,12,10.039631,0,0.359869,4.33654404,3.44956803,0.518827,0,,134,134,390,0,0,1090807,8765709,0,962513fc443036ca,2511.4811,0,4.21
20260927T200820Z-c857,bdcb775028e8cf1e,143033,gpu-nearfar,gpu,resident,s2,1,2,0,0,2,warm,0,1,12,4.975185,0,0,0,3.42912006,0.500709,0,,131,131,388,0,0,1089821,8757441,0,45bee60043588143,2511.16068,0,4.21
20260927T200820Z-c857,bdcb775028e8cf1e,473133,gpu-nearfar,gpu,resident,s2,2,2,0,0,2,warm,0,1,12,4.985788,0,0,0,3.43734407,0.488337,0,,133,133,388,0,0,1090568,8764552,0,ad940a6a7c9f6e79,2509.32031,0,4.21
20260927T200820Z-c857,bdcb775028e8cf1e,22045,gpu-nearfar,gpu,resident,s2,3,2,0,0,2,warm,0,1,12,4.886438,0,0,0,3.34457588,0.482837,0,,127,127,372,0,0,1090973,8767617,0,3c8a4f6babe2bcfa,2509.40044,0,4.21
20260927T200820Z-c857,bdcb775028e8cf1e,367943,gpu-nearfar,gpu,resident,s2,4,2,0,0,2,warm,0,1,12,5.035619,0,0,0,3.41436791,0.487268,0,,132,132,386,0,0,1090422,8762049,0,8f49d64399cf55ba,2511.16068,0,4.21
20260927T200820Z-c857,bdcb775028e8cf1e,955628,gpu-nearfar,gpu,resident,s2,5,2,0,0,2,warm,0,1,12,5.144616,0,0,0,3.51808,0.549799,0,,134,134,390,0,0,1090587,8763497,0,97ac752781dd9e47,2510.44019,0,4.21
20260927T200820Z-c857,bdcb775028e8cf1e,493619,gpu-nearfar,gpu,resident,s2,6,2,0,0,2,warm,0,1,12,4.922297,0,0,0,3.32899189,0.483783,0,,125,125,368,0,0,1091082,8767952,0,01947ce70d300df5,2511.08074,0,4.21
20260927T200820Z-c857,bdcb775028e8cf1e,78040,gpu-nearfar,gpu,resident,s2,7,2,0,0,2,warm,0,1,12,5.023982,0,0,0,3.43228793,0.488206,0,,130,130,382,0,0,1090301,8761463,0,7ce762e264c535fb,2509.48027,0,4.21
20260927T200820Z-c857,bdcb775028e8cf1e,597528,gpu-nearfar,gpu,resident,s2,8,2,0,0,2,warm,0,1,12,4.911552,0,0,0,3.34531212,0.481509,0,,125,125,372,0,0,1090764,8765139,0,8eb259ff3f497ebc,2509.00044,0,4.21
20260927T200820Z-c857,bdcb775028e8cf1e,666088,gpu-nearfar,gpu,resident,s2,9,2,0,0,2,warm,0,1,12,5.082277,0,0,0,3.45052791,0.517379,0,,133,133,388,0,0,1090111,8759301,0,8babfd558442eb36,2511.16068,0,4.21
20260927T200820Z-c857,bdcb775028e8cf1e,93798,gpu-nearfar,gpu,resident,s2,10,2,0,0,2,warm,0,1,12,4.998726,0,0,0,3.41887999,0.461936,0,,132,132,386,0,0,1090988,8766498,0,d776da21d464498f,2508.60087,0,4.21
20260927T200820Z-c857,bdcb775028e8cf1e,583195,gpu-nearfar,gpu,resident,s2,11,2,0,0,2,warm,0,1,12,4.985663,0,0,0,3.3992641,0.475861,0,,130,130,378,0,0,1090927,8767386,0,172aa003797174fd,2510.6003,0,4.21
20260927T200820Z-c857,bdcb775028e8cf1e,828010,gpu-nearfar,gpu,resident,s2,12,2,0,0,2,warm,0,1,12,5.048289,0,0,0,3.46588802,0.473551,0,,132,132,394,0,0,1090430,8762502,0,24e48fed204afe20,2510.6003,0,4.21
20260927T200820Z-c857,bdcb775028e8cf1e,232399,gpu-nearfar,gpu,resident,s2,13,2,0,0,2,warm,0,1,12,5.103114,0,0,0,3.43692803,0.559991,0,,134,134,386,0,0,1090699,8764157,0,9e4d36e9fa7c15f8,2511.16068,0,4.21
20260927T200820Z-c857,bdcb775028e8cf1e,439005,gpu-nearfar,gpu,resident,s2,14,2,0,0,2,warm,0,1,12,5.220432,0,0,0,3.47510409,0.516791,0,,129,129,380,0,0,1090547,8764147,0,8e4128a19e9259cb,2509.32031,0,4.21
20260927T200820Z-c857,bdcb775028e8cf1e,261911,gpu-nearfar,gpu,resident,s2,15,2,0,0,2,warm,0,1,12,5.236978,0,0,0,3.47622395,0.539752,0,,133,133,392,0,0,1090733,8764784,0,42def7b4c28fed4d,2510.52039,0,4.21
20260927T200820Z-c857,bdcb775028e8cf1e,306042,gpu-nearfar,gpu,resident,s2,16,2,0,0,2,warm,0,1,12,5.133966,0,0,0,3.42083192,0.49181,0,,131,131,380,0,0,1090463,8762497,0,caef7bb3d74e71e7,2511.16068,0,4.21
20260927T200820Z-c857,bdcb775028e8cf1e,842254,gpu-nearfar,gpu,resident,s2,17,2,0,0,2,warm,0,1,12,5.065844,0,0,0,3.45456004,0.4783,0,,133,133,384,0,0,1090047,8760107,0,d7fe1f2a8f019015,2508.60087,0,4.21
20260927T200820Z-c857,bdcb775028e8cf1e,497647,gpu-nearfar,gpu,resident,s2,18,2,0,0,2,warm,0,1,12,5.092893,0,0,0,3.47113609,0.486408,0,,134,134,390,0,0,1090974,8766884,0,fec7b1878b41d172,2511.00051,0,4.21
20260927T200820Z-c857,bdcb775028e8cf1e,283052,gpu-nearfar,gpu,resident,s2,19,2,0,0,2,warm,0,1,12,5.094122,0,0,0,3.48214412,0.479929,0,,135,135,396,0,0,1090152,8760188,0,7118d82e727075df,2511.16068,0,4.21
20260927T200820Z-c857,bdcb775028e8cf1e,299936,gpu-nearfar,gpu,resident,s2,20,2,0,0,2,warm,0,1,12,4.978768,0,0,0,3.36745596,0.47517,0,,128,128,378,0,0,1090383,8761994,0,cacd11290a4229d3,2508.84054,0,4.21
20260927T200820Z-c857,bdcb775028e8cf1e,785373,gpu-nearfar,gpu,resident,s2,21,2,0,0,2,warm,0,1,12,5.033835,0,0,0,3.43312001,0.482298,0,,133,133,388,0,0,1090753,8765596,0,59a7d838e8fde54e,2511.16068,0,4.21
20260927T200820Z-c857,bdcb775028e8cf1e,480378,gpu-nearfar,gpu,resident,s2,22,2,0,0,2,warm,0,1,12,4.995679,0,0,0,3.40851212,0.475488,0,,130,130,382,0,0,1091051,8767871,0,8d61a1f8360384c2,2510.92057,0,4.21
20260927T200820Z-c857,bdcb775028e8cf1e,321060,gpu-nearfar,gpu,resident,s2,23,2,0,0,2,warm,0,1,12,5.016719,0,0,0,3.40457606,0.492026,0,,132,132,382,0,0,1090450,8761607,0,a31502366da41b8f,2509.64026,0,4.21
20260927T200820Z-c857,bdcb775028e8cf1e,337388,gpu-nearfar,gpu,resident,s2,24,2,0,0,2,warm,0,1,12,4.988939,0,0,0,3.393152,0.470204,0,,130,130,382,0,0,1090979,8767885,0,8c08c70ebb3ac3fb,2511.16068,0,4.21
20260927T200820Z-c857,bdcb775028e8cf1e,118671,gpu-nearfar,gpu,resident,s2,25,2,0,0,2,warm,0,1,12,5.066982,0,0,0,3.48118401,0.473375,0,,135,135,392,0,0,1090402,8762675,0,0c15ec8650da6629,2511.16068,0,4.21
20260927T200820Z-c857,bdcb775028e8cf1e,125150,gpu-nearfar,gpu,resident,s2,26,2,0,0,2,warm,0,1,12,5.021112,0,0,0,3.42547202,0.481033,0,,133,133,388,0,0,1091056,8768346,0,5df60853290e8825,2508.60087,0,4.21
20260927T200820Z-c857,bdcb775028e8cf1e,72476,gpu-nearfar,gpu,resident,s2,27,2,0,0,2,warm,0,1,12,5.39009,0,0,0,3.58780789,0.508639,0,,136,136,394,0,0,1090772,8765068,0,9d309008139d89e2,2510.20022,0,4.21
20260927T200820Z-c857,bdcb775028e8cf1e,728509,gpu-nearfar,gpu,resident,s2,28,2,0,0,2,warm,0,1,12,5.409654,0,0,0,3.58323193,0.544934,0,,138,138,406,0,0,1090769,8765549,0,5c3d8df36abcfc12,2510.84035,0,4.21
20260927T200820Z-c857,bdcb775028e8cf1e,679264,gpu-nearfar,gpu,resident,s2,29,2,0,0,2,warm,0,1,12,5.331856,0,0,0,3.5284481,0.519147,0,,135,135,392,0,0,1090440,8762896,0,c6e211fc2a14bb1e,2511.16068,0,4.21
20260927T200820Z-c857,bdcb775028e8cf1e,828590,gpu-nearfar,gpu,resident,s2,30,2,0,0,2,warm,0,1,12,5.298394,0,0,0,3.56527996,0.500973,0,,139,139,412,0,0,1090964,8767131,0,2ae9225c26b53613,2511.16068,0,4.21
20260927T200820Z-c857,bdcb775028e8cf1e,411591,gpu-nearfar,gpu,resident,s2,31,2,0,0,2,warm,0,1,12,5.10511,0,0,0,3.40131211,0.49063,0,,129,129,376,0,0,1090489,8762793,0,87c40e56ae5ffca7,2511.16068,0,4.21
20260927T200820Z-c857,bdcb775028e8cf1e,555679,gpu-nearfar,gpu,resident,s2,32,2,0,0,2,warm,0,1,12,5.012202,0,0,0,3.34188795,0.488728,0,,127,127,372,0,0,1090686,8765071,0,9f18f792be207582,2511.4811,0,4.21
20260927T200820Z-c857,bdcb775028e8cf1e,417721,gpu-nearfar,gpu,resident,s2,33,2,0,0,2,warm,0,1,12,5.047765,0,0,0,3.38099194,0.498137,0,,130,130,374,0,0,1089987,8758845,0,40f1a85ee049ae51,2508.60087,0,4.21
20260927T200820Z-c857,bdcb775028e8cf1e,199603,gpu-nearfar,gpu,resident,s2,34,2,0,0,2,warm,0,1,12,5.213913,0,0,0,3.44019198,0.496837,0,,132,132,386,0,0,1090396,8762034,0,52eab23b1dc3a0d8,2508.60087,0,4.21
20260927T200820Z-c857,bdcb775028e8cf1e,625990,gpu-nearfar,gpu,resident,s2,35,2,0,0,2,warm,0,1,12,5.464996,0,0,0,3.49948812,0.526225,0,,133,133,380,0,0,1090371,8761017,0,1f91735b89b1e749,2511.16068,0,4.21
20260927T200820Z-c857,bdcb775028e8cf1e,931576,gpu-nearfar,gpu,resident,s2,36,2,0,0,2,warm,0,1,12,5.406129,0,0,0,3.56419206,0.51945,0,,136,136,394,0,0,1090580,8763747,0,f9b3834a03c725b2,2511.16068,0,4.21
20260927T200820Z-c857,bdcb775028e8cf1e,388607,gpu-nearfar,gpu,resident,s2,37,2,0,0,2,warm,0,1,12,5.066622,0,0,0,3.36857605,0.504266,0,,126,126,366,0,0,1090666,8764368,0,2469a61a38128657,2508.92063,0,4.21
20260927T200820Z-c857,bdcb775028e8cf1e,40305,gpu-nearfar,gpu,resident,s2,38,2,0,0,2,warm,0,1,12,5.088843,0,0,0,3.38774395,0.50355,0,,126,126,370,0,0,1091208,8769242,0,a95dfd3d0c7b8217,2511.16068,0,4.21
20260927T200820Z-c857,bdcb775028e8cf1e,297024,gpu-nearfar,gpu,resident,s2,39,2,0,0,2,warm,0,1,12,5.16679,0,0,0,3.52339196,0.485908,0,,134,134,394,0,0,1090699,8764714,0,126ebac47fb036d5,2511.08074,0,4.21
20260927T200820Z-c857,bdcb775028e8cf1e,928309,gpu-nearfar,gpu,resident,s2,40,2,0,0,2,warm,0,1,12,5.190063,0,0,0,3.54272008,0.479302,0,,136,136,394,0,0,1090366,8762586,0,1d4f08d9e5c4d39f,2511.64134,0,4.21
20260927T200820Z-c857,bdcb775028e8cf1e,274490,gpu-nearfar,gpu,resident,s2,41,2,0,0,2,warm,0,1,12,5.249705,0,0,0,3.63177609,0.482903,0,,143,143,424,0,0,1090746,8765206,0,b8ae98805b057b5a,2509.24048,0,4.21
20260927T200820Z-c857,bdcb775028e8cf1e,545768,gpu-nearfar,gpu,resident,s2,42,2,0,0,2,warm,0,1,12,5.064825,0,0,0,3.45488,0.4828,0,,132,132,386,0,0,1090466,8763081,0,804a6099fd45f9f1,2508.20142,0,4.21
20260927T200820Z-c857,bdcb775028e8cf1e,20469,gpu-nearfar,gpu,resident,s2,43,2,0,0,2,warm,0,1,12,5.048964,0,0,0,3.40707207,0.485131,0,,129,129,380,0,0,1090141,8759668,0,67718541774a1c58,2511.16068,0,4.21
20260927T200820Z-c857,bdcb775028e8cf1e,531301,gpu-nearfar,gpu,resident,s2,44,2,0,0,2,warm,0,1,12,5.105128,0,0,0,3.49964809,0.474677,0,,136,136,402,0,0,1090856,8766140,0,a2d077b44abc8be4,2511.16068,0,4.21
20260927T200820Z-c857,bdcb775028e8cf1e,1047443,gpu-nearfar,gpu,resident,s2,45,2,0,0,2,warm,0,1,12,5.076793,0,0,0,3.46928,0.477122,0,,133,133,396,0,0,1090941,8767230,0,5193d56b59210cff,2511.16068,0,4.21
20260927T200820Z-c857,bdcb775028e8cf1e,638272,gpu-nearfar,gpu,resident,s2,46,2,0,0,2,warm,0,1,12,5.177659,0,0,0,3.57721591,0.47553,0,,140,140,414,0,0,1090682,8764329,0,55cd86ef2d52603f,2508.60087,0,4.21
20260927T200820Z-c857,bdcb775028e8cf1e,975530,gpu-nearfar,gpu,resident,s2,47,2,0,0,2,warm,0,1,12,5.076872,0,0,0,3.47641611,0.47496,0,,134,134,390,0,0,1091084,8768790,0,defa82ffc7c822c1,2511.16068,0,4.21
20260927T200820Z-c857,bdcb775028e8cf1e,914696,gpu-nearfar,gpu,resident,s2,48,2,0,0,2,warm,0,1,12,5.02985,0,0,0,3.43180799,0.466952,0,,132,132,390,0,0,1090619,8765083,0,b214dabb258e9aae,2511.08074,0,4.21
20260927T200820Z-c857,bdcb775028e8cf1e,169940,gpu-nearfar,gpu,resident,s2,49,2,0,0,2,warm,0,1,12,4.989274,0,0,0,3.37875199,0.482349,0,,129,129,380,0,0,1090571,8764268,0,aa0703ef4173c77e,2511.16068,0,4.21
20260927T200820Z-c857,bdcb775028e8cf1e,834360,gpu-nearfar,gpu,resident,s2,50,2,0,0,2,warm,0,1,12,4.962773,0,0,0,3.35084796,0.486305,0,,128,128,370,0,0,1090182,8760991,0,5691474dd60d91eb,2511.16068,0,4.21
20260927T200820Z-c857,bdcb775028e8cf1e,518322,gpu-nearfar,gpu,resident,s2,51,2,0,0,2,warm,0,1,12,5.166891,0,0,0,3.5078721,0.484375,0,,137,137,392,0,0,1090534,8763791,0,487e23ea466e3dc3,2509.24048,0,4.21
20260927T200820Z-c857,bdcb775028e8cf1e,577541,gpu-nearfar,gpu,resident,s2,52,2,0,0,2,warm,0,1,12,4.941678,0,0,0,3.32556796,0.471706,0,,128,128,366,0,0,1090644,8763708,0,b1fdbbb5e3df8eaf,2509.24048,0,4.21
20260927T200820Z-c857,bdcb775028e8cf1e,764242,gpu-nearfar,gpu,resident,s2,53,2,0,0,2,warm,0,1,12,5.031917,0,0,0,3.41558409,0.477826,0,,133,133,384,0,0,1090716,8765353,0,3d9713fe1cb13f0f,2508.60087,0,4.21
20260927T200820Z-c857,bdcb775028e8cf1e,14706,gpu-nearfar,gpu,resident,s2,54,2,0,0,2,warm,0,1,12,5.045831,0,0,0,3.4447999,0.473488,0,,134,134,390,0,0,1090521,8763421,0,670ec085e25725a5,2508.60087,0,4.21
20260927T200820Z-c857,bdcb775028e8cf1e,471650,gpu-nearfar,gpu,resident,s2,55,2,0,0,2,warm,0,1,12,5.049445,0,0,0,3.41494393,0.487453,0,,131,131,388,0,0,1090772,8765653,0,8e96feb8790153a9,2511.16068,0,4.21
20260927T200820Z-c857,bdcb775028e8cf1e,192150,gpu-nearfar,gpu,resident,s2,56,2,0,0,2,warm,0,1,12,5.085724,0,0,0,3.47913599,0.480283,0,,134,134,394,0,0,1090433,8762930,0,7a4e7c7f4964792a,2509.16036,0,4.21
20260927T200820Z-c857,bdcb775028e8cf1e,59477,gpu-nearfar,gpu,resident,s2,57,2,0,0,2,warm,0,1,12,4.959355,0,0,0,3.33913589,0.476679,0,,127,127,376,0,0,1090521,8762415,0,720be9d618fad5fd,2511.16068,0,4.21
20260927T200820Z-c857,bdcb775028e8cf1e,201224,gpu-nearfar,gpu,resident,s2,58,2,0,0,2,warm,0,1,12,4.994588,0,0,0,3.35331202,0.475028,0,,129,129,376,0,0,1090455,8761381,0,9def48f1ef14c98b,2509.16036,0,4.21
20260927T200820Z-c857,bdcb775028e8cf1e,12846,gpu-nearfar,gpu,resident,s2,59,2,0,0,2,warm,0,1,12,4.942412,0,0,0,3.33587193,0.463527,0,,128,128,374,0,0,1090629,8764293,0,4a251f0fc1f7c4d8,2508.60087,0,4.21
20260927T200820Z-c857,bdcb775028e8cf1e,88685,gpu-nearfar,gpu,resident,s2,60,2,0,0,2,warm,0,1,12,5.060072,0,0,0,3.43516803,0.485208,0,,130,130,374,0,0,1090779,8764752,0,35e1f7fbc76a56e6,2511.16068,0,4.21
20260927T200820Z-c857,bdcb775028e8cf1e,637,gpu-nearfar,gpu,resident,s2,61,2,0,0,2,warm,0,1,12,5.060574,0,0,0,3.45654392,0.466606,0,,135,135,392,0,0,1090304,8761889,0,55580c8117e41e29,2511.16068,0,4.21
20260927T200820Z-c857,bdcb775028e8cf1e,140682,gpu-nearfar,gpu,resident,s2,62,2,0,0,2,warm,0,1,12,5.049153,0,0,0,3.43734407,0.460563,0,,133,133,384,0,0,1090924,8768120,0,2275df8962059f7d,2509.00044,0,4.21
20260927T200820Z-c857,bdcb775028e8cf1e,242263,gpu-nearfar,gpu,resident,s2,63,2,0,0,2,warm,0,1,12,5.014159,0,0,0,3.418432,0.469851,0,,131,131,384,0,0,1090495,8763597,0,aec23922016823f2,2508.60087,0,4.21
20260927T200820Z-c857,bdcb775028e8cf1e,955528,gpu-nearfar,gpu,resident,s2,64,2,0,0,2,warm,0,1,12,5.087326,0,0,0,3.4942081,0.460434,0,,135,135,388,0,0,1090611,8764645,0,71745a9ddcfa9aed,2509.48027,0,4.21
20260927T200820Z-c857,bdcb775028e8cf1e,604431,gpu-nearfar,gpu,resident,s2,65,2,0,0,2,warm,0,1,12,5.047796,0,0,0,3.45548797,0.465749,0,,133,133,388,0,0,1090576,8764703,0,0f2fc4de9183f8e5,2510.6003,0,4.21
20260927T200820Z-c857,bdcb775028e8cf1e,968747,gpu-nearfar,gpu,resident,s2,66,2,0,0,2,warm,0,1,12,5.054992,0,0,0,3.4537921,0.470701,0,,134,134,390,0,0,1090420,8762504,0,23fb936cb9001886,2510.36029,0,4.21
20260927T200820Z-c857,bdcb775028e8cf1e,25579,gpu-nearfar,gpu,resident,s2,67,2,0,0,2,warm,0,1,12,5.016576,0,0,0,3.40124798,0.481346,0,,130,130,378,0,0,1090857,8767631,0,147f42102dacb4a9,2511.16068,0,4.21
20260927T200820Z-c857,bdcb775028e8cf1e,802074,gpu-nearfar,gpu,resident,s2,68,2,0,0,2,warm,0,1,12,5.100521,0,0,0,3.45248008,0.468963,0,,133,133,392,0,0,1090658,8765452,0,9ab4ea21ea39d810,2509.00044,0,4.21
20260927T200820Z-c857,bdcb775028e8cf1e,785602,gpu-nearfar,gpu,resident,s2,69,2,0,0,2,warm,0,1,12,5.098838,0,0,0,3.42208004,0.486118,0,,132,132,386,0,0,1090966,8767918,0,904abcbc011db59e,2510.76042,0,4.21
20260927T200820Z-c857,bdcb775028e8cf1e,800647,gpu-nearfar,gpu,resident,s2,70,2,0,0,2,warm,0,1,12,5.107077,0,0,0,3.48364806,0.478759,0,,136,136,390,0,0,1090174,8760724,0,963c10a1708eaba2,2511.16068,0,4.21
20260927T200820Z-c857,bdcb775028e8cf1e,1034835,gpu-nearfar,gpu,resident,s2,71,2,0,0,2,warm,0,1,12,4.924468,0,0,0,3.30771208,0.479968,0,,126,126,370,0,0,1090864,8765665,0,e6fa7c6616165044,2511.16068,0,4.21
20260927T200820Z-c857,bdcb775028e8cf1e,591983,gpu-nearfar,gpu,resident,s2,72,2,0,0,2,warm,0,1,12,5.043145,0,0,0,3.41052794,0.489307,0,,132,132,390,0,0,1090257,8761571,0,6d8caa59599b10cf,2509.08055,0,4.21
20260927T200820Z-c857,bdcb775028e8cf1e,509143,gpu-nearfar,gpu,resident,s2,73,2,0,0,2,warm,0,1,12,5.137552,0,0,0,3.52227211,0.474002,0,,138,138,406,0,0,1090812,8766055,0,6ebbe9cb431c1e34,2508.68095,0,4.21
20260927T200820Z-c857,bdcb775028e8cf1e,258004,gpu-nearfar,gpu,resident,s2,74,2,0,0,2,warm,0,1,12,5.060457,0,0,0,3.45337605,0.476606,0,,133,133,396,0,0,1090676,8765020,0,8fe71bf6883af38c,2511.16068,0,4.21
20260927T200820Z-c857,bdcb775028e8cf1e,1008134,gpu-nearfar,gpu,resident,s2,75,2,0,0,2,warm,0,1,12,4.986212,0,0,0,3.39526391,0.471671,0,,128,128,378,0,0,1090715,8764339,0,cdc782d99fbeccfa,2510.36029,0,4.21
20260927T200820Z-c857,bdcb775028e8cf1e,693058,gpu-nearfar,gpu,resident,s2,76,2,0,0,2,warm,0,1,12,5.021615,0,0,0,3.43072009,0.471356,0,,132,132,390,0,0,1090774,8766152,0,62b2e74b763aa377,2508.76074,0,4.21
20260927T200820Z-c857,bdcb775028e8cf1e,567498,gpu-nearfar,gpu,resident,s2,77,2,0,0,2,warm,0,1,12,5.116833,0,0,0,3.51609612,0.473372,0,,137,137,396,0,0,1090632,8763942,0,b3954405507118b0,2511.16068,0,4.21
20260927T200820Z-c857,bdcb775028e8cf1e,626061,gpu-nearfar,gpu,resident,s2,78,2,0,0,2,warm,0,1,12,4.978898,0,0,0,3.37372804,0.469522,0,,129,129,380,0,0,1090788,8766501,0,61fd094b9998fbe0,2511.16068,0,4.21
20260927T200820Z-c857,bdcb775028e8cf1e,599867,gpu-nearfar,gpu,resident,s2,79,2,0,0,2,warm,0,1,12,5.145379,0,0,0,3.54521608,0.467079,0,,140,140,410,0,0,1090500,8765183,0,4284c3996437d273,2510.36029,0,4.21
20260927T200820Z-c857,bdcb775028e8cf1e,721594,gpu-nearfar,gpu,resident,s2,80,2,0,0,2,warm,0,1,12,5.032451,0,0,0,3.42262411,0.467212,0,,131,131,384,0,0,1090413,8762556,0,c5027d3d7bcd5d43,2509.32031,0,4.21
20260927T200820Z-c857,bdcb775028e8cf1e,755768,gpu-nearfar,gpu,resident,s2,81,2,0,0,2,warm,0,1,12,4.984167,0,0,0,3.38572788,0.469707,0,,130,130,382,0,0,1090177,8760621,0,955e6864f3462f95,2508.60087,0,4.21
20260927T200820Z-c857,bdcb775028e8cf1e,481879,gpu-nearfar,gpu,resident,s2,82,2,0,0,2,warm,0,1,12,5.054799,0,0,0,3.45686412,0.459774,0,,135,135,388,0,0,1090870,8767032,0,4d31dc5efe4dd68c,2511.16068,0,4.21
20260927T200820Z-c857,bdcb775028e8cf1e,666926,gpu-nearfar,gpu,resident,s2,83,2,0,0,2,warm,0,1,12,4.953356,0,0,0,3.3585279,0.463905,0,,129,129,372,0,0,1090810,8765408,0,e59c132c158e1970,2508.76074,0,4.21
20260927T200820Z-c857,bdcb775028e8cf1e,812308,gpu-nearfar,gpu,resident,s2,84,2,0,0,2,warm,0,1,12,5.060722,0,0,0,3.46092796,0.469309,0,,135,135,392,0,0,1090866,8766119,0,0f02fef1f6f062f9,2509.00044,0,4.21
20260927T200820Z-c857,bdcb775028e8cf1e,940471,gpu-nearfar,gpu,resident,s2,85,2,0,0,2,warm,0,1,12,4.949617,0,0,0,3.355968,0.460763,0,,127,127,376,0,0,1090272,8761614,0,d4f15bd52e42c464,2508.60087,0,4.21
20260927T200820Z-c857,bdcb775028e8cf1e,705817,gpu-nearfar,gpu,resident,s2,86,2,0,0,2,warm,0,1,12,5.02288,0,0,0,3.42905593,0.46867,0,,132,132,390,0,0,1090487,8762866,0,2f9e346e5a9590b3,2508.60087,0,4.21
20260927T200820Z-c857,bdcb775028e8cf1e,378775,gpu-nearfar,gpu,resident,s2,87,2,0,0,2,warm,0,1,12,5.096527,0,0,0,3.50089598,0.46281,0,,136,136,402,0,0,1090441,8762575,0,247dc886d68cf358,2509.32031,0,4.21
20260927T200820Z-c857,bdcb775028e8cf1e,11928,gpu-nearfar,gpu,resident,s2,88,2,0,0,2,warm,0,1,12,5.038403,0,0,0,3.43846393,0.476988,0,,134,134,390,0,0,1090642,8764536,0,86b14882cf633e0e,2509.24048,0,4.21
20260927T200820Z-c857,bdcb775028e8cf1e,149969,gpu-nearfar,gpu,resident,s2,89,2,0,0,2,warm,0,1,12,5.007731,0,0,0,3.42204809,0.467469,0,,135,135,388,0,0,1090355,8761013,0,45297a6a252cf4a3,2511.16068,0,4.21
20260927T200820Z-c857,bdcb775028e8cf1e,518422,gpu-nearfar,gpu,resident,s2,90,2,0,0,2,warm,0,1,12,5.008474,0,0,0,3.40441608,0.470397,0,,132,132,386,0,0,1090955,8766809,0,48d221e86e4fc6b8,2509.32031,0,4.21
20260927T200820Z-c857,bdcb775028e8cf1e,764093,gpu-nearfar,gpu,resident,s2,91,2,0,0,2,warm,0,1,12,5.022928,0,0,0,3.42185593,0.466706,0,,133,133,380,0,0,1090607,8763512,0,30627382b9126684,2511.16068,0,4.21
20260927T200820Z-c857,bdcb775028e8cf1e,818556,gpu-nearfar,gpu,resident,s2,92,2,0,0,2,warm,0,1,12,5.016823,0,0,0,3.41177607,0.474644,0,,131,131,384,0,0,1090494,8762501,0,27a240572492669c,2509.16036,0,4.21
20260927T200820Z-c857,bdcb775028e8cf1e,284007,gpu-nearfar,gpu,resident,s2,93,2,0,0,2,warm,0,1,12,4.942939,0,0,0,3.35209608,0.460636,0,,127,127,372,0,0,1090486,8762610,0,d3f6714dfb85bc57,2511.16068,0,4.21
20260927T200820Z-c857,bdcb775028e8cf1e,147527,gpu-nearfar,gpu,resident,s2,94,2,0,0,2,warm,0,1,12,4.930317,0,0,0,3.33782411,0.471913,0,,127,127,372,0,0,1090583,8764011,0,d049b16980e0f60c,2511.16068,0,4.21
20260927T200820Z-c857,bdcb775028e8cf1e,810773,gpu-nearfar,gpu,resident,s2,95,2,0,0,2,warm,0,1,12,5.015858,0,0,0,3.41648006,0.47306,0,,131,131,384,0,0,1091003,8767340,0,6fd146baf7e50cb8,2511.16068,0,4.21
20260927T200820Z-c857,bdcb775028e8cf1e,496849,gpu-nearfar,gpu,resident,s2,96,2,0,0,2,warm,0,1,12,5.035636,0,0,0,3.41667199,0.471792,0,,132,132,390,0,0,1089887,8757544,0,51e6ca03ae62fe83,2511.16068,0,4.21
20260927T200820Z-c857,bdcb775028e8cf1e,1013688,gpu-nearfar,gpu,resident,s2,97,2,0,0,2,warm,0,1,12,5.012306,0,0,0,3.40332794,0.468286,0,,130,130,382,0,0,1090682,8765812,0,30b5e615d19b4db7,2511.16068,0,4.21
20260927T200820Z-c857,bdcb775028e8cf1e,935512,gpu-nearfar,gpu,resident,s2,98,2,0,0,2,warm,0,1,12,5.06175,0,0,0,3.45551991,0.474792,0,,134,134,390,0,0,1090837,8765793,0,345b9f3d13942b0a,2511.16068,0,4.21
20260927T200820Z-c857,bdcb775028e8cf1e,714883,gpu-nearfar,gpu,resident,s2,99,2,0,0,2,warm,0,1,12,5.055913,0,0,0,3.43830395,0.468375,0,,131,131,384,0,0,1090277,8760864,0,3caa4b9d4e60a28c,2511.16068,0,4.21
20260927T200820Z-c857,bdcb775028e8cf1e,670214,gpu-nearfar,gpu,resident,s2,100,2,0,0,2,warm,0,1,12,5.087499,0,0,0,3.46774411,0.470809,0,,133,133,392,0,0,1090936,8765466,0,58cdbd04e9ad4b5a,2511.16068,0,4.21
20260927T200820Z-c857,bdcb775028e8cf1e,922346,gpu-nearfar,gpu,resident,s2,101,2,0,0,2,warm,0,1,12,5.089942,0,0,0,3.44764805,0.477306,0,,133,133,384,0,0,1090763,8765575,0,a9345b2da1f507da,2511.16068,0,4.21
20260927T200820Z-c857,bdcb775028e8cf1e,802242,gpu-nearfar,gpu,resident,s2,102,2,0,0,2,warm,0,1,12,4.990741,0,0,0,3.37673593,0.476858,0,,130,130,382,0,0,1090615,8764289,0,36cceee4a9db6a4b,2511.16068,0,4.21
20260927T200820Z-c857,bdcb775028e8cf1e,45284,gpu-nearfar,gpu,resident,s2,103,2,0,0,2,warm,0,1,12,5.090227,0,0,0,3.45923209,0.475595,0,,134,134,390,0,0,1090349,8762389,0,8cde483398c0c574,2511.16068,0,4.21
20260927T200820Z-c857,bdcb775028e8cf1e,908797,gpu-nearfar,gpu,resident,s2,104,2,0,0,2,warm,0,1,12,5.094188,0,0,0,3.47228789,0.475828,0,,134,134,398,0,0,1090391,8762037,0,693d054e427576ec,2509.32031,0,4.21
20260927T200820Z-c857,bdcb775028e8cf1e,281396,gpu-nearfar,gpu,resident,s2,105,2,0,0,2,warm,0,1,12,5.072838,0,0,0,3.48012805,0.46741,0,,135,135,392,0,0,1090512,8762881,0,b14bb4ea16e9e257,2511.16068,0,4.21
20260927T200820Z-c857,bdcb775028e8cf1e,1000550,gpu-nearfar,gpu,resident,s2,106,2,0,0,2,warm,0,1,12,5.008955,0,0,0,3.38636804,0.485899,0,,126,126,366,0,0,1090731,8765043,0,1100489ad95e65a9,2511.4811,0,4.21
20260927T200820Z-c857,bdcb775028e8cf1e,73594,gpu-nearfar,gpu,resident,s2,107,2,0,0,2,warm,0,1,12,5.114934,0,0,0,3.49449611,0.464518,0,,136,136,398,0,0,1090764,8764888,0,f80913d9ffa61601,2511.16068,0,4.21
20260927T200820Z-c857,bdcb775028e8cf1e,301631,gpu-nearfar,gpu,resident,s2,108,2,0,0,2,warm,0,1,12,5.038738,0,0,0,3.38121605,0.473259,0,,132,132,382,0,0,1090281,8761046,0,ffb0bdb411984f79,2508.60087,0,4.21
20260927T200820Z-c857,bdcb775028e8cf1e,430170,gpu-nearfar,gpu,resident,s2,109,2,0,0,2,warm,0,1,12,5.079039,0,0,0,3.46799994,0.456825,0,,136,136,394,0,0,1090634,8764137,0,3ddac9680cf654ec,2511.16068,0,4.21
20260927T200820Z-c857,bdcb775028e8cf1e,752814,gpu-nearfar,gpu,resident,s2,110,2,0,0,2,warm,0,1,12,5.07268,0,0,0,3.46812797,0.469298,0,,132,132,390,0,0,1091042,8768596,0,894bd5913f3ff4d4,2511.16068,0,4.21
20260927T200820Z-c857,bdcb775028e8cf1e,679839,gpu-nearfar,gpu,resident,s2,111,2,0,0,2,warm,0,1,12,5.038944,0,0,0,3.40432,0.48424,0,,132,132,386,0,0,1090384,8762581,0,2311d0e3a8eb00ff,2511.00051,0,4.21
20260927T200820Z-c857,bdcb775028e8cf1e,619664,gpu-nearfar,gpu,resident,s2,112,2,0,0,2,warm,0,1,12,5.015289,0,0,0,3.39587212,0.475724,0,,131,131,384,0,0,1090199,8761440,0,67d5b0180727b207,2509.64026,0,4.21
20260927T200820Z-c857,bdcb775028e8cf1e,98827,gpu-nearfar,gpu,resident,s2,113,2,0,0,2,warm,0,1,12,5.019396,0,0,0,3.36543989,0.463888,0,,129,129,380,0,0,1090672,8764260,0,028ac127e1d04635,2508.60087,0,4.21
20260927T200820Z-c857,bdcb775028e8cf1e,105994,gpu-nearfar,gpu,resident,s2,114,2,0,0,2,warm,0,1,12,5.042306,0,0,0,3.45321608,0.465782,0,,134,134,390,0,0,1090444,8762230,0,6101a6af17cce50a,2508.60087,0,4.21
20260927T200820Z-c857,bdcb775028e8cf1e,243457,gpu-nearfar,gpu,resident,s2,115,2,0,0,2,warm,0,1,12,5.075855,0,0,0,3.47500801,0.465111,0,,134,134,394,0,0,1090745,8765530,0,d63dcb9c463e2915,2511.16068,0,4.21
20260927T200820Z-c857,bdcb775028e8cf1e,734875,gpu-nearfar,gpu,resident,s2,116,2,0,0,2,warm,0,1,12,5.094881,0,0,0,3.50438404,0.471972,0,,135,135,396,0,0,1091061,8768668,0,4ff936efc2f83018,2511.16068,0,4.21
20260927T200820Z-c857,bdcb775028e8cf1e,370736,gpu-nearfar,gpu,resident,s2,117,2,0,0,2,warm,0,1,12,5.20836,0,0,0,3.55075192,0.491686,0,,137,137,412,0,0,1090780,8766206,0,dddd8859f17554f0,2508.60087,0,4.21
20260927T200820Z-c857,bdcb775028e8cf1e,521055,gpu-nearfar,gpu,resident,s2,118,2,0,0,2,warm,0,1,12,5.099754,0,0,0,3.50272012,0.483965,0,,134,134,394,0,0,1090498,8763581,0,b294e6b0e2222d00,2508.60087,0,4.21
20260927T200820Z-c857,bdcb775028e8cf1e,697461,gpu-nearfar,gpu,resident,s2,119,2,0,0,2,warm,0,1,12,5.037843,0,0,0,3.44092798,0.472881,0,,132,132,382,0,0,1090408,8761807,0,c89ae9f21d6f3a2f,2508.60087,0,4.21
20260927T200820Z-c857,bdcb775028e8cf1e,696648,gpu-nearfar,gpu,resident,s2,120,2,0,0,2,warm,0,1,12,5.044277,0,0,0,3.38544011,0.500307,0,,127,127,376,0,0,1090940,8766819,0,e037bd626e593f61,2511.16068,0,4.21
20260927T200820Z-c857,bdcb775028e8cf1e,322939,gpu-nearfar,gpu,resident,s2,121,2,0,0,2,warm,0,1,12,5.12108,0,0,0,3.46921611,0.481664,0,,134,134,386,0,0,1090300,8761619,0,b87b221b270ba537,2509.16036,0,4.21
20260927T200820Z-c857,bdcb775028e8cf1e,235403,gpu-nearfar,gpu,resident,s2,122,2,0,0,2,warm,0,1,12,5.009777,0,0,0,3.41244793,0.47248,0,,132,132,386,0,0,1090837,8765098,0,df346452db877857,2511.16068,0,4.21
20260927T200820Z-c857,bdcb775028e8cf1e,842932,gpu-nearfar,gpu,resident,s2,123,2,0,0,2,warm,0,1,12,5.005515,0,0,0,3.40556788,0.469994,0,,133,133,384,0,0,1090878,8767406,0,af21ce208f9f1ea0,2511.16068,0,4.21
20260927T200820Z-c857,bdcb775028e8cf1e,776073,gpu-nearfar,gpu,resident,s2,124,2,0,0,2,warm,0,1,12,5.028003,0,0,0,3.39110398,0.470653,0,,129,129,376,0,0,1090646,8764840,0,7e405523a60c0b48,2509.24048,0,4.21
20260927T200820Z-c857,bdcb775028e8cf1e,159157,gpu-nearfar,gpu,resident,s2,125,2,0,0,2,warm,0,1,12,5.020404,0,0,0,3.42095995,0.477181,0,,133,133,384,0,0,1090614,8763759,0,f3d9b207575393e3,2511.16068,0,4.21
20260927T200820Z-c857,bdcb775028e8cf1e,824874,gpu-nearfar,gpu,resident,s2,126,2,0,0,2,warm,0,1,12,4.918551,0,0,0,3.32518411,0.469935,0,,128,128,370,0,0,1090439,8762197,0,d96a4f94f9e5b71e,2508.60087,0,4.21
20260927T200820Z-c857,bdcb775028e8cf1e,523339,gpu-nearfar,gpu,resident,s2,127,2,0,0,2,warm,0,1,12,7.006354,0,0,0,3.42000008,0.464991,1.949609,,132,132,390,0,0,1090244,8761177,0,f45d5e630c88b75d,2509.16036,0,4.21
20260927T200820Z-c857,bdcb775028e8cf1e,140379,delta-omp,cpu,resident,s2,0,2,0,0,3,warm,24,1,12,19.291618,0,2.108901,0,17.181942,0,0,,30,131,0,34,97,1151523,18520344,0,962513fc443036ca,,0,4.21
20260927T200820Z-c857,bdcb775028e8cf1e,143033,delta-omp,cpu,resident,s2,1,2,0,0,3,warm,24,1,12,19.227695,0,2.281127,0,16.945924,0,0,,31,129,0,35,94,1150997,18510654,0,45bee60043588143,,0,4.21
20260927T200820Z-c857,bdcb775028e8cf1e,473133,delta-omp,cpu,resident,s2,2,2,0,0,3,warm,24,1,12,19.14684,0,2.277353,0,16.869056,0,0,,31,133,0,34,99,1151243,18517300,0,ad940a6a7c9f6e79,,0,4.21
20260927T200820Z-c857,bdcb775028e8cf1e,22045,delta-omp,cpu,resident,s2,3,2,0,0,3,warm,24,1,12,18.891542,0,2.281838,0,16.609147,0,0,,29,126,0,36,90,1150904,18510868,0,3c8a4f6babe2bcfa,,0,4.21
20260927T200820Z-c857,bdcb775028e8cf1e,367943,delta-omp,cpu,resident,s2,4,2,0,0,3,warm,24,1,12,19.275129,0,2.269747,0,17.004926,0,0,,30,130,0,34,96,1150836,18512046,0,8f49d64399cf55ba,,0,4.21
20260927T200820Z-c857,bdcb775028e8cf1e,955628,delta-omp,cpu,resident,s2,5,2,0,0,3,warm,24,1,12,18.960115,0,2.279204,0,16.680374,0,0,,31,132,0,36,96,1150633,18504684,0,97ac752781dd9e47,,0,4.21
20260927T200820Z-c857,bdcb775028e8cf1e,493619,delta-omp,cpu,resident,s2,6,2,0,0,3,warm,24,1,12,18.800593,0,2.280658,0,16.519398,0,0,,30,127,0,36,91,1151186,18518756,0,01947ce70d300df5,,0,4.21
20260927T200820Z-c857,bdcb775028e8cf1e,78040,delta-omp,cpu,resident,s2,7,2,0,0,3,warm,24,1,12,19.596526,0,2.280284,0,17.315645,0,0,,31,131,0,35,96,1150474,18503958,0,7ce762e264c535fb,,0,4.21
20260927T200820Z-c857,bdcb775028e8cf1e,597528,delta-omp,cpu,resident,s2,8,2,0,0,3,warm,24,1,12,18.926171,0,2.275309,0,16.650349,0,0,,32,127,0,36,91,1150024,18496594,0,8eb259ff3f497ebc,,0,4.21
20260927T200820Z-c857,bdcb775028e8cf1e,666088,delta-omp,cpu,resident,s2,9,2,0,0,3,warm,24,1,12,18.897367,0,2.280323,0,16.616606,0,0,,31,130,0,35,95,1150172,18495332,0,8babfd558442eb36,,0,4.21
20260927T200820Z-c857,bdcb775028e8cf1e,93798,delta-omp,cpu,resident,s2,10,2,0,0,3,warm,24,1,12,19.071452,0,2.274937,0,16.796192,0,0,,30,129,0,34,95,1150586,18504750,0,d776da21d464498f,,0,4.21
20260927T200820Z-c857,bdcb775028e8cf1e,583195,delta-omp,cpu,resident,s2,11,2,0,0,3,warm,24,1,12,18.826611,0,2.280884,0,16.545219,0,0,,30,128,0,36,92,1150737,18508026,0,172aa003797174fd,,0,4.21
20260927T200820Z-c857,bdcb775028e8cf1e,828010,delta-omp,cpu,resident,s2,12,2,0,0,3,warm,24,1,12,18.733375,0,2.282071,0,16.450661,0,0,,32,130,0,36,94,1150686,18508156,0,24e48fed204afe20,,0,4.21
20260927T200820Z-c857,bdcb775028e8cf1e,232399,delta-omp,cpu,resident,s2,13,2,0,0,3,warm,24,1,12,18.786172,0,2.277223,0,16.508233,0,0,,30,132,0,35,97,1150550,18502000,0,9e4d36e9fa7c15f8,,0,4.21
20260927T200820Z-c857,bdcb775028e8cf1e,439005,delta-omp,cpu,resident,s2,14,2,0,0,3,warm,24,1,12,19.074552,0,2.279784,0,16.794117,0,0,,30,125,0,36,89,1150702,18506410,0,8e4128a19e9259cb,,0,4.21
20260927T200820Z-c857,bdcb775028e8cf1e,261911,delta-omp,cpu,resident,s2,15,2,0,0,3,warm,24,1,12,19.942448,0,2.387607,0,17.554248,0,0,,31,126,0,35,91,1150412,18501744,0,42def7b4c28fed4d,,0,4.21
20260927T200820Z-c857,bdcb775028e8cf1e,306042,delta-omp,cpu,resident,s2,16,2,0,0,3,warm,24,1,12,19.310043,0,2.268488,0,17.041196,0,0,,29,128,0,34,94,1150558,18506246,0,caef7bb3d74e71e7,,0,4.21
20260927T200820Z-c857,bdcb775028e8cf1e,842254,delta-omp,cpu,resident,s2,17,2,0,0,3,warm,24,1,12,18.812116,0,2.271447,0,16.540268,0,0,,30,131,0,36,95,1150960,18512416,0,d7fe1f2a8f019015,,0,4.21
20260927T200820Z-c857,bdcb775028e8cf1e,497647,delta-omp,cpu,resident,s2,18,2,0,0,3,warm,24,1,12,19.420992,0,2.283097,0,17.137576,0,0,,30,131,0,34,97,1150945,18511388,0,fec7b1878b41d172,,0,4.21
20260927T200820Z-c857,bdcb775028e8cf1e,283052,delta-omp,cpu,resident,s2,19,2,0,0,3,warm,24,1,12,19.162559,0,2.271651,0,16.890685,0,0,,31,132,0,36,96,1150555,18505320,0,7118d82e727075df,,0,4.21
20260927T200820Z-c857,bdcb775028e8cf1e,299936,delta-omp,cpu,resident,s2,20,2,0,0,3,warm,24,1,12,18.922652,0,2.269388,0,16.652625,0,0,,30,123,0,36,87,1150381,18500402,0,cacd11290a4229d3,,0,4.21
20260927T200820Z-c857,bdcb775028e8cf1e,785373,delta-omp,cpu,resident,s2,21,2,0,0,3,warm,24,1,12,18.945264,0,2.274856,0,16.669843,0,0,,30,129,0,36,93,1151004,18511732,0,59a7d838e8fde54e,,0,4.21
20260927T200820Z-c857,bdcb775028e8cf1e,480378,delta-omp,cpu,resident,s2,22,2,0,0,3,warm,24,1,12,18.750657,0,2.275156,0,16.474976,0,0,,30,127,0,37,90,1151025,18512960,0,8d61a1f8360384c2,,0,4.21
20260927T200820Z-c857,bdcb775028e8cf1e,321060,delta-omp,cpu,resident,s2,23,2,0,0,3,warm,24,1,12,18.938861,0,2.28302,0,16.65533,0,0,,30,129,0,36,93,1150979,18514538,0,a31502366da41b8f,,0,4.21
20260927T200820Z-c857,bdcb775028e8cf1e,337388,delta-omp,cpu,resident,s2,24,2,0,0,3,warm,24,1,12,18.956265,0,2.267035,0,16.688668,0,0,,31,129,0,35,94,1151109,18514012,0,8c08c70ebb3ac3fb,,0,4.21
20260927T200820Z-c857,bdcb775028e8cf1e,118671,delta-omp,cpu,resident,s2,25,2,0,0,3,warm,24,1,12,18.895937,0,2.28398,0,16.611386,0,0,,30,132,0,36,96,1150791,18510084,0,0c15ec8650da6629,,0,4.21
20260927T200820Z-c857,bdcb775028e8cf1e,125150,delta-omp,cpu,resident,s2,26,2,0,0,3,warm,24,1,12,19.183543,0,2.271503,0,16.911433,0,0,,29,130,0,34,96,1151228,18516304,0,5df60853290e8825,,0,4.21
20260927T200820Z-c857,bdcb775028e8cf1e,72476,delta-omp,cpu,resident,s2,27,2,0,0,3,warm,24,1,12,18.784931,0,2.277679,0,16.506843,0,0,,31,132,0,36,96,1151333,18517102,0,9d309008139d89e2,,0,4.21
20260927T200820Z-c857,bdcb775028e8cf1e,728509,delta-omp,cpu,resident,s2,28,2,0,0,3,warm,24,1,12,18.910476,0,2.279308,0,16.63047,0,0,,33,136,0,36,100,1151299,18519522,0,5c3d8df36abcfc12,,0,4.21
20260927T200820Z-c857,bdcb775028e8cf1e,679264,delta-omp,cpu,resident,s2,29,2,0,0,3,warm,24,1,12,18.858271,0,2.282243,0,16.575608,0,0,,31,131,0,36,95,1150432,18504472,0,c6e211fc2a14bb1e,,0,4.21
20260927T200820Z-c857,bdcb775028e8cf1e,828590,delta-omp,cpu,resident,s2,30,2,0,0,3,warm,24,1,12,19.072462,0,2.278627,0,16.793411,0,0,,34,136,0,34,102,1150457,18502706,0,2ae9225c26b53613,,0,4.21
20260927T200820Z-c857,bdcb775028e8cf1e,411591,delta-omp,cpu,resident,s2,31,2,0,0,3,warm,24,1,12,19.166532,0,2.280096,0,16.886037,0,0,,30,132,0,36,96,1151133,18511244,0,87c40e56ae5ffca7,,0,4.21
20260927T200820Z-c857,bdcb775028e8cf1e,555679,delta-omp,cpu,resident,s2,32,2,0,0,3,warm,24,1,12,18.734286,0,2.303772,0,16.429876,0,0,,30,126,0,36,90,1150886,18509706,0,9f18f792be207582,,0,4.21
20260927T200820Z-c857,bdcb775028e8cf1e,417721,delta-omp,cpu,resident,s2,33,2,0,0,3,warm,24,1,12,19.371007,0,2.268225,0,17.102192,0,0,,28,125,0,35,90,1150319,18503146,0,40f1a85ee049ae51,,0,4.21
20260927T200820Z-c857,bdcb775028e8cf1e,199603,delta-omp,cpu,resident,s2,34,2,0,0,3,warm,24,1,12,18.882534,0,2.295041,0,16.586916,0,0,,30,131,0,36,95,1150354,18499222,0,52eab23b1dc3a0d8,,0,4.21
20260927T200820Z-c857,bdcb775028e8cf1e,625990,delta-omp,cpu,resident,s2,35,2,0,0,3,warm,24,1,12,18.796797,0,2.275987,0,16.52023,0,0,,29,128,0,36,92,1150886,18508942,0,1f91735b89b1e749,,0,4.21
20260927T200820Z-c857,bdcb775028e8cf1e,931576,delta-omp,cpu,resident,s2,36,2,0,0,3,warm,24,1,12,19.147348,0,2.277301,0,16.869275,0,0,,31,131,0,36,95,1150728,18508828,0,f9b3834a03c725b2,,0,4.21
20260927T200820Z-c857,bdcb775028e8cf1e,388607,delta-omp,cpu,resident,s2,37,2,0,0,3,warm,24,1,12,19.314449,0,2.271748,0,17.042155,0,0,,29,127,0,34,93,1150760,18508382,0,2469a61a38128657,,0,4.21
20260927T200820Z-c857,bdcb775028e8cf1e,40305,delta-omp,cpu,resident,s2,38,2,0,0,3,warm,24,1,12,19.335423,0,2.272244,0,17.062487,0,0,,30,126,0,35,91,1150556,18505462,0,a95dfd3d0c7b8217,,0,4.21
20260927T200820Z-c857,bdcb775028e8cf1e,297024,delta-omp,cpu,resident,s2,39,2,0,0,3,warm,24,1,12,19.146183,0,2.278424,0,16.867305,0,0,,31,131,0,35,96,1151562,18519614,0,126ebac47fb036d5,,0,4.21
20260927T200820Z-c857,bdcb775028e8cf1e,928309,delta-omp,cpu,resident,s2,40,2,0,0,3,warm,24,1,12,19.109743,0,2.289239,0,16.82008,0,0,,31,132,0,35,97,1150988,18510886,0,1d4f08d9e5c4d39f,,0,4.21
20260927T200820Z-c857,bdcb775028e8cf1e,274490,delta-omp,cpu,resident,s2,41,2,0,0,3,warm,24,1,12,19.052194,0,2.276023,0,16.775511,0,0,,33,136,0,34,102,1150576,18506418,0,b8ae98805b057b5a,,0,4.21
20260927T200820Z-c857,bdcb775028e8cf1e,545768,delta-omp,cpu,resident,s2,42,2,0,0,3,warm,24,1,12,18.760306,0,2.282143,0,16.477797,0,0,,31,131,0,36,95,1150827,18509224,0,804a6099fd45f9f1,,0,4.21
20260927T200820Z-c857,bdcb775028e8cf1e,20469,delta-omp,cpu,resident,s2,43,2,0,0,3,warm,24,1,12,19.093735,0,2.282,0,16.811221,0,0,,30,126,0,36,90,1150735,18506342,0,67718541774a1c58,,0,4.21
20260927T200820Z-c857,bdcb775028e8cf1e,531301,delta-omp,cpu,resident,s2,44,2,0,0,3,warm,24,1,12,19.31596,0,2.292798,0,17.022563,0,0,,32,135,0,34,101,1150594,18509598,0,a2d077b44abc8be4,,0,4.21
20260927T200820Z-c857,bdcb775028e8cf1e,1047443,delta-omp,cpu,resident,s2,45,2,0,0,3,warm,24,1,12,18.943478,0,2.279661,0,16.663298,0,0,,32,128,0,36,92,1150616,18507292,0,5193d56b59210cff,,0,4.21
20260927T200820Z-c857,bdcb775028e8cf1e,638272,delta-omp,cpu,resident,s2,46,2,0,0,3,warm,24,1,12,18.787562,0,2.270573,0,16.516631,0,0,,34,139,0,36,103,1150610,18506144,0,55cd86ef2d52603f,,0,4.21
20260927T200820Z-c857,bdcb775028e8cf1e,975530,delta-omp,cpu,resident,s2,47,2,0,0,3,warm,24,1,12,18.937698,0,2.274194,0,16.663096,0,0,,31,130,0,36,94,1150518,18507076,0,defa82ffc7c822c1,,0,4.21
20260927T200820Z-c857,bdcb775028e8cf1e,914696,delta-omp,cpu,resident,s2,48,2,0,0,3,warm,24,1,12,18.872133,0,2.271835,0,16.600032,0,0,,32,130,0,36,94,1150983,18514582,0,b214dabb258e9aae,,0,4.21
20260927T200820Z-c857,bdcb775028e8cf1e,169940,delta-omp,cpu,resident,s2,49,2,0,0,3,warm,24,1,12,19.188682,0,2.280346,0,16.907768,0,0,,30,130,0,36,94,1150736,18507986,0,aa0703ef4173c77e,,0,4.21
20260927T200820Z-c857,bdcb775028e8cf1e,834360,delta-omp,cpu,resident,s2,50,2,0,0,3,warm,24,1,12,18.853066,0,2.279402,0,16.573218,0,0,,29,129,0,36,93,1150271,18502184,0,5691474dd60d91eb,,0,4.21
20260927T200820Z-c857,bdcb775028e8cf1e,518322,delta-omp,cpu,resident,s2,51,2,0,0,3,warm,24,1,12,19.389924,0,2.472392,0,16.916913,0,0,,30,134,0,36,98,1150887,18509674,0,487e23ea466e3dc3,,0,4.21
20260927T200820Z-c857,bdcb775028e8cf1e,577541,delta-omp,cpu,resident,s2,52,2,0,0,3,warm,24,1,12,19.495404,0,2.297929,0,17.196805,0,0,,28,126,0,35,91,1150564,18506194,0,b1fdbbb5e3df8eaf,,0,4.21
20260927T200820Z-c857,bdcb775028e8cf1e,764242,delta-omp,cpu,resident,s2,53,2,0,0,3,warm,24,1,12,18.933336,0,2.291794,0,16.640984,0,0,,30,127,0,35,92,1150716,18507026,0,3d9713fe1cb13f0f,,0,4.21
20260927T200820Z-c857,bdcb775028e8cf1e,14706,delta-omp,cpu,resident,s2,54,2,0,0,3,warm,24,1,12,19.341394,0,2.28552,0,17.055213,0,0,,30,128,0,35,93,1150941,18509426,0,670ec085e25725a5,,0,4.21
20260927T200820Z-c857,bdcb775028e8cf1e,471650,delta-omp,cpu,resident,s2,55,2,0,0,3,warm,24,1,12,21.071129,0,2.993248,0,18.077077,0,0,,31,125,0,35,90,1150847,18507454,0,8e96feb8790153a9,,0,4.21
20260927T200820Z-c857,bdcb775028e8cf1e,192150,delta-omp,cpu,resident,s2,56,2,0,0,3,warm,24,1,12,20.005814,0,2.314742,0,17.690545,0,0,,32,130,0,34,96,1151006,18511922,0,7a4e7c7f4964792a,,0,4.21
20260927T200820Z-c857,bdcb775028e8cf1e,59477,delta-omp,cpu,resident,s2,57,2,0,0,3,warm,24,1,12,19.64911,0,2.290859,0,17.357607,0,0,,32,129,0,34,95,1150728,18509860,0,720be9d618fad5fd,,0,4.21
20260927T200820Z-c857,bdcb775028e8cf1e,201224,delta-omp,cpu,resident,s2,58,2,0,0,3,warm,24,1,12,19.341484,0,2.285702,0,17.055332,0,0,,30,124,0,34,90,1150627,18503674,0,9def48f1ef14c98b,,0,4.21
20260927T200820Z-c857,bdcb775028e8cf1e,12846,delta-omp,cpu,resident,s2,59,2,0,0,3,warm,24,1,12,19.111046,0,2.295558,0,16.814774,0,0,,30,128,0,36,92,1150631,18506112,0,4a251f0fc1f7c4d8,,0,4.21
20260927T200820Z-c857,bdcb775028e8cf1e,88685,delta-omp,cpu,resident,s2,60,2,0,0,3,warm,24,1,12,18.721795,0,2.284662,0,16.436831,0,0,,29,126,0,36,90,1150665,18504158,0,35e1f7fbc76a56e6,,0,4.21
20260927T200820Z-c857,bdcb775028e8cf1e,637,delta-omp,cpu,resident,s2,61,2,0,0,3,warm,24,1,12,19.649552,0,2.282874,0,17.366107,0,0,,31,132,0,34,98,1150492,18505642,0,55580c8117e41e29,,0,4.21
20260927T200820Z-c857,bdcb775028e8cf1e,140682,delta-omp,cpu,resident,s2,62,2,0,0,3,warm,24,1,12,19.023139,0,2.278988,0,16.74359,0,0,,29,130,0,36,94,1151228,18515248,0,2275df8962059f7d,,0,4.21
20260927T200820Z-c857,bdcb775028e8cf1e,242263,delta-omp,cpu,resident,s2,63,2,0,0,3,warm,24,1,12,19.008936,0,2.286896,0,16.721513,0,0,,31,128,0,36,92,1150515,18500572,0,aec23922016823f2,,0,4.21
20260927T200820Z-c857,bdcb775028e8cf1e,955528,delta-omp,cpu,resident,s2,64,2,0,0,3,warm,24,1,12,19.676262,0,2.278866,0,17.396699,0,0,,30,130,0,35,95,1150634,18509540,0,71745a9ddcfa9aed,,0,4.21
20260927T200820Z-c857,bdcb775028e8cf1e,604431,delta-omp,cpu,resident,s2,65,2,0,0,3,warm,24,1,12,19.32907,0,2.291874,0,17.036682,0,0,,31,128,0,35,93,1150436,18502310,0,0f2fc4de9183f8e5,,0,4.21
20260927T200820Z-c857,bdcb775028e8cf1e,968747,delta-omp,cpu,resident,s2,66,2,0,0,3,warm,24,1,12,18.916971,0,2.286692,0,16.629737,0,0,,30,128,0,36,92,1150438,18501140,0,23fb936cb9001886,,0,4.21
20260927T200820Z-c857,bdcb775028e8cf1e,25579,delta-omp,cpu,resident,s2,67,2,0,0,3,warm,24,1,12,19.437053,0,2.295973,0,17.140736,0,0,,30,131,0,36,95,1150240,18503856,0,147f42102dacb4a9,,0,4.21
20260927T200820Z-c857,bdcb775028e8cf1e,802074,delta-omp,cpu,resident,s2,68,2,0,0,3,warm,24,1,12,18.993235,0,2.285646,0,16.707083,0,0,,32,130,0,35,95,1150692,18504132,0,9ab4ea21ea39d810,,0,4.21
20260927T200820Z-c857,bdcb775028e8cf1e,785602,delta-omp,cpu,resident,s2,69,2,0,0,3,warm,24,1,12,18.7498,0,2.290965,0,16.458219,0,0,,31,129,0,37,92,1150506,18505542,0,904abcbc011db59e,,0,4.21
20260927T200820Z-c857,bdcb775028e8cf1e,800647,delta-omp,cpu,resident,s2,70,2,0,0,3,warm,24,1,12,18.976374,0,2.292422,0,16.683475,0,0,,30,130,0,36,94,1150531,18505280,0,963c10a1708eaba2,,0,4.21
20260927T200820Z-c857,bdcb775028e8cf1e,1034835,delta-omp,cpu,resident,s2,71,2,0,0,3,warm,24,1,12,19.149019,0,2.298011,0,16.850452,0,0,,29,125,0,36,89,1150711,18507804,0,e6fa7c6616165044,,0,4.21
20260927T200820Z-c857,bdcb775028e8cf1e,591983,delta-omp,cpu,resident,s2,72,2,0,0,3,warm,24,1,12,19.278632,0,2.309279,0,16.968843,0,0,,32,130,0,34,96,1150252,18498472,0,6d8caa59599b10cf,,0,4.21
20260927T200820Z-c857,bdcb775028e8cf1e,509143,delta-omp,cpu,resident,s2,73,2,0,0,3,warm,24,1,12,19.229198,0,2.279561,0,16.948999,0,0,,32,137,0,34,103,1150317,18499640,0,6ebbe9cb431c1e34,,0,4.21
20260927T200820Z-c857,bdcb775028e8cf1e,258004,delta-omp,cpu,resident,s2,74,2,0,0,3,warm,24,1,12,19.421735,0,2.28682,0,17.134266,0,0,,33,131,0,34,97,1151296,18515856,0,8fe71bf6883af38c,,0,4.21
20260927T200820Z-c857,bdcb775028e8cf1e,1008134,delta-omp,cpu,resident,s2,75,2,0,0,3,warm,24,1,12,18.864931,0,2.270146,0,16.594297,0,0,,31,127,0,36,91,1150595,18505198,0,cdc782d99fbeccfa,,0,4.21
20260927T200820Z-c857,bdcb775028e8cf1e,693058,delta-omp,cpu,resident,s2,76,2,0,0,3,warm,24,1,12,18.870401,0,2.306478,0,16.563519,0,0,,32,131,0,37,94,1150481,18502988,0,62b2e74b763aa377,,0,4.21
20260927T200820Z-c857,bdcb775028e8cf1e,567498,delta-omp,cpu,resident,s2,77,2,0,0,3,warm,24,1,12,19.135742,0,2.292339,0,16.842948,0,0,,31,135,0,36,99,1150966,18511676,0,b3954405507118b0,,0,4.21
20260927T200820Z-c857,bdcb775028e8cf1e,626061,delta-omp,cpu,resident,s2,78,2,0,0,3,warm,24,1,12,19.154809,0,2.277408,0,16.876955,0,0,,31,130,0,36,94,1150964,18514944,0,61fd094b9998fbe0,,0,4.21
20260927T200820Z-c857,bdcb775028e8cf1e,599867,delta-omp,cpu,resident,s2,79,2,0,0,3,warm,24,1,12,19.767133,0,2.291744,0,17.47486,0,0,,33,136,0,34,102,1150886,18509832,0,4284c3996437d273,,0,4.21
20260927T200820Z-c857,bdcb775028e8cf1e,721594,delta-omp,cpu,resident,s2,80,2,0,0,3,warm,24,1,12,18.946926,0,2.281167,0,16.665273,0,0,,30,128,0,36,92,1150662,18506356,0,c5027d3d7bcd5d43,,0,4.21
20260927T200820Z-c857,bdcb775028e8cf1e,755768,delta-omp,cpu,resident,s2,81,2,0,0,3,warm,24,1,12,19.038061,0,2.289637,0,16.747972,0,0,,30,126,0,35,91,1150213,18500050,0,955e6864f3462f95,,0,4.21
20260927T200820Z-c857,bdcb775028e8cf1e,481879,delta-omp,cpu,resident,s2,82,2,0,0,3,warm,24,1,12,19.525214,0,2.301054,0,17.223436,0,0,,30,131,0,35,96,1151133,18517420,0,4d31dc5efe4dd68c,,0,4.21
20260927T200820Z-c857,bdcb775028e8cf1e,666926,delta-omp,cpu,resident,s2,83,2,0,0,3,warm,24,1,12,19.158934,0,2.285119,0,16.87321,0,0,,28,129,0,36,93,1150656,18503688,0,e59c132c158e1970,,0,4.21
20260927T200820Z-c857,bdcb775028e8cf1e,812308,delta-omp,cpu,resident,s2,84,2,0,0,3,warm,24,1,12,19.259949,0,2.286961,0,16.972373,0,0,,31,137,0,35,102,1151257,18514222,0,0f02fef1f6f062f9,,0,4.21
20260927T200820Z-c857,bdcb775028e8cf1e,940471,delta-omp,cpu,resident,s2,85,2,0,0,3,warm,24,1,12,19.063693,0,2.282817,0,16.780131,0,0,,30,131,0,36,95,1151051,18509946,0,d4f15bd52e42c464,,0,4.21
20260927T200820Z-c857,bdcb775028e8cf1e,705817,delta-omp,cpu,resident,s2,86,2,0,0,3,warm,24,1,12,18.911486,0,2.318011,0,16.593035,0,0,,32,132,0,36,96,1149955,18492290,0,2f9e346e5a9590b3,,0,4.21
20260927T200820Z-c857,bdcb775028e8cf1e,378775,delta-omp,cpu,resident,s2,87,2,0,0,3,warm,24,1,12,18.983404,0,2.285877,0,16.697126,0,0,,32,136,0,36,100,1150742,18508094,0,247dc886d68cf358,,0,4.21
20260927T200820Z-c857,bdcb775028e8cf1e,11928,delta-omp,cpu,resident,s2,88,2,0,0,3,warm,24,1,12,19.08717,0,2.284067,0,16.802706,0,0,,30,132,0,35,97,1150268,18501090,0,86b14882cf633e0e,,0,4.21
20260927T200820Z-c857,bdcb775028e8cf1e,149969,delta-omp,cpu,resident,s2,89,2,0,0,3,warm,24,1,12,19.380535,0,2.29022,0,17.089788,0,0,,30,133,0,34,99,1150777,18507680,0,45297a6a252cf4a3,,0,4.21
20260927T200820Z-c857,bdcb775028e8cf1e,518422,delta-omp,cpu,resident,s2,90,2,0,0,3,warm,24,1,12,19.202876,0,2.315367,0,16.886943,0,0,,31,127,0,35,92,1151417,18521308,0,48d221e86e4fc6b8,,0,4.21
20260927T200820Z-c857,bdcb775028e8cf1e,764093,delta-omp,cpu,resident,s2,91,2,0,0,3,warm,24,1,12,19.865565,0,2.29344,0,17.571634,0,0,,29,134,0,35,99,1150576,18505356,0,30627382b9126684,,0,4.21
20260927T200820Z-c857,bdcb775028e8cf1e,818556,delta-omp,cpu,resident,s2,92,2,0,0,3,warm,24,1,12,19.284615,0,2.350298,0,16.933906,0,0,,31,127,0,36,91,1150204,18500484,0,27a240572492669c,,0,4.21
20260927T200820Z-c857,bdcb775028e8cf1e,284007,delta-omp,cpu,resident,s2,93,2,0,0,3,warm,24,1,12,19.476534,0,2.284576,0,17.191615,0,0,,30,122,0,35,87,1150657,18506444,0,d3f6714dfb85bc57,,0,4.21
20260927T200820Z-c857,bdcb775028e8cf1e,147527,delta-omp,cpu,resident,s2,94,2,0,0,3,warm,24,1,12,19.394848,0,2.285625,0,17.108644,0,0,,30,127,0,34,93,1150744,18507894,0,d049b16980e0f60c,,0,4.21
20260927T200820Z-c857,bdcb775028e8cf1e,810773,delta-omp,cpu,resident,s2,95,2,0,0,3,warm,24,1,12,19.006721,0,2.281351,0,16.724749,0,0,,30,130,0,36,94,1152182,18532648,0,6fd146baf7e50cb8,,0,4.21
20260927T200820Z-c857,bdcb775028e8cf1e,496849,delta-omp,cpu,resident,s2,96,2,0,0,3,warm,24,1,12,19.233975,0,2.304795,0,16.928537,0,0,,32,129,0,35,94,1150559,18503260,0,51e6ca03ae62fe83,,0,4.21
20260927T200820Z-c857,bdcb775028e8cf1e,1013688,delta-omp,cpu,resident,s2,97,2,0,0,3,warm,24,1,12,19.257407,0,2.290611,0,16.966463,0,0,,30,127,0,35,92,1150134,18497220,0,30b5e615d19b4db7,,0,4.21
20260927T200820Z-c857,bdcb775028e8cf1e,935512,delta-omp,cpu,resident,s2,98,2,0,0,3,warm,24,1,12,19.40736,0,2.302326,0,17.104471,0,0,,31,133,0,34,99,1150876,18509496,0,345b9f3d13942b0a,,0,4.21
20260927T200820Z-c857,bdcb775028e8cf1e,714883,delta-omp,cpu,resident,s2,99,2,0,0,3,warm,24,1,12,19.19674,0,2.301117,0,16.895132,0,0,,30,129,0,35,94,1150792,18507666,0,3caa4b9d4e60a28c,,0,4.21
20260927T200820Z-c857,bdcb775028e8cf1e,670214,delta-omp,cpu,resident,s2,100,2,0,0,3,warm,24,1,12,19.076081,0,2.29296,0,16.782558,0,0,,31,131,0,36,95,1151118,18512864,0,58cdbd04e9ad4b5a,,0,4.21
20260927T200820Z-c857,bdcb775028e8cf1e,922346,delta-omp,cpu,resident,s2,101,2,0,0,3,warm,24,1,12,19.412306,0,2.287564,0,17.124299,0,0,,29,126,0,34,92,1150337,18501986,0,a9345b2da1f507da,,0,4.21
20260927T200820Z-c857,bdcb775028e8cf1e,802242,delta-omp,cpu,resident,s2,102,2,0,0,3,warm,24,1,12,19.133797,0,2.294202,0,16.839119,0,0,,30,129,0,36,93,1151216,18516152,0,36cceee4a9db6a4b,,0,4.21
20260927T200820Z-c857,bdcb775028e8cf1e,45284,delta-omp,cpu,resident,s2,103,2,0,0,3,warm,24,1,12,19.554326,0,2.292505,0,17.261446,0,0,,30,126,0,35,91,1150416,18501724,0,8cde483398c0c574,,0,4.21
20260927T200820Z-c857,bdcb775028e8cf1e,908797,delta-omp,cpu,resident,s2,104,2,0,0,3,warm,24,1,12,18.878065,0,2.353927,0,16.523578,0,0,,32,128,0,36,92,1150859,18508606,0,693d054e427576ec,,0,4.21
20260927T200820Z-c857,bdcb775028e8cf1e,281396,delta-omp,cpu,resident,s2,105,2,0,0,3,warm,24,1,12,19.000109,0,2.290282,0,16.709055,0,0,,30,130,0,36,94,1150638,18505948,0,b14bb4ea16e9e257,,0,4.21
20260927T200820Z-c857,bdcb775028e8cf1e,1000550,delta-omp,cpu,resident,s2,106,2,0,0,3,warm,24,1,12,18.878111,0,2.297201,0,16.580469,0,0,,29,128,0,36,92,1151016,18510570,0,1100489ad95e65a9,,0,4.21
20260927T200820Z-c857,bdcb775028e8cf1e,73594,delta-omp,cpu,resident,s2,107,2,0,0,3,warm,24,1,12,19.006047,0,2.290019,0,16.715612,0,0,,31,127,0,36,91,1151017,18513940,0,f80913d9ffa61601,,0,4.21
20260927T200820Z-c857,bdcb775028e8cf1e,301631,delta-omp,cpu,resident,s2,108,2,0,0,3,warm,24,1,12,19.468829,0,2.290903,0,17.177589,0,0,,29,128,0,34,94,1151023,18514558,0,ffb0bdb411984f79,,0,4.21
20260927T200820Z-c857,bdcb775028e8cf1e,430170,delta-omp,cpu,resident,s2,109,2,0,0,3,warm,24,1,12,19.276859,0,2.300085,0,16.976265,0,0,,31,132,0,34,98,1151194,18516532,0,3ddac9680cf654ec,,0,4.21
20260927T200820Z-c857,bdcb775028e8cf1e,752814,delta-omp,cpu,resident,s2,110,2,0,0,3,warm,24,1,12,19.415751,0,2.283102,0,17.132072,0,0,,32,130,0,35,95,1150853,18509614,0,894bd5913f3ff4d4,,0,4.21
20260927T200820Z-c857,bdcb775028e8cf1e,679839,delta-omp,cpu,resident,s2,111,2,0,0,3,warm,24,1,12,19.390087,0,2.30132,0,17.088169,0,0,,30,131,0,34,97,1150516,18506572,0,2311d0e3a8eb00ff,,0,4.21
20260927T200820Z-c857,bdcb775028e8cf1e,619664,delta-omp,cpu,resident,s2,112,2,0,0,3,warm,24,1,12,19.507351,0,2.290858,0,17.216102,0,0,,30,127,0,36,91,1150086,18500134,0,67d5b0180727b207,,0,4.21
20260927T200820Z-c857,bdcb775028e8cf1e,98827,delta-omp,cpu,resident,s2,113,2,0,0,3,warm,24,1,12,19.340135,0,2.286093,0,17.053591,0,0,,31,125,0,34,91,1150913,18511166,0,028ac127e1d04635,,0,4.21
20260927T200820Z-c857,bdcb775028e8cf1e,105994,delta-omp,cpu,resident,s2,114,2,0,0,3,warm,24,1,12,18.919227,0,2.289506,0,16.629319,0,0,,31,133,0,36,97,1150781,18507790,0,6101a6af17cce50a,,0,4.21
20260927T200820Z-c857,bdcb775028e8cf1e,243457,delta-omp,cpu,resident,s2,115,2,0,0,3,warm,24,1,12,19.174016,0,2.298648,0,16.875017,0,0,,31,126,0,36,90,1150918,18515100,0,d63dcb9c463e2915,,0,4.21
20260927T200820Z-c857,bdcb775028e8cf1e,734875,delta-omp,cpu,resident,s2,116,2,0,0,3,warm,24,1,12,19.183255,0,2.283264,0,16.89958,0,0,,31,129,0,36,93,1151166,18516744,0,4ff936efc2f83018,,0,4.21
20260927T200820Z-c857,bdcb775028e8cf1e,370736,delta-omp,cpu,resident,s2,117,2,0,0,3,warm,24,1,12,19.137963,0,2.292964,0,16.844598,0,0,,33,136,0,36,100,1151492,18519790,0,dddd8859f17554f0,,0,4.21
20260927T200820Z-c857,bdcb775028e8cf1e,521055,delta-omp,cpu,resident,s2,118,2,0,0,3,warm,24,1,12,18.984951,0,2.300937,0,16.683441,0,0,,31,132,0,36,96,1151055,18517130,0,b294e6b0e2222d00,,0,4.21
20260927T200820Z-c857,bdcb775028e8cf1e,697461,delta-omp,cpu,resident,s2,119,2,0,0,3,warm,24,1,12,19.292966,0,2.306967,0,16.985298,0,0,,30,126,0,35,91,1149864,18492992,0,c89ae9f21d6f3a2f,,0,4.21
20260927T200820Z-c857,bdcb775028e8cf1e,696648,delta-omp,cpu,resident,s2,120,2,0,0,3,warm,24,1,12,19.607846,0,2.30236,0,17.304759,0,0,,30,123,0,35,88,1150945,18509632,0,e037bd626e593f61,,0,4.21
20260927T200820Z-c857,bdcb775028e8cf1e,322939,delta-omp,cpu,resident,s2,121,2,0,0,3,warm,24,1,12,19.013433,0,2.310547,0,16.702375,0,0,,29,126,0,36,90,1150798,18510478,0,b87b221b270ba537,,0,4.21
20260927T200820Z-c857,bdcb775028e8cf1e,235403,delta-omp,cpu,resident,s2,122,2,0,0,3,warm,24,1,12,19.022174,0,2.294986,0,16.726727,0,0,,31,133,0,35,98,1150665,18502646,0,df346452db877857,,0,4.21
20260927T200820Z-c857,bdcb775028e8cf1e,842932,delta-omp,cpu,resident,s2,123,2,0,0,3,warm,24,1,12,19.071115,0,2.315283,0,16.755535,0,0,,29,125,0,35,90,1150892,18509204,0,af21ce208f9f1ea0,,0,4.21
20260927T200820Z-c857,bdcb775028e8cf1e,776073,delta-omp,cpu,resident,s2,124,2,0,0,3,warm,24,1,12,19.098089,0,2.309736,0,16.787803,0,0,,30,125,0,36,89,1150574,18504784,0,7e405523a60c0b48,,0,4.21
20260927T200820Z-c857,bdcb775028e8cf1e,159157,delta-omp,cpu,resident,s2,125,2,0,0,3,warm,24,1,12,19.326499,0,2.281943,0,17.044087,0,0,,30,131,0,34,97,1150802,18509490,0,f3d9b207575393e3,,0,4.21
20260927T200820Z-c857,bdcb775028e8cf1e,824874,delta-omp,cpu,resident,s2,126,2,0,0,3,warm,24,1,12,18.80399,0,2.294863,0,16.508783,0,0,,29,127,0,35,92,1150394,18501718,0,d96a4f94f9e5b71e,,0,4.21
20260927T200820Z-c857,bdcb775028e8cf1e,523339,delta-omp,cpu,resident,s2,127,2,0,0,3,warm,24,1,12,19.565219,0,2.287407,0,17.277311,0,0.000183,,31,131,0,34,97,1150883,18511122,0,f45d5e630c88b75d,,0,4.21
