run_id,graph_id,source,solver,device,mode,session,query_index,rep,warmup,instrumented,order_pos,cache_state,threads,counters_on,delta_used,wall_ms,prep_ms,alloc_ms,h2d_ms,solve_ms,d2h_ms,free_ms,kernel_ms,iterations,sync_rounds,host_syncs,parallel_phases,serial_phases,vertices_expanded,edges_touched,mismatches,dist_hash,gpu_clock_mhz_measured,gpu_foreign_procs,load1
20260927T195559Z-4fb3,8e15dabf21369ba5,869618,dial,cpu,resident,,0,-1,1,0,0,warm,24,1,0,98.066981,0,1.363664,0,96.702487,0,0.000159,,41961,0,0,0,0,1048572,8386560,0,751532ac148dc9b8,,0,4.98
20260927T195559Z-4fb3,8e15dabf21369ba5,869618,delta-omp,cpu,resident,,0,-1,1,0,0,warm,24,1,12,155.84332,0,2.223905,0,153.618729,0,0.000168,,3503,16313,0,0,16313,1152091,18473090,0,751532ac148dc9b8,,0,4.98
20260927T195559Z-4fb3,8e15dabf21369ba5,869618,gpu-frontier,gpu,resident,,0,-1,1,0,0,warm,0,1,0,181.835819,0,0.321633,4.38915205,174.858398,0.495103,1.744237,,4587,4587,4587,0,0,117015128,935548651,0,751532ac148dc9b8,2509.56011,0,4.98
20260927T195559Z-4fb3,8e15dabf21369ba5,869618,gpu-nearfar,gpu,resident,,0,-1,1,0,0,warm,0,1,12,285.755107,0,0.255233,4.34111977,277.423187,0.522744,1.93655,,15951,15951,45916,0,0,1096501,8790546,0,751532ac148dc9b8,2508.76074,0,4.98
20260927T195559Z-4fb3,8e15dabf21369ba5,869618,dial,cpu,resident,s0,0,0,0,0,0,warm,24,1,0,97.485968,0,1.352126,0,96.133384,0,0,,41961,0,0,0,0,1048572,8386560,0,751532ac148dc9b8,,0,2.87
20260927T195559Z-4fb3,8e15dabf21369ba5,971814,dial,cpu,resident,s0,1,0,0,0,0,warm,24,1,0,97.343838,0,1.241208,0,96.10206,0,0,,41960,0,0,0,0,1048572,8386560,0,9518212de198ffff,,0,2.87
20260927T195559Z-4fb3,8e15dabf21369ba5,31242,dial,cpu,resident,s0,2,0,0,0,0,warm,24,1,0,97.979222,0,1.224398,0,96.754524,0,0,,41981,0,0,0,0,1048572,8386560,0,f05350b1e5a33e24,,0,2.87
20260927T195559Z-4fb3,8e15dabf21369ba5,465080,dial,cpu,resident,s0,3,0,0,0,0,warm,24,1,0,97.517821,0,1.204854,0,96.312723,0,0,,41916,0,0,0,0,1048572,8386560,0,8e8e4c91e128ce0a,,0,2.87
20260927T195559Z-4fb3,8e15dabf21369ba5,490397,dial,cpu,resident,s0,4,0,0,0,0,warm,24,1,0,98.621372,0,1.196368,0,97.424689,0,0,,41967,0,0,0,0,1048572,8386560,0,9f12266aba714d52,,0,2.87
20260927T195559Z-4fb3,8e15dabf21369ba5,76089,dial,cpu,resident,s0,5,0,0,0,0,warm,24,1,0,100.059217,0,1.248442,0,98.810327,0,0,,41975,0,0,0,0,1048572,8386560,0,d20d780cb45c7881,,0,2.87
20260927T195559Z-4fb3,8e15dabf21369ba5,278740,dial,cpu,resident,s0,6,0,0,0,0,warm,24,1,0,97.469531,0,1.210524,0,96.258546,0,0,,41961,0,0,0,0,1048572,8386560,0,fff3e1dae5373eae,,0,2.87
20260927T195559Z-4fb3,8e15dabf21369ba5,503399,dial,cpu,resident,s0,7,0,0,0,0,warm,24,1,0,98.305634,0,1.19096,0,97.114233,0,0,,41993,0,0,0,0,1048572,8386560,0,2ee85e090f01e3ca,,0,2.87
20260927T195559Z-4fb3,8e15dabf21369ba5,221519,dial,cpu,resident,s0,8,0,0,0,0,warm,24,1,0,98.194465,0,1.194088,0,96.999881,0,0,,41987,0,0,0,0,1048572,8386560,0,343c1c55f34d0873,,0,2.87
20260927T195559Z-4fb3,8e15dabf21369ba5,335280,dial,cpu,resident,s0,9,0,0,0,0,warm,24,1,0,98.523277,0,1.256537,0,97.266473,0,0,,41916,0,0,0,0,1048572,8386560,0,2b6a31403bc4bf79,,0,2.87
20260927T195559Z-4fb3,8e15dabf21369ba5,506979,dial,cpu,resident,s0,10,0,0,0,0,warm,24,1,0,98.05901,0,1.189324,0,96.869391,0,0,,41970,0,0,0,0,1048572,8386560,0,a3371bc10f34b12d,,0,2.87
20260927T195559Z-4fb3,8e15dabf21369ba5,312158,dial,cpu,resident,s0,11,0,0,0,0,warm,24,1,0,97.916762,0,1.193783,0,96.72266,0,0,,41972,0,0,0,0,1048572,8386560,0,c08049994f6005a4,,0,2.87
20260927T195559Z-4fb3,8e15dabf21369ba5,832027,dial,cpu,resident,s0,12,0,0,0,0,warm,24,1,0,98.11014,0,1.224793,0,96.884822,0,0,,41952,0,0,0,0,1048572,8386560,0,41f33decba27f8bc,,0,2.87
20260927T195559Z-4fb3,8e15dabf21369ba5,86626,dial,cpu,resident,s0,13,0,0,0,0,warm,24,1,0,102.629091,0,1.250927,0,101.377691,0,0,,41960,0,0,0,0,1048572,8386560,0,07c2e89a1c495cef,,0,2.87
20260927T195559Z-4fb3,8e15dabf21369ba5,893373,dial,cpu,resident,s0,14,0,0,0,0,warm,24,1,0,98.935901,0,1.234612,0,97.700883,0,0,,41962,0,0,0,0,1048572,8386560,0,e7c677fd68b64919,,0,2.87
20260927T195559Z-4fb3,8e15dabf21369ba5,382778,dial,cpu,resident,s0,15,0,0,0,0,warm,24,1,0,99.415549,0,1.221361,0,98.193716,0,0,,41965,0,0,0,0,1048572,8386560,0,54586fc58d6eb62a,,0,2.87
20260927T195559Z-4fb3,8e15dabf21369ba5,941579,dial,cpu,resident,s0,16,0,0,0,0,warm,24,1,0,98.448456,0,1.229667,0,97.218478,0,0,,41972,0,0,0,0,1048572,8386560,0,fa4caab918588767,,0,2.87
20260927T195559Z-4fb3,8e15dabf21369ba5,866763,dial,cpu,resident,s0,17,0,0,0,0,warm,24,1,0,98.312791,0,1.201652,0,97.11062,0,0,,41986,0,0,0,0,1048572,8386560,0,fd28e53cbc45c9c2,,0,2.87
20260927T195559Z-4fb3,8e15dabf21369ba5,963938,dial,cpu,resident,s0,18,0,0,0,0,warm,24,1,0,97.979912,0,1.202002,0,96.777569,0,0,,41974,0,0,0,0,1048572,8386560,0,facd783cc4a64e59,,0,2.87
20260927T195559Z-4fb3,8e15dabf21369ba5,600082,dial,cpu,resident,s0,19,0,0,0,0,warm,24,1,0,98.097757,0,1.214705,0,96.882709,0,0,,41972,0,0,0,0,1048572,8386560,0,3b83e701139a037f,,0,2.87
20260927T195559Z-4fb3,8e15dabf21369ba5,533035,dial,cpu,resident,s0,20,0,0,0,0,warm,24,1,0,98.196015,0,1.200774,0,96.994814,0,0,,41972,0,0,0,0,1048572,8386560,0,b6d4affba2be94b4,,0,2.87
20260927T195559Z-4fb3,8e15dabf21369ba5,464239,dial,cpu,resident,s0,21,0,0,0,0,warm,24,1,0,97.846703,0,1.201826,0,96.644578,0,0,,41973,0,0,0,0,1048572,8386560,0,477b960c0d88bea5,,0,2.87
20260927T195559Z-4fb3,8e15dabf21369ba5,738023,dial,cpu,resident,s0,22,0,0,0,0,warm,24,1,0,97.842176,0,1.25163,0,96.590131,0,0,,41979,0,0,0,0,1048572,8386560,0,a5750b7e04034b8b,,0,2.87
20260927T195559Z-4fb3,8e15dabf21369ba5,256371,dial,cpu,resident,s0,23,0,0,0,0,warm,24,1,0,97.883252,0,1.220704,0,96.662195,0,0,,41974,0,0,0,0,1048572,8386560,0,d3f0f164749d3139,,0,2.87
20260927T195559Z-4fb3,8e15dabf21369ba5,426064,dial,cpu,resident,s0,24,0,0,0,0,warm,24,1,0,98.447241,0,1.200134,0,97.246864,0,0,,41966,0,0,0,0,1048572,8386560,0,04322492b4dffba5,,0,2.87
20260927T195559Z-4fb3,8e15dabf21369ba5,89702,dial,cpu,resident,s0,25,0,0,0,0,warm,24,1,0,98.156119,0,1.22316,0,96.932741,0,0,,41954,0,0,0,0,1048572,8386560,0,764657ec09a11926,,0,2.87
20260927T195559Z-4fb3,8e15dabf21369ba5,919406,dial,cpu,resident,s0,26,0,0,0,0,warm,24,1,0,99.046435,0,1.216858,0,97.829358,0,0,,41980,0,0,0,0,1048572,8386560,0,364c5c2507bb3016,,0,2.87
20260927T195559Z-4fb3,8e15dabf21369ba5,202818,dial,cpu,resident,s0,27,0,0,0,0,warm,24,1,0,98.626299,0,1.233006,0,97.392931,0,0,,41969,0,0,0,0,1048572,8386560,0,a0ee314844dc764d,,0,2.87
20260927T195559Z-4fb3,8e15dabf21369ba5,302043,dial,cpu,resident,s0,28,0,0,0,0,warm,24,1,0,97.68423,0,1.227843,0,96.456134,0,0,,41970,0,0,0,0,1048572,8386560,0,2bf716e742937517,,0,2.87
20260927T195559Z-4fb3,8e15dabf21369ba5,508062,dial,cpu,resident,s0,29,0,0,0,0,warm,24,1,0,97.801044,0,1.202195,0,96.598534,0,0,,41978,0,0,0,0,1048572,8386560,0,e984b929b9ff66e8,,0,2.87
20260927T195559Z-4fb3,8e15dabf21369ba5,189131,dial,cpu,resident,s0,30,0,0,0,0,warm,24,1,0,97.826858,0,1.216325,0,96.610299,0,0,,41971,0,0,0,0,1048572,8386560,0,d54b22444535f3de,,0,2.87
20260927T195559Z-4fb3,8e15dabf21369ba5,943487,dial,cpu,resident,s0,31,0,0,0,0,warm,24,1,0,97.679082,0,1.214659,0,96.46427,0,0,,41975,0,0,0,0,1048572,8386560,0,5440a6241f47a317,,0,2.87
20260927T195559Z-4fb3,8e15dabf21369ba5,535623,dial,cpu,resident,s0,32,0,0,0,0,warm,24,1,0,97.975088,0,1.221654,0,96.753081,0,0,,41942,0,0,0,0,1048572,8386560,0,5bc57243d9998434,,0,2.87
20260927T195559Z-4fb3,8e15dabf21369ba5,650980,dial,cpu,resident,s0,33,0,0,0,0,warm,24,1,0,99.942156,0,1.203234,0,98.738645,0,0,,41963,0,0,0,0,1048572,8386560,0,44b0659cf515f1ff,,0,2.87
20260927T195559Z-4fb3,8e15dabf21369ba5,884988,dial,cpu,resident,s0,34,0,0,0,0,warm,24,1,0,101.486667,0,1.353472,0,100.132888,0,0,,41965,0,0,0,0,1048572,8386560,0,c51d5c97d41aca0d,,0,2.87
20260927T195559Z-4fb3,8e15dabf21369ba5,316027,dial,cpu,resident,s0,35,0,0,0,0,warm,24,1,0,98.282453,0,1.20864,0,97.073336,0,0,,41962,0,0,0,0,1048572,8386560,0,614a5d716fbb4de0,,0,2.87
20260927T195559Z-4fb3,8e15dabf21369ba5,800397,dial,cpu,resident,s0,36,0,0,0,0,warm,24,1,0,98.368372,0,1.200794,0,97.167242,0,0,,41956,0,0,0,0,1048572,8386560,0,319a99c467252119,,0,2.87
20260927T195559Z-4fb3,8e15dabf21369ba5,492565,dial,cpu,resident,s0,37,0,0,0,0,warm,24,1,0,102.095954,0,1.208003,0,100.887676,0,0,,41964,0,0,0,0,1048572,8386560,0,a27338b58021c9c4,,0,2.87
20260927T195559Z-4fb3,8e15dabf21369ba5,826100,dial,cpu,resident,s0,38,0,0,0,0,warm,24,1,0,98.832694,0,1.236233,0,97.596036,0,0,,41963,0,0,0,0,1048572,8386560,0,b08422e22cabd03d,,0,2.87
20260927T195559Z-4fb3,8e15dabf21369ba5,445492,dial,cpu,resident,s0,39,0,0,0,0,warm,24,1,0,98.145864,0,1.188225,0,96.957253,0,0,,41966,0,0,0,0,1048572,8386560,0,b4e1be62146d06cc,,0,2.87
20260927T195559Z-4fb3,8e15dabf21369ba5,903723,dial,cpu,resident,s0,40,0,0,0,0,warm,24,1,0,97.929368,0,1.208705,0,96.720335,0,0,,41988,0,0,0,0,1048572,8386560,0,9d9bedeac11b3e4f,,0,2.87
20260927T195559Z-4fb3,8e15dabf21369ba5,600641,dial,cpu,resident,s0,41,0,0,0,0,warm,24,1,0,97.821387,0,1.197119,0,96.623991,0,0,,41967,0,0,0,0,1048572,8386560,0,78189fe7f02b1486,,0,2.72
20260927T195559Z-4fb3,8e15dabf21369ba5,850506,dial,cpu,resident,s0,42,0,0,0,0,warm,24,1,0,97.828142,0,1.197245,0,96.630607,0,0,,41968,0,0,0,0,1048572,8386560,0,ed62f5d27cde2ad5,,0,2.72
20260927T195559Z-4fb3,8e15dabf21369ba5,92777,dial,cpu,resident,s0,43,0,0,0,0,warm,24,1,0,97.694808,0,1.215766,0,96.4788,0,0,,41948,0,0,0,0,1048572,8386560,0,6eb915ca468c34f5,,0,2.72
20260927T195559Z-4fb3,8e15dabf21369ba5,189000,dial,cpu,resident,s0,44,0,0,0,0,warm,24,1,0,97.886267,0,1.195413,0,96.690561,0,0,,41971,0,0,0,0,1048572,8386560,0,606df2d20b2c3393,,0,2.72
20260927T195559Z-4fb3,8e15dabf21369ba5,694683,dial,cpu,resident,s0,45,0,0,0,0,warm,24,1,0,98.102241,0,1.198529,0,96.90342,0,0,,41964,0,0,0,0,1048572,8386560,0,ccd5845cf199bcf0,,0,2.72
20260927T195559Z-4fb3,8e15dabf21369ba5,544619,dial,cpu,resident,s0,46,0,0,0,0,warm,24,1,0,98.109635,0,1.212499,0,96.896966,0,0,,41986,0,0,0,0,1048572,8386560,0,9e88a07e9d04a649,,0,2.72
20260927T195559Z-4fb3,8e15dabf21369ba5,873060,dial,cpu,resident,s0,47,0,0,0,0,warm,24,1,0,98.145348,0,1.205762,0,96.939345,0,0,,41968,0,0,0,0,1048572,8386560,0,5ac56126a7b1a8b0,,0,2.72
20260927T195559Z-4fb3,8e15dabf21369ba5,172909,dial,cpu,resident,s0,48,0,0,0,0,warm,24,1,0,101.304556,0,1.218088,0,100.085998,0,0,,41974,0,0,0,0,1048572,8386560,0,97f57edc044087f0,,0,2.72
20260927T195559Z-4fb3,8e15dabf21369ba5,120718,dial,cpu,resident,s0,49,0,0,0,0,warm,24,1,0,98.79938,0,1.228118,0,97.570841,0,0,,41964,0,0,0,0,1048572,8386560,0,0cff41f9bbdddb77,,0,2.72
20260927T195559Z-4fb3,8e15dabf21369ba5,234554,dial,cpu,resident,s0,50,0,0,0,0,warm,24,1,0,98.056703,0,1.21819,0,96.838228,0,0,,41996,0,0,0,0,1048572,8386560,0,a949a776d47d46f5,,0,2.72
20260927T195559Z-4fb3,8e15dabf21369ba5,570105,dial,cpu,resident,s0,51,0,0,0,0,warm,24,1,0,98.300987,0,1.19988,0,97.100833,0,0,,41996,0,0,0,0,1048572,8386560,0,e17c623e2d4b508f,,0,2.72
20260927T195559Z-4fb3,8e15dabf21369ba5,842479,dial,cpu,resident,s0,52,0,0,0,0,warm,24,1,0,97.612181,0,1.196362,0,96.415553,0,0,,41953,0,0,0,0,1048572,8386560,0,a258a2586ac5bf2e,,0,2.72
20260927T195559Z-4fb3,8e15dabf21369ba5,348456,dial,cpu,resident,s0,53,0,0,0,0,warm,24,1,0,97.982917,0,1.219559,0,96.76294,0,0,,41977,0,0,0,0,1048572,8386560,0,105f5d597adb8c32,,0,2.72
20260927T195559Z-4fb3,8e15dabf21369ba5,831953,dial,cpu,resident,s0,54,0,0,0,0,warm,24,1,0,103.360613,0,1.219643,0,102.140501,0,0,,41965,0,0,0,0,1048572,8386560,0,3ec23a9d53716ee1,,0,2.72
20260927T195559Z-4fb3,8e15dabf21369ba5,409707,dial,cpu,resident,s0,55,0,0,0,0,warm,24,1,0,98.876348,0,1.254174,0,97.621973,0,0,,41964,0,0,0,0,1048572,8386560,0,9d187bf0003e16e5,,0,2.72
20260927T195559Z-4fb3,8e15dabf21369ba5,459557,dial,cpu,resident,s0,56,0,0,0,0,warm,24,1,0,98.624871,0,1.202831,0,97.421666,0,0,,42002,0,0,0,0,1048572,8386560,0,5b054ae094967981,,0,2.72
20260927T195559Z-4fb3,8e15dabf21369ba5,472668,dial,cpu,resident,s0,57,0,0,0,0,warm,24,1,0,98.40425,0,1.198176,0,97.205766,0,0,,41958,0,0,0,0,1048572,8386560,0,623072bf4512656e,,0,2.72
20260927T195559Z-4fb3,8e15dabf21369ba5,240184,dial,cpu,resident,s0,58,0,0,0,0,warm,24,1,0,97.91707,0,1.214522,0,96.702385,0,0,,41952,0,0,0,0,1048572,8386560,0,4bb21d890c0e5ab7,,0,2.72
20260927T195559Z-4fb3,8e15dabf21369ba5,258439,dial,cpu,resident,s0,59,0,0,0,0,warm,24,1,0,99.19059,0,1.238183,0,97.952084,0,0,,41968,0,0,0,0,1048572,8386560,0,253070116044b281,,0,2.72
20260927T195559Z-4fb3,8e15dabf21369ba5,767648,dial,cpu,resident,s0,60,0,0,0,0,warm,24,1,0,97.832457,0,1.207038,0,96.625047,0,0,,41968,0,0,0,0,1048572,8386560,0,11e2d9c9d7746df3,,0,2.72
20260927T195559Z-4fb3,8e15dabf21369ba5,826214,dial,cpu,resident,s0,61,0,0,0,0,warm,24,1,0,98.045502,0,1.221904,0,96.823306,0,0,,41973,0,0,0,0,1048572,8386560,0,e8360d647c14ee57,,0,2.72
20260927T195559Z-4fb3,8e15dabf21369ba5,216317,dial,cpu,resident,s0,62,0,0,0,0,warm,24,1,0,98.096462,0,1.205579,0,96.8906,0,0,,41949,0,0,0,0,1048572,8386560,0,2e4ccbb54ddf2979,,0,2.72
20260927T195559Z-4fb3,8e15dabf21369ba5,834085,dial,cpu,resident,s0,63,0,0,0,0,warm,24,1,0,98.002013,0,1.204767,0,96.797056,0,0,,41964,0,0,0,0,1048572,8386560,0,f1b88b3d09c22e23,,0,2.72
20260927T195559Z-4fb3,8e15dabf21369ba5,37297,dial,cpu,resident,s0,64,0,0,0,0,warm,24,1,0,98.147987,0,1.234195,0,96.913538,0,0,,41970,0,0,0,0,1048572,8386560,0,14dac6e8a16de2b4,,0,2.72
20260927T195559Z-4fb3,8e15dabf21369ba5,297916,dial,cpu,resident,s0,65,0,0,0,0,warm,24,1,0,98.310071,0,1.2255,0,97.08428,0,0,,41940,0,0,0,0,1048572,8386560,0,b8bff2a107af7329,,0,2.72
20260927T195559Z-4fb3,8e15dabf21369ba5,73513,dial,cpu,resident,s0,66,0,0,0,0,warm,24,1,0,98.03298,0,1.218771,0,96.813939,0,0,,41916,0,0,0,0,1048572,8386560,0,69a87962490b5411,,0,2.72
20260927T195559Z-4fb3,8e15dabf21369ba5,315923,dial,cpu,resident,s0,67,0,0,0,0,warm,24,1,0,97.843109,0,1.248834,0,96.593951,0,0,,41962,0,0,0,0,1048572,8386560,0,bf8b5a087b29f78e,,0,2.72
20260927T195559Z-4fb3,8e15dabf21369ba5,1029927,dial,cpu,resident,s0,68,0,0,0,0,warm,24,1,0,98.286349,0,1.222329,0,97.063735,0,0,,41961,0,0,0,0,1048572,8386560,0,c51fac7401e252bb,,0,2.72
20260927T195559Z-4fb3,8e15dabf21369ba5,253516,dial,cpu,resident,s0,69,0,0,0,0,warm,24,1,0,99.392476,0,1.241749,0,98.150407,0,0,,41940,0,0,0,0,1048572,8386560,0,a8be3ff576a67aaf,,0,2.72
20260927T195559Z-4fb3,8e15dabf21369ba5,843761,dial,cpu,resident,s0,70,0,0,0,0,warm,24,1,0,99.002197,0,1.240821,0,97.761081,0,0,,41940,0,0,0,0,1048572,8386560,0,844345cbf713c839,,0,2.72
20260927T195559Z-4fb3,8e15dabf21369ba5,116648,dial,cpu,resident,s0,71,0,0,0,0,warm,24,1,0,98.158378,0,1.233698,0,96.924198,0,0,,41962,0,0,0,0,1048572,8386560,0,3fe3826a8f281559,,0,2.72
20260927T195559Z-4fb3,8e15dabf21369ba5,898381,dial,cpu,resident,s0,72,0,0,0,0,warm,24,1,0,97.866662,0,1.22515,0,96.641315,0,0,,41972,0,0,0,0,1048572,8386560,0,45beabd67a76159e,,0,2.72
20260927T195559Z-4fb3,8e15dabf21369ba5,33584,dial,cpu,resident,s0,73,0,0,0,0,warm,24,1,0,98.286795,0,1.199172,0,97.087301,0,0,,41961,0,0,0,0,1048572,8386560,0,9757babc13435107,,0,2.72
20260927T195559Z-4fb3,8e15dabf21369ba5,264423,dial,cpu,resident,s0,74,0,0,0,0,warm,24,1,0,102.51841,0,1.200135,0,101.317888,0,0,,41965,0,0,0,0,1048572,8386560,0,8769d9563f8cb590,,0,2.72
20260927T195559Z-4fb3,8e15dabf21369ba5,581085,dial,cpu,resident,s0,75,0,0,0,0,warm,24,1,0,89.13303,0,1.276536,0,87.855786,0,0,,41988,0,0,0,0,1048572,8386560,0,239d1c2bf8d9cd62,,0,2.72
20260927T195559Z-4fb3,8e15dabf21369ba5,716354,dial,cpu,resident,s0,76,0,0,0,0,warm,24,1,0,86.984825,0,1.277698,0,85.70666,0,0,,41942,0,0,0,0,1048572,8386560,0,fbbebe35a9b45729,,0,2.72
20260927T195559Z-4fb3,8e15dabf21369ba5,754603,dial,cpu,resident,s0,77,0,0,0,0,warm,24,1,0,86.558885,0,1.269207,0,85.289549,0,0,,41979,0,0,0,0,1048572,8386560,0,145b21b9140aab92,,0,2.72
20260927T195559Z-4fb3,8e15dabf21369ba5,277866,dial,cpu,resident,s0,78,0,0,0,0,warm,24,1,0,86.811395,0,1.292916,0,85.518249,0,0,,41951,0,0,0,0,1048572,8386560,0,9257702a5149c8f3,,0,2.72
20260927T195559Z-4fb3,8e15dabf21369ba5,917702,dial,cpu,resident,s0,79,0,0,0,0,warm,24,1,0,86.067857,0,1.224874,0,84.842549,0,0,,41960,0,0,0,0,1048572,8386560,0,3e0b7636e3a7e06f,,0,2.72
20260927T195559Z-4fb3,8e15dabf21369ba5,474965,dial,cpu,resident,s0,80,0,0,0,0,warm,24,1,0,86.406991,0,1.226469,0,85.18019,0,0,,41967,0,0,0,0,1048572,8386560,0,06e80998b455105b,,0,2.72
20260927T195559Z-4fb3,8e15dabf21369ba5,531108,dial,cpu,resident,s0,81,0,0,0,0,warm,24,1,0,88.706711,0,1.227968,0,87.478456,0,0,,41947,0,0,0,0,1048572,8386560,0,171015491b0d386f,,0,2.72
20260927T195559Z-4fb3,8e15dabf21369ba5,137455,dial,cpu,resident,s0,82,0,0,0,0,warm,24,1,0,94.024125,0,1.253339,0,92.77057,0,0,,41939,0,0,0,0,1048572,8386560,0,b759282a0ff5deb9,,0,2.72
20260927T195559Z-4fb3,8e15dabf21369ba5,171687,dial,cpu,resident,s0,83,0,0,0,0,warm,24,1,0,98.49248,0,1.200287,0,97.291915,0,0,,41960,0,0,0,0,1048572,8386560,0,7039a73e5109e62e,,0,2.72
20260927T195559Z-4fb3,8e15dabf21369ba5,929989,dial,cpu,resident,s0,84,0,0,0,0,warm,24,1,0,98.152062,0,1.21509,0,96.936682,0,0,,41972,0,0,0,0,1048572,8386560,0,2c7821b5fc99b21d,,0,2.72
20260927T195559Z-4fb3,8e15dabf21369ba5,239618,dial,cpu,resident,s0,85,0,0,0,0,warm,24,1,0,98.278651,0,1.19687,0,97.081175,0,0,,41984,0,0,0,0,1048572,8386560,0,e0ca554f6bc5af38,,0,2.72
20260927T195559Z-4fb3,8e15dabf21369ba5,888073,dial,cpu,resident,s0,86,0,0,0,0,warm,24,1,0,98.55516,0,1.198443,0,97.356457,0,0,,41974,0,0,0,0,1048572,8386560,0,502345b01d88cc39,,0,2.72
20260927T195559Z-4fb3,8e15dabf21369ba5,423524,dial,cpu,resident,s0,87,0,0,0,0,warm,24,1,0,98.177933,0,1.207636,0,96.970071,0,0,,41948,0,0,0,0,1048572,8386560,0,bbb57c9a21f0b553,,0,2.72
20260927T195559Z-4fb3,8e15dabf21369ba5,51368,dial,cpu,resident,s0,88,0,0,0,0,warm,24,1,0,99.474786,0,1.220804,0,98.253744,0,0,,41960,0,0,0,0,1048572,8386560,0,a973095120b9cf0d,,0,2.72
20260927T195559Z-4fb3,8e15dabf21369ba5,166757,dial,cpu,resident,s0,89,0,0,0,0,warm,24,1,0,98.169107,0,1.231156,0,96.937667,0,0,,41962,0,0,0,0,1048572,8386560,0,40bd2deb1c943f0d,,0,2.72
20260927T195559Z-4fb3,8e15dabf21369ba5,319756,dial,cpu,resident,s0,90,0,0,0,0,warm,24,1,0,98.607631,0,1.201632,0,97.405726,0,0,,41961,0,0,0,0,1048572,8386560,0,750c2ee6c0ce55b8,,0,2.72
20260927T195559Z-4fb3,8e15dabf21369ba5,893116,dial,cpu,resident,s0,91,0,0,0,0,warm,24,1,0,98.045063,0,1.254269,0,96.790509,0,0,,41974,0,0,0,0,1048572,8386560,0,c244bbf931a9ff66,,0,2.72
20260927T195559Z-4fb3,8e15dabf21369ba5,278999,dial,cpu,resident,s0,92,0,0,0,0,warm,24,1,0,99.188191,0,1.202722,0,97.985143,0,0,,41978,0,0,0,0,1048572,8386560,0,00480761c37b434d,,0,2.72
20260927T195559Z-4fb3,8e15dabf21369ba5,172699,dial,cpu,resident,s0,93,0,0,0,0,warm,24,1,0,98.317774,0,1.226513,0,97.090994,0,0,,41977,0,0,0,0,1048572,8386560,0,355c1585721248e1,,0,2.59
20260927T195559Z-4fb3,8e15dabf21369ba5,720346,dial,cpu,resident,s0,94,0,0,0,0,warm,24,1,0,98.611414,0,1.227727,0,97.383427,0,0,,41964,0,0,0,0,1048572,8386560,0,b6321497e33b2b9d,,0,2.59
20260927T195559Z-4fb3,8e15dabf21369ba5,417697,dial,cpu,resident,s0,95,0,0,0,0,warm,24,1,0,100.175277,0,1.197533,0,98.977429,0,0,,41974,0,0,0,0,1048572,8386560,0,0a1339e166047fdc,,0,2.59
20260927T195559Z-4fb3,8e15dabf21369ba5,768200,dial,cpu,resident,s0,96,0,0,0,0,warm,24,1,0,102.049184,0,1.24273,0,100.806032,0,0,,41971,0,0,0,0,1048572,8386560,0,7b26b07a5cc20a22,,0,2.59
20260927T195559Z-4fb3,8e15dabf21369ba5,896444,dial,cpu,resident,s0,97,0,0,0,0,warm,24,1,0,98.144031,0,1.195656,0,96.948026,0,0,,41990,0,0,0,0,1048572,8386560,0,eb5a677675b88b2f,,0,2.59
20260927T195559Z-4fb3,8e15dabf21369ba5,87619,dial,cpu,resident,s0,98,0,0,0,0,warm,24,1,0,98.177692,0,1.192649,0,96.984778,0,0,,41976,0,0,0,0,1048572,8386560,0,5200e13c6c0b71d2,,0,2.59
20260927T195559Z-4fb3,8e15dabf21369ba5,521404,dial,cpu,resident,s0,99,0,0,0,0,warm,24,1,0,100.225141,0,1.207163,0,99.017554,0,0,,41971,0,0,0,0,1048572,8386560,0,103851ab84166de3,,0,2.59
20260927T195559Z-4fb3,8e15dabf21369ba5,530513,dial,cpu,resident,s0,100,0,0,0,0,warm,24,1,0,99.345338,0,1.202846,0,98.142157,0,0,,41955,0,0,0,0,1048572,8386560,0,552da161d8a41475,,0,2.59
20260927T195559Z-4fb3,8e15dabf21369ba5,10624,dial,cpu,resident,s0,101,0,0,0,0,warm,24,1,0,97.882777,0,1.190325,0,96.692199,0,0,,41958,0,0,0,0,1048572,8386560,0,bdf1e4235b2c5d71,,0,2.59
20260927T195559Z-4fb3,8e15dabf21369ba5,771433,dial,cpu,resident,s0,102,0,0,0,0,warm,24,1,0,98.671718,0,1.187866,0,97.483596,0,0,,41963,0,0,0,0,1048572,8386560,0,ad3bbc64b326e2ec,,0,2.59
20260927T195559Z-4fb3,8e15dabf21369ba5,124155,dial,cpu,resident,s0,103,0,0,0,0,warm,24,1,0,99.025344,0,1.23039,0,97.794711,0,0,,41972,0,0,0,0,1048572,8386560,0,50970e53e745be2f,,0,2.59
20260927T195559Z-4fb3,8e15dabf21369ba5,870629,dial,cpu,resident,s0,104,0,0,0,0,warm,24,1,0,97.733831,0,1.187958,0,96.545273,0,0,,41953,0,0,0,0,1048572,8386560,0,e81bad72cb10adbb,,0,2.59
20260927T195559Z-4fb3,8e15dabf21369ba5,496824,dial,cpu,resident,s0,105,0,0,0,0,warm,24,1,0,98.348118,0,1.195459,0,97.152418,0,0,,41941,0,0,0,0,1048572,8386560,0,6c8ac37e578005a3,,0,2.59
20260927T195559Z-4fb3,8e15dabf21369ba5,880012,dial,cpu,resident,s0,106,0,0,0,0,warm,24,1,0,98.357456,0,1.201837,0,97.155198,0,0,,41974,0,0,0,0,1048572,8386560,0,8ccba16252198116,,0,2.59
20260927T195559Z-4fb3,8e15dabf21369ba5,663000,dial,cpu,resident,s0,107,0,0,0,0,warm,24,1,0,98.178148,0,1.205742,0,96.972015,0,0,,41958,0,0,0,0,1048572,8386560,0,902cf10109055e10,,0,2.59
20260927T195559Z-4fb3,8e15dabf21369ba5,1043132,dial,cpu,resident,s0,108,0,0,0,0,warm,24,1,0,97.95303,0,1.18689,0,96.765727,0,0,,41971,0,0,0,0,1048572,8386560,0,66a901d1343276af,,0,2.59
20260927T195559Z-4fb3,8e15dabf21369ba5,605213,dial,cpu,resident,s0,109,0,0,0,0,warm,24,1,0,98.341573,0,1.21305,0,97.128181,0,0,,41961,0,0,0,0,1048572,8386560,0,82779a3371e6f2cd,,0,2.59
20260927T195559Z-4fb3,8e15dabf21369ba5,866643,dial,cpu,resident,s0,110,0,0,0,0,warm,24,1,0,98.373575,0,1.221621,0,97.15167,0,0,,41960,0,0,0,0,1048572,8386560,0,00b32b95442d06d1,,0,2.59
20260927T195559Z-4fb3,8e15dabf21369ba5,584213,dial,cpu,resident,s0,111,0,0,0,0,warm,24,1,0,98.445214,0,1.209008,0,97.235941,0,0,,41975,0,0,0,0,1048572,8386560,0,7416ed67c950f20f,,0,2.59
20260927T195559Z-4fb3,8e15dabf21369ba5,618833,dial,cpu,resident,s0,112,0,0,0,0,warm,24,1,0,98.453818,0,1.191973,0,97.261369,0,0,,41993,0,0,0,0,1048572,8386560,0,59446c1b822407d2,,0,2.59
20260927T195559Z-4fb3,8e15dabf21369ba5,688407,dial,cpu,resident,s0,113,0,0,0,0,warm,24,1,0,100.386151,0,1.244466,0,99.14139,0,0,,41956,0,0,0,0,1048572,8386560,0,80b32c641fa4052f,,0,2.59
20260927T195559Z-4fb3,8e15dabf21369ba5,66042,dial,cpu,resident,s0,114,0,0,0,0,warm,24,1,0,98.300311,0,1.198422,0,97.101736,0,0,,41976,0,0,0,0,1048572,8386560,0,28e9bc0fd5874b1d,,0,2.59
20260927T195559Z-4fb3,8e15dabf21369ba5,793602,dial,cpu,resident,s0,115,0,0,0,0,warm,24,1,0,98.264251,0,1.195007,0,97.0688,0,0,,41967,0,0,0,0,1048572,8386560,0,2c7cac84c0f043b2,,0,2.59
20260927T195559Z-4fb3,8e15dabf21369ba5,561707,dial,cpu,resident,s0,116,0,0,0,0,warm,24,1,0,103.777899,0,1.216791,0,102.560768,0,0,,41969,0,0,0,0,1048572,8386560,0,78de0e16ea4fde1f,,0,2.59
20260927T195559Z-4fb3,8e15dabf21369ba5,692599,dial,cpu,resident,s0,117,0,0,0,0,warm,24,1,0,98.680687,0,1.243685,0,97.436579,0,0,,41969,0,0,0,0,1048572,8386560,0,08fba6af4af64866,,0,2.59
20260927T195559Z-4fb3,8e15dabf21369ba5,814798,dial,cpu,resident,s0,118,0,0,0,0,warm,24,1,0,98.020486,0,1.21052,0,96.809662,0,0,,41961,0,0,0,0,1048572,8386560,0,e5f8753d02ce6cf0,,0,2.59
20260927T195559Z-4fb3,8e15dabf21369ba5,432532,dial,cpu,resident,s0,119,0,0,0,0,warm,24,1,0,98.208491,0,1.241635,0,96.966612,0,0,,41979,0,0,0,0,1048572,8386560,0,146303230195b596,,0,2.59
20260927T195559Z-4fb3,8e15dabf21369ba5,511103,dial,cpu,resident,s0,120,0,0,0,0,warm,24,1,0,98.214531,0,1.219595,0,96.994664,0,0,,41978,0,0,0,0,1048572,8386560,0,5b6f9268a090014b,,0,2.59
20260927T195559Z-4fb3,8e15dabf21369ba5,827115,dial,cpu,resident,s0,121,0,0,0,0,warm,24,1,0,98.126297,0,1.210743,0,96.9152,0,0,,41957,0,0,0,0,1048572,8386560,0,c2ef225c7d1b6cf1,,0,2.59
20260927T195559Z-4fb3,8e15dabf21369ba5,816247,dial,cpu,resident,s0,122,0,0,0,0,warm,24,1,0,98.058492,0,1.207058,0,96.851024,0,0,,41962,0,0,0,0,1048572,8386560,0,53b5c4c422a03130,,0,2.59
20260927T195559Z-4fb3,8e15dabf21369ba5,653088,dial,cpu,resident,s0,123,0,0,0,0,warm,24,1,0,98.72968,0,1.215377,0,97.514057,0,0,,41975,0,0,0,0,1048572,8386560,0,c3d6e7835680af1d,,0,2.59
20260927T195559Z-4fb3,8e15dabf21369ba5,5503,dial,cpu,resident,s0,124,0,0,0,0,warm,24,1,0,98.831486,0,1.227751,0,97.603564,0,0,,41981,0,0,0,0,1048572,8386560,0,7f946bb6b5cc0269,,0,2.59
20260927T195559Z-4fb3,8e15dabf21369ba5,320284,dial,cpu,resident,s0,125,0,0,0,0,warm,24,1,0,98.200028,0,1.201403,0,96.998392,0,0,,41950,0,0,0,0,1048572,8386560,0,0fae1bee80d60ba0,,0,2.59
20260927T195559Z-4fb3,8e15dabf21369ba5,909227,dial,cpu,resident,s0,126,0,0,0,0,warm,24,1,0,98.046258,0,1.201695,0,96.844145,0,0,,41966,0,0,0,0,1048572,8386560,0,e28d5b4774195c35,,0,2.59
20260927T195559Z-4fb3,8e15dabf21369ba5,116150,dial,cpu,resident,s0,127,0,0,0,0,warm,24,1,0,98.581401,0,1.219558,0,97.361351,0,0.000163,,41971,0,0,0,0,1048572,8386560,0,0d649a1cfc009d11,,0,2.59
20260927T195559Z-4fb3,8e15dabf21369ba5,869618,delta-omp,cpu,resident,s0,0,0,0,0,1,warm,24,1,12,154.424511,0,2.240212,0,152.18349,0,0,,3503,16313,0,0,16313,1152091,18473090,0,751532ac148dc9b8,,0,2.59
20260927T195559Z-4fb3,8e15dabf21369ba5,971814,delta-omp,cpu,resident,s0,1,0,0,0,1,warm,24,1,12,154.352542,0,2.237608,0,152.114089,0,0,,3502,16291,0,0,16291,1151373,18461504,0,9518212de198ffff,,0,2.59
20260927T195559Z-4fb3,8e15dabf21369ba5,31242,delta-omp,cpu,resident,s0,2,0,0,0,1,warm,24,1,12,154.55267,0,2.225254,0,152.326742,0,0,,3503,16329,0,0,16329,1152238,18475962,0,f05350b1e5a33e24,,0,2.59
20260927T195559Z-4fb3,8e15dabf21369ba5,465080,delta-omp,cpu,resident,s0,3,0,0,0,1,warm,24,1,12,154.85364,0,2.248753,0,152.603905,0,0,,3498,16296,0,0,16296,1152229,18476702,0,8e8e4c91e128ce0a,,0,2.59
20260927T195559Z-4fb3,8e15dabf21369ba5,490397,delta-omp,cpu,resident,s0,4,0,0,0,1,warm,24,1,12,154.582838,0,2.294087,0,152.288121,0,0,,3503,16316,0,0,16316,1152205,18476196,0,9f12266aba714d52,,0,2.59
20260927T195559Z-4fb3,8e15dabf21369ba5,76089,delta-omp,cpu,resident,s0,5,0,0,0,1,warm,24,1,12,156.679097,0,2.209945,0,154.468469,0,0,,3503,16295,0,0,16295,1152038,18473934,0,d20d780cb45c7881,,0,2.59
20260927T195559Z-4fb3,8e15dabf21369ba5,278740,delta-omp,cpu,resident,s0,6,0,0,0,1,warm,24,1,12,154.470716,0,2.228368,0,152.241766,0,0,,3502,16308,0,0,16308,1152076,18473064,0,fff3e1dae5373eae,,0,2.59
20260927T195559Z-4fb3,8e15dabf21369ba5,503399,delta-omp,cpu,resident,s0,7,0,0,0,1,warm,24,1,12,155.220454,0,2.192273,0,153.027658,0,0,,3505,16314,0,0,16314,1152336,18475642,0,2ee85e090f01e3ca,,0,2.59
20260927T195559Z-4fb3,8e15dabf21369ba5,221519,delta-omp,cpu,resident,s0,8,0,0,0,1,warm,24,1,12,154.329709,0,2.215889,0,152.113206,0,0,,3505,16318,0,0,16318,1152091,18473024,0,343c1c55f34d0873,,0,2.59
20260927T195559Z-4fb3,8e15dabf21369ba5,335280,delta-omp,cpu,resident,s0,9,0,0,0,1,warm,24,1,12,153.226293,0,2.167628,0,151.057802,0,0,,3498,16310,0,0,16310,1152229,18475958,0,2b6a31403bc4bf79,,0,2.59
20260927T195559Z-4fb3,8e15dabf21369ba5,506979,delta-omp,cpu,resident,s0,10,0,0,0,1,warm,24,1,12,154.303597,0,2.193532,0,152.109541,0,0,,3502,16282,0,0,16282,1152032,18470986,0,a3371bc10f34b12d,,0,2.46
20260927T195559Z-4fb3,8e15dabf21369ba5,312158,delta-omp,cpu,resident,s0,11,0,0,0,1,warm,24,1,12,153.568453,0,2.201259,0,151.366688,0,0,,3503,16301,0,0,16301,1152251,18474238,0,c08049994f6005a4,,0,2.46
20260927T195559Z-4fb3,8e15dabf21369ba5,832027,delta-omp,cpu,resident,s0,12,0,0,0,1,warm,24,1,12,154.072268,0,2.218628,0,151.853174,0,0,,3502,16269,0,0,16269,1152245,18477884,0,41f33decba27f8bc,,0,2.46
20260927T195559Z-4fb3,8e15dabf21369ba5,86626,delta-omp,cpu,resident,s0,13,0,0,0,1,warm,24,1,12,154.220833,0,2.22693,0,151.993276,0,0,,3503,16279,0,0,16279,1152049,18471182,0,07c2e89a1c495cef,,0,2.46
20260927T195559Z-4fb3,8e15dabf21369ba5,893373,delta-omp,cpu,resident,s0,14,0,0,0,1,warm,24,1,12,154.965339,0,2.213408,0,152.751422,0,0,,3502,16269,0,0,16269,1152235,18477566,0,e7c677fd68b64919,,0,2.46
20260927T195559Z-4fb3,8e15dabf21369ba5,382778,delta-omp,cpu,resident,s0,15,0,0,0,1,warm,24,1,12,154.129431,0,2.168836,0,151.960175,0,0,,3504,16310,0,0,16310,1152071,18471406,0,54586fc58d6eb62a,,0,2.46
20260927T195559Z-4fb3,8e15dabf21369ba5,941579,delta-omp,cpu,resident,s0,16,0,0,0,1,warm,24,1,12,154.085949,0,2.20128,0,151.884138,0,0,,3504,16285,0,0,16285,1152080,18471874,0,fa4caab918588767,,0,2.46
20260927T195559Z-4fb3,8e15dabf21369ba5,866763,delta-omp,cpu,resident,s0,17,0,0,0,1,warm,24,1,12,154.58563,0,2.244853,0,152.3401,0,0,,3504,16300,0,0,16300,1151321,18460652,0,fd28e53cbc45c9c2,,0,2.46
20260927T195559Z-4fb3,8e15dabf21369ba5,963938,delta-omp,cpu,resident,s0,18,0,0,0,1,warm,24,1,12,157.622041,0,2.281136,0,155.340431,0,0,,3503,16281,0,0,16281,1151998,18470400,0,facd783cc4a64e59,,0,2.46
20260927T195559Z-4fb3,8e15dabf21369ba5,600082,delta-omp,cpu,resident,s0,19,0,0,0,1,warm,24,1,12,154.436309,0,2.213246,0,152.222359,0,0,,3504,16305,0,0,16305,1152277,18474486,0,3b83e701139a037f,,0,2.46
20260927T195559Z-4fb3,8e15dabf21369ba5,533035,delta-omp,cpu,resident,s0,20,0,0,0,1,warm,24,1,12,153.96991,0,2.195216,0,151.774019,0,0,,3503,16317,0,0,16317,1152215,18476260,0,b6d4affba2be94b4,,0,2.46
20260927T195559Z-4fb3,8e15dabf21369ba5,464239,delta-omp,cpu,resident,s0,21,0,0,0,1,warm,24,1,12,154.225113,0,2.190641,0,152.033978,0,0,,3504,16316,0,0,16316,1152064,18472556,0,477b960c0d88bea5,,0,2.46
20260927T195559Z-4fb3,8e15dabf21369ba5,738023,delta-omp,cpu,resident,s0,22,0,0,0,1,warm,24,1,12,154.286914,0,2.223283,0,152.062806,0,0,,3505,16299,0,0,16299,1151317,18460606,0,a5750b7e04034b8b,,0,2.46
20260927T195559Z-4fb3,8e15dabf21369ba5,256371,delta-omp,cpu,resident,s0,23,0,0,0,1,warm,24,1,12,154.618164,0,2.214931,0,152.402521,0,0,,3503,16329,0,0,16329,1152338,18478660,0,d3f0f164749d3139,,0,2.46
20260927T195559Z-4fb3,8e15dabf21369ba5,426064,delta-omp,cpu,resident,s0,24,0,0,0,1,warm,24,1,12,154.911201,0,2.20609,0,152.704415,0,0,,3503,16290,0,0,16290,1151876,18469110,0,04322492b4dffba5,,0,2.46
20260927T195559Z-4fb3,8e15dabf21369ba5,89702,delta-omp,cpu,resident,s0,25,0,0,0,1,warm,24,1,12,154.054594,0,2.198313,0,151.855689,0,0,,3501,16320,0,0,16320,1152330,18478574,0,764657ec09a11926,,0,2.46
20260927T195559Z-4fb3,8e15dabf21369ba5,919406,delta-omp,cpu,resident,s0,26,0,0,0,1,warm,24,1,12,154.09826,0,2.205956,0,151.891717,0,0,,3504,16290,0,0,16290,1151996,18470294,0,364c5c2507bb3016,,0,2.46
20260927T195559Z-4fb3,8e15dabf21369ba5,202818,delta-omp,cpu,resident,s0,27,0,0,0,1,warm,24,1,12,153.910824,0,2.201281,0,151.708938,0,0,,3503,16285,0,0,16285,1152005,18470424,0,a0ee314844dc764d,,0,2.46
20260927T195559Z-4fb3,8e15dabf21369ba5,302043,delta-omp,cpu,resident,s0,28,0,0,0,1,warm,24,1,12,153.819675,0,2.189786,0,151.629487,0,0,,3503,16315,0,0,16315,1152103,18473380,0,2bf716e742937517,,0,2.46
20260927T195559Z-4fb3,8e15dabf21369ba5,508062,delta-omp,cpu,resident,s0,29,0,0,0,1,warm,24,1,12,154.044038,0,2.185523,0,151.858003,0,0,,3504,16307,0,0,16307,1152300,18475102,0,e984b929b9ff66e8,,0,2.46
20260927T195559Z-4fb3,8e15dabf21369ba5,189131,delta-omp,cpu,resident,s0,30,0,0,0,1,warm,24,1,12,154.319866,0,2.200263,0,152.118952,0,0,,3503,16311,0,0,16311,1152127,18473664,0,d54b22444535f3de,,0,2.46
20260927T195559Z-4fb3,8e15dabf21369ba5,943487,delta-omp,cpu,resident,s0,31,0,0,0,1,warm,24,1,12,157.532449,0,2.222418,0,155.30943,0,0,,3504,16269,0,0,16269,1152204,18477370,0,5440a6241f47a317,,0,2.46
20260927T195559Z-4fb3,8e15dabf21369ba5,535623,delta-omp,cpu,resident,s0,32,0,0,0,1,warm,24,1,12,154.459963,0,2.269114,0,152.190375,0,0,,3501,16302,0,0,16302,1152094,18473110,0,5bc57243d9998434,,0,2.46
20260927T195559Z-4fb3,8e15dabf21369ba5,650980,delta-omp,cpu,resident,s0,33,0,0,0,1,warm,24,1,12,154.365883,0,2.240113,0,152.125057,0,0,,3505,16303,0,0,16303,1152251,18474322,0,44b0659cf515f1ff,,0,2.46
20260927T195559Z-4fb3,8e15dabf21369ba5,884988,delta-omp,cpu,resident,s0,34,0,0,0,1,warm,24,1,12,154.230814,0,2.211339,0,152.018888,0,0,,3502,16313,0,0,16313,1152207,18476428,0,c51d5c97d41aca0d,,0,2.46
20260927T195559Z-4fb3,8e15dabf21369ba5,316027,delta-omp,cpu,resident,s0,35,0,0,0,1,warm,24,1,12,153.943554,0,2.202896,0,151.740115,0,0,,3502,16282,0,0,16282,1151972,18469994,0,614a5d716fbb4de0,,0,2.46
20260927T195559Z-4fb3,8e15dabf21369ba5,800397,delta-omp,cpu,resident,s0,36,0,0,0,1,warm,24,1,12,154.283365,0,2.21339,0,152.069437,0,0,,3503,16308,0,0,16308,1152110,18473426,0,319a99c467252119,,0,2.46
20260927T195559Z-4fb3,8e15dabf21369ba5,492565,delta-omp,cpu,resident,s0,37,0,0,0,1,warm,24,1,12,154.352247,0,2.206891,0,152.144895,0,0,,3502,16307,0,0,16307,1152048,18471058,0,a27338b58021c9c4,,0,2.46
20260927T195559Z-4fb3,8e15dabf21369ba5,826100,delta-omp,cpu,resident,s0,38,0,0,0,1,warm,24,1,12,155.012118,0,2.232557,0,152.779188,0,0,,3501,16277,0,0,16277,1151881,18470628,0,b08422e22cabd03d,,0,2.46
20260927T195559Z-4fb3,8e15dabf21369ba5,445492,delta-omp,cpu,resident,s0,39,0,0,0,1,warm,24,1,12,154.298199,0,2.191808,0,152.106042,0,0,,3502,16308,0,0,16308,1152112,18472092,0,b4e1be62146d06cc,,0,2.46
20260927T195559Z-4fb3,8e15dabf21369ba5,903723,delta-omp,cpu,resident,s0,40,0,0,0,1,warm,24,1,12,154.989524,0,2.212195,0,152.776974,0,0,,3505,16335,0,0,16335,1152232,18475846,0,9d9bedeac11b3e4f,,0,2.46
20260927T195559Z-4fb3,8e15dabf21369ba5,600641,delta-omp,cpu,resident,s0,41,0,0,0,1,warm,24,1,12,153.754614,0,2.2341,0,151.520137,0,0,,3503,16316,0,0,16316,1152213,18476190,0,78189fe7f02b1486,,0,2.46
20260927T195559Z-4fb3,8e15dabf21369ba5,850506,delta-omp,cpu,resident,s0,42,0,0,0,1,warm,24,1,12,152.855143,0,2.180417,0,150.674363,0,0,,3502,16291,0,0,16291,1151969,18472682,0,ed62f5d27cde2ad5,,0,2.34
20260927T195559Z-4fb3,8e15dabf21369ba5,92777,delta-omp,cpu,resident,s0,43,0,0,0,1,warm,24,1,12,153.8449,0,2.190358,0,151.653736,0,0,,3500,16285,0,0,16285,1151382,18461708,0,6eb915ca468c34f5,,0,2.34
20260927T195559Z-4fb3,8e15dabf21369ba5,189000,delta-omp,cpu,resident,s0,44,0,0,0,1,warm,24,1,12,155.318264,0,2.197232,0,153.12057,0,0,,3503,16298,0,0,16298,1151858,18468726,0,606df2d20b2c3393,,0,2.34
20260927T195559Z-4fb3,8e15dabf21369ba5,694683,delta-omp,cpu,resident,s0,45,0,0,0,1,warm,24,1,12,154.771191,0,2.242887,0,152.527951,0,0,,3503,16317,0,0,16317,1152205,18476432,0,ccd5845cf199bcf0,,0,2.34
20260927T195559Z-4fb3,8e15dabf21369ba5,544619,delta-omp,cpu,resident,s0,46,0,0,0,1,warm,24,1,12,154.19155,0,2.270595,0,151.92042,0,0,,3504,16294,0,0,16294,1151876,18469124,0,9e88a07e9d04a649,,0,2.34
20260927T195559Z-4fb3,8e15dabf21369ba5,873060,delta-omp,cpu,resident,s0,47,0,0,0,1,warm,24,1,12,154.617862,0,2.305432,0,152.31198,0,0,,3503,16273,0,0,16273,1152276,18478486,0,5ac56126a7b1a8b0,,0,2.34
20260927T195559Z-4fb3,8e15dabf21369ba5,172909,delta-omp,cpu,resident,s0,48,0,0,0,1,warm,24,1,12,154.519954,0,2.199303,0,152.320001,0,0,,3503,16299,0,0,16299,1151884,18469034,0,97f57edc044087f0,,0,2.34
20260927T195559Z-4fb3,8e15dabf21369ba5,120718,delta-omp,cpu,resident,s0,49,0,0,0,1,warm,24,1,12,153.776545,0,2.186466,0,151.589391,0,0,,3502,16238,0,0,16238,1152211,18477380,0,0cff41f9bbdddb77,,0,2.34
20260927T195559Z-4fb3,8e15dabf21369ba5,234554,delta-omp,cpu,resident,s0,50,0,0,0,1,warm,24,1,12,154.250058,0,2.176863,0,152.072461,0,0,,3506,16255,0,0,16255,1152201,18477158,0,a949a776d47d46f5,,0,2.34
20260927T195559Z-4fb3,8e15dabf21369ba5,570105,delta-omp,cpu,resident,s0,51,0,0,0,1,warm,24,1,12,153.957978,0,2.193911,0,151.763516,0,0,,3505,16322,0,0,16322,1152219,18476434,0,e17c623e2d4b508f,,0,2.34
20260927T195559Z-4fb3,8e15dabf21369ba5,842479,delta-omp,cpu,resident,s0,52,0,0,0,1,warm,24,1,12,154.756223,0,2.195152,0,152.560345,0,0,,3502,16321,0,0,16321,1152255,18476306,0,a258a2586ac5bf2e,,0,2.34
20260927T195559Z-4fb3,8e15dabf21369ba5,348456,delta-omp,cpu,resident,s0,53,0,0,0,1,warm,24,1,12,154.213072,0,2.182866,0,152.029616,0,0,,3504,16312,0,0,16312,1152121,18472218,0,105f5d597adb8c32,,0,2.34
20260927T195559Z-4fb3,8e15dabf21369ba5,831953,delta-omp,cpu,resident,s0,54,0,0,0,1,warm,24,1,12,153.981755,0,2.205482,0,151.775828,0,0,,3503,16299,0,0,16299,1152269,18474550,0,3ec23a9d53716ee1,,0,2.34
20260927T195559Z-4fb3,8e15dabf21369ba5,409707,delta-omp,cpu,resident,s0,55,0,0,0,1,warm,24,1,12,153.84832,0,2.244197,0,151.603596,0,0,,3502,16305,0,0,16305,1152118,18472152,0,9d187bf0003e16e5,,0,2.34
20260927T195559Z-4fb3,8e15dabf21369ba5,459557,delta-omp,cpu,resident,s0,56,0,0,0,1,warm,24,1,12,154.206787,0,2.191782,0,152.014327,0,0,,3506,16254,0,0,16254,1152180,18476894,0,5b054ae094967981,,0,2.34
20260927T195559Z-4fb3,8e15dabf21369ba5,472668,delta-omp,cpu,resident,s0,57,0,0,0,1,warm,24,1,12,156.177631,0,2.242911,0,153.934297,0,0,,3502,16281,0,0,16281,1152081,18471724,0,623072bf4512656e,,0,2.34
20260927T195559Z-4fb3,8e15dabf21369ba5,240184,delta-omp,cpu,resident,s0,58,0,0,0,1,warm,24,1,12,155.397751,0,2.265974,0,153.131335,0,0,,3502,16293,0,0,16293,1152304,18475314,0,4bb21d890c0e5ab7,,0,2.34
20260927T195559Z-4fb3,8e15dabf21369ba5,258439,delta-omp,cpu,resident,s0,59,0,0,0,1,warm,24,1,12,154.404705,0,2.250337,0,152.154025,0,0,,3502,16296,0,0,16296,1151325,18460794,0,253070116044b281,,0,2.34
20260927T195559Z-4fb3,8e15dabf21369ba5,767648,delta-omp,cpu,resident,s0,60,0,0,0,1,warm,24,1,12,154.294844,0,2.236612,0,152.057742,0,0,,3502,16313,0,0,16313,1152128,18473466,0,11e2d9c9d7746df3,,0,2.34
20260927T195559Z-4fb3,8e15dabf21369ba5,826214,delta-omp,cpu,resident,s0,61,0,0,0,1,warm,24,1,12,153.831142,0,2.208394,0,151.622388,0,0,,3502,16330,0,0,16330,1152217,18475530,0,e8360d647c14ee57,,0,2.34
20260927T195559Z-4fb3,8e15dabf21369ba5,216317,delta-omp,cpu,resident,s0,62,0,0,0,1,warm,24,1,12,154.251334,0,2.214095,0,152.03661,0,0,,3501,16286,0,0,16286,1151868,18469114,0,2e4ccbb54ddf2979,,0,2.34
20260927T195559Z-4fb3,8e15dabf21369ba5,834085,delta-omp,cpu,resident,s0,63,0,0,0,1,warm,24,1,12,154.852659,0,2.228516,0,152.623448,0,0,,3503,16311,0,0,16311,1152082,18471354,0,f1b88b3d09c22e23,,0,2.34
20260927T195559Z-4fb3,8e15dabf21369ba5,37297,delta-omp,cpu,resident,s0,64,0,0,0,1,warm,24,1,12,154.278204,0,2.233136,0,152.044555,0,0,,3502,16295,0,0,16295,1151353,18461304,0,14dac6e8a16de2b4,,0,2.34
20260927T195559Z-4fb3,8e15dabf21369ba5,297916,delta-omp,cpu,resident,s0,65,0,0,0,1,warm,24,1,12,154.283039,0,2.19169,0,152.090915,0,0,,3501,16304,0,0,16304,1152104,18473182,0,b8bff2a107af7329,,0,2.34
20260927T195559Z-4fb3,8e15dabf21369ba5,73513,delta-omp,cpu,resident,s0,66,0,0,0,1,warm,24,1,12,154.528011,0,2.2095,0,152.318096,0,0,,3498,16291,0,0,16291,1152079,18471548,0,69a87962490b5411,,0,2.34
20260927T195559Z-4fb3,8e15dabf21369ba5,315923,delta-omp,cpu,resident,s0,67,0,0,0,1,warm,24,1,12,154.417365,0,2.207262,0,152.209521,0,0,,3502,16299,0,0,16299,1152298,18475088,0,bf8b5a087b29f78e,,0,2.34
20260927T195559Z-4fb3,8e15dabf21369ba5,1029927,delta-omp,cpu,resident,s0,68,0,0,0,1,warm,24,1,12,153.491835,0,2.185653,0,151.305742,0,0,,3502,16281,0,0,16281,1151952,18469676,0,c51fac7401e252bb,,0,2.34
20260927T195559Z-4fb3,8e15dabf21369ba5,253516,delta-omp,cpu,resident,s0,69,0,0,0,1,warm,24,1,12,154.389015,0,2.221771,0,152.166807,0,0,,3500,16282,0,0,16282,1151338,18460942,0,a8be3ff576a67aaf,,0,2.34
20260927T195559Z-4fb3,8e15dabf21369ba5,843761,delta-omp,cpu,resident,s0,70,0,0,0,1,warm,24,1,12,154.968264,0,2.245208,0,152.722688,0,0,,3500,16289,0,0,16289,1152276,18474616,0,844345cbf713c839,,0,2.34
20260927T195559Z-4fb3,8e15dabf21369ba5,116648,delta-omp,cpu,resident,s0,71,0,0,0,1,warm,24,1,12,155.192758,0,2.318271,0,152.874065,0,0,,3502,16328,0,0,16328,1152362,18479052,0,3fe3826a8f281559,,0,2.34
20260927T195559Z-4fb3,8e15dabf21369ba5,898381,delta-omp,cpu,resident,s0,72,0,0,0,1,warm,24,1,12,154.394287,0,2.180112,0,152.213748,0,0,,3502,16243,0,0,16243,1152192,18477234,0,45beabd67a76159e,,0,2.34
20260927T195559Z-4fb3,8e15dabf21369ba5,33584,delta-omp,cpu,resident,s0,73,0,0,0,1,warm,24,1,12,155.020555,0,2.189035,0,152.83125,0,0,,3503,16309,0,0,16309,1152096,18473184,0,9757babc13435107,,0,2.34
20260927T195559Z-4fb3,8e15dabf21369ba5,264423,delta-omp,cpu,resident,s0,74,0,0,0,1,warm,24,1,12,154.028537,0,2.219126,0,151.80902,0,0,,3502,16308,0,0,16308,1152157,18473940,0,8769d9563f8cb590,,0,2.23
20260927T195559Z-4fb3,8e15dabf21369ba5,581085,delta-omp,cpu,resident,s0,75,0,0,0,1,warm,24,1,12,154.249834,0,2.196558,0,152.052902,0,0,,3505,16298,0,0,16298,1152029,18473678,0,239d1c2bf8d9cd62,,0,2.23
20260927T195559Z-4fb3,8e15dabf21369ba5,716354,delta-omp,cpu,resident,s0,76,0,0,0,1,warm,24,1,12,154.392339,0,2.187386,0,152.20441,0,0,,3502,16261,0,0,16261,1152243,18477716,0,fbbebe35a9b45729,,0,2.23
20260927T195559Z-4fb3,8e15dabf21369ba5,754603,delta-omp,cpu,resident,s0,77,0,0,0,1,warm,24,1,12,153.859709,0,2.205848,0,151.653163,0,0,,3504,16314,0,0,16314,1152113,18473188,0,145b21b9140aab92,,0,2.23
20260927T195559Z-4fb3,8e15dabf21369ba5,277866,delta-omp,cpu,resident,s0,78,0,0,0,1,warm,24,1,12,153.871161,0,2.205161,0,151.665633,0,0,,3502,16325,0,0,16325,1152329,18478498,0,9257702a5149c8f3,,0,2.23
20260927T195559Z-4fb3,8e15dabf21369ba5,917702,delta-omp,cpu,resident,s0,79,0,0,0,1,warm,24,1,12,154.079635,0,2.275249,0,151.803862,0,0,,3501,16303,0,0,16303,1152121,18472020,0,3e0b7636e3a7e06f,,0,2.23
20260927T195559Z-4fb3,8e15dabf21369ba5,474965,delta-omp,cpu,resident,s0,80,0,0,0,1,warm,24,1,12,154.359846,0,2.18689,0,152.17252,0,0,,3504,16310,0,0,16310,1152138,18473482,0,06e80998b455105b,,0,2.23
20260927T195559Z-4fb3,8e15dabf21369ba5,531108,delta-omp,cpu,resident,s0,81,0,0,0,1,warm,24,1,12,154.534219,0,2.222687,0,152.311109,0,0,,3502,16266,0,0,16266,1152270,18478228,0,171015491b0d386f,,0,2.23
20260927T195559Z-4fb3,8e15dabf21369ba5,137455,delta-omp,cpu,resident,s0,82,0,0,0,1,warm,24,1,12,154.403833,0,2.188421,0,152.214982,0,0,,3501,16302,0,0,16302,1152108,18473410,0,b759282a0ff5deb9,,0,2.23
20260927T195559Z-4fb3,8e15dabf21369ba5,171687,delta-omp,cpu,resident,s0,83,0,0,0,1,warm,24,1,12,155.140639,0,2.168952,0,152.971248,0,0,,3503,16295,0,0,16295,1151330,18460860,0,7039a73e5109e62e,,0,2.23
20260927T195559Z-4fb3,8e15dabf21369ba5,929989,delta-omp,cpu,resident,s0,84,0,0,0,1,warm,24,1,12,155.632413,0,2.328267,0,153.303533,0,0,,3503,16302,0,0,16302,1152263,18474402,0,2c7821b5fc99b21d,,0,2.23
20260927T195559Z-4fb3,8e15dabf21369ba5,239618,delta-omp,cpu,resident,s0,85,0,0,0,1,warm,24,1,12,153.958773,0,2.185496,0,151.772766,0,0,,3504,16306,0,0,16306,1151372,18461334,0,e0ca554f6bc5af38,,0,2.23
20260927T195559Z-4fb3,8e15dabf21369ba5,888073,delta-omp,cpu,resident,s0,86,0,0,0,1,warm,24,1,12,154.498409,0,2.236375,0,152.261409,0,0,,3503,16306,0,0,16306,1152239,18474040,0,502345b01d88cc39,,0,2.23
20260927T195559Z-4fb3,8e15dabf21369ba5,423524,delta-omp,cpu,resident,s0,87,0,0,0,1,warm,24,1,12,154.977853,0,2.221448,0,152.755967,0,0,,3501,16290,0,0,16290,1151359,18461328,0,bbb57c9a21f0b553,,0,2.23
20260927T195559Z-4fb3,8e15dabf21369ba5,51368,delta-omp,cpu,resident,s0,88,0,0,0,1,warm,24,1,12,154.395196,0,2.205208,0,152.189576,0,0,,3502,16288,0,0,16288,1151807,18467858,0,a973095120b9cf0d,,0,2.23
20260927T195559Z-4fb3,8e15dabf21369ba5,166757,delta-omp,cpu,resident,s0,89,0,0,0,1,warm,24,1,12,154.12539,0,2.234749,0,151.890125,0,0,,3501,16311,0,0,16311,1152232,18476700,0,40bd2deb1c943f0d,,0,2.23
20260927T195559Z-4fb3,8e15dabf21369ba5,319756,delta-omp,cpu,resident,s0,90,0,0,0,1,warm,24,1,12,153.99213,0,2.204636,0,151.787106,0,0,,3502,16294,0,0,16294,1152013,18473382,0,750c2ee6c0ce55b8,,0,2.23
20260927T195559Z-4fb3,8e15dabf21369ba5,893116,delta-omp,cpu,resident,s0,91,0,0,0,1,warm,24,1,12,154.306517,0,2.194407,0,152.11177,0,0,,3503,16317,0,0,16317,1152169,18475576,0,c244bbf931a9ff66,,0,2.23
20260927T195559Z-4fb3,8e15dabf21369ba5,278999,delta-omp,cpu,resident,s0,92,0,0,0,1,warm,24,1,12,153.960489,0,2.195781,0,151.76416,0,0,,3503,16300,0,0,16300,1152011,18473378,0,00480761c37b434d,,0,2.23
20260927T195559Z-4fb3,8e15dabf21369ba5,172699,delta-omp,cpu,resident,s0,93,0,0,0,1,warm,24,1,12,154.375796,0,2.220991,0,152.154409,0,0,,3504,16313,0,0,16313,1152211,18476302,0,355c1585721248e1,,0,2.23
20260927T195559Z-4fb3,8e15dabf21369ba5,720346,delta-omp,cpu,resident,s0,94,0,0,0,1,warm,24,1,12,155.146182,0,2.240952,0,152.904607,0,0,,3501,16325,0,0,16325,1152223,18475964,0,b6321497e33b2b9d,,0,2.23
20260927T195559Z-4fb3,8e15dabf21369ba5,417697,delta-omp,cpu,resident,s0,95,0,0,0,1,warm,24,1,12,154.776413,0,2.339337,0,152.436578,0,0,,3505,16319,0,0,16319,1152231,18476722,0,0a1339e166047fdc,,0,2.23
20260927T195559Z-4fb3,8e15dabf21369ba5,768200,delta-omp,cpu,resident,s0,96,0,0,0,1,warm,24,1,12,156.37149,0,2.225253,0,154.145637,0,0,,3502,16301,0,0,16301,1152306,18475290,0,7b26b07a5cc20a22,,0,2.23
20260927T195559Z-4fb3,8e15dabf21369ba5,896444,delta-omp,cpu,resident,s0,97,0,0,0,1,warm,24,1,12,154.447053,0,2.380562,0,152.066067,0,0,,3504,16316,0,0,16316,1152153,18472742,0,eb5a677675b88b2f,,0,2.23
20260927T195559Z-4fb3,8e15dabf21369ba5,87619,delta-omp,cpu,resident,s0,98,0,0,0,1,warm,24,1,12,154.427578,0,2.224602,0,152.202433,0,0,,3505,16305,0,0,16305,1152246,18474224,0,5200e13c6c0b71d2,,0,2.23
20260927T195559Z-4fb3,8e15dabf21369ba5,521404,delta-omp,cpu,resident,s0,99,0,0,0,1,warm,24,1,12,154.52394,0,2.211177,0,152.312249,0,0,,3503,16294,0,0,16294,1152015,18473352,0,103851ab84166de3,,0,2.23
20260927T195559Z-4fb3,8e15dabf21369ba5,530513,delta-omp,cpu,resident,s0,100,0,0,0,1,warm,24,1,12,154.622943,0,2.21883,0,152.403464,0,0,,3502,16306,0,0,16306,1152135,18473862,0,552da161d8a41475,,0,2.23
20260927T195559Z-4fb3,8e15dabf21369ba5,10624,delta-omp,cpu,resident,s0,101,0,0,0,1,warm,24,1,12,154.934018,0,2.221261,0,152.712293,0,0,,3502,16241,0,0,16241,1152207,18477288,0,bdf1e4235b2c5d71,,0,2.23
20260927T195559Z-4fb3,8e15dabf21369ba5,771433,delta-omp,cpu,resident,s0,102,0,0,0,1,warm,24,1,12,154.751262,0,2.200938,0,152.549945,0,0,,3503,16312,0,0,16312,1152189,18475930,0,ad3bbc64b326e2ec,,0,2.23
20260927T195559Z-4fb3,8e15dabf21369ba5,124155,delta-omp,cpu,resident,s0,103,0,0,0,1,warm,24,1,12,154.48638,0,2.238493,0,152.247442,0,0,,3502,16294,0,0,16294,1152039,18473710,0,50970e53e745be2f,,0,2.23
20260927T195559Z-4fb3,8e15dabf21369ba5,870629,delta-omp,cpu,resident,s0,104,0,0,0,1,warm,24,1,12,154.465742,0,2.216209,0,152.249086,0,0,,3501,16287,0,0,16287,1151330,18460820,0,e81bad72cb10adbb,,0,2.23
20260927T195559Z-4fb3,8e15dabf21369ba5,496824,delta-omp,cpu,resident,s0,105,0,0,0,1,warm,24,1,12,154.344613,0,2.181654,0,152.162646,0,0,,3501,16264,0,0,16264,1152283,18478558,0,6c8ac37e578005a3,,0,2.23
20260927T195559Z-4fb3,8e15dabf21369ba5,880012,delta-omp,cpu,resident,s0,106,0,0,0,1,warm,24,1,12,154.135046,0,2.252126,0,151.882505,0,0,,3503,16281,0,0,16281,1151988,18470312,0,8ccba16252198116,,0,2.13
20260927T195559Z-4fb3,8e15dabf21369ba5,663000,delta-omp,cpu,resident,s0,107,0,0,0,1,warm,24,1,12,154.298511,0,2.24103,0,152.056993,0,0,,3503,16295,0,0,16295,1151839,18468532,0,902cf10109055e10,,0,2.13
20260927T195559Z-4fb3,8e15dabf21369ba5,1043132,delta-omp,cpu,resident,s0,108,0,0,0,1,warm,24,1,12,154.667508,0,2.215546,0,152.451625,0,0,,3503,16312,0,0,16312,1152063,18472498,0,66a901d1343276af,,0,2.13
20260927T195559Z-4fb3,8e15dabf21369ba5,605213,delta-omp,cpu,resident,s0,109,0,0,0,1,warm,24,1,12,154.914295,0,2.213314,0,152.700196,0,0,,3503,16317,0,0,16317,1152218,18476592,0,82779a3371e6f2cd,,0,2.13
20260927T195559Z-4fb3,8e15dabf21369ba5,866643,delta-omp,cpu,resident,s0,110,0,0,0,1,warm,24,1,12,155.410357,0,2.673536,0,152.736327,0,0,,3501,16325,0,0,16325,1152344,18478860,0,00b32b95442d06d1,,0,2.13
20260927T195559Z-4fb3,8e15dabf21369ba5,584213,delta-omp,cpu,resident,s0,111,0,0,0,1,warm,24,1,12,155.112087,0,2.214154,0,152.897298,0,0,,3504,16293,0,0,16293,1151828,18468190,0,7416ed67c950f20f,,0,2.13
20260927T195559Z-4fb3,8e15dabf21369ba5,618833,delta-omp,cpu,resident,s0,112,0,0,0,1,warm,24,1,12,154.206479,0,2.208364,0,151.997685,0,0,,3505,16305,0,0,16305,1152314,18475430,0,59446c1b822407d2,,0,2.13
20260927T195559Z-4fb3,8e15dabf21369ba5,688407,delta-omp,cpu,resident,s0,113,0,0,0,1,warm,24,1,12,154.213578,0,2.193037,0,152.019968,0,0,,3503,16317,0,0,16317,1152234,18476720,0,80b32c641fa4052f,,0,2.13
20260927T195559Z-4fb3,8e15dabf21369ba5,66042,delta-omp,cpu,resident,s0,114,0,0,0,1,warm,24,1,12,153.824676,0,2.233433,0,151.590825,0,0,,3504,16313,0,0,16313,1152090,18471808,0,28e9bc0fd5874b1d,,0,2.13
20260927T195559Z-4fb3,8e15dabf21369ba5,793602,delta-omp,cpu,resident,s0,115,0,0,0,1,warm,24,1,12,155.287673,0,2.263438,0,153.023591,0,0,,3502,16282,0,0,16282,1151953,18469640,0,2c7cac84c0f043b2,,0,2.13
20260927T195559Z-4fb3,8e15dabf21369ba5,561707,delta-omp,cpu,resident,s0,116,0,0,0,1,warm,24,1,12,154.449973,0,2.246212,0,152.2031,0,0,,3503,16308,0,0,16308,1152135,18472566,0,78de0e16ea4fde1f,,0,2.13
20260927T195559Z-4fb3,8e15dabf21369ba5,692599,delta-omp,cpu,resident,s0,117,0,0,0,1,warm,24,1,12,154.369627,0,2.210128,0,152.158959,0,0,,3503,16297,0,0,16297,1152324,18475232,0,08fba6af4af64866,,0,2.13
20260927T195559Z-4fb3,8e15dabf21369ba5,814798,delta-omp,cpu,resident,s0,118,0,0,0,1,warm,24,1,12,154.366316,0,2.207867,0,152.158032,0,0,,3503,16301,0,0,16301,1152279,18474612,0,e5f8753d02ce6cf0,,0,2.13
20260927T195559Z-4fb3,8e15dabf21369ba5,432532,delta-omp,cpu,resident,s0,119,0,0,0,1,warm,24,1,12,153.998386,0,2.157037,0,151.841043,0,0,,3505,16305,0,0,16305,1152289,18474904,0,146303230195b596,,0,2.13
20260927T195559Z-4fb3,8e15dabf21369ba5,511103,delta-omp,cpu,resident,s0,120,0,0,0,1,warm,24,1,12,154.228731,0,2.189358,0,152.038851,0,0,,3504,16313,0,0,16313,1152059,18471124,0,5b6f9268a090014b,,0,2.13
20260927T195559Z-4fb3,8e15dabf21369ba5,827115,delta-omp,cpu,resident,s0,121,0,0,0,1,warm,24,1,12,154.663022,0,2.213365,0,152.44918,0,0,,3502,16237,0,0,16237,1152183,18477142,0,c2ef225c7d1b6cf1,,0,2.13
20260927T195559Z-4fb3,8e15dabf21369ba5,816247,delta-omp,cpu,resident,s0,122,0,0,0,1,warm,24,1,12,155.143715,0,2.186262,0,152.95679,0,0,,3501,16325,0,0,16325,1152119,18473824,0,53b5c4c422a03130,,0,2.13
20260927T195559Z-4fb3,8e15dabf21369ba5,653088,delta-omp,cpu,resident,s0,123,0,0,0,1,warm,24,1,12,156.173256,0,2.332361,0,153.840464,0,0,,3503,16313,0,0,16313,1152118,18472174,0,c3d6e7835680af1d,,0,2.13
20260927T195559Z-4fb3,8e15dabf21369ba5,5503,delta-omp,cpu,resident,s0,124,0,0,0,1,warm,24,1,12,154.240258,0,2.195592,0,152.044105,0,0,,3504,16318,0,0,16318,1152085,18471632,0,7f946bb6b5cc0269,,0,2.13
20260927T195559Z-4fb3,8e15dabf21369ba5,320284,delta-omp,cpu,resident,s0,125,0,0,0,1,warm,24,1,12,154.242529,0,2.233905,0,152.007998,0,0,,3501,16284,0,0,16284,1152014,18473486,0,0fae1bee80d60ba0,,0,2.13
20260927T195559Z-4fb3,8e15dabf21369ba5,909227,delta-omp,cpu,resident,s0,126,0,0,0,1,warm,24,1,12,154.167121,0,2.231848,0,151.934766,0,0,,3505,16320,0,0,16320,1152235,18476842,0,e28d5b4774195c35,,0,2.13
20260927T195559Z-4fb3,8e15dabf21369ba5,116150,delta-omp,cpu,resident,s0,127,0,0,0,1,warm,24,1,12,154.834613,0,2.238955,0,152.595141,0,0.000167,,3504,16317,0,0,16317,1152126,18473622,0,0d649a1cfc009d11,,0,2.13
20260927T195559Z-4fb3,8e15dabf21369ba5,869618,gpu-frontier,gpu,resident,s0,0,0,0,0,2,warm,0,1,0,180.315114,0,0.280237,4.30323219,175.210724,0.496724,0,,4587,4587,4587,0,0,117015128,935548651,0,751532ac148dc9b8,2511.64134,0,2.13
20260927T195559Z-4fb3,8e15dabf21369ba5,971814,gpu-frontier,gpu,resident,s0,1,0,0,0,2,warm,0,1,0,176.065865,0,0,0,175.498169,0.551931,0,,4589,4589,4589,0,0,118062591,943927207,0,9518212de198ffff,2511.40084,0,2.13
20260927T195559Z-4fb3,8e15dabf21369ba5,31242,gpu-frontier,gpu,resident,s0,2,0,0,0,2,warm,0,1,0,165.049995,0,0,0,164.538269,0.49602,0,,4589,4589,4589,0,0,118088063,944130878,0,f05350b1e5a33e24,2514.20737,0,2.13
20260927T195559Z-4fb3,8e15dabf21369ba5,465080,gpu-frontier,gpu,resident,s0,3,0,0,0,2,warm,0,1,0,166.904779,0,0,0,166.390656,0.499759,0,,4587,4587,4587,0,0,117016924,935562866,0,8e8e4c91e128ce0a,2511.16068,0,2.13
20260927T195559Z-4fb3,8e15dabf21369ba5,490397,gpu-frontier,gpu,resident,s0,4,0,0,0,2,warm,0,1,0,167.88408,0,0,0,167.365082,0.502355,0,,4589,4589,4589,0,0,118061546,943918699,0,9f12266aba714d52,2511.96159,0,2.13
20260927T195559Z-4fb3,8e15dabf21369ba5,76089,gpu-frontier,gpu,resident,s0,5,0,0,0,2,warm,0,1,0,166.91853,0,0,0,166.417404,0.485424,0,,4591,4591,4591,0,0,119114185,952338460,0,d20d780cb45c7881,2513.32465,0,2.13
20260927T195559Z-4fb3,8e15dabf21369ba5,278740,gpu-frontier,gpu,resident,s0,6,0,0,0,2,warm,0,1,0,166.106591,0,0,0,165.530106,0.559965,0,,4591,4591,4591,0,0,119103401,952252120,0,fff3e1dae5373eae,2513.72573,0,2.13
20260927T195559Z-4fb3,8e15dabf21369ba5,503399,gpu-frontier,gpu,resident,s0,7,0,0,0,2,warm,0,1,0,164.557686,0,0,0,163.990723,0.548428,0,,4589,4589,4589,0,0,118058225,943891826,0,2ee85e090f01e3ca,2511.16068,0,2.13
20260927T195559Z-4fb3,8e15dabf21369ba5,221519,gpu-frontier,gpu,resident,s0,8,0,0,0,2,warm,0,1,0,165.829208,0,0,0,165.283844,0.531695,0,,4591,4591,4591,0,0,119112238,952323050,0,343c1c55f34d0873,2513.72573,0,2.13
20260927T195559Z-4fb3,8e15dabf21369ba5,335280,gpu-frontier,gpu,resident,s0,9,0,0,0,2,warm,0,1,0,164.472086,0,0,0,163.950592,0.507993,0,,4587,4587,4587,0,0,117017146,935564526,0,2b6a31403bc4bf79,2513.72573,0,2.04
20260927T195559Z-4fb3,8e15dabf21369ba5,506979,gpu-frontier,gpu,resident,s0,10,0,0,0,2,warm,0,1,0,168.602074,0,0,0,168.094559,0.491144,0,,4589,4589,4589,0,0,118057197,943884102,0,a3371bc10f34b12d,2514.0468,0,2.04
20260927T195559Z-4fb3,8e15dabf21369ba5,312158,gpu-frontier,gpu,resident,s0,11,0,0,0,2,warm,0,1,0,168.13021,0,0,0,167.581573,0.528892,0,,4591,4591,4591,0,0,119106901,952280538,0,c08049994f6005a4,2511.72132,0,2.04
20260927T195559Z-4fb3,8e15dabf21369ba5,832027,gpu-frontier,gpu,resident,s0,12,0,0,0,2,warm,0,1,0,166.753836,0,0,0,166.181274,0.557117,0,,4591,4591,4591,0,0,119124224,952419110,0,41f33decba27f8bc,2513.72573,0,2.04
20260927T195559Z-4fb3,8e15dabf21369ba5,86626,gpu-frontier,gpu,resident,s0,13,0,0,0,2,warm,0,1,0,164.427476,0,0,0,163.841217,0.570996,0,,4587,4587,4587,0,0,117017984,935571958,0,07c2e89a1c495cef,2513.72573,0,2.04
20260927T195559Z-4fb3,8e15dabf21369ba5,893373,gpu-frontier,gpu,resident,s0,14,0,0,0,2,warm,0,1,0,164.531746,0,0,0,163.968445,0.54811,0,,4587,4587,4587,0,0,117015506,935551749,0,e7c677fd68b64919,2514.20737,0,2.04
20260927T195559Z-4fb3,8e15dabf21369ba5,382778,gpu-frontier,gpu,resident,s0,15,0,0,0,2,warm,0,1,0,165.113295,0,0,0,164.572189,0.527208,0,,4589,4589,4589,0,0,118059823,943905120,0,54586fc58d6eb62a,2513.72573,0,2.04
20260927T195559Z-4fb3,8e15dabf21369ba5,941579,gpu-frontier,gpu,resident,s0,16,0,0,0,2,warm,0,1,0,164.180359,0,0,0,163.661606,0.504045,0,,4587,4587,4587,0,0,117026237,935637862,0,fa4caab918588767,2512.04188,0,2.04
20260927T195559Z-4fb3,8e15dabf21369ba5,866763,gpu-frontier,gpu,resident,s0,17,0,0,0,2,warm,0,1,0,169.736128,0,0,0,169.221115,0.500236,0,,4591,4591,4591,0,0,119038283,951732142,0,fd28e53cbc45c9c2,2511.96159,0,2.04
20260927T195559Z-4fb3,8e15dabf21369ba5,963938,gpu-frontier,gpu,resident,s0,18,0,0,0,2,warm,0,1,0,168.431042,0,0,0,167.867111,0.548462,0,,4591,4591,4591,0,0,119106742,952279421,0,facd783cc4a64e59,2513.64562,0,2.04
20260927T195559Z-4fb3,8e15dabf21369ba5,600082,gpu-frontier,gpu,resident,s0,19,0,0,0,2,warm,0,1,0,166.827921,0,0,0,166.274139,0.539075,0,,4591,4591,4591,0,0,119100743,952231237,0,3b83e701139a037f,2513.72573,0,2.04
20260927T195559Z-4fb3,8e15dabf21369ba5,533035,gpu-frontier,gpu,resident,s0,20,0,0,0,2,warm,0,1,0,166.120109,0,0,0,165.604324,0.501805,0,,4591,4591,4591,0,0,119092463,952164894,0,b6d4affba2be94b4,2513.88626,0,2.04
20260927T195559Z-4fb3,8e15dabf21369ba5,464239,gpu-frontier,gpu,resident,s0,21,0,0,0,2,warm,0,1,0,165.925531,0,0,0,165.422882,0.487842,0,,4591,4591,4591,0,0,119061669,951918930,0,477b960c0d88bea5,2513.72573,0,2.04
20260927T195559Z-4fb3,8e15dabf21369ba5,738023,gpu-frontier,gpu,resident,s0,22,0,0,0,2,warm,0,1,0,166.784661,0,0,0,166.299622,0.470071,0,,4593,4593,4593,0,0,120101329,960234774,0,a5750b7e04034b8b,2513.72573,0,2.04
20260927T195559Z-4fb3,8e15dabf21369ba5,256371,gpu-frontier,gpu,resident,s0,23,0,0,0,2,warm,0,1,0,166.051529,0,0,0,165.557312,0.479223,0,,4591,4591,4591,0,0,119099481,952220947,0,d3f0f164749d3139,2511.32088,0,2.04
20260927T195559Z-4fb3,8e15dabf21369ba5,426064,gpu-frontier,gpu,resident,s0,24,0,0,0,2,warm,0,1,0,166.201838,0,0,0,165.706787,0.480565,0,,4587,4587,4587,0,0,117017358,935566553,0,04322492b4dffba5,2513.72573,0,2.04
20260927T195559Z-4fb3,8e15dabf21369ba5,89702,gpu-frontier,gpu,resident,s0,25,0,0,0,2,warm,0,1,0,167.680564,0,0,0,167.088409,0.576052,0,,4587,4587,4587,0,0,117016646,935560545,0,764657ec09a11926,2513.72573,0,2.04
20260927T195559Z-4fb3,8e15dabf21369ba5,919406,gpu-frontier,gpu,resident,s0,26,0,0,0,2,warm,0,1,0,165.135901,0,0,0,164.616089,0.504382,0,,4587,4587,4587,0,0,117016158,935556411,0,364c5c2507bb3016,2511.88159,0,2.04
20260927T195559Z-4fb3,8e15dabf21369ba5,202818,gpu-frontier,gpu,resident,s0,27,0,0,0,2,warm,0,1,0,165.898491,0,0,0,165.395432,0.487302,0,,4591,4591,4591,0,0,119092822,952167830,0,a0ee314844dc764d,2511.16068,0,2.04
20260927T195559Z-4fb3,8e15dabf21369ba5,302043,gpu-frontier,gpu,resident,s0,28,0,0,0,2,warm,0,1,0,165.199393,0,0,0,164.695206,0.489495,0,,4589,4589,4589,0,0,118059954,943906101,0,2bf716e742937517,2513.72573,0,2.04
20260927T195559Z-4fb3,8e15dabf21369ba5,508062,gpu-frontier,gpu,resident,s0,29,0,0,0,2,warm,0,1,0,165.17051,0,0,0,164.663101,0.492446,0,,4589,4589,4589,0,0,118063919,943937477,0,e984b929b9ff66e8,2513.08413,0,2.04
20260927T195559Z-4fb3,8e15dabf21369ba5,189131,gpu-frontier,gpu,resident,s0,30,0,0,0,2,warm,0,1,0,164.351777,0,0,0,163.763519,0.572034,0,,4587,4587,4587,0,0,117015049,935547800,0,d54b22444535f3de,2513.80584,0,2.04
20260927T195559Z-4fb3,8e15dabf21369ba5,943487,gpu-frontier,gpu,resident,s0,31,0,0,0,2,warm,0,1,0,168.070084,0,0,0,167.498077,0.554634,0,,4587,4587,4587,0,0,117032613,935688474,0,5440a6241f47a317,2513.72573,0,2.04
20260927T195559Z-4fb3,8e15dabf21369ba5,535623,gpu-frontier,gpu,resident,s0,32,0,0,0,2,warm,0,1,0,169.112534,0,0,0,168.599396,0.4995,0,,4589,4589,4589,0,0,118079034,944058101,0,5bc57243d9998434,2513.72573,0,2.04
20260927T195559Z-4fb3,8e15dabf21369ba5,650980,gpu-frontier,gpu,resident,s0,33,0,0,0,2,warm,0,1,0,167.026256,0,0,0,166.52887,0.482534,0,,4591,4591,4591,0,0,119097965,952209134,0,44b0659cf515f1ff,2511.88159,0,2.04
20260927T195559Z-4fb3,8e15dabf21369ba5,884988,gpu-frontier,gpu,resident,s0,34,0,0,0,2,warm,0,1,0,165.370353,0,0,0,164.870148,0.484799,0,,4589,4589,4589,0,0,118058713,943895965,0,c51d5c97d41aca0d,2514.12694,0,2.04
20260927T195559Z-4fb3,8e15dabf21369ba5,316027,gpu-frontier,gpu,resident,s0,35,0,0,0,2,warm,0,1,0,165.104234,0,0,0,164.610016,0.479717,0,,4589,4589,4589,0,0,118061750,943920270,0,614a5d716fbb4de0,2513.72573,0,2.04
20260927T195559Z-4fb3,8e15dabf21369ba5,800397,gpu-frontier,gpu,resident,s0,36,0,0,0,2,warm,0,1,0,166.019375,0,0,0,165.52742,0.477556,0,,4591,4591,4591,0,0,119046670,951798817,0,319a99c467252119,2513.88626,0,2.04
20260927T195559Z-4fb3,8e15dabf21369ba5,492565,gpu-frontier,gpu,resident,s0,37,0,0,0,2,warm,0,1,0,166.064016,0,0,0,165.514175,0.533334,0,,4591,4591,4591,0,0,119103538,952253420,0,a27338b58021c9c4,2512.04188,0,2.04
20260927T195559Z-4fb3,8e15dabf21369ba5,826100,gpu-frontier,gpu,resident,s0,38,0,0,0,2,warm,0,1,0,166.171033,0,0,0,165.649277,0.507016,0,,4587,4587,4587,0,0,117029315,935661808,0,b08422e22cabd03d,2512.04188,0,2.04
20260927T195559Z-4fb3,8e15dabf21369ba5,445492,gpu-frontier,gpu,resident,s0,39,0,0,0,2,warm,0,1,0,169.37358,0,0,0,168.863586,0.494906,0,,4591,4591,4591,0,0,119103035,952249258,0,b4e1be62146d06cc,2511.40084,0,1.96
20260927T195559Z-4fb3,8e15dabf21369ba5,903723,gpu-frontier,gpu,resident,s0,40,0,0,0,2,warm,0,1,0,166.625259,0,0,0,166.105209,0.506116,0,,4591,4591,4591,0,0,118520114,947586593,0,9d9bedeac11b3e4f,2513.72573,0,1.96
20260927T195559Z-4fb3,8e15dabf21369ba5,600641,gpu-frontier,gpu,resident,s0,41,0,0,0,2,warm,0,1,0,166.03133,0,0,0,165.517349,0.499499,0,,4591,4591,4591,0,0,119093403,952172215,0,78189fe7f02b1486,2511.24093,0,1.96
20260927T195559Z-4fb3,8e15dabf21369ba5,850506,gpu-frontier,gpu,resident,s0,42,0,0,0,2,warm,0,1,0,163.977069,0,0,0,163.403961,0.557439,0,,4587,4587,4587,0,0,117017853,935570077,0,ed62f5d27cde2ad5,2513.72573,0,1.96
20260927T195559Z-4fb3,8e15dabf21369ba5,92777,gpu-frontier,gpu,resident,s0,43,0,0,0,2,warm,0,1,0,165.425619,0,0,0,164.794876,0.614798,0,,4589,4589,4589,0,0,118061154,943915834,0,6eb915ca468c34f5,2513.72573,0,1.96
20260927T195559Z-4fb3,8e15dabf21369ba5,189000,gpu-frontier,gpu,resident,s0,44,0,0,0,2,warm,0,1,0,165.153456,0,0,0,164.632416,0.505964,0,,4589,4589,4589,0,0,118065191,943947714,0,606df2d20b2c3393,2511.8016,0,1.96
20260927T195559Z-4fb3,8e15dabf21369ba5,694683,gpu-frontier,gpu,resident,s0,45,0,0,0,2,warm,0,1,0,169.641187,0,0,0,169.126785,0.499189,0,,4591,4591,4591,0,0,119102956,952249040,0,ccd5845cf199bcf0,2511.24093,0,1.96
20260927T195559Z-4fb3,8e15dabf21369ba5,544619,gpu-frontier,gpu,resident,s0,46,0,0,0,2,warm,0,1,0,167.266379,0,0,0,166.756638,0.493129,0,,4589,4589,4589,0,0,118073467,944013541,0,9e88a07e9d04a649,2513.72573,0,1.96
20260927T195559Z-4fb3,8e15dabf21369ba5,873060,gpu-frontier,gpu,resident,s0,47,0,0,0,2,warm,0,1,0,165.537928,0,0,0,165.038116,0.484177,0,,4589,4589,4589,0,0,118063959,943938054,0,5ac56126a7b1a8b0,2511.40084,0,1.96
20260927T195559Z-4fb3,8e15dabf21369ba5,172909,gpu-frontier,gpu,resident,s0,48,0,0,0,2,warm,0,1,0,164.341113,0,0,0,163.847076,0.478036,0,,4587,4587,4587,0,0,117032500,935687487,0,97f57edc044087f0,2513.72573,0,1.96
20260927T195559Z-4fb3,8e15dabf21369ba5,120718,gpu-frontier,gpu,resident,s0,49,0,0,0,2,warm,0,1,0,165.272147,0,0,0,164.733734,0.522176,0,,4589,4589,4589,0,0,118059408,943901816,0,0cff41f9bbdddb77,2513.72573,0,1.96
20260927T195559Z-4fb3,8e15dabf21369ba5,234554,gpu-frontier,gpu,resident,s0,50,0,0,0,2,warm,0,1,0,164.192828,0,0,0,163.672867,0.505115,0,,4587,4587,4587,0,0,117017671,935568781,0,a949a776d47d46f5,2511.8016,0,1.96
20260927T195559Z-4fb3,8e15dabf21369ba5,570105,gpu-frontier,gpu,resident,s0,51,0,0,0,2,warm,0,1,0,165.172097,0,0,0,164.680542,0.476827,0,,4589,4589,4589,0,0,118066809,943960837,0,e17c623e2d4b508f,2511.4811,0,1.96
20260927T195559Z-4fb3,8e15dabf21369ba5,842479,gpu-frontier,gpu,resident,s0,52,0,0,0,2,warm,0,1,0,168.675854,0,0,0,168.178589,0.481202,0,,4589,4589,4589,0,0,118061326,943917203,0,a258a2586ac5bf2e,2513.24427,0,1.96
20260927T195559Z-4fb3,8e15dabf21369ba5,348456,gpu-frontier,gpu,resident,s0,53,0,0,0,2,warm,0,1,0,168.13764,0,0,0,167.634781,0.487102,0,,4591,4591,4591,0,0,119113138,952330295,0,105f5d597adb8c32,2513.72573,0,1.96
20260927T195559Z-4fb3,8e15dabf21369ba5,831953,gpu-frontier,gpu,resident,s0,54,0,0,0,2,warm,0,1,0,166.778269,0,0,0,166.204636,0.556937,0,,4591,4591,4591,0,0,119128077,952449510,0,3ec23a9d53716ee1,2513.72573,0,1.96
20260927T195559Z-4fb3,8e15dabf21369ba5,409707,gpu-frontier,gpu,resident,s0,55,0,0,0,2,warm,0,1,0,164.357437,0,0,0,163.806213,0.536947,0,,4587,4587,4587,0,0,117017172,935564891,0,9d187bf0003e16e5,2512.84335,0,1.96
20260927T195559Z-4fb3,8e15dabf21369ba5,459557,gpu-frontier,gpu,resident,s0,56,0,0,0,2,warm,0,1,0,165.102515,0,0,0,164.584381,0.502855,0,,4589,4589,4589,0,0,118212870,945128552,0,5b054ae094967981,2513.72573,0,1.96
20260927T195559Z-4fb3,8e15dabf21369ba5,472668,gpu-frontier,gpu,resident,s0,57,0,0,0,2,warm,0,1,0,164.391382,0,0,0,163.874649,0.501426,0,,4587,4587,4587,0,0,117018836,935578656,0,623072bf4512656e,2513.72573,0,1.96
20260927T195559Z-4fb3,8e15dabf21369ba5,240184,gpu-frontier,gpu,resident,s0,58,0,0,0,2,warm,0,1,0,165.146082,0,0,0,164.643707,0.48722,0,,4589,4589,4589,0,0,118069024,943978187,0,4bb21d890c0e5ab7,2513.80584,0,1.96
20260927T195559Z-4fb3,8e15dabf21369ba5,258439,gpu-frontier,gpu,resident,s0,59,0,0,0,2,warm,0,1,0,167.684311,0,0,0,167.175034,0.494166,0,,4587,4587,4587,0,0,117017949,935571075,0,253070116044b281,2513.72573,0,1.96
20260927T195559Z-4fb3,8e15dabf21369ba5,767648,gpu-frontier,gpu,resident,s0,60,0,0,0,2,warm,0,1,0,167.202042,0,0,0,166.717636,0.469131,0,,4589,4589,4589,0,0,118061667,943919665,0,11e2d9c9d7746df3,2513.72573,0,1.96
20260927T195559Z-4fb3,8e15dabf21369ba5,826214,gpu-frontier,gpu,resident,s0,61,0,0,0,2,warm,0,1,0,166.783549,0,0,0,166.287231,0.481555,0,,4591,4591,4591,0,0,119092759,952167096,0,e8360d647c14ee57,2513.72573,0,1.96
20260927T195559Z-4fb3,8e15dabf21369ba5,216317,gpu-frontier,gpu,resident,s0,62,0,0,0,2,warm,0,1,0,164.741387,0,0,0,164.199295,0.525906,0,,4587,4587,4587,0,0,117016433,935559124,0,2e4ccbb54ddf2979,2513.1642,0,1.96
20260927T195559Z-4fb3,8e15dabf21369ba5,834085,gpu-frontier,gpu,resident,s0,63,0,0,0,2,warm,0,1,0,165.139566,0,0,0,164.619461,0.501683,0,,4589,4589,4589,0,0,118062779,943928384,0,f1b88b3d09c22e23,2513.72573,0,1.96
20260927T195559Z-4fb3,8e15dabf21369ba5,37297,gpu-frontier,gpu,resident,s0,64,0,0,0,2,warm,0,1,0,165.276013,0,0,0,164.763931,0.496616,0,,4589,4589,4589,0,0,118062208,943924028,0,14dac6e8a16de2b4,2514.12694,0,1.96
20260927T195559Z-4fb3,8e15dabf21369ba5,297916,gpu-frontier,gpu,resident,s0,65,0,0,0,2,warm,0,1,0,165.336518,0,0,0,164.787994,0.532039,0,,4589,4589,4589,0,0,118060257,943908431,0,b8bff2a107af7329,2513.24427,0,1.96
20260927T195559Z-4fb3,8e15dabf21369ba5,73513,gpu-frontier,gpu,resident,s0,66,0,0,0,2,warm,0,1,0,168.557149,0,0,0,167.983398,0.551816,0,,4587,4587,4587,0,0,117016943,935562975,0,69a87962490b5411,2513.64562,0,1.96
20260927T195559Z-4fb3,8e15dabf21369ba5,315923,gpu-frontier,gpu,resident,s0,67,0,0,0,2,warm,0,1,0,167.041809,0,0,0,166.519684,0.507192,0,,4589,4589,4589,0,0,118060402,943909656,0,bf8b5a087b29f78e,2511.24093,0,1.96
20260927T195559Z-4fb3,8e15dabf21369ba5,1029927,gpu-frontier,gpu,resident,s0,68,0,0,0,2,warm,0,1,0,167.037564,0,0,0,166.511429,0.512043,0,,4591,4591,4591,0,0,119103687,952254590,0,c51fac7401e252bb,2513.72573,0,1.88
20260927T195559Z-4fb3,8e15dabf21369ba5,253516,gpu-frontier,gpu,resident,s0,69,0,0,0,2,warm,0,1,0,165.284601,0,0,0,164.754181,0.516971,0,,4589,4589,4589,0,0,118079187,944059235,0,a8be3ff576a67aaf,2511.40084,0,1.88
20260927T195559Z-4fb3,8e15dabf21369ba5,843761,gpu-frontier,gpu,resident,s0,70,0,0,0,2,warm,0,1,0,165.381843,0,0,0,164.88327,0.483548,0,,4589,4589,4589,0,0,118079188,944059159,0,844345cbf713c839,2513.72573,0,1.88
20260927T195559Z-4fb3,8e15dabf21369ba5,116648,gpu-frontier,gpu,resident,s0,71,0,0,0,2,warm,0,1,0,165.520908,0,0,0,164.986938,0.518758,0,,4589,4589,4589,0,0,118058700,943895690,0,3fe3826a8f281559,2511.16068,0,1.88
20260927T195559Z-4fb3,8e15dabf21369ba5,898381,gpu-frontier,gpu,resident,s0,72,0,0,0,2,warm,0,1,0,164.502064,0,0,0,163.931107,0.554507,0,,4587,4587,4587,0,0,117014998,935547423,0,45beabd67a76159e,2513.48513,0,1.88
20260927T195559Z-4fb3,8e15dabf21369ba5,33584,gpu-frontier,gpu,resident,s0,73,0,0,0,2,warm,0,1,0,169.747076,0,0,0,169.226471,0.505513,0,,4591,4591,4591,0,0,119109961,952305201,0,9757babc13435107,2513.72573,0,1.88
20260927T195559Z-4fb3,8e15dabf21369ba5,264423,gpu-frontier,gpu,resident,s0,74,0,0,0,2,warm,0,1,0,165.995503,0,0,0,165.445892,0.534955,0,,4587,4587,4587,0,0,117027868,935650586,0,8769d9563f8cb590,2513.72573,0,1.88
20260927T195559Z-4fb3,8e15dabf21369ba5,581085,gpu-frontier,gpu,resident,s0,75,0,0,0,2,warm,0,1,0,167.034675,0,0,0,166.495193,0.525516,0,,4591,4591,4591,0,0,119038456,951733407,0,239d1c2bf8d9cd62,2511.16068,0,1.88
20260927T195559Z-4fb3,8e15dabf21369ba5,716354,gpu-frontier,gpu,resident,s0,76,0,0,0,2,warm,0,1,0,165.182991,0,0,0,164.673309,0.493871,0,,4589,4589,4589,0,0,118061277,943916651,0,fbbebe35a9b45729,2513.24427,0,1.88
20260927T195559Z-4fb3,8e15dabf21369ba5,754603,gpu-frontier,gpu,resident,s0,77,0,0,0,2,warm,0,1,0,165.12995,0,0,0,164.556061,0.557901,0,,4589,4589,4589,0,0,118079145,944059349,0,145b21b9140aab92,2513.24427,0,1.88
20260927T195559Z-4fb3,8e15dabf21369ba5,277866,gpu-frontier,gpu,resident,s0,78,0,0,0,2,warm,0,1,0,165.180641,0,0,0,164.627487,0.537795,0,,4589,4589,4589,0,0,118060879,943913610,0,9257702a5149c8f3,2513.72573,0,1.88
20260927T195559Z-4fb3,8e15dabf21369ba5,917702,gpu-frontier,gpu,resident,s0,79,0,0,0,2,warm,0,1,0,164.417363,0,0,0,163.883743,0.519135,0,,4587,4587,4587,0,0,117016777,935561656,0,3e0b7636e3a7e06f,2513.32465,0,1.88
20260927T195559Z-4fb3,8e15dabf21369ba5,474965,gpu-frontier,gpu,resident,s0,80,0,0,0,2,warm,0,1,0,170.240258,0,0,0,169.70256,0.523075,0,,4589,4589,4589,0,0,118190876,944952739,0,06e80998b455105b,2512.12189,0,1.88
20260927T195559Z-4fb3,8e15dabf21369ba5,531108,gpu-frontier,gpu,resident,s0,81,0,0,0,2,warm,0,1,0,167.300345,0,0,0,166.76329,0.522491,0,,4589,4589,4589,0,0,118061805,943920699,0,171015491b0d386f,2513.00376,0,1.88
20260927T195559Z-4fb3,8e15dabf21369ba5,137455,gpu-frontier,gpu,resident,s0,82,0,0,0,2,warm,0,1,0,164.822731,0,0,0,164.251526,0.556596,0,,4587,4587,4587,0,0,117017168,935564861,0,b759282a0ff5deb9,2511.96159,0,1.88
20260927T195559Z-4fb3,8e15dabf21369ba5,171687,gpu-frontier,gpu,resident,s0,83,0,0,0,2,warm,0,1,0,165.143661,0,0,0,164.654938,0.472807,0,,4591,4591,4591,0,0,118075094,944026814,0,7039a73e5109e62e,2512.12189,0,1.88
20260927T195559Z-4fb3,8e15dabf21369ba5,929989,gpu-frontier,gpu,resident,s0,84,0,0,0,2,warm,0,1,0,165.219143,0,0,0,164.674393,0.529803,0,,4589,4589,4589,0,0,118060679,943911912,0,2c7821b5fc99b21d,2513.72573,0,1.88
20260927T195559Z-4fb3,8e15dabf21369ba5,239618,gpu-frontier,gpu,resident,s0,85,0,0,0,2,warm,0,1,0,165.192464,0,0,0,164.710342,0.46783,0,,4589,4589,4589,0,0,118060795,943912985,0,e0ca554f6bc5af38,2511.96159,0,1.88
20260927T195559Z-4fb3,8e15dabf21369ba5,888073,gpu-frontier,gpu,resident,s0,86,0,0,0,2,warm,0,1,0,164.318481,0,0,0,163.691833,0.61152,0,,4587,4587,4587,0,0,117029954,935667030,0,502345b01d88cc39,2513.72573,0,1.88
20260927T195559Z-4fb3,8e15dabf21369ba5,423524,gpu-frontier,gpu,resident,s0,87,0,0,0,2,warm,0,1,0,169.859716,0,0,0,169.327591,0.516506,0,,4589,4589,4589,0,0,118063036,943930300,0,bbb57c9a21f0b553,2513.72573,0,1.88
20260927T195559Z-4fb3,8e15dabf21369ba5,51368,gpu-frontier,gpu,resident,s0,88,0,0,0,2,warm,0,1,0,166.448556,0,0,0,165.943069,0.489664,0,,4587,4587,4587,0,0,117018708,935577592,0,a973095120b9cf0d,2513.72573,0,1.88
20260927T195559Z-4fb3,8e15dabf21369ba5,166757,gpu-frontier,gpu,resident,s0,89,0,0,0,2,warm,0,1,0,165.792907,0,0,0,165.208282,0.568348,0,,4589,4589,4589,0,0,118063207,943932294,0,40bd2deb1c943f0d,2513.24427,0,1.88
20260927T195559Z-4fb3,8e15dabf21369ba5,319756,gpu-frontier,gpu,resident,s0,90,0,0,0,2,warm,0,1,0,165.178162,0,0,0,164.647751,0.515793,0,,4589,4589,4589,0,0,118076236,944036511,0,750c2ee6c0ce55b8,2513.72573,0,1.88
20260927T195559Z-4fb3,8e15dabf21369ba5,893116,gpu-frontier,gpu,resident,s0,91,0,0,0,2,warm,0,1,0,164.290312,0,0,0,163.779587,0.495701,0,,4587,4587,4587,0,0,117017692,935568797,0,c244bbf931a9ff66,2513.40474,0,1.88
20260927T195559Z-4fb3,8e15dabf21369ba5,278999,gpu-frontier,gpu,resident,s0,92,0,0,0,2,warm,0,1,0,166.208271,0,0,0,165.650055,0.542065,0,,4591,4591,4591,0,0,119111626,952318382,0,00480761c37b434d,2514.28751,0,1.88
20260927T195559Z-4fb3,8e15dabf21369ba5,172699,gpu-frontier,gpu,resident,s0,93,0,0,0,2,warm,0,1,0,165.75644,0,0,0,165.232422,0.510121,0,,4593,4593,4593,0,0,118550742,947831550,0,355c1585721248e1,2512.2022,0,1.88
20260927T195559Z-4fb3,8e15dabf21369ba5,720346,gpu-frontier,gpu,resident,s0,94,0,0,0,2,warm,0,1,0,169.667392,0,0,0,169.15863,0.494178,0,,4589,4589,4589,0,0,118064215,943939925,0,b6321497e33b2b9d,2513.72573,0,1.88
20260927T195559Z-4fb3,8e15dabf21369ba5,417697,gpu-frontier,gpu,resident,s0,95,0,0,0,2,warm,0,1,0,166.907649,0,0,0,166.409119,0.483047,0,,4591,4591,4591,0,0,119045739,951791883,0,0a1339e166047fdc,2513.72573,0,1.88
20260927T195559Z-4fb3,8e15dabf21369ba5,768200,gpu-frontier,gpu,resident,s0,96,0,0,0,2,warm,0,1,0,166.83415,0,0,0,166.352509,0.46588,0,,4593,4593,4593,0,0,120157617,960685555,0,7b26b07a5cc20a22,2511.96159,0,1.88
20260927T195559Z-4fb3,8e15dabf21369ba5,896444,gpu-frontier,gpu,resident,s0,97,0,0,0,2,warm,0,1,0,164.306194,0,0,0,163.771301,0.519761,0,,4587,4587,4587,0,0,117017228,935565334,0,eb5a677675b88b2f,2511.8016,0,1.81
20260927T195559Z-4fb3,8e15dabf21369ba5,87619,gpu-frontier,gpu,resident,s0,98,0,0,0,2,warm,0,1,0,164.41756,0,0,0,163.824509,0.576788,0,,4587,4587,4587,0,0,117015873,935554810,0,5200e13c6c0b71d2,2514.36796,0,1.81
20260927T195559Z-4fb3,8e15dabf21369ba5,521404,gpu-frontier,gpu,resident,s0,99,0,0,0,2,warm,0,1,0,166.061664,0,0,0,165.541733,0.504857,0,,4591,4591,4591,0,0,119112256,952322984,0,103851ab84166de3,2514.20737,0,1.81
20260927T195559Z-4fb3,8e15dabf21369ba5,530513,gpu-frontier,gpu,resident,s0,100,0,0,0,2,warm,0,1,0,166.05539,0,0,0,165.557022,0.483687,0,,4591,4591,4591,0,0,119107508,952285412,0,552da161d8a41475,2511.72132,0,1.81
20260927T195559Z-4fb3,8e15dabf21369ba5,10624,gpu-frontier,gpu,resident,s0,101,0,0,0,2,warm,0,1,0,171.103463,0,0,0,170.537308,0.5511,0,,4591,4591,4591,0,0,119105967,952273126,0,bdf1e4235b2c5d71,2513.72573,0,1.81
20260927T195559Z-4fb3,8e15dabf21369ba5,771433,gpu-frontier,gpu,resident,s0,102,0,0,0,2,warm,0,1,0,166.26246,0,0,0,165.714951,0.532707,0,,4589,4589,4589,0,0,118076332,944037367,0,ad3bbc64b326e2ec,2512.04188,0,1.81
20260927T195559Z-4fb3,8e15dabf21369ba5,124155,gpu-frontier,gpu,resident,s0,103,0,0,0,2,warm,0,1,0,165.26255,0,0,0,164.747101,0.501121,0,,4589,4589,4589,0,0,118057684,943887817,0,50970e53e745be2f,2511.16068,0,1.81
20260927T195559Z-4fb3,8e15dabf21369ba5,870629,gpu-frontier,gpu,resident,s0,104,0,0,0,2,warm,0,1,0,166.089011,0,0,0,165.553864,0.520016,0,,4591,4591,4591,0,0,119124405,952420487,0,e81bad72cb10adbb,2513.24427,0,1.81
20260927T195559Z-4fb3,8e15dabf21369ba5,496824,gpu-frontier,gpu,resident,s0,105,0,0,0,2,warm,0,1,0,164.384599,0,0,0,163.855133,0.514379,0,,4587,4587,4587,0,0,117016870,935562386,0,6c8ac37e578005a3,2513.72573,0,1.81
20260927T195559Z-4fb3,8e15dabf21369ba5,880012,gpu-frontier,gpu,resident,s0,106,0,0,0,2,warm,0,1,0,165.256774,0,0,0,164.75737,0.485086,0,,4589,4589,4589,0,0,118076046,944034976,0,8ccba16252198116,2513.72573,0,1.81
20260927T195559Z-4fb3,8e15dabf21369ba5,663000,gpu-frontier,gpu,resident,s0,107,0,0,0,2,warm,0,1,0,164.168167,0,0,0,163.679077,0.473202,0,,4587,4587,4587,0,0,117044737,935785127,0,902cf10109055e10,2513.72573,0,1.81
20260927T195559Z-4fb3,8e15dabf21369ba5,1043132,gpu-frontier,gpu,resident,s0,108,0,0,0,2,warm,0,1,0,170.749728,0,0,0,170.240158,0.49379,0,,4591,4591,4591,0,0,119097160,952202746,0,66a901d1343276af,2514.0468,0,1.81
20260927T195559Z-4fb3,8e15dabf21369ba5,605213,gpu-frontier,gpu,resident,s0,109,0,0,0,2,warm,0,1,0,167.093906,0,0,0,166.597473,0.481891,0,,4591,4591,4591,0,0,119103044,952249542,0,82779a3371e6f2cd,2513.72573,0,1.81
20260927T195559Z-4fb3,8e15dabf21369ba5,866643,gpu-frontier,gpu,resident,s0,110,0,0,0,2,warm,0,1,0,165.272938,0,0,0,164.740219,0.518273,0,,4589,4589,4589,0,0,118060981,943914043,0,00b32b95442d06d1,2512.12189,0,1.81
20260927T195559Z-4fb3,8e15dabf21369ba5,584213,gpu-frontier,gpu,resident,s0,111,0,0,0,2,warm,0,1,0,165.128933,0,0,0,164.620071,0.49427,0,,4589,4589,4589,0,0,118060290,943908716,0,7416ed67c950f20f,2513.72573,0,1.81
20260927T195559Z-4fb3,8e15dabf21369ba5,618833,gpu-frontier,gpu,resident,s0,112,0,0,0,2,warm,0,1,0,166.117101,0,0,0,165.610855,0.490105,0,,4591,4591,4591,0,0,119037818,951728334,0,59446c1b822407d2,2513.48513,0,1.81
20260927T195559Z-4fb3,8e15dabf21369ba5,688407,gpu-frontier,gpu,resident,s0,113,0,0,0,2,warm,0,1,0,164.13171,0,0,0,163.554626,0.560695,0,,4587,4587,4587,0,0,117017072,935564175,0,80b32c641fa4052f,2511.32088,0,1.81
20260927T195559Z-4fb3,8e15dabf21369ba5,66042,gpu-frontier,gpu,resident,s0,114,0,0,0,2,warm,0,1,0,165.311947,0,0,0,164.781113,0.516457,0,,4589,4589,4589,0,0,118061651,943919810,0,28e9bc0fd5874b1d,2513.1642,0,1.81
20260927T195559Z-4fb3,8e15dabf21369ba5,793602,gpu-frontier,gpu,resident,s0,115,0,0,0,2,warm,0,1,0,170.8174,0,0,0,170.305786,0.497498,0,,4591,4591,4591,0,0,119116506,952356886,0,2c7cac84c0f043b2,2513.72573,0,1.81
20260927T195559Z-4fb3,8e15dabf21369ba5,561707,gpu-frontier,gpu,resident,s0,116,0,0,0,2,warm,0,1,0,167.607675,0,0,0,167.036102,0.533064,0,,4591,4591,4591,0,0,119124813,952423352,0,78de0e16ea4fde1f,2513.1642,0,1.81
20260927T195559Z-4fb3,8e15dabf21369ba5,692599,gpu-frontier,gpu,resident,s0,117,0,0,0,2,warm,0,1,0,166.210298,0,0,0,165.682083,0.514055,0,,4589,4589,4589,0,0,118064863,943945381,0,08fba6af4af64866,2512.04188,0,1.81
20260927T195559Z-4fb3,8e15dabf21369ba5,814798,gpu-frontier,gpu,resident,s0,118,0,0,0,2,warm,0,1,0,166.002955,0,0,0,165.465927,0.522321,0,,4589,4589,4589,0,0,118062600,943927112,0,e5f8753d02ce6cf0,2513.72573,0,1.81
20260927T195559Z-4fb3,8e15dabf21369ba5,432532,gpu-frontier,gpu,resident,s0,119,0,0,0,2,warm,0,1,0,165.895021,0,0,0,165.408646,0.470629,0,,4591,4591,4591,0,0,119098380,952212757,0,146303230195b596,2513.72573,0,1.81
20260927T195559Z-4fb3,8e15dabf21369ba5,511103,gpu-frontier,gpu,resident,s0,120,0,0,0,2,warm,0,1,0,166.774583,0,0,0,166.260635,0.498719,0,,4593,4593,4593,0,0,120144489,960580094,0,5b6f9268a090014b,2511.56107,0,1.81
20260927T195559Z-4fb3,8e15dabf21369ba5,827115,gpu-frontier,gpu,resident,s0,121,0,0,0,2,warm,0,1,0,165.048345,0,0,0,164.559418,0.473725,0,,4589,4589,4589,0,0,118060194,943907868,0,c2ef225c7d1b6cf1,2511.64134,0,1.81
20260927T195559Z-4fb3,8e15dabf21369ba5,816247,gpu-frontier,gpu,resident,s0,122,0,0,0,2,warm,0,1,0,169.029671,0,0,0,168.457306,0.556844,0,,4587,4587,4587,0,0,117029863,935666013,0,53b5c4c422a03130,2513.72573,0,1.81
20260927T195559Z-4fb3,8e15dabf21369ba5,653088,gpu-frontier,gpu,resident,s0,123,0,0,0,2,warm,0,1,0,167.783298,0,0,0,167.245728,0.522841,0,,4591,4591,4591,0,0,119107616,952286353,0,c3d6e7835680af1d,2511.96159,0,1.81
20260927T195559Z-4fb3,8e15dabf21369ba5,5503,gpu-frontier,gpu,resident,s0,124,0,0,0,2,warm,0,1,0,166.62583,0,0,0,166.029785,0.580335,0,,4591,4591,4591,0,0,119052757,951847564,0,7f946bb6b5cc0269,2513.24427,0,1.81
20260927T195559Z-4fb3,8e15dabf21369ba5,320284,gpu-frontier,gpu,resident,s0,125,0,0,0,2,warm,0,1,0,165.526239,0,0,0,164.957062,0.553442,0,,4589,4589,4589,0,0,118059109,943899342,0,0fae1bee80d60ba0,2513.24427,0,1.81
20260927T195559Z-4fb3,8e15dabf21369ba5,909227,gpu-frontier,gpu,resident,s0,126,0,0,0,2,warm,0,1,0,164.128003,0,0,0,163.598145,0.514836,0,,4587,4587,4587,0,0,117048180,935813190,0,e28d5b4774195c35,2513.32465,0,1.75
20260927T195559Z-4fb3,8e15dabf21369ba5,116150,gpu-frontier,gpu,resident,s0,127,0,0,0,2,warm,0,1,0,166.012533,0,0,0,163.891968,0.488115,1.618047,,4587,4587,4587,0,0,117016619,935560585,0,0d649a1cfc009d11,2511.16068,0,1.75
20260927T195559Z-4fb3,8e15dabf21369ba5,869618,gpu-nearfar,gpu,resident,s0,0,0,0,0,3,warm,0,1,12,282.949999,0,0.273721,4.48035192,276.324677,0.521822,0,,15952,15952,45918,0,0,1096634,8791762,0,751532ac148dc9b8,2514.60873,0,1.75
20260927T195559Z-4fb3,8e15dabf21369ba5,971814,gpu-nearfar,gpu,resident,s0,1,0,0,0,3,warm,0,1,12,279.488644,0,0,0,277.690948,0.514157,0,,16012,16012,46030,0,0,1096448,8789979,0,9518212de198ffff,2503.49686,0,1.75
20260927T195559Z-4fb3,8e15dabf21369ba5,31242,gpu-nearfar,gpu,resident,s0,2,0,0,0,3,warm,0,1,12,279.559575,0,0,0,277.724457,0.54661,0,,15965,15965,45944,0,0,1096657,8791461,0,f05350b1e5a33e24,2503.49686,0,1.75
20260927T195559Z-4fb3,8e15dabf21369ba5,465080,gpu-nearfar,gpu,resident,s0,3,0,0,0,3,warm,0,1,12,278.511557,0,0,0,276.611389,0.521024,0,,15940,15940,45870,0,0,1096749,8792651,0,8e8e4c91e128ce0a,2503.49686,0,1.75
20260927T195559Z-4fb3,8e15dabf21369ba5,490397,gpu-nearfar,gpu,resident,s0,4,0,0,0,3,warm,0,1,12,278.742888,0,0,0,276.865143,0.537054,0,,15924,15924,45858,0,0,1096882,8793736,0,9f12266aba714d52,2503.09904,0,1.75
20260927T195559Z-4fb3,8e15dabf21369ba5,76089,gpu-nearfar,gpu,resident,s0,5,0,0,0,3,warm,0,1,12,279.961957,0,0,0,278.054626,0.559848,0,,16020,16020,46054,0,0,1096783,8792997,0,d20d780cb45c7881,2503.49686,0,1.75
20260927T195559Z-4fb3,8e15dabf21369ba5,278740,gpu-nearfar,gpu,resident,s0,6,0,0,0,3,warm,0,1,12,279.376007,0,0,0,277.489319,0.511991,0,,15991,15991,45988,0,0,1096352,8789129,0,fff3e1dae5373eae,2503.49686,0,1.75
20260927T195559Z-4fb3,8e15dabf21369ba5,503399,gpu-nearfar,gpu,resident,s0,7,0,0,0,3,warm,0,1,12,280.257627,0,0,0,278.361664,0.510086,0,,16061,16061,46144,0,0,1096623,8791385,0,2ee85e090f01e3ca,2502.93989,0,1.75
20260927T195559Z-4fb3,8e15dabf21369ba5,221519,gpu-nearfar,gpu,resident,s0,8,0,0,0,3,warm,0,1,12,279.919481,0,0,0,278.06311,0.533632,0,,15944,15944,45906,0,0,1096432,8789782,0,343c1c55f34d0873,2501.35007,0,1.75
20260927T195559Z-4fb3,8e15dabf21369ba5,335280,gpu-nearfar,gpu,resident,s0,9,0,0,0,3,warm,0,1,12,277.626324,0,0,0,275.767029,0.511193,0,,15902,15902,45798,0,0,1096554,8790485,0,2b6a31403bc4bf79,2503.49686,0,1.75
20260927T195559Z-4fb3,8e15dabf21369ba5,506979,gpu-nearfar,gpu,resident,s0,10,0,0,0,3,warm,0,1,12,280.934064,0,0,0,279.073395,0.511397,0,,16088,16088,46186,0,0,1097208,8796408,0,a3371bc10f34b12d,2503.49686,0,1.75
20260927T195559Z-4fb3,8e15dabf21369ba5,312158,gpu-nearfar,gpu,resident,s0,11,0,0,0,3,warm,0,1,12,279.84991,0,0,0,278.026825,0.510568,0,,16033,16033,46076,0,0,1096830,8792937,0,c08049994f6005a4,2503.49686,0,1.75
20260927T195559Z-4fb3,8e15dabf21369ba5,832027,gpu-nearfar,gpu,resident,s0,12,0,0,0,3,warm,0,1,12,280.543462,0,0,0,278.683167,0.556138,0,,16006,16006,46018,0,0,1096635,8791083,0,41f33decba27f8bc,2503.49686,0,1.75
20260927T195559Z-4fb3,8e15dabf21369ba5,86626,gpu-nearfar,gpu,resident,s0,13,0,0,0,3,warm,0,1,12,279.436533,0,0,0,277.540375,0.516901,0,,16003,16003,46020,0,0,1096534,8790933,0,07c2e89a1c495cef,2503.49686,0,1.75
20260927T195559Z-4fb3,8e15dabf21369ba5,893373,gpu-nearfar,gpu,resident,s0,14,0,0,0,3,warm,0,1,12,279.8286,0,0,0,277.945923,0.513005,0,,16026,16026,46058,0,0,1096716,8791918,0,e7c677fd68b64919,2501.82669,0,1.75
20260927T195559Z-4fb3,8e15dabf21369ba5,382778,gpu-nearfar,gpu,resident,s0,15,0,0,0,3,warm,0,1,12,279.838732,0,0,0,278.019714,0.510815,0,,16036,16036,46086,0,0,1096856,8793328,0,54586fc58d6eb62a,2503.49686,0,1.75
20260927T195559Z-4fb3,8e15dabf21369ba5,941579,gpu-nearfar,gpu,resident,s0,16,0,0,0,3,warm,0,1,12,279.086845,0,0,0,277.265259,0.524455,0,,15969,15969,45948,0,0,1096703,8792304,0,fa4caab918588767,2503.49686,0,1.75
20260927T195559Z-4fb3,8e15dabf21369ba5,866763,gpu-nearfar,gpu,resident,s0,17,0,0,0,3,warm,0,1,12,280.910231,0,0,0,279.085693,0.509002,0,,16067,16067,46148,0,0,1097112,8795897,0,fd28e53cbc45c9c2,2503.49686,0,1.77
20260927T195559Z-4fb3,8e15dabf21369ba5,963938,gpu-nearfar,gpu,resident,s0,18,0,0,0,3,warm,0,1,12,279.467759,0,0,0,277.595673,0.503386,0,,16014,16014,46038,0,0,1096699,8792062,0,facd783cc4a64e59,2503.49686,0,1.77
20260927T195559Z-4fb3,8e15dabf21369ba5,600082,gpu-nearfar,gpu,resident,s0,19,0,0,0,3,warm,0,1,12,280.935058,0,0,0,279.046509,0.550942,0,,16005,16005,46024,0,0,1096712,8792210,0,3b83e701139a037f,2501.50873,0,1.77
20260927T195559Z-4fb3,8e15dabf21369ba5,533035,gpu-nearfar,gpu,resident,s0,20,0,0,0,3,warm,0,1,12,279.919228,0,0,0,277.979797,0.531461,0,,15997,15997,46004,0,0,1096870,8793681,0,b6d4affba2be94b4,2503.49686,0,1.77
20260927T195559Z-4fb3,8e15dabf21369ba5,464239,gpu-nearfar,gpu,resident,s0,21,0,0,0,3,warm,0,1,12,279.553104,0,0,0,277.605133,0.549196,0,,15983,15983,45980,0,0,1097283,8796810,0,477b960c0d88bea5,2501.35007,0,1.77
20260927T195559Z-4fb3,8e15dabf21369ba5,738023,gpu-nearfar,gpu,resident,s0,22,0,0,0,3,warm,0,1,12,280.727098,0,0,0,278.821564,0.547879,0,,16068,16068,46150,0,0,1097375,8798397,0,a5750b7e04034b8b,2501.50873,0,1.77
20260927T195559Z-4fb3,8e15dabf21369ba5,256371,gpu-nearfar,gpu,resident,s0,23,0,0,0,3,warm,0,1,12,278.908348,0,0,0,277.042816,0.510764,0,,15969,15969,45952,0,0,1096617,8791478,0,d3f0f164749d3139,2503.49686,0,1.77
20260927T195559Z-4fb3,8e15dabf21369ba5,426064,gpu-nearfar,gpu,resident,s0,24,0,0,0,3,warm,0,1,12,281.288842,0,0,0,279.462708,0.523084,0,,16071,16071,46152,0,0,1096708,8792666,0,04322492b4dffba5,2503.49686,0,1.77
20260927T195559Z-4fb3,8e15dabf21369ba5,89702,gpu-nearfar,gpu,resident,s0,25,0,0,0,3,warm,0,1,12,279.314682,0,0,0,277.46875,0.51595,0,,16000,16000,46006,0,0,1097289,8797229,0,764657ec09a11926,2503.49686,0,1.77
20260927T195559Z-4fb3,8e15dabf21369ba5,919406,gpu-nearfar,gpu,resident,s0,26,0,0,0,3,warm,0,1,12,281.997298,0,0,0,280.133148,0.556086,0,,16043,16043,46100,0,0,1096757,8792615,0,364c5c2507bb3016,2501.74734,0,1.77
20260927T195559Z-4fb3,8e15dabf21369ba5,202818,gpu-nearfar,gpu,resident,s0,27,0,0,0,3,warm,0,1,12,280.35747,0,0,0,278.473267,0.506871,0,,16069,16069,46148,0,0,1096915,8793862,0,a0ee314844dc764d,2500.95264,0,1.77
20260927T195559Z-4fb3,8e15dabf21369ba5,302043,gpu-nearfar,gpu,resident,s0,28,0,0,0,3,warm,0,1,12,279.692342,0,0,0,277.777618,0.534756,0,,15922,15922,45854,0,0,1096305,8788465,0,2bf716e742937517,2503.49686,0,1.77
20260927T195559Z-4fb3,8e15dabf21369ba5,508062,gpu-nearfar,gpu,resident,s0,29,0,0,0,3,warm,0,1,12,279.710452,0,0,0,277.812042,0.516213,0,,16031,16031,46076,0,0,1096844,8793153,0,e984b929b9ff66e8,2500.79376,0,1.77
20260927T195559Z-4fb3,8e15dabf21369ba5,189131,gpu-nearfar,gpu,resident,s0,30,0,0,0,3,warm,0,1,12,278.723485,0,0,0,276.840515,0.506185,0,,15958,15958,45930,0,0,1096289,8788411,0,d54b22444535f3de,2503.49686,0,1.77
20260927T195559Z-4fb3,8e15dabf21369ba5,943487,gpu-nearfar,gpu,resident,s0,31,0,0,0,3,warm,0,1,12,280.141348,0,0,0,278.247955,0.504233,0,,16042,16042,46098,0,0,1096745,8792313,0,5440a6241f47a317,2503.4174,0,1.77
20260927T195559Z-4fb3,8e15dabf21369ba5,535623,gpu-nearfar,gpu,resident,s0,32,0,0,0,3,warm,0,1,12,278.421908,0,0,0,276.575165,0.526022,0,,15908,15908,45822,0,0,1096344,8788744,0,5bc57243d9998434,2503.57662,0,1.77
20260927T195559Z-4fb3,8e15dabf21369ba5,650980,gpu-nearfar,gpu,resident,s0,33,0,0,0,3,warm,0,1,12,280.711462,0,0,0,278.811096,0.555755,0,,15958,15958,45934,0,0,1096142,8786858,0,44b0659cf515f1ff,2503.89481,0,1.77
20260927T195559Z-4fb3,8e15dabf21369ba5,884988,gpu-nearfar,gpu,resident,s0,34,0,0,0,3,warm,0,1,12,278.973055,0,0,0,277.071381,0.521058,0,,15962,15962,45930,0,0,1096573,8791225,0,c51d5c97d41aca0d,2502.78076,0,1.79
20260927T195559Z-4fb3,8e15dabf21369ba5,316027,gpu-nearfar,gpu,resident,s0,35,0,0,0,3,warm,0,1,12,280.825036,0,0,0,278.954529,0.517421,0,,16067,16067,46140,0,0,1096858,8793449,0,614a5d716fbb4de0,2502.93989,0,1.79
20260927T195559Z-4fb3,8e15dabf21369ba5,800397,gpu-nearfar,gpu,resident,s0,36,0,0,0,3,warm,0,1,12,279.419008,0,0,0,277.536621,0.541771,0,,15944,15944,45902,0,0,1096181,8787618,0,319a99c467252119,2503.49686,0,1.79
20260927T195559Z-4fb3,8e15dabf21369ba5,492565,gpu-nearfar,gpu,resident,s0,37,0,0,0,3,warm,0,1,12,281.903776,0,0,0,279.982971,0.545097,0,,16051,16051,46108,0,0,1096555,8790800,0,a27338b58021c9c4,2503.73585,0,1.79
20260927T195559Z-4fb3,8e15dabf21369ba5,826100,gpu-nearfar,gpu,resident,s0,38,0,0,0,3,warm,0,1,12,279.456478,0,0,0,277.557068,0.529782,0,,15987,15987,45976,0,0,1096429,8790177,0,b08422e22cabd03d,2500.95264,0,1.79
20260927T195559Z-4fb3,8e15dabf21369ba5,445492,gpu-nearfar,gpu,resident,s0,39,0,0,0,3,warm,0,1,12,280.027838,0,0,0,278.100677,0.543727,0,,16007,16007,46024,0,0,1096142,8787243,0,b4e1be62146d06cc,2501.58836,0,1.79
20260927T195559Z-4fb3,8e15dabf21369ba5,903723,gpu-nearfar,gpu,resident,s0,40,0,0,0,3,warm,0,1,12,281.30651,0,0,0,279.402039,0.561504,0,,15967,15967,45956,0,0,1096943,8793878,0,9d9bedeac11b3e4f,2503.49686,0,1.79
20260927T195559Z-4fb3,8e15dabf21369ba5,600641,gpu-nearfar,gpu,resident,s0,41,0,0,0,3,warm,0,1,12,279.563052,0,0,0,277.644745,0.525142,0,,16001,16001,46012,0,0,1096712,8792241,0,78189fe7f02b1486,2503.49686,0,1.79
20260927T195559Z-4fb3,8e15dabf21369ba5,850506,gpu-nearfar,gpu,resident,s0,42,0,0,0,3,warm,0,1,12,279.73912,0,0,0,277.871429,0.506435,0,,16011,16011,46024,0,0,1096739,8792791,0,ed62f5d27cde2ad5,2503.49686,0,1.79
20260927T195559Z-4fb3,8e15dabf21369ba5,92777,gpu-nearfar,gpu,resident,s0,43,0,0,0,3,warm,0,1,12,278.677523,0,0,0,276.851105,0.508577,0,,15963,15963,45924,0,0,1096198,8788220,0,6eb915ca468c34f5,2502.93989,0,1.79
20260927T195559Z-4fb3,8e15dabf21369ba5,189000,gpu-nearfar,gpu,resident,s0,44,0,0,0,3,warm,0,1,12,281.339279,0,0,0,279.491547,0.531681,0,,16101,16101,46212,0,0,1096915,8794174,0,606df2d20b2c3393,2503.49686,0,1.79
20260927T195559Z-4fb3,8e15dabf21369ba5,694683,gpu-nearfar,gpu,resident,s0,45,0,0,0,3,warm,0,1,12,279.284262,0,0,0,277.444122,0.509257,0,,15986,15986,45982,0,0,1096670,8792085,0,ccd5845cf199bcf0,2501.9857,0,1.79
20260927T195559Z-4fb3,8e15dabf21369ba5,544619,gpu-nearfar,gpu,resident,s0,46,0,0,0,3,warm,0,1,12,280.784224,0,0,0,278.9505,0.51228,0,,16092,16092,46198,0,0,1097274,8797209,0,9e88a07e9d04a649,2503.49686,0,1.79
20260927T195559Z-4fb3,8e15dabf21369ba5,873060,gpu-nearfar,gpu,resident,s0,47,0,0,0,3,warm,0,1,12,280.718402,0,0,0,278.846924,0.560711,0,,16049,16049,46104,0,0,1096792,8792355,0,5ac56126a7b1a8b0,2501.4294,0,1.79
20260927T195559Z-4fb3,8e15dabf21369ba5,172909,gpu-nearfar,gpu,resident,s0,48,0,0,0,3,warm,0,1,12,281.284388,0,0,0,279.348602,0.53894,0,,16061,16061,46132,0,0,1097026,8795142,0,97f57edc044087f0,2501.11154,0,1.79
20260927T195559Z-4fb3,8e15dabf21369ba5,120718,gpu-nearfar,gpu,resident,s0,49,0,0,0,3,warm,0,1,12,279.452189,0,0,0,277.575867,0.507547,0,,16016,16016,46042,0,0,1096747,8792527,0,0cff41f9bbdddb77,2501.50873,0,1.79
20260927T195559Z-4fb3,8e15dabf21369ba5,234554,gpu-nearfar,gpu,resident,s0,50,0,0,0,3,warm,0,1,12,279.406623,0,0,0,277.529205,0.507471,0,,16006,16006,46034,0,0,1096541,8790653,0,a949a776d47d46f5,2503.09904,0,1.79
20260927T195559Z-4fb3,8e15dabf21369ba5,570105,gpu-nearfar,gpu,resident,s0,51,0,0,0,3,warm,0,1,12,279.26998,0,0,0,277.430817,0.513447,0,,16008,16008,46034,0,0,1096796,8793077,0,e17c623e2d4b508f,2503.49686,0,1.79
20260927T195559Z-4fb3,8e15dabf21369ba5,842479,gpu-nearfar,gpu,resident,s0,52,0,0,0,3,warm,0,1,12,279.322725,0,0,0,277.487549,0.526161,0,,15962,15962,45934,0,0,1096901,8793431,0,a258a2586ac5bf2e,2503.49686,0,1.72
20260927T195559Z-4fb3,8e15dabf21369ba5,348456,gpu-nearfar,gpu,resident,s0,53,0,0,0,3,warm,0,1,12,279.885236,0,0,0,278.036011,0.507503,0,,16040,16040,46098,0,0,1096450,8790000,0,105f5d597adb8c32,2503.49686,0,1.72
20260927T195559Z-4fb3,8e15dabf21369ba5,831953,gpu-nearfar,gpu,resident,s0,54,0,0,0,3,warm,0,1,12,278.920622,0,0,0,277.041962,0.548135,0,,15973,15973,45960,0,0,1096194,8787664,0,3ec23a9d53716ee1,2503.49686,0,1.72
20260927T195559Z-4fb3,8e15dabf21369ba5,409707,gpu-nearfar,gpu,resident,s0,55,0,0,0,3,warm,0,1,12,280.835606,0,0,0,278.806763,0.543844,0,,16035,16035,46076,0,0,1096598,8791164,0,9d187bf0003e16e5,2503.49686,0,1.72
20260927T195559Z-4fb3,8e15dabf21369ba5,459557,gpu-nearfar,gpu,resident,s0,56,0,0,0,3,warm,0,1,12,280.464203,0,0,0,278.573761,0.527424,0,,16047,16047,46116,0,0,1096886,8793941,0,5b054ae094967981,2503.49686,0,1.72
20260927T195559Z-4fb3,8e15dabf21369ba5,472668,gpu-nearfar,gpu,resident,s0,57,0,0,0,3,warm,0,1,12,278.985976,0,0,0,277.119629,0.511752,0,,15999,15999,46004,0,0,1096592,8791288,0,623072bf4512656e,2501.11154,0,1.72
20260927T195559Z-4fb3,8e15dabf21369ba5,240184,gpu-nearfar,gpu,resident,s0,58,0,0,0,3,warm,0,1,12,279.386622,0,0,0,277.526184,0.516942,0,,16017,16017,46040,0,0,1096965,8794129,0,4bb21d890c0e5ab7,2503.49686,0,1.72
20260927T195559Z-4fb3,8e15dabf21369ba5,258439,gpu-nearfar,gpu,resident,s0,59,0,0,0,3,warm,0,1,12,280.46395,0,0,0,278.59201,0.519227,0,,16053,16053,46112,0,0,1096957,8794483,0,253070116044b281,2501.90634,0,1.72
20260927T195559Z-4fb3,8e15dabf21369ba5,767648,gpu-nearfar,gpu,resident,s0,60,0,0,0,3,warm,0,1,12,279.303925,0,0,0,277.407898,0.530589,0,,15979,15979,45964,0,0,1096764,8792489,0,11e2d9c9d7746df3,2503.81533,0,1.72
20260927T195559Z-4fb3,8e15dabf21369ba5,826214,gpu-nearfar,gpu,resident,s0,61,0,0,0,3,warm,0,1,12,279.015133,0,0,0,277.093597,0.547008,0,,15975,15975,45960,0,0,1096961,8793938,0,e8360d647c14ee57,2500.95264,0,1.72
20260927T195559Z-4fb3,8e15dabf21369ba5,216317,gpu-nearfar,gpu,resident,s0,62,0,0,0,3,warm,0,1,12,281.148805,0,0,0,279.146881,0.558507,0,,16030,16030,46070,0,0,1096719,8792376,0,2e4ccbb54ddf2979,2501.27046,0,1.72
20260927T195559Z-4fb3,8e15dabf21369ba5,834085,gpu-nearfar,gpu,resident,s0,63,0,0,0,3,warm,0,1,12,280.629225,0,0,0,278.751862,0.517996,0,,16093,16093,46200,0,0,1096702,8792276,0,f1b88b3d09c22e23,2503.49686,0,1.72
20260927T195559Z-4fb3,8e15dabf21369ba5,37297,gpu-nearfar,gpu,resident,s0,64,0,0,0,3,warm,0,1,12,280.771347,0,0,0,278.873016,0.5327,0,,16022,16022,46050,0,0,1096621,8791577,0,14dac6e8a16de2b4,2501.19114,0,1.72
20260927T195559Z-4fb3,8e15dabf21369ba5,297916,gpu-nearfar,gpu,resident,s0,65,0,0,0,3,warm,0,1,12,278.701494,0,0,0,276.848206,0.507753,0,,15970,15970,45946,0,0,1096470,8790132,0,b8bff2a107af7329,2503.49686,0,1.72
20260927T195559Z-4fb3,8e15dabf21369ba5,73513,gpu-nearfar,gpu,resident,s0,66,0,0,0,3,warm,0,1,12,279.319763,0,0,0,277.486145,0.507337,0,,16010,16010,46010,0,0,1096431,8789846,0,69a87962490b5411,2501.58836,0,1.72
20260927T195559Z-4fb3,8e15dabf21369ba5,315923,gpu-nearfar,gpu,resident,s0,67,0,0,0,3,warm,0,1,12,278.785121,0,0,0,276.976044,0.510969,0,,15959,15959,45924,0,0,1096199,8787548,0,bf8b5a087b29f78e,2503.49686,0,1.72
20260927T195559Z-4fb3,8e15dabf21369ba5,1029927,gpu-nearfar,gpu,resident,s0,68,0,0,0,3,warm,0,1,12,282.830371,0,0,0,280.979767,0.548217,0,,16079,16079,46164,0,0,1097079,8795314,0,c51fac7401e252bb,2503.25821,0,1.72
20260927T195559Z-4fb3,8e15dabf21369ba5,253516,gpu-nearfar,gpu,resident,s0,69,0,0,0,3,warm,0,1,12,281.204561,0,0,0,279.242859,0.562682,0,,16004,16004,46006,0,0,1096533,8790980,0,a8be3ff576a67aaf,2503.49686,0,1.66
20260927T195559Z-4fb3,8e15dabf21369ba5,843761,gpu-nearfar,gpu,resident,s0,70,0,0,0,3,warm,0,1,12,279.819169,0,0,0,277.899872,0.51766,0,,16010,16010,46018,0,0,1097002,8794405,0,844345cbf713c839,2503.01961,0,1.66
20260927T195559Z-4fb3,8e15dabf21369ba5,116648,gpu-nearfar,gpu,resident,s0,71,0,0,0,3,warm,0,1,12,279.71098,0,0,0,277.830261,0.517978,0,,16012,16012,46034,0,0,1097113,8795651,0,3fe3826a8f281559,2503.49686,0,1.66
20260927T195559Z-4fb3,8e15dabf21369ba5,898381,gpu-nearfar,gpu,resident,s0,72,0,0,0,3,warm,0,1,12,280.91246,0,0,0,279.037048,0.549754,0,,16006,16006,46018,0,0,1096477,8790121,0,45beabd67a76159e,2500.95264,0,1.66
20260927T195559Z-4fb3,8e15dabf21369ba5,33584,gpu-nearfar,gpu,resident,s0,73,0,0,0,3,warm,0,1,12,278.73525,0,0,0,276.810577,0.522387,0,,15933,15933,45876,0,0,1096521,8790436,0,9757babc13435107,2503.49686,0,1.66
20260927T195559Z-4fb3,8e15dabf21369ba5,264423,gpu-nearfar,gpu,resident,s0,74,0,0,0,3,warm,0,1,12,278.675114,0,0,0,276.809326,0.513407,0,,15949,15949,45908,0,0,1096611,8791295,0,8769d9563f8cb590,2502.86047,0,1.66
20260927T195559Z-4fb3,8e15dabf21369ba5,581085,gpu-nearfar,gpu,resident,s0,75,0,0,0,3,warm,0,1,12,278.920824,0,0,0,277.079803,0.515041,0,,15972,15972,45962,0,0,1096744,8792796,0,239d1c2bf8d9cd62,2503.49686,0,1.66
20260927T195559Z-4fb3,8e15dabf21369ba5,716354,gpu-nearfar,gpu,resident,s0,76,0,0,0,3,warm,0,1,12,281.057517,0,0,0,279.192719,0.55887,0,,15997,15997,46000,0,0,1096807,8792859,0,fbbebe35a9b45729,2503.49686,0,1.66
20260927T195559Z-4fb3,8e15dabf21369ba5,754603,gpu-nearfar,gpu,resident,s0,77,0,0,0,3,warm,0,1,12,279.558418,0,0,0,277.67215,0.515326,0,,16014,16014,46042,0,0,1096807,8792838,0,145b21b9140aab92,2500.95264,0,1.66
20260927T195559Z-4fb3,8e15dabf21369ba5,277866,gpu-nearfar,gpu,resident,s0,78,0,0,0,3,warm,0,1,12,278.878852,0,0,0,277.003784,0.509387,0,,15977,15977,45964,0,0,1096979,8794756,0,9257702a5149c8f3,2503.4174,0,1.66
20260927T195559Z-4fb3,8e15dabf21369ba5,917702,gpu-nearfar,gpu,resident,s0,79,0,0,0,3,warm,0,1,12,279.186317,0,0,0,277.350067,0.50918,0,,16011,16011,46024,0,0,1096486,8790106,0,3e0b7636e3a7e06f,2503.49686,0,1.66
20260927T195559Z-4fb3,8e15dabf21369ba5,474965,gpu-nearfar,gpu,resident,s0,80,0,0,0,3,warm,0,1,12,279.38043,0,0,0,277.544159,0.526226,0,,15933,15933,45880,0,0,1096562,8790951,0,06e80998b455105b,2503.73585,0,1.66
20260927T195559Z-4fb3,8e15dabf21369ba5,531108,gpu-nearfar,gpu,resident,s0,81,0,0,0,3,warm,0,1,12,279.53051,0,0,0,277.680695,0.518307,0,,15987,15987,45980,0,0,1096966,8793891,0,171015491b0d386f,2503.49686,0,1.66
20260927T195559Z-4fb3,8e15dabf21369ba5,137455,gpu-nearfar,gpu,resident,s0,82,0,0,0,3,warm,0,1,12,278.854198,0,0,0,277.014069,0.518154,0,,15927,15927,45856,0,0,1096318,8788718,0,b759282a0ff5deb9,2503.49686,0,1.66
20260927T195559Z-4fb3,8e15dabf21369ba5,171687,gpu-nearfar,gpu,resident,s0,83,0,0,0,3,warm,0,1,12,282.711162,0,0,0,280.837341,0.559278,0,,16107,16107,46224,0,0,1097514,8799295,0,7039a73e5109e62e,2503.09904,0,1.66
20260927T195559Z-4fb3,8e15dabf21369ba5,929989,gpu-nearfar,gpu,resident,s0,84,0,0,0,3,warm,0,1,12,279.759557,0,0,0,277.849762,0.534594,0,,15962,15962,45934,0,0,1096422,8789763,0,2c7821b5fc99b21d,2503.49686,0,1.66
20260927T195559Z-4fb3,8e15dabf21369ba5,239618,gpu-nearfar,gpu,resident,s0,85,0,0,0,3,warm,0,1,12,279.96764,0,0,0,278.063934,0.516031,0,,16042,16042,46098,0,0,1096644,8791696,0,e0ca554f6bc5af38,2503.57662,0,1.66
20260927T195559Z-4fb3,8e15dabf21369ba5,888073,gpu-nearfar,gpu,resident,s0,86,0,0,0,3,warm,0,1,12,279.82738,0,0,0,277.975342,0.515557,0,,16044,16044,46098,0,0,1097098,8795173,0,502345b01d88cc39,2502.93989,0,1.66
20260927T195559Z-4fb3,8e15dabf21369ba5,423524,gpu-nearfar,gpu,resident,s0,87,0,0,0,3,warm,0,1,12,279.551328,0,0,0,277.719666,0.511575,0,,16031,16031,46064,0,0,1096866,8793757,0,bbb57c9a21f0b553,2503.4174,0,1.61
20260927T195559Z-4fb3,8e15dabf21369ba5,51368,gpu-nearfar,gpu,resident,s0,88,0,0,0,3,warm,0,1,12,280.46058,0,0,0,278.611847,0.526916,0,,16052,16052,46114,0,0,1096415,8790230,0,a973095120b9cf0d,2501.4294,0,1.61
20260927T195559Z-4fb3,8e15dabf21369ba5,166757,gpu-nearfar,gpu,resident,s0,89,0,0,0,3,warm,0,1,12,279.00085,0,0,0,277.132843,0.509398,0,,15971,15971,45944,0,0,1096672,8792073,0,40bd2deb1c943f0d,2503.49686,0,1.61
20260927T195559Z-4fb3,8e15dabf21369ba5,319756,gpu-nearfar,gpu,resident,s0,90,0,0,0,3,warm,0,1,12,282.051075,0,0,0,280.181519,0.549781,0,,16003,16003,46012,0,0,1096606,8791570,0,750c2ee6c0ce55b8,2500.95264,0,1.61
20260927T195559Z-4fb3,8e15dabf21369ba5,893116,gpu-nearfar,gpu,resident,s0,91,0,0,0,3,warm,0,1,12,278.803923,0,0,0,276.90448,0.521852,0,,15969,15969,45948,0,0,1096845,8793705,0,c244bbf931a9ff66,2503.25821,0,1.61
20260927T195559Z-4fb3,8e15dabf21369ba5,278999,gpu-nearfar,gpu,resident,s0,92,0,0,0,3,warm,0,1,12,280.33106,0,0,0,278.446533,0.533351,0,,15999,15999,46008,0,0,1096504,8790852,0,00480761c37b434d,2503.49686,0,1.61
20260927T195559Z-4fb3,8e15dabf21369ba5,172699,gpu-nearfar,gpu,resident,s0,93,0,0,0,3,warm,0,1,12,278.452923,0,0,0,276.598114,0.506524,0,,15939,15939,45892,0,0,1096421,8789947,0,355c1585721248e1,2503.49686,0,1.61
20260927T195559Z-4fb3,8e15dabf21369ba5,720346,gpu-nearfar,gpu,resident,s0,94,0,0,0,3,warm,0,1,12,279.299416,0,0,0,277.44516,0.520096,0,,15982,15982,45970,0,0,1097146,8795363,0,b6321497e33b2b9d,2501.90634,0,1.61
20260927T195559Z-4fb3,8e15dabf21369ba5,417697,gpu-nearfar,gpu,resident,s0,95,0,0,0,3,warm,0,1,12,279.012932,0,0,0,277.149353,0.516171,0,,15971,15971,45964,0,0,1096602,8791562,0,0a1339e166047fdc,2503.49686,0,1.61
20260927T195559Z-4fb3,8e15dabf21369ba5,768200,gpu-nearfar,gpu,resident,s0,96,0,0,0,3,warm,0,1,12,280.677013,0,0,0,278.839142,0.527028,0,,16052,16052,46110,0,0,1097045,8794681,0,7b26b07a5cc20a22,2500.95264,0,1.61
20260927T195559Z-4fb3,8e15dabf21369ba5,896444,gpu-nearfar,gpu,resident,s0,97,0,0,0,3,warm,0,1,12,281.602842,0,0,0,279.71936,0.553203,0,,16060,16060,46134,0,0,1096632,8791457,0,eb5a677675b88b2f,2504.13387,0,1.61
20260927T195559Z-4fb3,8e15dabf21369ba5,87619,gpu-nearfar,gpu,resident,s0,98,0,0,0,3,warm,0,1,12,280.098485,0,0,0,278.196869,0.525069,0,,16032,16032,46082,0,0,1096582,8790988,0,5200e13c6c0b71d2,2503.49686,0,1.61
20260927T195559Z-4fb3,8e15dabf21369ba5,521404,gpu-nearfar,gpu,resident,s0,99,0,0,0,3,warm,0,1,12,279.499195,0,0,0,277.64267,0.510022,0,,16019,16019,46048,0,0,1096856,8793698,0,103851ab84166de3,2503.49686,0,1.61
20260927T195559Z-4fb3,8e15dabf21369ba5,530513,gpu-nearfar,gpu,resident,s0,100,0,0,0,3,warm,0,1,12,280.195478,0,0,0,278.298492,0.524758,0,,16010,16010,46026,0,0,1096875,8793530,0,552da161d8a41475,2503.49686,0,1.61
20260927T195559Z-4fb3,8e15dabf21369ba5,10624,gpu-nearfar,gpu,resident,s0,101,0,0,0,3,warm,0,1,12,279.110326,0,0,0,277.251617,0.509469,0,,15995,15995,45996,0,0,1096817,8793234,0,bdf1e4235b2c5d71,2503.49686,0,1.61
20260927T195559Z-4fb3,8e15dabf21369ba5,771433,gpu-nearfar,gpu,resident,s0,102,0,0,0,3,warm,0,1,12,278.740908,0,0,0,276.873749,0.512225,0,,15983,15983,45980,0,0,1096934,8794323,0,ad3bbc64b326e2ec,2503.49686,0,1.61
20260927T195559Z-4fb3,8e15dabf21369ba5,124155,gpu-nearfar,gpu,resident,s0,103,0,0,0,3,warm,0,1,12,280.802909,0,0,0,278.951874,0.531334,0,,16033,16033,46072,0,0,1096792,8793056,0,50970e53e745be2f,2501.82669,0,1.61
20260927T195559Z-4fb3,8e15dabf21369ba5,870629,gpu-nearfar,gpu,resident,s0,104,0,0,0,3,warm,0,1,12,280.121155,0,0,0,278.194305,0.563526,0,,16008,16008,46022,0,0,1096789,8793091,0,e81bad72cb10adbb,2503.49686,0,1.56
20260927T195559Z-4fb3,8e15dabf21369ba5,496824,gpu-nearfar,gpu,resident,s0,105,0,0,0,3,warm,0,1,12,280.156024,0,0,0,278.219482,0.536115,0,,16019,16019,46044,0,0,1096847,8792915,0,6c8ac37e578005a3,2503.49686,0,1.56
20260927T195559Z-4fb3,8e15dabf21369ba5,880012,gpu-nearfar,gpu,resident,s0,106,0,0,0,3,warm,0,1,12,281.416223,0,0,0,279.493317,0.529941,0,,16093,16093,46196,0,0,1097236,8796750,0,8ccba16252198116,2503.49686,0,1.56
20260927T195559Z-4fb3,8e15dabf21369ba5,663000,gpu-nearfar,gpu,resident,s0,107,0,0,0,3,warm,0,1,12,281.012512,0,0,0,279.126038,0.536321,0,,16067,16067,46144,0,0,1097390,8798254,0,902cf10109055e10,2501.19114,0,1.56
20260927T195559Z-4fb3,8e15dabf21369ba5,1043132,gpu-nearfar,gpu,resident,s0,108,0,0,0,3,warm,0,1,12,279.797193,0,0,0,277.919495,0.533493,0,,15964,15964,45934,0,0,1096477,8790182,0,66a901d1343276af,2501.4294,0,1.56
20260927T195559Z-4fb3,8e15dabf21369ba5,605213,gpu-nearfar,gpu,resident,s0,109,0,0,0,3,warm,0,1,12,278.339539,0,0,0,276.459869,0.521219,0,,15948,15948,45906,0,0,1096567,8791201,0,82779a3371e6f2cd,2503.49686,0,1.56
20260927T195559Z-4fb3,8e15dabf21369ba5,866643,gpu-nearfar,gpu,resident,s0,110,0,0,0,3,warm,0,1,12,279.134533,0,0,0,277.269043,0.513477,0,,16005,16005,46016,0,0,1097206,8796487,0,00b32b95442d06d1,2500.95264,0,1.56
20260927T195559Z-4fb3,8e15dabf21369ba5,584213,gpu-nearfar,gpu,resident,s0,111,0,0,0,3,warm,0,1,12,282.143972,0,0,0,280.259583,0.553334,0,,16081,16081,46176,0,0,1097200,8796556,0,7416ed67c950f20f,2503.49686,0,1.56
20260927T195559Z-4fb3,8e15dabf21369ba5,618833,gpu-nearfar,gpu,resident,s0,112,0,0,0,3,warm,0,1,12,281.613558,0,0,0,279.706482,0.53803,0,,16068,16068,46154,0,0,1097401,8797939,0,59446c1b822407d2,2503.49686,0,1.56
20260927T195559Z-4fb3,8e15dabf21369ba5,688407,gpu-nearfar,gpu,resident,s0,113,0,0,0,3,warm,0,1,12,278.146953,0,0,0,276.250031,0.512673,0,,15932,15932,45874,0,0,1096207,8788196,0,80b32c641fa4052f,2503.4174,0,1.56
20260927T195559Z-4fb3,8e15dabf21369ba5,66042,gpu-nearfar,gpu,resident,s0,114,0,0,0,3,warm,0,1,12,280.552445,0,0,0,278.703735,0.508599,0,,16090,16090,46194,0,0,1096359,8789345,0,28e9bc0fd5874b1d,2503.49686,0,1.56
20260927T195559Z-4fb3,8e15dabf21369ba5,793602,gpu-nearfar,gpu,resident,s0,115,0,0,0,3,warm,0,1,12,279.42403,0,0,0,277.551636,0.557216,0,,16020,16020,46046,0,0,1096667,8791859,0,2c7cac84c0f043b2,2503.49686,0,1.56
20260927T195559Z-4fb3,8e15dabf21369ba5,561707,gpu-nearfar,gpu,resident,s0,116,0,0,0,3,warm,0,1,12,280.726372,0,0,0,278.885529,0.534107,0,,16061,16061,46132,0,0,1096863,8793342,0,78de0e16ea4fde1f,2503.49686,0,1.56
20260927T195559Z-4fb3,8e15dabf21369ba5,692599,gpu-nearfar,gpu,resident,s0,117,0,0,0,3,warm,0,1,12,279.139029,0,0,0,277.260834,0.524633,0,,15975,15975,45960,0,0,1096762,8792819,0,08fba6af4af64866,2500.95264,0,1.56
20260927T195559Z-4fb3,8e15dabf21369ba5,814798,gpu-nearfar,gpu,resident,s0,118,0,0,0,3,warm,0,1,12,280.805724,0,0,0,278.90625,0.569036,0,,16008,16008,46026,0,0,1096550,8790554,0,e5f8753d02ce6cf0,2503.49686,0,1.56
20260927T195559Z-4fb3,8e15dabf21369ba5,432532,gpu-nearfar,gpu,resident,s0,119,0,0,0,3,warm,0,1,12,279.979684,0,0,0,278.071747,0.524764,0,,16026,16026,46074,0,0,1096991,8794189,0,146303230195b596,2503.49686,0,1.56
20260927T195559Z-4fb3,8e15dabf21369ba5,511103,gpu-nearfar,gpu,resident,s0,120,0,0,0,3,warm,0,1,12,281.043542,0,0,0,279.159607,0.525673,0,,16044,16044,46106,0,0,1096529,8790883,0,5b6f9268a090014b,2503.49686,0,1.56
20260927T195559Z-4fb3,8e15dabf21369ba5,827115,gpu-nearfar,gpu,resident,s0,121,0,0,0,3,warm,0,1,12,279.446597,0,0,0,277.580109,0.510398,0,,16009,16009,46024,0,0,1096503,8790381,0,c2ef225c7d1b6cf1,2500.95264,0,1.56
20260927T195559Z-4fb3,8e15dabf21369ba5,816247,gpu-nearfar,gpu,resident,s0,122,0,0,0,3,warm,0,1,12,279.14146,0,0,0,277.29776,0.514166,0,,15984,15984,45974,0,0,1096796,8792537,0,53b5c4c422a03130,2503.49686,0,1.52
20260927T195559Z-4fb3,8e15dabf21369ba5,653088,gpu-nearfar,gpu,resident,s0,123,0,0,0,3,warm,0,1,12,280.292989,0,0,0,278.434326,0.519159,0,,16048,16048,46106,0,0,1096728,8792291,0,c3d6e7835680af1d,2502.46285,0,1.52
20260927T195559Z-4fb3,8e15dabf21369ba5,5503,gpu-nearfar,gpu,resident,s0,124,0,0,0,3,warm,0,1,12,281.273602,0,0,0,279.441315,0.524808,0,,16089,16089,46196,0,0,1097216,8796605,0,7f946bb6b5cc0269,2503.49686,0,1.52
20260927T195559Z-4fb3,8e15dabf21369ba5,320284,gpu-nearfar,gpu,resident,s0,125,0,0,0,3,warm,0,1,12,280.113232,0,0,0,278.203766,0.565568,0,,15941,15941,45888,0,0,1096383,8789872,0,0fae1bee80d60ba0,2503.49686,0,1.52
20260927T195559Z-4fb3,8e15dabf21369ba5,909227,gpu-nearfar,gpu,resident,s0,126,0,0,0,3,warm,0,1,12,278.602052,0,0,0,276.689697,0.523878,0,,15946,15946,45910,0,0,1096762,8792903,0,e28d5b4774195c35,2501.50873,0,1.52
20260927T195559Z-4fb3,8e15dabf21369ba5,116150,gpu-nearfar,gpu,resident,s0,127,0,0,0,3,warm,0,1,12,279.920036,0,0,0,276.130524,0.511124,1.916678,,15917,15917,45852,0,0,1096299,8788497,0,0d649a1cfc009d11,2503.4174,0,1.52
20260927T195559Z-4fb3,8e15dabf21369ba5,869618,delta-omp,cpu,resident,s1,0,1,0,0,0,warm,24,1,12,155.268423,0,2.444024,0,152.823575,0,0,,3503,16313,0,0,16313,1152091,18473090,0,751532ac148dc9b8,,0,1.52
20260927T195559Z-4fb3,8e15dabf21369ba5,971814,delta-omp,cpu,resident,s1,1,1,0,0,0,warm,24,1,12,153.305139,0,2.201728,0,151.102217,0,0,,3502,16291,0,0,16291,1151373,18461504,0,9518212de198ffff,,0,1.52
20260927T195559Z-4fb3,8e15dabf21369ba5,31242,delta-omp,cpu,resident,s1,2,1,0,0,0,warm,24,1,12,153.754959,0,2.18869,0,151.565809,0,0,,3503,16329,0,0,16329,1152238,18475962,0,f05350b1e5a33e24,,0,1.52
20260927T195559Z-4fb3,8e15dabf21369ba5,465080,delta-omp,cpu,resident,s1,3,1,0,0,0,warm,24,1,12,154.342071,0,2.20616,0,152.135342,0,0,,3498,16296,0,0,16296,1152229,18476702,0,8e8e4c91e128ce0a,,0,1.52
20260927T195559Z-4fb3,8e15dabf21369ba5,490397,delta-omp,cpu,resident,s1,4,1,0,0,0,warm,24,1,12,154.467123,0,2.229454,0,152.237255,0,0,,3503,16316,0,0,16316,1152205,18476196,0,9f12266aba714d52,,0,1.52
20260927T195559Z-4fb3,8e15dabf21369ba5,76089,delta-omp,cpu,resident,s1,5,1,0,0,0,warm,24,1,12,154.238518,0,2.178907,0,152.059223,0,0,,3503,16295,0,0,16295,1152038,18473934,0,d20d780cb45c7881,,0,1.52
20260927T195559Z-4fb3,8e15dabf21369ba5,278740,delta-omp,cpu,resident,s1,6,1,0,0,0,warm,24,1,12,154.255203,0,2.251229,0,152.003447,0,0,,3502,16308,0,0,16308,1152076,18473064,0,fff3e1dae5373eae,,0,1.52
20260927T195559Z-4fb3,8e15dabf21369ba5,503399,delta-omp,cpu,resident,s1,7,1,0,0,0,warm,24,1,12,154.705142,0,2.166643,0,152.537968,0,0,,3505,16314,0,0,16314,1152336,18475642,0,2ee85e090f01e3ca,,0,1.52
20260927T195559Z-4fb3,8e15dabf21369ba5,221519,delta-omp,cpu,resident,s1,8,1,0,0,0,warm,24,1,12,154.260377,0,2.150496,0,152.109422,0,0,,3505,16318,0,0,16318,1152091,18473024,0,343c1c55f34d0873,,0,1.52
20260927T195559Z-4fb3,8e15dabf21369ba5,335280,delta-omp,cpu,resident,s1,9,1,0,0,0,warm,24,1,12,156.23209,0,2.416423,0,153.81527,0,0,,3498,16310,0,0,16310,1152229,18475958,0,2b6a31403bc4bf79,,0,1.52
20260927T195559Z-4fb3,8e15dabf21369ba5,506979,delta-omp,cpu,resident,s1,10,1,0,0,0,warm,24,1,12,154.76788,0,2.19778,0,152.569649,0,0,,3502,16282,0,0,16282,1152032,18470986,0,a3371bc10f34b12d,,0,1.52
20260927T195559Z-4fb3,8e15dabf21369ba5,312158,delta-omp,cpu,resident,s1,11,1,0,0,0,warm,24,1,12,154.840088,0,2.299745,0,152.539925,0,0,,3503,16301,0,0,16301,1152251,18474238,0,c08049994f6005a4,,0,1.52
20260927T195559Z-4fb3,8e15dabf21369ba5,832027,delta-omp,cpu,resident,s1,12,1,0,0,0,warm,24,1,12,154.213348,0,2.191294,0,152.021593,0,0,,3502,16269,0,0,16269,1152245,18477884,0,41f33decba27f8bc,,0,1.52
20260927T195559Z-4fb3,8e15dabf21369ba5,86626,delta-omp,cpu,resident,s1,13,1,0,0,0,warm,24,1,12,154.291233,0,2.206794,0,152.083784,0,0,,3503,16279,0,0,16279,1152049,18471182,0,07c2e89a1c495cef,,0,1.52
20260927T195559Z-4fb3,8e15dabf21369ba5,893373,delta-omp,cpu,resident,s1,14,1,0,0,0,warm,24,1,12,154.575341,0,2.209288,0,152.365516,0,0,,3502,16269,0,0,16269,1152235,18477566,0,e7c677fd68b64919,,0,1.52
20260927T195559Z-4fb3,8e15dabf21369ba5,382778,delta-omp,cpu,resident,s1,15,1,0,0,0,warm,24,1,12,154.311688,0,2.197322,0,152.11396,0,0,,3504,16310,0,0,16310,1152071,18471406,0,54586fc58d6eb62a,,0,1.52
20260927T195559Z-4fb3,8e15dabf21369ba5,941579,delta-omp,cpu,resident,s1,16,1,0,0,0,warm,24,1,12,154.542759,0,2.18478,0,152.357091,0,0,,3504,16285,0,0,16285,1152080,18471874,0,fa4caab918588767,,0,1.52
20260927T195559Z-4fb3,8e15dabf21369ba5,866763,delta-omp,cpu,resident,s1,17,1,0,0,0,warm,24,1,12,154.613733,0,2.184119,0,152.429104,0,0,,3504,16300,0,0,16300,1151321,18460652,0,fd28e53cbc45c9c2,,0,1.52
20260927T195559Z-4fb3,8e15dabf21369ba5,963938,delta-omp,cpu,resident,s1,18,1,0,0,0,warm,24,1,12,154.702032,0,2.223105,0,152.47834,0,0,,3503,16281,0,0,16281,1151998,18470400,0,facd783cc4a64e59,,0,1.52
20260927T195559Z-4fb3,8e15dabf21369ba5,600082,delta-omp,cpu,resident,s1,19,1,0,0,0,warm,24,1,12,154.416682,0,2.181595,0,152.234487,0,0,,3504,16305,0,0,16305,1152277,18474486,0,3b83e701139a037f,,0,1.52
20260927T195559Z-4fb3,8e15dabf21369ba5,533035,delta-omp,cpu,resident,s1,20,1,0,0,0,warm,24,1,12,154.341873,0,2.205244,0,152.136225,0,0,,3503,16317,0,0,16317,1152215,18476260,0,b6d4affba2be94b4,,0,1.52
20260927T195559Z-4fb3,8e15dabf21369ba5,464239,delta-omp,cpu,resident,s1,21,1,0,0,0,warm,24,1,12,155.127594,0,2.190638,0,152.936543,0,0,,3504,16316,0,0,16316,1152064,18472556,0,477b960c0d88bea5,,0,1.56
20260927T195559Z-4fb3,8e15dabf21369ba5,738023,delta-omp,cpu,resident,s1,22,1,0,0,0,warm,24,1,12,154.606415,0,2.374593,0,152.230716,0,0,,3505,16299,0,0,16299,1151317,18460606,0,a5750b7e04034b8b,,0,1.56
20260927T195559Z-4fb3,8e15dabf21369ba5,256371,delta-omp,cpu,resident,s1,23,1,0,0,0,warm,24,1,12,154.109672,0,2.20414,0,151.904926,0,0,,3503,16329,0,0,16329,1152338,18478660,0,d3f0f164749d3139,,0,1.56
20260927T195559Z-4fb3,8e15dabf21369ba5,426064,delta-omp,cpu,resident,s1,24,1,0,0,0,warm,24,1,12,154.812104,0,2.18314,0,152.628395,0,0,,3503,16290,0,0,16290,1151876,18469110,0,04322492b4dffba5,,0,1.56
20260927T195559Z-4fb3,8e15dabf21369ba5,89702,delta-omp,cpu,resident,s1,25,1,0,0,0,warm,24,1,12,154.113392,0,2.264989,0,151.847905,0,0,,3501,16320,0,0,16320,1152330,18478574,0,764657ec09a11926,,0,1.56
20260927T195559Z-4fb3,8e15dabf21369ba5,919406,delta-omp,cpu,resident,s1,26,1,0,0,0,warm,24,1,12,154.130737,0,2.195414,0,151.934851,0,0,,3504,16290,0,0,16290,1151996,18470294,0,364c5c2507bb3016,,0,1.56
20260927T195559Z-4fb3,8e15dabf21369ba5,202818,delta-omp,cpu,resident,s1,27,1,0,0,0,warm,24,1,12,154.908478,0,2.213837,0,152.694114,0,0,,3503,16285,0,0,16285,1152005,18470424,0,a0ee314844dc764d,,0,1.56
20260927T195559Z-4fb3,8e15dabf21369ba5,302043,delta-omp,cpu,resident,s1,28,1,0,0,0,warm,24,1,12,154.513004,0,2.193588,0,152.318935,0,0,,3503,16315,0,0,16315,1152103,18473380,0,2bf716e742937517,,0,1.56
20260927T195559Z-4fb3,8e15dabf21369ba5,508062,delta-omp,cpu,resident,s1,29,1,0,0,0,warm,24,1,12,154.855763,0,2.20769,0,152.647316,0,0,,3504,16307,0,0,16307,1152300,18475102,0,e984b929b9ff66e8,,0,1.56
20260927T195559Z-4fb3,8e15dabf21369ba5,189131,delta-omp,cpu,resident,s1,30,1,0,0,0,warm,24,1,12,154.416336,0,2.192884,0,152.222278,0,0,,3503,16311,0,0,16311,1152127,18473664,0,d54b22444535f3de,,0,1.56
20260927T195559Z-4fb3,8e15dabf21369ba5,943487,delta-omp,cpu,resident,s1,31,1,0,0,0,warm,24,1,12,154.051533,0,2.209356,0,151.841449,0,0,,3504,16269,0,0,16269,1152204,18477370,0,5440a6241f47a317,,0,1.56
20260927T195559Z-4fb3,8e15dabf21369ba5,535623,delta-omp,cpu,resident,s1,32,1,0,0,0,warm,24,1,12,154.156853,0,2.254134,0,151.901967,0,0,,3501,16302,0,0,16302,1152094,18473110,0,5bc57243d9998434,,0,1.56
20260927T195559Z-4fb3,8e15dabf21369ba5,650980,delta-omp,cpu,resident,s1,33,1,0,0,0,warm,24,1,12,154.484107,0,2.230324,0,152.253186,0,0,,3505,16303,0,0,16303,1152251,18474322,0,44b0659cf515f1ff,,0,1.56
20260927T195559Z-4fb3,8e15dabf21369ba5,884988,delta-omp,cpu,resident,s1,34,1,0,0,0,warm,24,1,12,154.863957,0,2.20576,0,152.657728,0,0,,3502,16313,0,0,16313,1152207,18476428,0,c51d5c97d41aca0d,,0,1.56
20260927T195559Z-4fb3,8e15dabf21369ba5,316027,delta-omp,cpu,resident,s1,35,1,0,0,0,warm,24,1,12,157.022309,0,2.382572,0,154.63918,0,0,,3502,16282,0,0,16282,1151972,18469994,0,614a5d716fbb4de0,,0,1.56
20260927T195559Z-4fb3,8e15dabf21369ba5,800397,delta-omp,cpu,resident,s1,36,1,0,0,0,warm,24,1,12,153.933155,0,2.199218,0,151.733456,0,0,,3503,16308,0,0,16308,1152110,18473426,0,319a99c467252119,,0,1.56
20260927T195559Z-4fb3,8e15dabf21369ba5,492565,delta-omp,cpu,resident,s1,37,1,0,0,0,warm,24,1,12,154.142504,0,2.233774,0,151.908337,0,0,,3502,16307,0,0,16307,1152048,18471058,0,a27338b58021c9c4,,0,1.56
20260927T195559Z-4fb3,8e15dabf21369ba5,826100,delta-omp,cpu,resident,s1,38,1,0,0,0,warm,24,1,12,153.924843,0,2.172023,0,151.751966,0,0,,3501,16277,0,0,16277,1151881,18470628,0,b08422e22cabd03d,,0,1.56
20260927T195559Z-4fb3,8e15dabf21369ba5,445492,delta-omp,cpu,resident,s1,39,1,0,0,0,warm,24,1,12,154.232972,0,2.18806,0,152.044326,0,0,,3502,16308,0,0,16308,1152112,18472092,0,b4e1be62146d06cc,,0,1.56
20260927T195559Z-4fb3,8e15dabf21369ba5,903723,delta-omp,cpu,resident,s1,40,1,0,0,0,warm,24,1,12,153.594914,0,2.176729,0,151.417496,0,0,,3505,16335,0,0,16335,1152232,18475846,0,9d9bedeac11b3e4f,,0,1.56
20260927T195559Z-4fb3,8e15dabf21369ba5,600641,delta-omp,cpu,resident,s1,41,1,0,0,0,warm,24,1,12,154.106181,0,2.198792,0,151.906674,0,0,,3503,16316,0,0,16316,1152213,18476190,0,78189fe7f02b1486,,0,1.56
20260927T195559Z-4fb3,8e15dabf21369ba5,850506,delta-omp,cpu,resident,s1,42,1,0,0,0,warm,24,1,12,155.125524,0,2.206861,0,152.918058,0,0,,3502,16291,0,0,16291,1151969,18472682,0,ed62f5d27cde2ad5,,0,1.56
20260927T195559Z-4fb3,8e15dabf21369ba5,92777,delta-omp,cpu,resident,s1,43,1,0,0,0,warm,24,1,12,153.512707,0,2.211878,0,151.300225,0,0,,3500,16285,0,0,16285,1151382,18461708,0,6eb915ca468c34f5,,0,1.56
20260927T195559Z-4fb3,8e15dabf21369ba5,189000,delta-omp,cpu,resident,s1,44,1,0,0,0,warm,24,1,12,154.189657,0,2.198196,0,151.990984,0,0,,3503,16298,0,0,16298,1151858,18468726,0,606df2d20b2c3393,,0,1.56
20260927T195559Z-4fb3,8e15dabf21369ba5,694683,delta-omp,cpu,resident,s1,45,1,0,0,0,warm,24,1,12,154.207939,0,2.26302,0,151.944439,0,0,,3503,16317,0,0,16317,1152205,18476432,0,ccd5845cf199bcf0,,0,1.56
20260927T195559Z-4fb3,8e15dabf21369ba5,544619,delta-omp,cpu,resident,s1,46,1,0,0,0,warm,24,1,12,153.805427,0,2.178696,0,151.626153,0,0,,3504,16294,0,0,16294,1151876,18469124,0,9e88a07e9d04a649,,0,1.56
20260927T195559Z-4fb3,8e15dabf21369ba5,873060,delta-omp,cpu,resident,s1,47,1,0,0,0,warm,24,1,12,154.447519,0,2.300887,0,152.145909,0,0,,3503,16273,0,0,16273,1152276,18478486,0,5ac56126a7b1a8b0,,0,1.56
20260927T195559Z-4fb3,8e15dabf21369ba5,172909,delta-omp,cpu,resident,s1,48,1,0,0,0,warm,24,1,12,155.137338,0,2.400837,0,152.736031,0,0,,3503,16299,0,0,16299,1151884,18469034,0,97f57edc044087f0,,0,1.56
20260927T195559Z-4fb3,8e15dabf21369ba5,120718,delta-omp,cpu,resident,s1,49,1,0,0,0,warm,24,1,12,154.216189,0,2.181106,0,152.03448,0,0,,3502,16238,0,0,16238,1152211,18477380,0,0cff41f9bbdddb77,,0,1.56
20260927T195559Z-4fb3,8e15dabf21369ba5,234554,delta-omp,cpu,resident,s1,50,1,0,0,0,warm,24,1,12,154.3352,0,2.216555,0,152.118015,0,0,,3506,16255,0,0,16255,1152201,18477158,0,a949a776d47d46f5,,0,1.56
20260927T195559Z-4fb3,8e15dabf21369ba5,570105,delta-omp,cpu,resident,s1,51,1,0,0,0,warm,24,1,12,154.474933,0,2.19574,0,152.278778,0,0,,3505,16322,0,0,16322,1152219,18476434,0,e17c623e2d4b508f,,0,1.56
20260927T195559Z-4fb3,8e15dabf21369ba5,842479,delta-omp,cpu,resident,s1,52,1,0,0,0,warm,24,1,12,153.976286,0,2.220186,0,151.755501,0,0,,3502,16321,0,0,16321,1152255,18476306,0,a258a2586ac5bf2e,,0,1.56
20260927T195559Z-4fb3,8e15dabf21369ba5,348456,delta-omp,cpu,resident,s1,53,1,0,0,0,warm,24,1,12,153.379682,0,2.184892,0,151.19436,0,0,,3504,16312,0,0,16312,1152121,18472218,0,105f5d597adb8c32,,0,1.51
20260927T195559Z-4fb3,8e15dabf21369ba5,831953,delta-omp,cpu,resident,s1,54,1,0,0,0,warm,24,1,12,153.955937,0,2.171915,0,151.783377,0,0,,3503,16299,0,0,16299,1152269,18474550,0,3ec23a9d53716ee1,,0,1.51
20260927T195559Z-4fb3,8e15dabf21369ba5,409707,delta-omp,cpu,resident,s1,55,1,0,0,0,warm,24,1,12,154.011561,0,2.203258,0,151.807688,0,0,,3502,16305,0,0,16305,1152118,18472152,0,9d187bf0003e16e5,,0,1.51
20260927T195559Z-4fb3,8e15dabf21369ba5,459557,delta-omp,cpu,resident,s1,56,1,0,0,0,warm,24,1,12,154.466778,0,2.195844,0,152.270413,0,0,,3506,16254,0,0,16254,1152180,18476894,0,5b054ae094967981,,0,1.51
20260927T195559Z-4fb3,8e15dabf21369ba5,472668,delta-omp,cpu,resident,s1,57,1,0,0,0,warm,24,1,12,153.993763,0,2.204819,0,151.788397,0,0,,3502,16281,0,0,16281,1152081,18471724,0,623072bf4512656e,,0,1.51
20260927T195559Z-4fb3,8e15dabf21369ba5,240184,delta-omp,cpu,resident,s1,58,1,0,0,0,warm,24,1,12,153.950156,0,2.25351,0,151.696086,0,0,,3502,16293,0,0,16293,1152304,18475314,0,4bb21d890c0e5ab7,,0,1.51
20260927T195559Z-4fb3,8e15dabf21369ba5,258439,delta-omp,cpu,resident,s1,59,1,0,0,0,warm,24,1,12,154.137287,0,2.231818,0,151.904981,0,0,,3502,16296,0,0,16296,1151325,18460794,0,253070116044b281,,0,1.51
20260927T195559Z-4fb3,8e15dabf21369ba5,767648,delta-omp,cpu,resident,s1,60,1,0,0,0,warm,24,1,12,154.398305,0,2.526966,0,151.870903,0,0,,3502,16313,0,0,16313,1152128,18473466,0,11e2d9c9d7746df3,,0,1.51
20260927T195559Z-4fb3,8e15dabf21369ba5,826214,delta-omp,cpu,resident,s1,61,1,0,0,0,warm,24,1,12,155.351902,0,2.177285,0,153.173925,0,0,,3502,16330,0,0,16330,1152217,18475530,0,e8360d647c14ee57,,0,1.51
20260927T195559Z-4fb3,8e15dabf21369ba5,216317,delta-omp,cpu,resident,s1,62,1,0,0,0,warm,24,1,12,153.773423,0,2.19372,0,151.579145,0,0,,3501,16286,0,0,16286,1151868,18469114,0,2e4ccbb54ddf2979,,0,1.51
20260927T195559Z-4fb3,8e15dabf21369ba5,834085,delta-omp,cpu,resident,s1,63,1,0,0,0,warm,24,1,12,154.563696,0,2.176423,0,152.386673,0,0,,3503,16311,0,0,16311,1152082,18471354,0,f1b88b3d09c22e23,,0,1.51
20260927T195559Z-4fb3,8e15dabf21369ba5,37297,delta-omp,cpu,resident,s1,64,1,0,0,0,warm,24,1,12,154.212754,0,2.226097,0,151.986181,0,0,,3502,16295,0,0,16295,1151353,18461304,0,14dac6e8a16de2b4,,0,1.51
20260927T195559Z-4fb3,8e15dabf21369ba5,297916,delta-omp,cpu,resident,s1,65,1,0,0,0,warm,24,1,12,154.112317,0,2.260055,0,151.851876,0,0,,3501,16304,0,0,16304,1152104,18473182,0,b8bff2a107af7329,,0,1.51
20260927T195559Z-4fb3,8e15dabf21369ba5,73513,delta-omp,cpu,resident,s1,66,1,0,0,0,warm,24,1,12,152.894829,0,2.188452,0,150.705967,0,0,,3498,16291,0,0,16291,1152079,18471548,0,69a87962490b5411,,0,1.51
20260927T195559Z-4fb3,8e15dabf21369ba5,315923,delta-omp,cpu,resident,s1,67,1,0,0,0,warm,24,1,12,153.260333,0,2.189461,0,151.070393,0,0,,3502,16299,0,0,16299,1152298,18475088,0,bf8b5a087b29f78e,,0,1.51
20260927T195559Z-4fb3,8e15dabf21369ba5,1029927,delta-omp,cpu,resident,s1,68,1,0,0,0,warm,24,1,12,153.614768,0,2.200837,0,151.413484,0,0,,3502,16281,0,0,16281,1151952,18469676,0,c51fac7401e252bb,,0,1.51
20260927T195559Z-4fb3,8e15dabf21369ba5,253516,delta-omp,cpu,resident,s1,69,1,0,0,0,warm,24,1,12,153.432961,0,2.167098,0,151.265345,0,0,,3500,16282,0,0,16282,1151338,18460942,0,a8be3ff576a67aaf,,0,1.51
20260927T195559Z-4fb3,8e15dabf21369ba5,843761,delta-omp,cpu,resident,s1,70,1,0,0,0,warm,24,1,12,154.780266,0,2.224492,0,152.555139,0,0,,3500,16289,0,0,16289,1152276,18474616,0,844345cbf713c839,,0,1.51
20260927T195559Z-4fb3,8e15dabf21369ba5,116648,delta-omp,cpu,resident,s1,71,1,0,0,0,warm,24,1,12,154.002988,0,2.278923,0,151.723443,0,0,,3502,16328,0,0,16328,1152362,18479052,0,3fe3826a8f281559,,0,1.51
20260927T195559Z-4fb3,8e15dabf21369ba5,898381,delta-omp,cpu,resident,s1,72,1,0,0,0,warm,24,1,12,153.446044,0,2.195212,0,151.250394,0,0,,3502,16243,0,0,16243,1152192,18477234,0,45beabd67a76159e,,0,1.51
20260927T195559Z-4fb3,8e15dabf21369ba5,33584,delta-omp,cpu,resident,s1,73,1,0,0,0,warm,24,1,12,154.110537,0,2.258566,0,151.851351,0,0,,3503,16309,0,0,16309,1152096,18473184,0,9757babc13435107,,0,1.51
20260927T195559Z-4fb3,8e15dabf21369ba5,264423,delta-omp,cpu,resident,s1,74,1,0,0,0,warm,24,1,12,155.409085,0,2.222692,0,153.185877,0,0,,3502,16308,0,0,16308,1152157,18473940,0,8769d9563f8cb590,,0,1.51
20260927T195559Z-4fb3,8e15dabf21369ba5,581085,delta-omp,cpu,resident,s1,75,1,0,0,0,warm,24,1,12,154.141793,0,2.213413,0,151.927719,0,0,,3505,16298,0,0,16298,1152029,18473678,0,239d1c2bf8d9cd62,,0,1.51
20260927T195559Z-4fb3,8e15dabf21369ba5,716354,delta-omp,cpu,resident,s1,76,1,0,0,0,warm,24,1,12,153.667403,0,2.173826,0,151.493173,0,0,,3502,16261,0,0,16261,1152243,18477716,0,fbbebe35a9b45729,,0,1.51
20260927T195559Z-4fb3,8e15dabf21369ba5,754603,delta-omp,cpu,resident,s1,77,1,0,0,0,warm,24,1,12,154.193615,0,2.178755,0,152.014393,0,0,,3504,16314,0,0,16314,1152113,18473188,0,145b21b9140aab92,,0,1.51
20260927T195559Z-4fb3,8e15dabf21369ba5,277866,delta-omp,cpu,resident,s1,78,1,0,0,0,warm,24,1,12,153.979447,0,2.195491,0,151.783279,0,0,,3502,16325,0,0,16325,1152329,18478498,0,9257702a5149c8f3,,0,1.51
20260927T195559Z-4fb3,8e15dabf21369ba5,917702,delta-omp,cpu,resident,s1,79,1,0,0,0,warm,24,1,12,153.382551,0,2.20855,0,151.173178,0,0,,3501,16303,0,0,16303,1152121,18472020,0,3e0b7636e3a7e06f,,0,1.51
20260927T195559Z-4fb3,8e15dabf21369ba5,474965,delta-omp,cpu,resident,s1,80,1,0,0,0,warm,24,1,12,154.070474,0,2.189907,0,151.880271,0,0,,3504,16310,0,0,16310,1152138,18473482,0,06e80998b455105b,,0,1.51
20260927T195559Z-4fb3,8e15dabf21369ba5,531108,delta-omp,cpu,resident,s1,81,1,0,0,0,warm,24,1,12,154.369779,0,2.199117,0,152.170079,0,0,,3502,16266,0,0,16266,1152270,18478228,0,171015491b0d386f,,0,1.51
20260927T195559Z-4fb3,8e15dabf21369ba5,137455,delta-omp,cpu,resident,s1,82,1,0,0,0,warm,24,1,12,153.991974,0,2.22247,0,151.768986,0,0,,3501,16302,0,0,16302,1152108,18473410,0,b759282a0ff5deb9,,0,1.51
20260927T195559Z-4fb3,8e15dabf21369ba5,171687,delta-omp,cpu,resident,s1,83,1,0,0,0,warm,24,1,12,153.790181,0,2.209193,0,151.58052,0,0,,3503,16295,0,0,16295,1151330,18460860,0,7039a73e5109e62e,,0,1.51
20260927T195559Z-4fb3,8e15dabf21369ba5,929989,delta-omp,cpu,resident,s1,84,1,0,0,0,warm,24,1,12,153.70913,0,2.186369,0,151.52212,0,0,,3503,16302,0,0,16302,1152263,18474402,0,2c7821b5fc99b21d,,0,1.51
20260927T195559Z-4fb3,8e15dabf21369ba5,239618,delta-omp,cpu,resident,s1,85,1,0,0,0,warm,24,1,12,153.890047,0,2.349011,0,151.54056,0,0,,3504,16306,0,0,16306,1151372,18461334,0,e0ca554f6bc5af38,,0,1.47
20260927T195559Z-4fb3,8e15dabf21369ba5,888073,delta-omp,cpu,resident,s1,86,1,0,0,0,warm,24,1,12,154.04717,0,2.204217,0,151.84209,0,0,,3503,16306,0,0,16306,1152239,18474040,0,502345b01d88cc39,,0,1.47
20260927T195559Z-4fb3,8e15dabf21369ba5,423524,delta-omp,cpu,resident,s1,87,1,0,0,0,warm,24,1,12,155.074351,0,2.213265,0,152.860652,0,0,,3501,16290,0,0,16290,1151359,18461328,0,bbb57c9a21f0b553,,0,1.47
20260927T195559Z-4fb3,8e15dabf21369ba5,51368,delta-omp,cpu,resident,s1,88,1,0,0,0,warm,24,1,12,154.274454,0,2.24306,0,152.031071,0,0,,3502,16288,0,0,16288,1151807,18467858,0,a973095120b9cf0d,,0,1.47
20260927T195559Z-4fb3,8e15dabf21369ba5,166757,delta-omp,cpu,resident,s1,89,1,0,0,0,warm,24,1,12,154.196624,0,2.212673,0,151.983363,0,0,,3501,16311,0,0,16311,1152232,18476700,0,40bd2deb1c943f0d,,0,1.47
20260927T195559Z-4fb3,8e15dabf21369ba5,319756,delta-omp,cpu,resident,s1,90,1,0,0,0,warm,24,1,12,155.046886,0,2.271049,0,152.775405,0,0,,3502,16294,0,0,16294,1152013,18473382,0,750c2ee6c0ce55b8,,0,1.47
20260927T195559Z-4fb3,8e15dabf21369ba5,893116,delta-omp,cpu,resident,s1,91,1,0,0,0,warm,24,1,12,154.302513,0,2.202896,0,152.098755,0,0,,3503,16317,0,0,16317,1152169,18475576,0,c244bbf931a9ff66,,0,1.47
20260927T195559Z-4fb3,8e15dabf21369ba5,278999,delta-omp,cpu,resident,s1,92,1,0,0,0,warm,24,1,12,154.499462,0,2.211752,0,152.287154,0,0,,3503,16300,0,0,16300,1152011,18473378,0,00480761c37b434d,,0,1.47
20260927T195559Z-4fb3,8e15dabf21369ba5,172699,delta-omp,cpu,resident,s1,93,1,0,0,0,warm,24,1,12,154.443024,0,2.239487,0,152.203097,0,0,,3504,16313,0,0,16313,1152211,18476302,0,355c1585721248e1,,0,1.47
20260927T195559Z-4fb3,8e15dabf21369ba5,720346,delta-omp,cpu,resident,s1,94,1,0,0,0,warm,24,1,12,154.281788,0,2.227423,0,152.053873,0,0,,3501,16325,0,0,16325,1152223,18475964,0,b6321497e33b2b9d,,0,1.47
20260927T195559Z-4fb3,8e15dabf21369ba5,417697,delta-omp,cpu,resident,s1,95,1,0,0,0,warm,24,1,12,153.686923,0,2.140371,0,151.546248,0,0,,3505,16319,0,0,16319,1152231,18476722,0,0a1339e166047fdc,,0,1.47
20260927T195559Z-4fb3,8e15dabf21369ba5,768200,delta-omp,cpu,resident,s1,96,1,0,0,0,warm,24,1,12,154.005277,0,2.17374,0,151.830904,0,0,,3502,16301,0,0,16301,1152306,18475290,0,7b26b07a5cc20a22,,0,1.47
20260927T195559Z-4fb3,8e15dabf21369ba5,896444,delta-omp,cpu,resident,s1,97,1,0,0,0,warm,24,1,12,154.176365,0,2.204424,0,151.971497,0,0,,3504,16316,0,0,16316,1152153,18472742,0,eb5a677675b88b2f,,0,1.47
20260927T195559Z-4fb3,8e15dabf21369ba5,87619,delta-omp,cpu,resident,s1,98,1,0,0,0,warm,24,1,12,153.646573,0,2.178727,0,151.46709,0,0,,3505,16305,0,0,16305,1152246,18474224,0,5200e13c6c0b71d2,,0,1.47
20260927T195559Z-4fb3,8e15dabf21369ba5,521404,delta-omp,cpu,resident,s1,99,1,0,0,0,warm,24,1,12,153.866507,0,2.182117,0,151.683444,0,0,,3503,16294,0,0,16294,1152015,18473352,0,103851ab84166de3,,0,1.47
20260927T195559Z-4fb3,8e15dabf21369ba5,530513,delta-omp,cpu,resident,s1,100,1,0,0,0,warm,24,1,12,155.659403,0,2.225635,0,153.433176,0,0,,3502,16306,0,0,16306,1152135,18473862,0,552da161d8a41475,,0,1.47
20260927T195559Z-4fb3,8e15dabf21369ba5,10624,delta-omp,cpu,resident,s1,101,1,0,0,0,warm,24,1,12,154.004646,0,2.193222,0,151.810891,0,0,,3502,16241,0,0,16241,1152207,18477288,0,bdf1e4235b2c5d71,,0,1.47
20260927T195559Z-4fb3,8e15dabf21369ba5,771433,delta-omp,cpu,resident,s1,102,1,0,0,0,warm,24,1,12,153.734149,0,2.181728,0,151.551573,0,0,,3503,16312,0,0,16312,1152189,18475930,0,ad3bbc64b326e2ec,,0,1.47
20260927T195559Z-4fb3,8e15dabf21369ba5,124155,delta-omp,cpu,resident,s1,103,1,0,0,0,warm,24,1,12,153.947172,0,2.20375,0,151.742962,0,0,,3502,16294,0,0,16294,1152039,18473710,0,50970e53e745be2f,,0,1.47
20260927T195559Z-4fb3,8e15dabf21369ba5,870629,delta-omp,cpu,resident,s1,104,1,0,0,0,warm,24,1,12,153.934617,0,2.259574,0,151.674516,0,0,,3501,16287,0,0,16287,1151330,18460820,0,e81bad72cb10adbb,,0,1.47
20260927T195559Z-4fb3,8e15dabf21369ba5,496824,delta-omp,cpu,resident,s1,105,1,0,0,0,warm,24,1,12,154.144195,0,2.195656,0,151.948016,0,0,,3501,16264,0,0,16264,1152283,18478558,0,6c8ac37e578005a3,,0,1.47
20260927T195559Z-4fb3,8e15dabf21369ba5,880012,delta-omp,cpu,resident,s1,106,1,0,0,0,warm,24,1,12,154.036022,0,2.260789,0,151.77454,0,0,,3503,16281,0,0,16281,1151988,18470312,0,8ccba16252198116,,0,1.47
20260927T195559Z-4fb3,8e15dabf21369ba5,663000,delta-omp,cpu,resident,s1,107,1,0,0,0,warm,24,1,12,154.286201,0,2.245611,0,152.040029,0,0,,3503,16295,0,0,16295,1151839,18468532,0,902cf10109055e10,,0,1.47
20260927T195559Z-4fb3,8e15dabf21369ba5,1043132,delta-omp,cpu,resident,s1,108,1,0,0,0,warm,24,1,12,154.072664,0,2.18595,0,151.886155,0,0,,3503,16312,0,0,16312,1152063,18472498,0,66a901d1343276af,,0,1.47
20260927T195559Z-4fb3,8e15dabf21369ba5,605213,delta-omp,cpu,resident,s1,109,1,0,0,0,warm,24,1,12,153.931173,0,2.211232,0,151.719288,0,0,,3503,16317,0,0,16317,1152218,18476592,0,82779a3371e6f2cd,,0,1.47
20260927T195559Z-4fb3,8e15dabf21369ba5,866643,delta-omp,cpu,resident,s1,110,1,0,0,0,warm,24,1,12,153.484624,0,2.21904,0,151.265024,0,0,,3501,16325,0,0,16325,1152344,18478860,0,00b32b95442d06d1,,0,1.47
20260927T195559Z-4fb3,8e15dabf21369ba5,584213,delta-omp,cpu,resident,s1,111,1,0,0,0,warm,24,1,12,153.66678,0,2.194447,0,151.471853,0,0,,3504,16293,0,0,16293,1151828,18468190,0,7416ed67c950f20f,,0,1.47
20260927T195559Z-4fb3,8e15dabf21369ba5,618833,delta-omp,cpu,resident,s1,112,1,0,0,0,warm,24,1,12,153.695768,0,2.212633,0,151.482792,0,0,,3505,16305,0,0,16305,1152314,18475430,0,59446c1b822407d2,,0,1.47
20260927T195559Z-4fb3,8e15dabf21369ba5,688407,delta-omp,cpu,resident,s1,113,1,0,0,0,warm,24,1,12,156.102083,0,2.174745,0,153.926951,0,0,,3503,16317,0,0,16317,1152234,18476720,0,80b32c641fa4052f,,0,1.47
20260927T195559Z-4fb3,8e15dabf21369ba5,66042,delta-omp,cpu,resident,s1,114,1,0,0,0,warm,24,1,12,154.198594,0,2.263258,0,151.934811,0,0,,3504,16313,0,0,16313,1152090,18471808,0,28e9bc0fd5874b1d,,0,1.47
20260927T195559Z-4fb3,8e15dabf21369ba5,793602,delta-omp,cpu,resident,s1,115,1,0,0,0,warm,24,1,12,153.475001,0,2.181192,0,151.293108,0,0,,3502,16282,0,0,16282,1151953,18469640,0,2c7cac84c0f043b2,,0,1.47
20260927T195559Z-4fb3,8e15dabf21369ba5,561707,delta-omp,cpu,resident,s1,116,1,0,0,0,warm,24,1,12,154.003238,0,2.224027,0,151.77871,0,0,,3503,16308,0,0,16308,1152135,18472566,0,78de0e16ea4fde1f,,0,1.47
20260927T195559Z-4fb3,8e15dabf21369ba5,692599,delta-omp,cpu,resident,s1,117,1,0,0,0,warm,24,1,12,153.757198,0,2.182091,0,151.574696,0,0,,3503,16297,0,0,16297,1152324,18475232,0,08fba6af4af64866,,0,1.47
20260927T195559Z-4fb3,8e15dabf21369ba5,814798,delta-omp,cpu,resident,s1,118,1,0,0,0,warm,24,1,12,154.198925,0,2.238928,0,151.959418,0,0,,3503,16301,0,0,16301,1152279,18474612,0,e5f8753d02ce6cf0,,0,1.43
20260927T195559Z-4fb3,8e15dabf21369ba5,432532,delta-omp,cpu,resident,s1,119,1,0,0,0,warm,24,1,12,154.457705,0,2.192845,0,152.264283,0,0,,3505,16305,0,0,16305,1152289,18474904,0,146303230195b596,,0,1.43
20260927T195559Z-4fb3,8e15dabf21369ba5,511103,delta-omp,cpu,resident,s1,120,1,0,0,0,warm,24,1,12,154.336455,0,2.233213,0,152.102705,0,0,,3504,16313,0,0,16313,1152059,18471124,0,5b6f9268a090014b,,0,1.43
20260927T195559Z-4fb3,8e15dabf21369ba5,827115,delta-omp,cpu,resident,s1,121,1,0,0,0,warm,24,1,12,153.29761,0,2.18378,0,151.113317,0,0,,3502,16237,0,0,16237,1152183,18477142,0,c2ef225c7d1b6cf1,,0,1.43
20260927T195559Z-4fb3,8e15dabf21369ba5,816247,delta-omp,cpu,resident,s1,122,1,0,0,0,warm,24,1,12,153.799545,0,2.213712,0,151.585314,0,0,,3501,16325,0,0,16325,1152119,18473824,0,53b5c4c422a03130,,0,1.43
20260927T195559Z-4fb3,8e15dabf21369ba5,653088,delta-omp,cpu,resident,s1,123,1,0,0,0,warm,24,1,12,154.31865,0,2.386119,0,151.931919,0,0,,3503,16313,0,0,16313,1152118,18472174,0,c3d6e7835680af1d,,0,1.43
20260927T195559Z-4fb3,8e15dabf21369ba5,5503,delta-omp,cpu,resident,s1,124,1,0,0,0,warm,24,1,12,154.286328,0,2.199572,0,152.085944,0,0,,3504,16318,0,0,16318,1152085,18471632,0,7f946bb6b5cc0269,,0,1.43
20260927T195559Z-4fb3,8e15dabf21369ba5,320284,delta-omp,cpu,resident,s1,125,1,0,0,0,warm,24,1,12,149.096114,0,2.494718,0,146.600567,0,0,,3501,16284,0,0,16284,1152014,18473486,0,0fae1bee80d60ba0,,0,1.43
20260927T195559Z-4fb3,8e15dabf21369ba5,909227,delta-omp,cpu,resident,s1,126,1,0,0,0,warm,24,1,12,156.263287,0,2.191848,0,154.070529,0,0,,3505,16320,0,0,16320,1152235,18476842,0,e28d5b4774195c35,,0,1.43
20260927T195559Z-4fb3,8e15dabf21369ba5,116150,delta-omp,cpu,resident,s1,127,1,0,0,0,warm,24,1,12,153.817537,0,2.234726,0,151.581806,0,0.000177,,3504,16317,0,0,16317,1152126,18473622,0,0d649a1cfc009d11,,0,1.43
20260927T195559Z-4fb3,8e15dabf21369ba5,869618,gpu-frontier,gpu,resident,s1,0,1,0,0,1,warm,0,1,0,179.964489,0,0.287574,4.28553581,174.874649,0.491847,0,,4587,4587,4587,0,0,117015128,935548651,0,751532ac148dc9b8,2508.60087,0,1.43
20260927T195559Z-4fb3,8e15dabf21369ba5,971814,gpu-frontier,gpu,resident,s1,1,1,0,0,1,warm,0,1,0,168.674245,0,0,0,168.135513,0.521558,0,,4589,4589,4589,0,0,118062591,943927207,0,9518212de198ffff,2509.24048,0,1.43
20260927T195559Z-4fb3,8e15dabf21369ba5,31242,gpu-frontier,gpu,resident,s1,2,1,0,0,1,warm,0,1,0,165.439205,0,0,0,164.934494,0.489311,0,,4589,4589,4589,0,0,118088063,944130878,0,f05350b1e5a33e24,2513.72573,0,1.43
20260927T195559Z-4fb3,8e15dabf21369ba5,465080,gpu-frontier,gpu,resident,s1,3,1,0,0,1,warm,0,1,0,163.962663,0,0,0,163.464966,0.482517,0,,4587,4587,4587,0,0,117016924,935562866,0,8e8e4c91e128ce0a,2513.72573,0,1.43
20260927T195559Z-4fb3,8e15dabf21369ba5,490397,gpu-frontier,gpu,resident,s1,4,1,0,0,1,warm,0,1,0,165.0302,0,0,0,164.476669,0.53837,0,,4589,4589,4589,0,0,118061546,943918699,0,9f12266aba714d52,2513.72573,0,1.43
20260927T195559Z-4fb3,8e15dabf21369ba5,76089,gpu-frontier,gpu,resident,s1,5,1,0,0,1,warm,0,1,0,165.795354,0,0,0,165.255005,0.52558,0,,4591,4591,4591,0,0,119114185,952338460,0,d20d780cb45c7881,2513.72573,0,1.43
20260927T195559Z-4fb3,8e15dabf21369ba5,278740,gpu-frontier,gpu,resident,s1,6,1,0,0,1,warm,0,1,0,168.89781,0,0,0,168.382339,0.500258,0,,4591,4591,4591,0,0,119103401,952252120,0,fff3e1dae5373eae,2513.1642,0,1.43
20260927T195559Z-4fb3,8e15dabf21369ba5,503399,gpu-frontier,gpu,resident,s1,7,1,0,0,1,warm,0,1,0,165.669305,0,0,0,165.167007,0.486019,0,,4589,4589,4589,0,0,118058225,943891826,0,2ee85e090f01e3ca,2513.72573,0,1.43
20260927T195559Z-4fb3,8e15dabf21369ba5,221519,gpu-frontier,gpu,resident,s1,8,1,0,0,1,warm,0,1,0,165.966006,0,0,0,165.475876,0.474217,0,,4591,4591,4591,0,0,119112238,952323050,0,343c1c55f34d0873,2513.24427,0,1.43
20260927T195559Z-4fb3,8e15dabf21369ba5,335280,gpu-frontier,gpu,resident,s1,9,1,0,0,1,warm,0,1,0,164.212979,0,0,0,163.728287,0.469242,0,,4587,4587,4587,0,0,117017146,935564526,0,2b6a31403bc4bf79,2513.72573,0,1.43
20260927T195559Z-4fb3,8e15dabf21369ba5,506979,gpu-frontier,gpu,resident,s1,10,1,0,0,1,warm,0,1,0,165.531684,0,0,0,164.941406,0.572601,0,,4589,4589,4589,0,0,118057197,943884102,0,a3371bc10f34b12d,2513.00376,0,1.43
20260927T195559Z-4fb3,8e15dabf21369ba5,312158,gpu-frontier,gpu,resident,s1,11,1,0,0,1,warm,0,1,0,166.639357,0,0,0,166.05072,0.573653,0,,4591,4591,4591,0,0,119106901,952280538,0,c08049994f6005a4,2513.72573,0,1.43
20260927T195559Z-4fb3,8e15dabf21369ba5,832027,gpu-frontier,gpu,resident,s1,12,1,0,0,1,warm,0,1,0,165.994994,0,0,0,165.480927,0.499081,0,,4591,4591,4591,0,0,119124224,952419110,0,41f33decba27f8bc,2513.72573,0,1.43
20260927T195559Z-4fb3,8e15dabf21369ba5,86626,gpu-frontier,gpu,resident,s1,13,1,0,0,1,warm,0,1,0,167.765019,0,0,0,167.266617,0.482457,0,,4587,4587,4587,0,0,117017984,935571958,0,07c2e89a1c495cef,2513.72573,0,1.43
20260927T195559Z-4fb3,8e15dabf21369ba5,893373,gpu-frontier,gpu,resident,s1,14,1,0,0,1,warm,0,1,0,166.417838,0,0,0,165.92067,0.480756,0,,4587,4587,4587,0,0,117015506,935551749,0,e7c677fd68b64919,2513.72573,0,1.43
20260927T195559Z-4fb3,8e15dabf21369ba5,382778,gpu-frontier,gpu,resident,s1,15,1,0,0,1,warm,0,1,0,165.745161,0,0,0,165.24614,0.482911,0,,4589,4589,4589,0,0,118059823,943905120,0,54586fc58d6eb62a,2513.56522,0,1.43
20260927T195559Z-4fb3,8e15dabf21369ba5,941579,gpu-frontier,gpu,resident,s1,16,1,0,0,1,warm,0,1,0,164.309925,0,0,0,163.734726,0.558503,0,,4587,4587,4587,0,0,117026237,935637862,0,fa4caab918588767,2513.72573,0,1.43
20260927T195559Z-4fb3,8e15dabf21369ba5,866763,gpu-frontier,gpu,resident,s1,17,1,0,0,1,warm,0,1,0,166.338545,0,0,0,165.809982,0.51348,0,,4591,4591,4591,0,0,119038283,951732142,0,fd28e53cbc45c9c2,2513.72573,0,1.43
20260927T195559Z-4fb3,8e15dabf21369ba5,963938,gpu-frontier,gpu,resident,s1,18,1,0,0,1,warm,0,1,0,166.058886,0,0,0,165.547012,0.495577,0,,4591,4591,4591,0,0,119106742,952279421,0,facd783cc4a64e59,2513.56522,0,1.43
20260927T195559Z-4fb3,8e15dabf21369ba5,600082,gpu-frontier,gpu,resident,s1,19,1,0,0,1,warm,0,1,0,166.28368,0,0,0,165.740067,0.527805,0,,4591,4591,4591,0,0,119100743,952231237,0,3b83e701139a037f,2513.72573,0,1.43
20260927T195559Z-4fb3,8e15dabf21369ba5,533035,gpu-frontier,gpu,resident,s1,20,1,0,0,1,warm,0,1,0,170.48748,0,0,0,169.919357,0.551513,0,,4591,4591,4591,0,0,119092463,952164894,0,b6d4affba2be94b4,2513.24427,0,1.4
20260927T195559Z-4fb3,8e15dabf21369ba5,464239,gpu-frontier,gpu,resident,s1,21,1,0,0,1,warm,0,1,0,167.669196,0,0,0,167.166977,0.487204,0,,4591,4591,4591,0,0,119061669,951918930,0,477b960c0d88bea5,2513.72573,0,1.4
20260927T195559Z-4fb3,8e15dabf21369ba5,738023,gpu-frontier,gpu,resident,s1,22,1,0,0,1,warm,0,1,0,167.464487,0,0,0,166.8703,0.577726,0,,4593,4593,4593,0,0,120101329,960234774,0,a5750b7e04034b8b,2513.96638,0,1.4
20260927T195559Z-4fb3,8e15dabf21369ba5,256371,gpu-frontier,gpu,resident,s1,23,1,0,0,1,warm,0,1,0,166.080716,0,0,0,165.552963,0.51181,0,,4591,4591,4591,0,0,119099481,952220947,0,d3f0f164749d3139,2513.72573,0,1.4
20260927T195559Z-4fb3,8e15dabf21369ba5,426064,gpu-frontier,gpu,resident,s1,24,1,0,0,1,warm,0,1,0,164.397501,0,0,0,163.879044,0.501906,0,,4587,4587,4587,0,0,117017358,935566553,0,04322492b4dffba5,2513.24427,0,1.4
20260927T195559Z-4fb3,8e15dabf21369ba5,89702,gpu-frontier,gpu,resident,s1,25,1,0,0,1,warm,0,1,0,164.355907,0,0,0,163.824707,0.515616,0,,4587,4587,4587,0,0,117016646,935560545,0,764657ec09a11926,2513.72573,0,1.4
20260927T195559Z-4fb3,8e15dabf21369ba5,919406,gpu-frontier,gpu,resident,s1,26,1,0,0,1,warm,0,1,0,164.321728,0,0,0,163.766296,0.537234,0,,4587,4587,4587,0,0,117016158,935556411,0,364c5c2507bb3016,2513.72573,0,1.4
20260927T195559Z-4fb3,8e15dabf21369ba5,202818,gpu-frontier,gpu,resident,s1,27,1,0,0,1,warm,0,1,0,170.565551,0,0,0,170.035355,0.514965,0,,4591,4591,4591,0,0,119092822,952167830,0,a0ee314844dc764d,2513.40474,0,1.4
20260927T195559Z-4fb3,8e15dabf21369ba5,302043,gpu-frontier,gpu,resident,s1,28,1,0,0,1,warm,0,1,0,167.471207,0,0,0,166.870499,0.584578,0,,4589,4589,4589,0,0,118059954,943906101,0,2bf716e742937517,2513.72573,0,1.4
20260927T195559Z-4fb3,8e15dabf21369ba5,508062,gpu-frontier,gpu,resident,s1,29,1,0,0,1,warm,0,1,0,165.690117,0,0,0,165.169159,0.504553,0,,4589,4589,4589,0,0,118063919,943937477,0,e984b929b9ff66e8,2511.96159,0,1.4
20260927T195559Z-4fb3,8e15dabf21369ba5,189131,gpu-frontier,gpu,resident,s1,30,1,0,0,1,warm,0,1,0,164.343963,0,0,0,163.796768,0.531589,0,,4587,4587,4587,0,0,117015049,935547800,0,d54b22444535f3de,2513.72573,0,1.4
20260927T195559Z-4fb3,8e15dabf21369ba5,943487,gpu-frontier,gpu,resident,s1,31,1,0,0,1,warm,0,1,0,164.226638,0,0,0,163.736389,0.474193,0,,4587,4587,4587,0,0,117032613,935688474,0,5440a6241f47a317,2513.72573,0,1.4
20260927T195559Z-4fb3,8e15dabf21369ba5,535623,gpu-frontier,gpu,resident,s1,32,1,0,0,1,warm,0,1,0,165.159589,0,0,0,164.662079,0.477099,0,,4589,4589,4589,0,0,118079034,944058101,0,5bc57243d9998434,2513.24427,0,1.4
20260927T195559Z-4fb3,8e15dabf21369ba5,650980,gpu-frontier,gpu,resident,s1,33,1,0,0,1,warm,0,1,0,166.167397,0,0,0,165.604538,0.546443,0,,4591,4591,4591,0,0,119097965,952209134,0,44b0659cf515f1ff,2513.72573,0,1.4
20260927T195559Z-4fb3,8e15dabf21369ba5,884988,gpu-frontier,gpu,resident,s1,34,1,0,0,1,warm,0,1,0,169.435342,0,0,0,168.833374,0.578972,0,,4589,4589,4589,0,0,118058713,943895965,0,c51d5c97d41aca0d,2513.56522,0,1.4
20260927T195559Z-4fb3,8e15dabf21369ba5,316027,gpu-frontier,gpu,resident,s1,35,1,0,0,1,warm,0,1,0,167.462061,0,0,0,166.926178,0.519892,0,,4589,4589,4589,0,0,118061750,943920270,0,614a5d716fbb4de0,2513.72573,0,1.4
20260927T195559Z-4fb3,8e15dabf21369ba5,800397,gpu-frontier,gpu,resident,s1,36,1,0,0,1,warm,0,1,0,166.508145,0,0,0,165.994553,0.49758,0,,4591,4591,4591,0,0,119046670,951798817,0,319a99c467252119,2513.72573,0,1.4
20260927T195559Z-4fb3,8e15dabf21369ba5,492565,gpu-frontier,gpu,resident,s1,37,1,0,0,1,warm,0,1,0,166.078036,0,0,0,165.570496,0.492124,0,,4591,4591,4591,0,0,119103538,952253420,0,a27338b58021c9c4,2513.72573,0,1.4
20260927T195559Z-4fb3,8e15dabf21369ba5,826100,gpu-frontier,gpu,resident,s1,38,1,0,0,1,warm,0,1,0,164.096889,0,0,0,163.620865,0.460706,0,,4587,4587,4587,0,0,117029315,935661808,0,b08422e22cabd03d,2512.2022,0,1.4
20260927T195559Z-4fb3,8e15dabf21369ba5,445492,gpu-frontier,gpu,resident,s1,39,1,0,0,1,warm,0,1,0,166.184835,0,0,0,165.699387,0.470473,0,,4591,4591,4591,0,0,119103035,952249258,0,b4e1be62146d06cc,2513.72573,0,1.4
20260927T195559Z-4fb3,8e15dabf21369ba5,903723,gpu-frontier,gpu,resident,s1,40,1,0,0,1,warm,0,1,0,165.87051,0,0,0,165.332092,0.523841,0,,4591,4591,4591,0,0,118520114,947586593,0,9d9bedeac11b3e4f,2513.1642,0,1.4
20260927T195559Z-4fb3,8e15dabf21369ba5,600641,gpu-frontier,gpu,resident,s1,41,1,0,0,1,warm,0,1,0,169.356627,0,0,0,168.839035,0.501295,0,,4591,4591,4591,0,0,119093403,952172215,0,78189fe7f02b1486,2513.72573,0,1.4
20260927T195559Z-4fb3,8e15dabf21369ba5,850506,gpu-frontier,gpu,resident,s1,42,1,0,0,1,warm,0,1,0,166.568624,0,0,0,166.039551,0.513403,0,,4587,4587,4587,0,0,117017853,935570077,0,ed62f5d27cde2ad5,2511.72132,0,1.4
20260927T195559Z-4fb3,8e15dabf21369ba5,92777,gpu-frontier,gpu,resident,s1,43,1,0,0,1,warm,0,1,0,165.596709,0,0,0,165.110428,0.470353,0,,4589,4589,4589,0,0,118061154,943915834,0,6eb915ca468c34f5,2513.72573,0,1.4
20260927T195559Z-4fb3,8e15dabf21369ba5,189000,gpu-frontier,gpu,resident,s1,44,1,0,0,1,warm,0,1,0,165.274543,0,0,0,164.745026,0.515145,0,,4589,4589,4589,0,0,118065191,943947714,0,606df2d20b2c3393,2513.32465,0,1.4
20260927T195559Z-4fb3,8e15dabf21369ba5,694683,gpu-frontier,gpu,resident,s1,45,1,0,0,1,warm,0,1,0,165.77204,0,0,0,165.197983,0.558373,0,,4591,4591,4591,0,0,119102956,952249040,0,ccd5845cf199bcf0,2513.40474,0,1.4
20260927T195559Z-4fb3,8e15dabf21369ba5,544619,gpu-frontier,gpu,resident,s1,46,1,0,0,1,warm,0,1,0,165.381199,0,0,0,164.801498,0.564425,0,,4589,4589,4589,0,0,118073467,944013541,0,9e88a07e9d04a649,2513.08413,0,1.4
20260927T195559Z-4fb3,8e15dabf21369ba5,873060,gpu-frontier,gpu,resident,s1,47,1,0,0,1,warm,0,1,0,165.040582,0,0,0,164.525894,0.500912,0,,4589,4589,4589,0,0,118063959,943938054,0,5ac56126a7b1a8b0,2513.72573,0,1.4
20260927T195559Z-4fb3,8e15dabf21369ba5,172909,gpu-frontier,gpu,resident,s1,48,1,0,0,1,warm,0,1,0,167.512254,0,0,0,167.006119,0.487918,0,,4587,4587,4587,0,0,117032500,935687487,0,97f57edc044087f0,2512.12189,0,1.4
20260927T195559Z-4fb3,8e15dabf21369ba5,120718,gpu-frontier,gpu,resident,s1,49,1,0,0,1,warm,0,1,0,167.279878,0,0,0,166.801315,0.463181,0,,4589,4589,4589,0,0,118059408,943901816,0,0cff41f9bbdddb77,2512.2022,0,1.36
20260927T195559Z-4fb3,8e15dabf21369ba5,234554,gpu-frontier,gpu,resident,s1,50,1,0,0,1,warm,0,1,0,164.817616,0,0,0,164.322052,0.478942,0,,4587,4587,4587,0,0,117017671,935568781,0,a949a776d47d46f5,2513.32465,0,1.36
20260927T195559Z-4fb3,8e15dabf21369ba5,570105,gpu-frontier,gpu,resident,s1,51,1,0,0,1,warm,0,1,0,165.122475,0,0,0,164.628326,0.478117,0,,4589,4589,4589,0,0,118066809,943960837,0,e17c623e2d4b508f,2511.96159,0,1.36
20260927T195559Z-4fb3,8e15dabf21369ba5,842479,gpu-frontier,gpu,resident,s1,52,1,0,0,1,warm,0,1,0,165.174881,0,0,0,164.646912,0.511732,0,,4589,4589,4589,0,0,118061326,943917203,0,a258a2586ac5bf2e,2513.32465,0,1.36
20260927T195559Z-4fb3,8e15dabf21369ba5,348456,gpu-frontier,gpu,resident,s1,53,1,0,0,1,warm,0,1,0,165.972621,0,0,0,165.4505,0.507003,0,,4591,4591,4591,0,0,119113138,952330295,0,105f5d597adb8c32,2513.72573,0,1.36
20260927T195559Z-4fb3,8e15dabf21369ba5,831953,gpu-frontier,gpu,resident,s1,54,1,0,0,1,warm,0,1,0,165.980077,0,0,0,165.472,0.491182,0,,4591,4591,4591,0,0,119128077,952449510,0,3ec23a9d53716ee1,2513.72573,0,1.36
20260927T195559Z-4fb3,8e15dabf21369ba5,409707,gpu-frontier,gpu,resident,s1,55,1,0,0,1,warm,0,1,0,167.589407,0,0,0,167.022781,0.549616,0,,4587,4587,4587,0,0,117017172,935564891,0,9d187bf0003e16e5,2512.04188,0,1.36
20260927T195559Z-4fb3,8e15dabf21369ba5,459557,gpu-frontier,gpu,resident,s1,56,1,0,0,1,warm,0,1,0,167.358622,0,0,0,166.823715,0.519588,0,,4589,4589,4589,0,0,118212870,945128552,0,5b054ae094967981,2513.72573,0,1.36
20260927T195559Z-4fb3,8e15dabf21369ba5,472668,gpu-frontier,gpu,resident,s1,57,1,0,0,1,warm,0,1,0,165.104752,0,0,0,164.540573,0.548882,0,,4587,4587,4587,0,0,117018836,935578656,0,623072bf4512656e,2513.72573,0,1.36
20260927T195559Z-4fb3,8e15dabf21369ba5,240184,gpu-frontier,gpu,resident,s1,58,1,0,0,1,warm,0,1,0,165.343053,0,0,0,164.767838,0.559479,0,,4589,4589,4589,0,0,118069024,943978187,0,4bb21d890c0e5ab7,2513.72573,0,1.36
20260927T195559Z-4fb3,8e15dabf21369ba5,258439,gpu-frontier,gpu,resident,s1,59,1,0,0,1,warm,0,1,0,164.443997,0,0,0,163.92218,0.506614,0,,4587,4587,4587,0,0,117017949,935571075,0,253070116044b281,2513.72573,0,1.36
20260927T195559Z-4fb3,8e15dabf21369ba5,767648,gpu-frontier,gpu,resident,s1,60,1,0,0,1,warm,0,1,0,165.118108,0,0,0,164.609985,0.492042,0,,4589,4589,4589,0,0,118061667,943919665,0,11e2d9c9d7746df3,2513.72573,0,1.36
20260927T195559Z-4fb3,8e15dabf21369ba5,826214,gpu-frontier,gpu,resident,s1,61,1,0,0,1,warm,0,1,0,166.176139,0,0,0,165.682205,0.478056,0,,4591,4591,4591,0,0,119092759,952167096,0,e8360d647c14ee57,2512.2022,0,1.36
20260927T195559Z-4fb3,8e15dabf21369ba5,216317,gpu-frontier,gpu,resident,s1,62,1,0,0,1,warm,0,1,0,168.394603,0,0,0,167.901093,0.477135,0,,4587,4587,4587,0,0,117016433,935559124,0,2e4ccbb54ddf2979,2513.72573,0,1.36
20260927T195559Z-4fb3,8e15dabf21369ba5,834085,gpu-frontier,gpu,resident,s1,63,1,0,0,1,warm,0,1,0,166.951349,0,0,0,166.455261,0.479638,0,,4589,4589,4589,0,0,118062779,943928384,0,f1b88b3d09c22e23,2513.72573,0,1.36
20260927T195559Z-4fb3,8e15dabf21369ba5,37297,gpu-frontier,gpu,resident,s1,64,1,0,0,1,warm,0,1,0,165.980429,0,0,0,165.415802,0.548335,0,,4589,4589,4589,0,0,118062208,943924028,0,14dac6e8a16de2b4,2513.1642,0,1.36
20260927T195559Z-4fb3,8e15dabf21369ba5,297916,gpu-frontier,gpu,resident,s1,65,1,0,0,1,warm,0,1,0,165.293578,0,0,0,164.773697,0.504726,0,,4589,4589,4589,0,0,118060257,943908431,0,b8bff2a107af7329,2513.32465,0,1.36
20260927T195559Z-4fb3,8e15dabf21369ba5,73513,gpu-frontier,gpu,resident,s1,66,1,0,0,1,warm,0,1,0,164.189142,0,0,0,163.695389,0.478287,0,,4587,4587,4587,0,0,117016943,935562975,0,69a87962490b5411,2513.40474,0,1.36
20260927T195559Z-4fb3,8e15dabf21369ba5,315923,gpu-frontier,gpu,resident,s1,67,1,0,0,1,warm,0,1,0,165.136442,0,0,0,164.650848,0.47006,0,,4589,4589,4589,0,0,118060402,943909656,0,bf8b5a087b29f78e,2513.40474,0,1.36
20260927T195559Z-4fb3,8e15dabf21369ba5,1029927,gpu-frontier,gpu,resident,s1,68,1,0,0,1,warm,0,1,0,166.154277,0,0,0,165.671738,0.467375,0,,4591,4591,4591,0,0,119103687,952254590,0,c51fac7401e252bb,2513.48513,0,1.36
20260927T195559Z-4fb3,8e15dabf21369ba5,253516,gpu-frontier,gpu,resident,s1,69,1,0,0,1,warm,0,1,0,169.1362,0,0,0,168.522751,0.597661,0,,4589,4589,4589,0,0,118079187,944059235,0,a8be3ff576a67aaf,2513.72573,0,1.36
20260927T195559Z-4fb3,8e15dabf21369ba5,843761,gpu-frontier,gpu,resident,s1,70,1,0,0,1,warm,0,1,0,166.979593,0,0,0,166.430527,0.532905,0,,4589,4589,4589,0,0,118079188,944059159,0,844345cbf713c839,2513.72573,0,1.36
20260927T195559Z-4fb3,8e15dabf21369ba5,116648,gpu-frontier,gpu,resident,s1,71,1,0,0,1,warm,0,1,0,165.668882,0,0,0,165.125031,0.528617,0,,4589,4589,4589,0,0,118058700,943895690,0,3fe3826a8f281559,2513.88626,0,1.36
20260927T195559Z-4fb3,8e15dabf21369ba5,898381,gpu-frontier,gpu,resident,s1,72,1,0,0,1,warm,0,1,0,164.383794,0,0,0,163.830627,0.536573,0,,4587,4587,4587,0,0,117014998,935547423,0,45beabd67a76159e,2513.80584,0,1.36
20260927T195559Z-4fb3,8e15dabf21369ba5,33584,gpu-frontier,gpu,resident,s1,73,1,0,0,1,warm,0,1,0,166.025938,0,0,0,165.542694,0.468255,0,,4591,4591,4591,0,0,119109961,952305201,0,9757babc13435107,2513.72573,0,1.36
20260927T195559Z-4fb3,8e15dabf21369ba5,264423,gpu-frontier,gpu,resident,s1,74,1,0,0,1,warm,0,1,0,164.289763,0,0,0,163.790588,0.484308,0,,4587,4587,4587,0,0,117027868,935650586,0,8769d9563f8cb590,2512.2022,0,1.36
20260927T195559Z-4fb3,8e15dabf21369ba5,581085,gpu-frontier,gpu,resident,s1,75,1,0,0,1,warm,0,1,0,166.076108,0,0,0,165.591064,0.470052,0,,4591,4591,4591,0,0,119038456,951733407,0,239d1c2bf8d9cd62,2514.0468,0,1.36
20260927T195559Z-4fb3,8e15dabf21369ba5,716354,gpu-frontier,gpu,resident,s1,76,1,0,0,1,warm,0,1,0,170.096009,0,0,0,169.558975,0.520795,0,,4589,4589,4589,0,0,118061277,943916651,0,fbbebe35a9b45729,2513.72573,0,1.36
20260927T195559Z-4fb3,8e15dabf21369ba5,754603,gpu-frontier,gpu,resident,s1,77,1,0,0,1,warm,0,1,0,167.482587,0,0,0,166.947647,0.520724,0,,4589,4589,4589,0,0,118079145,944059349,0,145b21b9140aab92,2513.1642,0,1.36
20260927T195559Z-4fb3,8e15dabf21369ba5,277866,gpu-frontier,gpu,resident,s1,78,1,0,0,1,warm,0,1,0,165.949477,0,0,0,165.379196,0.554161,0,,4589,4589,4589,0,0,118060879,943913610,0,9257702a5149c8f3,2513.72573,0,1.34
20260927T195559Z-4fb3,8e15dabf21369ba5,917702,gpu-frontier,gpu,resident,s1,79,1,0,0,1,warm,0,1,0,164.228557,0,0,0,163.701538,0.511313,0,,4587,4587,4587,0,0,117016777,935561656,0,3e0b7636e3a7e06f,2513.72573,0,1.34
20260927T195559Z-4fb3,8e15dabf21369ba5,474965,gpu-frontier,gpu,resident,s1,80,1,0,0,1,warm,0,1,0,165.320074,0,0,0,164.808289,0.495647,0,,4589,4589,4589,0,0,118190876,944952739,0,06e80998b455105b,2513.72573,0,1.34
20260927T195559Z-4fb3,8e15dabf21369ba5,531108,gpu-frontier,gpu,resident,s1,81,1,0,0,1,warm,0,1,0,164.989155,0,0,0,164.412674,0.559387,0,,4589,4589,4589,0,0,118061805,943920699,0,171015491b0d386f,2513.72573,0,1.34
20260927T195559Z-4fb3,8e15dabf21369ba5,137455,gpu-frontier,gpu,resident,s1,82,1,0,0,1,warm,0,1,0,164.601371,0,0,0,164.056992,0.529188,0,,4587,4587,4587,0,0,117017168,935564861,0,b759282a0ff5deb9,2513.48513,0,1.34
20260927T195559Z-4fb3,8e15dabf21369ba5,171687,gpu-frontier,gpu,resident,s1,83,1,0,0,1,warm,0,1,0,169.805777,0,0,0,169.273254,0.518751,0,,4591,4591,4591,0,0,118075094,944026814,0,7039a73e5109e62e,2513.72573,0,1.34
20260927T195559Z-4fb3,8e15dabf21369ba5,929989,gpu-frontier,gpu,resident,s1,84,1,0,0,1,warm,0,1,0,166.021127,0,0,0,165.517471,0.488414,0,,4589,4589,4589,0,0,118060679,943911912,0,2c7821b5fc99b21d,2513.72573,0,1.34
20260927T195559Z-4fb3,8e15dabf21369ba5,239618,gpu-frontier,gpu,resident,s1,85,1,0,0,1,warm,0,1,0,165.288933,0,0,0,164.724899,0.547913,0,,4589,4589,4589,0,0,118060795,943912985,0,e0ca554f6bc5af38,2512.2022,0,1.34
20260927T195559Z-4fb3,8e15dabf21369ba5,888073,gpu-frontier,gpu,resident,s1,86,1,0,0,1,warm,0,1,0,164.590042,0,0,0,164.051773,0.522648,0,,4587,4587,4587,0,0,117029954,935667030,0,502345b01d88cc39,2513.72573,0,1.34
20260927T195559Z-4fb3,8e15dabf21369ba5,423524,gpu-frontier,gpu,resident,s1,87,1,0,0,1,warm,0,1,0,165.234063,0,0,0,164.727646,0.491368,0,,4589,4589,4589,0,0,118063036,943930300,0,bbb57c9a21f0b553,2513.72573,0,1.34
20260927T195559Z-4fb3,8e15dabf21369ba5,51368,gpu-frontier,gpu,resident,s1,88,1,0,0,1,warm,0,1,0,164.50925,0,0,0,163.875931,0.616953,0,,4587,4587,4587,0,0,117018708,935577592,0,a973095120b9cf0d,2513.40474,0,1.34
20260927T195559Z-4fb3,8e15dabf21369ba5,166757,gpu-frontier,gpu,resident,s1,89,1,0,0,1,warm,0,1,0,165.223118,0,0,0,164.694916,0.51377,0,,4589,4589,4589,0,0,118063207,943932294,0,40bd2deb1c943f0d,2514.0468,0,1.34
20260927T195559Z-4fb3,8e15dabf21369ba5,319756,gpu-frontier,gpu,resident,s1,90,1,0,0,1,warm,0,1,0,169.710269,0,0,0,169.204742,0.489481,0,,4589,4589,4589,0,0,118076236,944036511,0,750c2ee6c0ce55b8,2513.72573,0,1.34
20260927T195559Z-4fb3,8e15dabf21369ba5,893116,gpu-frontier,gpu,resident,s1,91,1,0,0,1,warm,0,1,0,165.451989,0,0,0,164.955994,0.480089,0,,4587,4587,4587,0,0,117017692,935568797,0,c244bbf931a9ff66,2513.72573,0,1.34
20260927T195559Z-4fb3,8e15dabf21369ba5,278999,gpu-frontier,gpu,resident,s1,92,1,0,0,1,warm,0,1,0,166.181386,0,0,0,165.649658,0.516879,0,,4591,4591,4591,0,0,119111626,952318382,0,00480761c37b434d,2513.72573,0,1.34
20260927T195559Z-4fb3,8e15dabf21369ba5,172699,gpu-frontier,gpu,resident,s1,93,1,0,0,1,warm,0,1,0,165.614402,0,0,0,165.036484,0.555071,0,,4593,4593,4593,0,0,118550742,947831550,0,355c1585721248e1,2513.72573,0,1.34
20260927T195559Z-4fb3,8e15dabf21369ba5,720346,gpu-frontier,gpu,resident,s1,94,1,0,0,1,warm,0,1,0,165.400152,0,0,0,164.849884,0.534896,0,,4589,4589,4589,0,0,118064215,943939925,0,b6321497e33b2b9d,2512.04188,0,1.34
20260927T195559Z-4fb3,8e15dabf21369ba5,417697,gpu-frontier,gpu,resident,s1,95,1,0,0,1,warm,0,1,0,166.012715,0,0,0,165.489532,0.506326,0,,4591,4591,4591,0,0,119045739,951791883,0,0a1339e166047fdc,2513.80584,0,1.34
20260927T195559Z-4fb3,8e15dabf21369ba5,768200,gpu-frontier,gpu,resident,s1,96,1,0,0,1,warm,0,1,0,166.856142,0,0,0,166.378403,0.46186,0,,4593,4593,4593,0,0,120157617,960685555,0,7b26b07a5cc20a22,2513.72573,0,1.34
20260927T195559Z-4fb3,8e15dabf21369ba5,896444,gpu-frontier,gpu,resident,s1,97,1,0,0,1,warm,0,1,0,167.865042,0,0,0,167.391235,0.457121,0,,4587,4587,4587,0,0,117017228,935565334,0,eb5a677675b88b2f,2513.72573,0,1.34
20260927T195559Z-4fb3,8e15dabf21369ba5,87619,gpu-frontier,gpu,resident,s1,98,1,0,0,1,warm,0,1,0,166.428696,0,0,0,165.887802,0.524934,0,,4587,4587,4587,0,0,117015873,935554810,0,5200e13c6c0b71d2,2513.72573,0,1.34
20260927T195559Z-4fb3,8e15dabf21369ba5,521404,gpu-frontier,gpu,resident,s1,99,1,0,0,1,warm,0,1,0,166.597662,0,0,0,166.118301,0.465299,0,,4591,4591,4591,0,0,119112256,952322984,0,103851ab84166de3,2513.72573,0,1.34
20260927T195559Z-4fb3,8e15dabf21369ba5,530513,gpu-frontier,gpu,resident,s1,100,1,0,0,1,warm,0,1,0,166.307464,0,0,0,165.747803,0.544788,0,,4591,4591,4591,0,0,119107508,952285412,0,552da161d8a41475,2513.80584,0,1.34
20260927T195559Z-4fb3,8e15dabf21369ba5,10624,gpu-frontier,gpu,resident,s1,101,1,0,0,1,warm,0,1,0,166.254245,0,0,0,165.722885,0.514304,0,,4591,4591,4591,0,0,119105967,952273126,0,bdf1e4235b2c5d71,2513.80584,0,1.34
20260927T195559Z-4fb3,8e15dabf21369ba5,771433,gpu-frontier,gpu,resident,s1,102,1,0,0,1,warm,0,1,0,165.189571,0,0,0,164.702042,0.472618,0,,4589,4589,4589,0,0,118076332,944037367,0,ad3bbc64b326e2ec,2513.72573,0,1.34
20260927T195559Z-4fb3,8e15dabf21369ba5,124155,gpu-frontier,gpu,resident,s1,103,1,0,0,1,warm,0,1,0,165.294316,0,0,0,164.786011,0.492884,0,,4589,4589,4589,0,0,118057684,943887817,0,50970e53e745be2f,2512.2022,0,1.34
20260927T195559Z-4fb3,8e15dabf21369ba5,870629,gpu-frontier,gpu,resident,s1,104,1,0,0,1,warm,0,1,0,170.909107,0,0,0,170.329636,0.56279,0,,4591,4591,4591,0,0,119124405,952420487,0,e81bad72cb10adbb,2513.72573,0,1.34
20260927T195559Z-4fb3,8e15dabf21369ba5,496824,gpu-frontier,gpu,resident,s1,105,1,0,0,1,warm,0,1,0,165.089335,0,0,0,164.557602,0.515611,0,,4587,4587,4587,0,0,117016870,935562386,0,6c8ac37e578005a3,2513.72573,0,1.34
20260927T195559Z-4fb3,8e15dabf21369ba5,880012,gpu-frontier,gpu,resident,s1,106,1,0,0,1,warm,0,1,0,165.513697,0,0,0,164.975616,0.521899,0,,4589,4589,4589,0,0,118076046,944034976,0,8ccba16252198116,2513.72573,0,1.34
20260927T195559Z-4fb3,8e15dabf21369ba5,663000,gpu-frontier,gpu,resident,s1,107,1,0,0,1,warm,0,1,0,164.207822,0,0,0,163.696411,0.49672,0,,4587,4587,4587,0,0,117044737,935785127,0,902cf10109055e10,2511.72132,0,1.39
20260927T195559Z-4fb3,8e15dabf21369ba5,1043132,gpu-frontier,gpu,resident,s1,108,1,0,0,1,warm,0,1,0,166.045295,0,0,0,165.5345,0.495902,0,,4591,4591,4591,0,0,119097160,952202746,0,66a901d1343276af,2513.72573,0,1.39
20260927T195559Z-4fb3,8e15dabf21369ba5,605213,gpu-frontier,gpu,resident,s1,109,1,0,0,1,warm,0,1,0,166.034434,0,0,0,165.514084,0.504149,0,,4591,4591,4591,0,0,119103044,952249542,0,82779a3371e6f2cd,2511.8016,0,1.39
20260927T195559Z-4fb3,8e15dabf21369ba5,866643,gpu-frontier,gpu,resident,s1,110,1,0,0,1,warm,0,1,0,165.173763,0,0,0,164.676575,0.481217,0,,4589,4589,4589,0,0,118060981,943914043,0,00b32b95442d06d1,2513.72573,0,1.39
20260927T195559Z-4fb3,8e15dabf21369ba5,584213,gpu-frontier,gpu,resident,s1,111,1,0,0,1,warm,0,1,0,169.598456,0,0,0,169.067368,0.51563,0,,4589,4589,4589,0,0,118060290,943908716,0,7416ed67c950f20f,2513.72573,0,1.39
20260927T195559Z-4fb3,8e15dabf21369ba5,618833,gpu-frontier,gpu,resident,s1,112,1,0,0,1,warm,0,1,0,167.936244,0,0,0,167.370651,0.549768,0,,4591,4591,4591,0,0,119037818,951728334,0,59446c1b822407d2,2513.72573,0,1.39
20260927T195559Z-4fb3,8e15dabf21369ba5,688407,gpu-frontier,gpu,resident,s1,113,1,0,0,1,warm,0,1,0,165.243815,0,0,0,164.684647,0.543387,0,,4587,4587,4587,0,0,117017072,935564175,0,80b32c641fa4052f,2513.72573,0,1.39
20260927T195559Z-4fb3,8e15dabf21369ba5,66042,gpu-frontier,gpu,resident,s1,114,1,0,0,1,warm,0,1,0,166.157945,0,0,0,165.609467,0.53255,0,,4589,4589,4589,0,0,118061651,943919810,0,28e9bc0fd5874b1d,2513.40474,0,1.39
20260927T195559Z-4fb3,8e15dabf21369ba5,793602,gpu-frontier,gpu,resident,s1,115,1,0,0,1,warm,0,1,0,166.070736,0,0,0,165.524475,0.530731,0,,4591,4591,4591,0,0,119116506,952356886,0,2c7cac84c0f043b2,2513.40474,0,1.39
20260927T195559Z-4fb3,8e15dabf21369ba5,561707,gpu-frontier,gpu,resident,s1,116,1,0,0,1,warm,0,1,0,166.304338,0,0,0,165.724701,0.563345,0,,4591,4591,4591,0,0,119124813,952423352,0,78de0e16ea4fde1f,2513.72573,0,1.39
20260927T195559Z-4fb3,8e15dabf21369ba5,692599,gpu-frontier,gpu,resident,s1,117,1,0,0,1,warm,0,1,0,165.312491,0,0,0,164.765411,0.53255,0,,4589,4589,4589,0,0,118064863,943945381,0,08fba6af4af64866,2513.24427,0,1.39
20260927T195559Z-4fb3,8e15dabf21369ba5,814798,gpu-frontier,gpu,resident,s1,118,1,0,0,1,warm,0,1,0,169.965681,0,0,0,169.428101,0.52119,0,,4589,4589,4589,0,0,118062600,943927112,0,e5f8753d02ce6cf0,2512.2022,0,1.39
20260927T195559Z-4fb3,8e15dabf21369ba5,432532,gpu-frontier,gpu,resident,s1,119,1,0,0,1,warm,0,1,0,167.1426,0,0,0,166.616028,0.511417,0,,4591,4591,4591,0,0,119098380,952212757,0,146303230195b596,2511.4811,0,1.39
20260927T195559Z-4fb3,8e15dabf21369ba5,511103,gpu-frontier,gpu,resident,s1,120,1,0,0,1,warm,0,1,0,167.043311,0,0,0,166.528839,0.498044,0,,4593,4593,4593,0,0,120144489,960580094,0,5b6f9268a090014b,2511.96159,0,1.39
20260927T195559Z-4fb3,8e15dabf21369ba5,827115,gpu-frontier,gpu,resident,s1,121,1,0,0,1,warm,0,1,0,165.037945,0,0,0,164.550461,0.470826,0,,4589,4589,4589,0,0,118060194,943907868,0,c2ef225c7d1b6cf1,2513.32465,0,1.39
20260927T195559Z-4fb3,8e15dabf21369ba5,816247,gpu-frontier,gpu,resident,s1,122,1,0,0,1,warm,0,1,0,164.361049,0,0,0,163.88205,0.463041,0,,4587,4587,4587,0,0,117029863,935666013,0,53b5c4c422a03130,2513.24427,0,1.39
20260927T195559Z-4fb3,8e15dabf21369ba5,653088,gpu-frontier,gpu,resident,s1,123,1,0,0,1,warm,0,1,0,166.045985,0,0,0,165.562332,0.467276,0,,4591,4591,4591,0,0,119107616,952286353,0,c3d6e7835680af1d,2513.1642,0,1.39
20260927T195559Z-4fb3,8e15dabf21369ba5,5503,gpu-frontier,gpu,resident,s1,124,1,0,0,1,warm,0,1,0,166.32772,0,0,0,165.802109,0.510873,0,,4591,4591,4591,0,0,119052757,951847564,0,7f946bb6b5cc0269,2513.40474,0,1.39
20260927T195559Z-4fb3,8e15dabf21369ba5,320284,gpu-frontier,gpu,resident,s1,125,1,0,0,1,warm,0,1,0,169.821866,0,0,0,169.304062,0.502954,0,,4589,4589,4589,0,0,118059109,943899342,0,0fae1bee80d60ba0,2513.1642,0,1.39
20260927T195559Z-4fb3,8e15dabf21369ba5,909227,gpu-frontier,gpu,resident,s1,126,1,0,0,1,warm,0,1,0,166.497726,0,0,0,166.007675,0.474259,0,,4587,4587,4587,0,0,117048180,935813190,0,e28d5b4774195c35,2513.72573,0,1.39
20260927T195559Z-4fb3,8e15dabf21369ba5,116150,gpu-frontier,gpu,resident,s1,127,1,0,0,1,warm,0,1,0,166.429495,0,0,0,164.309723,0.475761,1.628213,,4587,4587,4587,0,0,117016619,935560585,0,0d649a1cfc009d11,2512.2022,0,1.39
20260927T195559Z-4fb3,8e15dabf21369ba5,869618,dial,cpu,resident,s1,0,1,0,0,2,warm,24,1,0,101.993342,0,1.35777,0,100.635058,0,0,,41961,0,0,0,0,1048572,8386560,0,751532ac148dc9b8,,0,1.39
20260927T195559Z-4fb3,8e15dabf21369ba5,971814,dial,cpu,resident,s1,1,1,0,0,2,warm,24,1,0,98.94975,0,1.198359,0,97.751053,0,0,,41960,0,0,0,0,1048572,8386560,0,9518212de198ffff,,0,1.39
20260927T195559Z-4fb3,8e15dabf21369ba5,31242,dial,cpu,resident,s1,2,1,0,0,2,warm,24,1,0,98.126435,0,1.190788,0,96.935362,0,0,,41981,0,0,0,0,1048572,8386560,0,f05350b1e5a33e24,,0,1.39
20260927T195559Z-4fb3,8e15dabf21369ba5,465080,dial,cpu,resident,s1,3,1,0,0,2,warm,24,1,0,98.291293,0,1.195926,0,97.095025,0,0,,41916,0,0,0,0,1048572,8386560,0,8e8e4c91e128ce0a,,0,1.39
20260927T195559Z-4fb3,8e15dabf21369ba5,490397,dial,cpu,resident,s1,4,1,0,0,2,warm,24,1,0,98.995955,0,1.201376,0,97.794277,0,0,,41967,0,0,0,0,1048572,8386560,0,9f12266aba714d52,,0,1.39
20260927T195559Z-4fb3,8e15dabf21369ba5,76089,dial,cpu,resident,s1,5,1,0,0,2,warm,24,1,0,98.662857,0,1.227545,0,97.434999,0,0,,41975,0,0,0,0,1048572,8386560,0,d20d780cb45c7881,,0,1.39
20260927T195559Z-4fb3,8e15dabf21369ba5,278740,dial,cpu,resident,s1,6,1,0,0,2,warm,24,1,0,98.233342,0,1.197474,0,97.035546,0,0,,41961,0,0,0,0,1048572,8386560,0,fff3e1dae5373eae,,0,1.39
20260927T195559Z-4fb3,8e15dabf21369ba5,503399,dial,cpu,resident,s1,7,1,0,0,2,warm,24,1,0,98.082872,0,1.210192,0,96.872328,0,0,,41993,0,0,0,0,1048572,8386560,0,2ee85e090f01e3ca,,0,1.39
20260927T195559Z-4fb3,8e15dabf21369ba5,221519,dial,cpu,resident,s1,8,1,0,0,2,warm,24,1,0,98.516614,0,1.19871,0,97.317515,0,0,,41987,0,0,0,0,1048572,8386560,0,343c1c55f34d0873,,0,1.39
20260927T195559Z-4fb3,8e15dabf21369ba5,335280,dial,cpu,resident,s1,9,1,0,0,2,warm,24,1,0,98.404303,0,1.229093,0,97.174892,0,0,,41916,0,0,0,0,1048572,8386560,0,2b6a31403bc4bf79,,0,1.39
20260927T195559Z-4fb3,8e15dabf21369ba5,506979,dial,cpu,resident,s1,10,1,0,0,2,warm,24,1,0,98.395684,0,1.185472,0,97.209933,0,0,,41970,0,0,0,0,1048572,8386560,0,a3371bc10f34b12d,,0,1.39
20260927T195559Z-4fb3,8e15dabf21369ba5,312158,dial,cpu,resident,s1,11,1,0,0,2,warm,24,1,0,98.371669,0,1.239383,0,97.131859,0,0,,41972,0,0,0,0,1048572,8386560,0,c08049994f6005a4,,0,1.39
20260927T195559Z-4fb3,8e15dabf21369ba5,832027,dial,cpu,resident,s1,12,1,0,0,2,warm,24,1,0,98.391877,0,1.191389,0,97.200181,0,0,,41952,0,0,0,0,1048572,8386560,0,41f33decba27f8bc,,0,1.39
20260927T195559Z-4fb3,8e15dabf21369ba5,86626,dial,cpu,resident,s1,13,1,0,0,2,warm,24,1,0,98.058092,0,1.198813,0,96.858945,0,0,,41960,0,0,0,0,1048572,8386560,0,07c2e89a1c495cef,,0,1.39
20260927T195559Z-4fb3,8e15dabf21369ba5,893373,dial,cpu,resident,s1,14,1,0,0,2,warm,24,1,0,98.258068,0,1.205299,0,97.052453,0,0,,41962,0,0,0,0,1048572,8386560,0,e7c677fd68b64919,,0,1.36
20260927T195559Z-4fb3,8e15dabf21369ba5,382778,dial,cpu,resident,s1,15,1,0,0,2,warm,24,1,0,100.726921,0,1.193528,0,99.533154,0,0,,41965,0,0,0,0,1048572,8386560,0,54586fc58d6eb62a,,0,1.36
20260927T195559Z-4fb3,8e15dabf21369ba5,941579,dial,cpu,resident,s1,16,1,0,0,2,warm,24,1,0,99.858042,0,1.262034,0,98.595782,0,0,,41972,0,0,0,0,1048572,8386560,0,fa4caab918588767,,0,1.36
20260927T195559Z-4fb3,8e15dabf21369ba5,866763,dial,cpu,resident,s1,17,1,0,0,2,warm,24,1,0,98.09571,0,1.19816,0,96.897324,0,0,,41986,0,0,0,0,1048572,8386560,0,fd28e53cbc45c9c2,,0,1.36
20260927T195559Z-4fb3,8e15dabf21369ba5,963938,dial,cpu,resident,s1,18,1,0,0,2,warm,24,1,0,98.182436,0,1.207392,0,96.974762,0,0,,41974,0,0,0,0,1048572,8386560,0,facd783cc4a64e59,,0,1.36
20260927T195559Z-4fb3,8e15dabf21369ba5,600082,dial,cpu,resident,s1,19,1,0,0,2,warm,24,1,0,98.338948,0,1.211769,0,97.126898,0,0,,41972,0,0,0,0,1048572,8386560,0,3b83e701139a037f,,0,1.36
20260927T195559Z-4fb3,8e15dabf21369ba5,533035,dial,cpu,resident,s1,20,1,0,0,2,warm,24,1,0,99.122213,0,1.208086,0,97.913981,0,0,,41972,0,0,0,0,1048572,8386560,0,b6d4affba2be94b4,,0,1.36
20260927T195559Z-4fb3,8e15dabf21369ba5,464239,dial,cpu,resident,s1,21,1,0,0,2,warm,24,1,0,101.701609,0,1.230562,0,100.47063,0,0,,41973,0,0,0,0,1048572,8386560,0,477b960c0d88bea5,,0,1.36
20260927T195559Z-4fb3,8e15dabf21369ba5,738023,dial,cpu,resident,s1,22,1,0,0,2,warm,24,1,0,98.42306,0,1.205507,0,97.2174,0,0,,41979,0,0,0,0,1048572,8386560,0,a5750b7e04034b8b,,0,1.36
20260927T195559Z-4fb3,8e15dabf21369ba5,256371,dial,cpu,resident,s1,23,1,0,0,2,warm,24,1,0,98.148383,0,1.194317,0,96.953829,0,0,,41974,0,0,0,0,1048572,8386560,0,d3f0f164749d3139,,0,1.36
20260927T195559Z-4fb3,8e15dabf21369ba5,426064,dial,cpu,resident,s1,24,1,0,0,2,warm,24,1,0,98.268943,0,1.198971,0,97.06967,0,0,,41966,0,0,0,0,1048572,8386560,0,04322492b4dffba5,,0,1.36
20260927T195559Z-4fb3,8e15dabf21369ba5,89702,dial,cpu,resident,s1,25,1,0,0,2,warm,24,1,0,99.080789,0,1.231345,0,97.849205,0,0,,41954,0,0,0,0,1048572,8386560,0,764657ec09a11926,,0,1.36
20260927T195559Z-4fb3,8e15dabf21369ba5,919406,dial,cpu,resident,s1,26,1,0,0,2,warm,24,1,0,99.015661,0,1.202982,0,97.81233,0,0,,41980,0,0,0,0,1048572,8386560,0,364c5c2507bb3016,,0,1.36
20260927T195559Z-4fb3,8e15dabf21369ba5,202818,dial,cpu,resident,s1,27,1,0,0,2,warm,24,1,0,100.951047,0,1.254972,0,99.695932,0,0,,41969,0,0,0,0,1048572,8386560,0,a0ee314844dc764d,,0,1.36
20260927T195559Z-4fb3,8e15dabf21369ba5,302043,dial,cpu,resident,s1,28,1,0,0,2,warm,24,1,0,98.451562,0,1.230333,0,97.221042,0,0,,41970,0,0,0,0,1048572,8386560,0,2bf716e742937517,,0,1.36
20260927T195559Z-4fb3,8e15dabf21369ba5,508062,dial,cpu,resident,s1,29,1,0,0,2,warm,24,1,0,97.790773,0,1.199023,0,96.591519,0,0,,41978,0,0,0,0,1048572,8386560,0,e984b929b9ff66e8,,0,1.36
20260927T195559Z-4fb3,8e15dabf21369ba5,189131,dial,cpu,resident,s1,30,1,0,0,2,warm,24,1,0,98.362418,0,1.20468,0,97.157577,0,0,,41971,0,0,0,0,1048572,8386560,0,d54b22444535f3de,,0,1.36
20260927T195559Z-4fb3,8e15dabf21369ba5,943487,dial,cpu,resident,s1,31,1,0,0,2,warm,24,1,0,98.193655,0,1.198485,0,96.994997,0,0,,41975,0,0,0,0,1048572,8386560,0,5440a6241f47a317,,0,1.36
20260927T195559Z-4fb3,8e15dabf21369ba5,535623,dial,cpu,resident,s1,32,1,0,0,2,warm,24,1,0,98.326547,0,1.21355,0,97.112833,0,0,,41942,0,0,0,0,1048572,8386560,0,5bc57243d9998434,,0,1.36
20260927T195559Z-4fb3,8e15dabf21369ba5,650980,dial,cpu,resident,s1,33,1,0,0,2,warm,24,1,0,97.904693,0,1.190614,0,96.713593,0,0,,41963,0,0,0,0,1048572,8386560,0,44b0659cf515f1ff,,0,1.36
20260927T195559Z-4fb3,8e15dabf21369ba5,884988,dial,cpu,resident,s1,34,1,0,0,2,warm,24,1,0,98.057759,0,1.210591,0,96.846672,0,0,,41965,0,0,0,0,1048572,8386560,0,c51d5c97d41aca0d,,0,1.36
20260927T195559Z-4fb3,8e15dabf21369ba5,316027,dial,cpu,resident,s1,35,1,0,0,2,warm,24,1,0,98.444026,0,1.202537,0,97.241191,0,0,,41962,0,0,0,0,1048572,8386560,0,614a5d716fbb4de0,,0,1.36
20260927T195559Z-4fb3,8e15dabf21369ba5,800397,dial,cpu,resident,s1,36,1,0,0,2,warm,24,1,0,98.308855,0,1.209332,0,97.099367,0,0,,41956,0,0,0,0,1048572,8386560,0,319a99c467252119,,0,1.36
20260927T195559Z-4fb3,8e15dabf21369ba5,492565,dial,cpu,resident,s1,37,1,0,0,2,warm,24,1,0,99.414581,0,1.226008,0,98.188376,0,0,,41964,0,0,0,0,1048572,8386560,0,a27338b58021c9c4,,0,1.36
20260927T195559Z-4fb3,8e15dabf21369ba5,826100,dial,cpu,resident,s1,38,1,0,0,2,warm,24,1,0,98.17819,0,1.235097,0,96.942908,0,0,,41963,0,0,0,0,1048572,8386560,0,b08422e22cabd03d,,0,1.36
20260927T195559Z-4fb3,8e15dabf21369ba5,445492,dial,cpu,resident,s1,39,1,0,0,2,warm,24,1,0,97.704857,0,1.213302,0,96.491408,0,0,,41966,0,0,0,0,1048572,8386560,0,b4e1be62146d06cc,,0,1.36
20260927T195559Z-4fb3,8e15dabf21369ba5,903723,dial,cpu,resident,s1,40,1,0,0,2,warm,24,1,0,98.029188,0,1.217794,0,96.811176,0,0,,41988,0,0,0,0,1048572,8386560,0,9d9bedeac11b3e4f,,0,1.36
20260927T195559Z-4fb3,8e15dabf21369ba5,600641,dial,cpu,resident,s1,41,1,0,0,2,warm,24,1,0,103.38753,0,1.240104,0,102.147241,0,0,,41967,0,0,0,0,1048572,8386560,0,78189fe7f02b1486,,0,1.36
20260927T195559Z-4fb3,8e15dabf21369ba5,850506,dial,cpu,resident,s1,42,1,0,0,2,warm,24,1,0,98.830926,0,1.229223,0,97.601404,0,0,,41968,0,0,0,0,1048572,8386560,0,ed62f5d27cde2ad5,,0,1.36
20260927T195559Z-4fb3,8e15dabf21369ba5,92777,dial,cpu,resident,s1,43,1,0,0,2,warm,24,1,0,98.054581,0,1.2031,0,96.851243,0,0,,41948,0,0,0,0,1048572,8386560,0,6eb915ca468c34f5,,0,1.36
20260927T195559Z-4fb3,8e15dabf21369ba5,189000,dial,cpu,resident,s1,44,1,0,0,2,warm,24,1,0,98.110082,0,1.189341,0,96.920479,0,0,,41971,0,0,0,0,1048572,8386560,0,606df2d20b2c3393,,0,1.36
20260927T195559Z-4fb3,8e15dabf21369ba5,694683,dial,cpu,resident,s1,45,1,0,0,2,warm,24,1,0,98.036458,0,1.195048,0,96.841132,0,0,,41964,0,0,0,0,1048572,8386560,0,ccd5845cf199bcf0,,0,1.36
20260927T195559Z-4fb3,8e15dabf21369ba5,544619,dial,cpu,resident,s1,46,1,0,0,2,warm,24,1,0,97.823045,0,1.217757,0,96.605073,0,0,,41986,0,0,0,0,1048572,8386560,0,9e88a07e9d04a649,,0,1.36
20260927T195559Z-4fb3,8e15dabf21369ba5,873060,dial,cpu,resident,s1,47,1,0,0,2,warm,24,1,0,98.282685,0,1.213981,0,97.068505,0,0,,41968,0,0,0,0,1048572,8386560,0,5ac56126a7b1a8b0,,0,1.36
20260927T195559Z-4fb3,8e15dabf21369ba5,172909,dial,cpu,resident,s1,48,1,0,0,2,warm,24,1,0,100.154985,0,1.233373,0,98.921264,0,0,,41974,0,0,0,0,1048572,8386560,0,97f57edc044087f0,,0,1.36
20260927T195559Z-4fb3,8e15dabf21369ba5,120718,dial,cpu,resident,s1,49,1,0,0,2,warm,24,1,0,99.445809,0,1.212335,0,98.233179,0,0,,41964,0,0,0,0,1048572,8386560,0,0cff41f9bbdddb77,,0,1.36
20260927T195559Z-4fb3,8e15dabf21369ba5,234554,dial,cpu,resident,s1,50,1,0,0,2,warm,24,1,0,98.478775,0,1.197884,0,97.280489,0,0,,41996,0,0,0,0,1048572,8386560,0,a949a776d47d46f5,,0,1.36
20260927T195559Z-4fb3,8e15dabf21369ba5,570105,dial,cpu,resident,s1,51,1,0,0,2,warm,24,1,0,98.128254,0,1.205574,0,96.922533,0,0,,41996,0,0,0,0,1048572,8386560,0,e17c623e2d4b508f,,0,1.36
20260927T195559Z-4fb3,8e15dabf21369ba5,842479,dial,cpu,resident,s1,52,1,0,0,2,warm,24,1,0,98.212989,0,1.190474,0,97.022273,0,0,,41953,0,0,0,0,1048572,8386560,0,a258a2586ac5bf2e,,0,1.36
20260927T195559Z-4fb3,8e15dabf21369ba5,348456,dial,cpu,resident,s1,53,1,0,0,2,warm,24,1,0,98.410763,0,1.207247,0,97.203017,0,0,,41977,0,0,0,0,1048572,8386560,0,105f5d597adb8c32,,0,1.36
20260927T195559Z-4fb3,8e15dabf21369ba5,831953,dial,cpu,resident,s1,54,1,0,0,2,warm,24,1,0,98.671114,0,1.209181,0,97.461609,0,0,,41965,0,0,0,0,1048572,8386560,0,3ec23a9d53716ee1,,0,1.36
20260927T195559Z-4fb3,8e15dabf21369ba5,409707,dial,cpu,resident,s1,55,1,0,0,2,warm,24,1,0,98.576008,0,1.196923,0,97.378644,0,0,,41964,0,0,0,0,1048572,8386560,0,9d187bf0003e16e5,,0,1.36
20260927T195559Z-4fb3,8e15dabf21369ba5,459557,dial,cpu,resident,s1,56,1,0,0,2,warm,24,1,0,97.880012,0,1.197492,0,96.682236,0,0,,42002,0,0,0,0,1048572,8386560,0,5b054ae094967981,,0,1.36
20260927T195559Z-4fb3,8e15dabf21369ba5,472668,dial,cpu,resident,s1,57,1,0,0,2,warm,24,1,0,97.784928,0,1.189323,0,96.595244,0,0,,41958,0,0,0,0,1048572,8386560,0,623072bf4512656e,,0,1.36
20260927T195559Z-4fb3,8e15dabf21369ba5,240184,dial,cpu,resident,s1,58,1,0,0,2,warm,24,1,0,99.421795,0,1.20932,0,98.212051,0,0,,41952,0,0,0,0,1048572,8386560,0,4bb21d890c0e5ab7,,0,1.36
20260927T195559Z-4fb3,8e15dabf21369ba5,258439,dial,cpu,resident,s1,59,1,0,0,2,warm,24,1,0,99.306446,0,1.242392,0,98.063838,0,0,,41968,0,0,0,0,1048572,8386560,0,253070116044b281,,0,1.36
20260927T195559Z-4fb3,8e15dabf21369ba5,767648,dial,cpu,resident,s1,60,1,0,0,2,warm,24,1,0,97.944358,0,1.198549,0,96.745412,0,0,,41968,0,0,0,0,1048572,8386560,0,11e2d9c9d7746df3,,0,1.36
20260927T195559Z-4fb3,8e15dabf21369ba5,826214,dial,cpu,resident,s1,61,1,0,0,2,warm,24,1,0,101.028071,0,1.215037,0,99.812763,0,0,,41973,0,0,0,0,1048572,8386560,0,e8360d647c14ee57,,0,1.36
20260927T195559Z-4fb3,8e15dabf21369ba5,216317,dial,cpu,resident,s1,62,1,0,0,2,warm,24,1,0,98.915725,0,1.199699,0,97.715575,0,0,,41949,0,0,0,0,1048572,8386560,0,2e4ccbb54ddf2979,,0,1.36
20260927T195559Z-4fb3,8e15dabf21369ba5,834085,dial,cpu,resident,s1,63,1,0,0,2,warm,24,1,0,97.945215,0,1.209728,0,96.735217,0,0,,41964,0,0,0,0,1048572,8386560,0,f1b88b3d09c22e23,,0,1.36
20260927T195559Z-4fb3,8e15dabf21369ba5,37297,dial,cpu,resident,s1,64,1,0,0,2,warm,24,1,0,98.042807,0,1.189924,0,96.852567,0,0,,41970,0,0,0,0,1048572,8386560,0,14dac6e8a16de2b4,,0,1.36
20260927T195559Z-4fb3,8e15dabf21369ba5,297916,dial,cpu,resident,s1,65,1,0,0,2,warm,24,1,0,97.942527,0,1.197973,0,96.744106,0,0,,41940,0,0,0,0,1048572,8386560,0,b8bff2a107af7329,,0,1.33
20260927T195559Z-4fb3,8e15dabf21369ba5,73513,dial,cpu,resident,s1,66,1,0,0,2,warm,24,1,0,98.103255,0,1.198122,0,96.904806,0,0,,41916,0,0,0,0,1048572,8386560,0,69a87962490b5411,,0,1.33
20260927T195559Z-4fb3,8e15dabf21369ba5,315923,dial,cpu,resident,s1,67,1,0,0,2,warm,24,1,0,98.201654,0,1.192422,0,97.008812,0,0,,41962,0,0,0,0,1048572,8386560,0,bf8b5a087b29f78e,,0,1.33
20260927T195559Z-4fb3,8e15dabf21369ba5,1029927,dial,cpu,resident,s1,68,1,0,0,2,warm,24,1,0,98.679631,0,1.198109,0,97.481255,0,0,,41961,0,0,0,0,1048572,8386560,0,c51fac7401e252bb,,0,1.33
20260927T195559Z-4fb3,8e15dabf21369ba5,253516,dial,cpu,resident,s1,69,1,0,0,2,warm,24,1,0,99.422822,0,1.190937,0,98.231551,0,0,,41940,0,0,0,0,1048572,8386560,0,a8be3ff576a67aaf,,0,1.33
20260927T195559Z-4fb3,8e15dabf21369ba5,843761,dial,cpu,resident,s1,70,1,0,0,2,warm,24,1,0,98.511361,0,1.24329,0,97.267836,0,0,,41940,0,0,0,0,1048572,8386560,0,844345cbf713c839,,0,1.33
20260927T195559Z-4fb3,8e15dabf21369ba5,116648,dial,cpu,resident,s1,71,1,0,0,2,warm,24,1,0,98.11255,0,1.198858,0,96.91332,0,0,,41962,0,0,0,0,1048572,8386560,0,3fe3826a8f281559,,0,1.33
20260927T195559Z-4fb3,8e15dabf21369ba5,898381,dial,cpu,resident,s1,72,1,0,0,2,warm,24,1,0,98.121707,0,1.192023,0,96.929379,0,0,,41972,0,0,0,0,1048572,8386560,0,45beabd67a76159e,,0,1.33
20260927T195559Z-4fb3,8e15dabf21369ba5,33584,dial,cpu,resident,s1,73,1,0,0,2,warm,24,1,0,97.92405,0,1.223056,0,96.700682,0,0,,41961,0,0,0,0,1048572,8386560,0,9757babc13435107,,0,1.33
20260927T195559Z-4fb3,8e15dabf21369ba5,264423,dial,cpu,resident,s1,74,1,0,0,2,warm,24,1,0,98.382077,0,1.208214,0,97.173545,0,0,,41965,0,0,0,0,1048572,8386560,0,8769d9563f8cb590,,0,1.33
20260927T195559Z-4fb3,8e15dabf21369ba5,581085,dial,cpu,resident,s1,75,1,0,0,2,warm,24,1,0,98.05021,0,1.204977,0,96.844814,0,0,,41988,0,0,0,0,1048572,8386560,0,239d1c2bf8d9cd62,,0,1.33
20260927T195559Z-4fb3,8e15dabf21369ba5,716354,dial,cpu,resident,s1,76,1,0,0,2,warm,24,1,0,98.091531,0,1.195363,0,96.895841,0,0,,41942,0,0,0,0,1048572,8386560,0,fbbebe35a9b45729,,0,1.33
20260927T195559Z-4fb3,8e15dabf21369ba5,754603,dial,cpu,resident,s1,77,1,0,0,2,warm,24,1,0,100.47437,0,1.282871,0,99.191179,0,0,,41979,0,0,0,0,1048572,8386560,0,145b21b9140aab92,,0,1.33
20260927T195559Z-4fb3,8e15dabf21369ba5,277866,dial,cpu,resident,s1,78,1,0,0,2,warm,24,1,0,98.423094,0,1.220273,0,97.202583,0,0,,41951,0,0,0,0,1048572,8386560,0,9257702a5149c8f3,,0,1.33
20260927T195559Z-4fb3,8e15dabf21369ba5,917702,dial,cpu,resident,s1,79,1,0,0,2,warm,24,1,0,98.814863,0,1.22579,0,97.588666,0,0,,41960,0,0,0,0,1048572,8386560,0,3e0b7636e3a7e06f,,0,1.33
20260927T195559Z-4fb3,8e15dabf21369ba5,474965,dial,cpu,resident,s1,80,1,0,0,2,warm,24,1,0,98.78461,0,1.252165,0,97.532055,0,0,,41967,0,0,0,0,1048572,8386560,0,06e80998b455105b,,0,1.33
20260927T195559Z-4fb3,8e15dabf21369ba5,531108,dial,cpu,resident,s1,81,1,0,0,2,warm,24,1,0,98.784504,0,1.230748,0,97.553547,0,0,,41947,0,0,0,0,1048572,8386560,0,171015491b0d386f,,0,1.33
20260927T195559Z-4fb3,8e15dabf21369ba5,137455,dial,cpu,resident,s1,82,1,0,0,2,warm,24,1,0,100.683215,0,1.284502,0,99.398478,0,0,,41939,0,0,0,0,1048572,8386560,0,b759282a0ff5deb9,,0,1.33
20260927T195559Z-4fb3,8e15dabf21369ba5,171687,dial,cpu,resident,s1,83,1,0,0,2,warm,24,1,0,98.361231,0,1.201219,0,97.159725,0,0,,41960,0,0,0,0,1048572,8386560,0,7039a73e5109e62e,,0,1.33
20260927T195559Z-4fb3,8e15dabf21369ba5,929989,dial,cpu,resident,s1,84,1,0,0,2,warm,24,1,0,98.059738,0,1.209392,0,96.850079,0,0,,41972,0,0,0,0,1048572,8386560,0,2c7821b5fc99b21d,,0,1.33
20260927T195559Z-4fb3,8e15dabf21369ba5,239618,dial,cpu,resident,s1,85,1,0,0,2,warm,24,1,0,98.218902,0,1.255698,0,96.962889,0,0,,41984,0,0,0,0,1048572,8386560,0,e0ca554f6bc5af38,,0,1.33
20260927T195559Z-4fb3,8e15dabf21369ba5,888073,dial,cpu,resident,s1,86,1,0,0,2,warm,24,1,0,98.295325,0,1.193343,0,97.101685,0,0,,41974,0,0,0,0,1048572,8386560,0,502345b01d88cc39,,0,1.33
20260927T195559Z-4fb3,8e15dabf21369ba5,423524,dial,cpu,resident,s1,87,1,0,0,2,warm,24,1,0,98.437519,0,1.195583,0,97.241809,0,0,,41948,0,0,0,0,1048572,8386560,0,bbb57c9a21f0b553,,0,1.33
20260927T195559Z-4fb3,8e15dabf21369ba5,51368,dial,cpu,resident,s1,88,1,0,0,2,warm,24,1,0,98.279941,0,1.202104,0,97.077693,0,0,,41960,0,0,0,0,1048572,8386560,0,a973095120b9cf0d,,0,1.33
20260927T195559Z-4fb3,8e15dabf21369ba5,166757,dial,cpu,resident,s1,89,1,0,0,2,warm,24,1,0,98.152615,0,1.202705,0,96.949773,0,0,,41962,0,0,0,0,1048572,8386560,0,40bd2deb1c943f0d,,0,1.33
20260927T195559Z-4fb3,8e15dabf21369ba5,319756,dial,cpu,resident,s1,90,1,0,0,2,warm,24,1,0,98.465058,0,1.209295,0,97.255454,0,0,,41961,0,0,0,0,1048572,8386560,0,750c2ee6c0ce55b8,,0,1.33
20260927T195559Z-4fb3,8e15dabf21369ba5,893116,dial,cpu,resident,s1,91,1,0,0,2,warm,24,1,0,98.755755,0,1.222463,0,97.532954,0,0,,41974,0,0,0,0,1048572,8386560,0,c244bbf931a9ff66,,0,1.33
20260927T195559Z-4fb3,8e15dabf21369ba5,278999,dial,cpu,resident,s1,92,1,0,0,2,warm,24,1,0,98.384661,0,1.208208,0,97.176067,0,0,,41978,0,0,0,0,1048572,8386560,0,00480761c37b434d,,0,1.33
20260927T195559Z-4fb3,8e15dabf21369ba5,172699,dial,cpu,resident,s1,93,1,0,0,2,warm,24,1,0,98.163487,0,1.199408,0,96.963928,0,0,,41977,0,0,0,0,1048572,8386560,0,355c1585721248e1,,0,1.33
20260927T195559Z-4fb3,8e15dabf21369ba5,720346,dial,cpu,resident,s1,94,1,0,0,2,warm,24,1,0,97.739884,0,1.209055,0,96.530554,0,0,,41964,0,0,0,0,1048572,8386560,0,b6321497e33b2b9d,,0,1.33
20260927T195559Z-4fb3,8e15dabf21369ba5,417697,dial,cpu,resident,s1,95,1,0,0,2,warm,24,1,0,98.162496,0,1.199529,0,96.962498,0,0,,41974,0,0,0,0,1048572,8386560,0,0a1339e166047fdc,,0,1.33
20260927T195559Z-4fb3,8e15dabf21369ba5,768200,dial,cpu,resident,s1,96,1,0,0,2,warm,24,1,0,97.996174,0,1.209828,0,96.786031,0,0,,41971,0,0,0,0,1048572,8386560,0,7b26b07a5cc20a22,,0,1.33
20260927T195559Z-4fb3,8e15dabf21369ba5,896444,dial,cpu,resident,s1,97,1,0,0,2,warm,24,1,0,98.286985,0,1.207244,0,97.079388,0,0,,41990,0,0,0,0,1048572,8386560,0,eb5a677675b88b2f,,0,1.33
20260927T195559Z-4fb3,8e15dabf21369ba5,87619,dial,cpu,resident,s1,98,1,0,0,2,warm,24,1,0,98.189224,0,1.196661,0,96.992384,0,0,,41976,0,0,0,0,1048572,8386560,0,5200e13c6c0b71d2,,0,1.33
20260927T195559Z-4fb3,8e15dabf21369ba5,521404,dial,cpu,resident,s1,99,1,0,0,2,warm,24,1,0,98.468184,0,1.203415,0,97.264492,0,0,,41971,0,0,0,0,1048572,8386560,0,103851ab84166de3,,0,1.33
20260927T195559Z-4fb3,8e15dabf21369ba5,530513,dial,cpu,resident,s1,100,1,0,0,2,warm,24,1,0,98.338148,0,1.198995,0,97.13897,0,0,,41955,0,0,0,0,1048572,8386560,0,552da161d8a41475,,0,1.33
20260927T195559Z-4fb3,8e15dabf21369ba5,10624,dial,cpu,resident,s1,101,1,0,0,2,warm,24,1,0,98.720884,0,1.217798,0,97.5029,0,0,,41958,0,0,0,0,1048572,8386560,0,bdf1e4235b2c5d71,,0,1.33
20260927T195559Z-4fb3,8e15dabf21369ba5,771433,dial,cpu,resident,s1,102,1,0,0,2,warm,24,1,0,101.619195,0,1.2443,0,100.374735,0,0,,41963,0,0,0,0,1048572,8386560,0,ad3bbc64b326e2ec,,0,1.33
20260927T195559Z-4fb3,8e15dabf21369ba5,124155,dial,cpu,resident,s1,103,1,0,0,2,warm,24,1,0,98.310161,0,1.21447,0,97.095356,0,0,,41972,0,0,0,0,1048572,8386560,0,50970e53e745be2f,,0,1.33
20260927T195559Z-4fb3,8e15dabf21369ba5,870629,dial,cpu,resident,s1,104,1,0,0,2,warm,24,1,0,97.796746,0,1.211459,0,96.585057,0,0,,41953,0,0,0,0,1048572,8386560,0,e81bad72cb10adbb,,0,1.33
20260927T195559Z-4fb3,8e15dabf21369ba5,496824,dial,cpu,resident,s1,105,1,0,0,2,warm,24,1,0,98.017418,0,1.21448,0,96.802589,0,0,,41941,0,0,0,0,1048572,8386560,0,6c8ac37e578005a3,,0,1.33
20260927T195559Z-4fb3,8e15dabf21369ba5,880012,dial,cpu,resident,s1,106,1,0,0,2,warm,24,1,0,98.474701,0,1.194212,0,97.28024,0,0,,41974,0,0,0,0,1048572,8386560,0,8ccba16252198116,,0,1.33
20260927T195559Z-4fb3,8e15dabf21369ba5,663000,dial,cpu,resident,s1,107,1,0,0,2,warm,24,1,0,98.205262,0,1.211436,0,96.993595,0,0,,41958,0,0,0,0,1048572,8386560,0,902cf10109055e10,,0,1.33
20260927T195559Z-4fb3,8e15dabf21369ba5,1043132,dial,cpu,resident,s1,108,1,0,0,2,warm,24,1,0,98.19077,0,1.198518,0,96.992006,0,0,,41971,0,0,0,0,1048572,8386560,0,66a901d1343276af,,0,1.33
20260927T195559Z-4fb3,8e15dabf21369ba5,605213,dial,cpu,resident,s1,109,1,0,0,2,warm,24,1,0,98.01338,0,1.207127,0,96.805943,0,0,,41961,0,0,0,0,1048572,8386560,0,82779a3371e6f2cd,,0,1.33
20260927T195559Z-4fb3,8e15dabf21369ba5,866643,dial,cpu,resident,s1,110,1,0,0,2,warm,24,1,0,98.07765,0,1.183307,0,96.894013,0,0,,41960,0,0,0,0,1048572,8386560,0,00b32b95442d06d1,,0,1.33
20260927T195559Z-4fb3,8e15dabf21369ba5,584213,dial,cpu,resident,s1,111,1,0,0,2,warm,24,1,0,98.219133,0,1.215994,0,97.002717,0,0,,41975,0,0,0,0,1048572,8386560,0,7416ed67c950f20f,,0,1.33
20260927T195559Z-4fb3,8e15dabf21369ba5,618833,dial,cpu,resident,s1,112,1,0,0,2,warm,24,1,0,98.478379,0,1.189965,0,97.288078,0,0,,41993,0,0,0,0,1048572,8386560,0,59446c1b822407d2,,0,1.33
20260927T195559Z-4fb3,8e15dabf21369ba5,688407,dial,cpu,resident,s1,113,1,0,0,2,warm,24,1,0,99.451287,0,1.272019,0,98.179036,0,0,,41956,0,0,0,0,1048572,8386560,0,80b32c641fa4052f,,0,1.33
20260927T195559Z-4fb3,8e15dabf21369ba5,66042,dial,cpu,resident,s1,114,1,0,0,2,warm,24,1,0,97.798436,0,1.209265,0,96.588814,0,0,,41976,0,0,0,0,1048572,8386560,0,28e9bc0fd5874b1d,,0,1.33
20260927T195559Z-4fb3,8e15dabf21369ba5,793602,dial,cpu,resident,s1,115,1,0,0,2,warm,24,1,0,98.38565,0,1.197057,0,97.188072,0,0,,41967,0,0,0,0,1048572,8386560,0,2c7cac84c0f043b2,,0,1.3
20260927T195559Z-4fb3,8e15dabf21369ba5,561707,dial,cpu,resident,s1,116,1,0,0,2,warm,24,1,0,99.988174,0,1.199961,0,98.787863,0,0,,41969,0,0,0,0,1048572,8386560,0,78de0e16ea4fde1f,,0,1.3
20260927T195559Z-4fb3,8e15dabf21369ba5,692599,dial,cpu,resident,s1,117,1,0,0,2,warm,24,1,0,98.505475,0,1.230495,0,97.274686,0,0,,41969,0,0,0,0,1048572,8386560,0,08fba6af4af64866,,0,1.3
20260927T195559Z-4fb3,8e15dabf21369ba5,814798,dial,cpu,resident,s1,118,1,0,0,2,warm,24,1,0,98.033207,0,1.204524,0,96.828439,0,0,,41961,0,0,0,0,1048572,8386560,0,e5f8753d02ce6cf0,,0,1.3
20260927T195559Z-4fb3,8e15dabf21369ba5,432532,dial,cpu,resident,s1,119,1,0,0,2,warm,24,1,0,97.810217,0,1.222227,0,96.58771,0,0,,41979,0,0,0,0,1048572,8386560,0,146303230195b596,,0,1.3
20260927T195559Z-4fb3,8e15dabf21369ba5,511103,dial,cpu,resident,s1,120,1,0,0,2,warm,24,1,0,97.731399,0,1.198358,0,96.53289,0,0,,41978,0,0,0,0,1048572,8386560,0,5b6f9268a090014b,,0,1.3
20260927T195559Z-4fb3,8e15dabf21369ba5,827115,dial,cpu,resident,s1,121,1,0,0,2,warm,24,1,0,98.115283,0,1.199163,0,96.915729,0,0,,41957,0,0,0,0,1048572,8386560,0,c2ef225c7d1b6cf1,,0,1.3
20260927T195559Z-4fb3,8e15dabf21369ba5,816247,dial,cpu,resident,s1,122,1,0,0,2,warm,24,1,0,98.796292,0,1.192316,0,97.603506,0,0,,41962,0,0,0,0,1048572,8386560,0,53b5c4c422a03130,,0,1.3
20260927T195559Z-4fb3,8e15dabf21369ba5,653088,dial,cpu,resident,s1,123,1,0,0,2,warm,24,1,0,101.661096,0,1.204451,0,100.455972,0,0,,41975,0,0,0,0,1048572,8386560,0,c3d6e7835680af1d,,0,1.3
20260927T195559Z-4fb3,8e15dabf21369ba5,5503,dial,cpu,resident,s1,124,1,0,0,2,warm,24,1,0,98.244463,0,1.247306,0,96.996745,0,0,,41981,0,0,0,0,1048572,8386560,0,7f946bb6b5cc0269,,0,1.3
20260927T195559Z-4fb3,8e15dabf21369ba5,320284,dial,cpu,resident,s1,125,1,0,0,2,warm,24,1,0,97.783994,0,1.194115,0,96.589539,0,0,,41950,0,0,0,0,1048572,8386560,0,0fae1bee80d60ba0,,0,1.3
20260927T195559Z-4fb3,8e15dabf21369ba5,909227,dial,cpu,resident,s1,126,1,0,0,2,warm,24,1,0,97.530863,0,1.220855,0,96.309828,0,0,,41966,0,0,0,0,1048572,8386560,0,e28d5b4774195c35,,0,1.3
20260927T195559Z-4fb3,8e15dabf21369ba5,116150,dial,cpu,resident,s1,127,1,0,0,2,warm,24,1,0,98.020541,0,1.225343,0,96.794709,0,0.0002,,41971,0,0,0,0,1048572,8386560,0,0d649a1cfc009d11,,0,1.3
20260927T195559Z-4fb3,8e15dabf21369ba5,869618,gpu-nearfar,gpu,resident,s1,0,1,0,0,3,warm,0,1,12,285.16669,0,0.329765,4.33420801,278.632019,0.550805,0,,15969,15969,45952,0,0,1096281,8788703,0,751532ac148dc9b8,2496.03793,0,1.3
20260927T195559Z-4fb3,8e15dabf21369ba5,971814,gpu-nearfar,gpu,resident,s1,1,1,0,0,3,warm,0,1,12,279.926852,0,0,0,278.056519,0.506687,0,,16027,16027,46060,0,0,1096315,8789070,0,9518212de198ffff,2495.87967,0,1.3
20260927T195559Z-4fb3,8e15dabf21369ba5,31242,gpu-nearfar,gpu,resident,s1,2,1,0,0,3,warm,0,1,12,279.864517,0,0,0,277.992065,0.526272,0,,15967,15967,45948,0,0,1096967,8794102,0,f05350b1e5a33e24,2495.87967,0,1.3
20260927T195559Z-4fb3,8e15dabf21369ba5,465080,gpu-nearfar,gpu,resident,s1,3,1,0,0,3,warm,0,1,12,278.893686,0,0,0,276.972076,0.50663,0,,15966,15966,45922,0,0,1096858,8793456,0,8e8e4c91e128ce0a,2496.1962,0,1.3
20260927T195559Z-4fb3,8e15dabf21369ba5,490397,gpu-nearfar,gpu,resident,s1,4,1,0,0,3,warm,0,1,12,278.57217,0,0,0,276.725342,0.519263,0,,15908,15908,45826,0,0,1096497,8790695,0,9f12266aba714d52,2496.4338,0,1.3
20260927T195559Z-4fb3,8e15dabf21369ba5,76089,gpu-nearfar,gpu,resident,s1,5,1,0,0,3,warm,0,1,12,280.51572,0,0,0,278.642853,0.559258,0,,16012,16012,46038,0,0,1096667,8792160,0,d20d780cb45c7881,2495.87967,0,1.3
20260927T195559Z-4fb3,8e15dabf21369ba5,278740,gpu-nearfar,gpu,resident,s1,6,1,0,0,3,warm,0,1,12,278.945978,0,0,0,277.042053,0.536317,0,,15930,15930,45866,0,0,1096681,8791744,0,fff3e1dae5373eae,2495.72173,0,1.3
20260927T195559Z-4fb3,8e15dabf21369ba5,503399,gpu-nearfar,gpu,resident,s1,7,1,0,0,3,warm,0,1,12,280.044388,0,0,0,278.169189,0.512847,0,,16000,16000,46022,0,0,1096811,8792722,0,2ee85e090f01e3ca,2494.06162,0,1.3
20260927T195559Z-4fb3,8e15dabf21369ba5,221519,gpu-nearfar,gpu,resident,s1,8,1,0,0,3,warm,0,1,12,278.726782,0,0,0,276.821716,0.562409,0,,15930,15930,45878,0,0,1096088,8786679,0,343c1c55f34d0873,2495.87967,0,1.3
20260927T195559Z-4fb3,8e15dabf21369ba5,335280,gpu-nearfar,gpu,resident,s1,9,1,0,0,3,warm,0,1,12,277.953496,0,0,0,276.100616,0.513899,0,,15906,15906,45806,0,0,1096400,8789148,0,2b6a31403bc4bf79,2495.87967,0,1.3
20260927T195559Z-4fb3,8e15dabf21369ba5,506979,gpu-nearfar,gpu,resident,s1,10,1,0,0,3,warm,0,1,12,280.957238,0,0,0,279.112183,0.520287,0,,16050,16050,46110,0,0,1097386,8797941,0,a3371bc10f34b12d,2495.87967,0,1.3
20260927T195559Z-4fb3,8e15dabf21369ba5,312158,gpu-nearfar,gpu,resident,s1,11,1,0,0,3,warm,0,1,12,279.569485,0,0,0,277.706299,0.513543,0,,16019,16019,46048,0,0,1096648,8791455,0,c08049994f6005a4,2493.35119,0,1.3
20260927T195559Z-4fb3,8e15dabf21369ba5,832027,gpu-nearfar,gpu,resident,s1,12,1,0,0,3,warm,0,1,12,280.68539,0,0,0,278.755859,0.595058,0,,16020,16020,46046,0,0,1096643,8791387,0,41f33decba27f8bc,2493.82476,0,1.3
20260927T195559Z-4fb3,8e15dabf21369ba5,86626,gpu-nearfar,gpu,resident,s1,13,1,0,0,3,warm,0,1,12,280.376672,0,0,0,278.491486,0.518675,0,,16074,16074,46162,0,0,1096985,8794446,0,07c2e89a1c495cef,2494.14077,0,1.28
20260927T195559Z-4fb3,8e15dabf21369ba5,893373,gpu-nearfar,gpu,resident,s1,14,1,0,0,3,warm,0,1,12,280.751777,0,0,0,278.856506,0.534664,0,,16030,16030,46066,0,0,1096954,8793966,0,e7c677fd68b64919,2495.87967,0,1.28
20260927T195559Z-4fb3,8e15dabf21369ba5,382778,gpu-nearfar,gpu,resident,s1,15,1,0,0,3,warm,0,1,12,279.680164,0,0,0,277.811859,0.509711,0,,16043,16043,46100,0,0,1096467,8790003,0,54586fc58d6eb62a,2493.35119,0,1.28
20260927T195559Z-4fb3,8e15dabf21369ba5,941579,gpu-nearfar,gpu,resident,s1,16,1,0,0,3,warm,0,1,12,281.18413,0,0,0,279.35434,0.504992,0,,16130,16130,46270,0,0,1097572,8799595,0,fa4caab918588767,2495.08899,0,1.28
20260927T195559Z-4fb3,8e15dabf21369ba5,866763,gpu-nearfar,gpu,resident,s1,17,1,0,0,3,warm,0,1,12,282.481378,0,0,0,280.635864,0.547465,0,,16094,16094,46202,0,0,1097129,8795918,0,fd28e53cbc45c9c2,2495.87967,0,1.28
20260927T195559Z-4fb3,8e15dabf21369ba5,963938,gpu-nearfar,gpu,resident,s1,18,1,0,0,3,warm,0,1,12,281.346101,0,0,0,279.421661,0.532783,0,,16088,16088,46186,0,0,1097392,8798152,0,facd783cc4a64e59,2493.35119,0,1.28
20260927T195559Z-4fb3,8e15dabf21369ba5,600082,gpu-nearfar,gpu,resident,s1,19,1,0,0,3,warm,0,1,12,281.891221,0,0,0,279.968811,0.560498,0,,16061,16061,46136,0,0,1097095,8795342,0,3b83e701139a037f,2495.87967,0,1.28
20260927T195559Z-4fb3,8e15dabf21369ba5,533035,gpu-nearfar,gpu,resident,s1,20,1,0,0,3,warm,0,1,12,279.19431,0,0,0,277.264618,0.512887,0,,15978,15978,45966,0,0,1096791,8793138,0,b6d4affba2be94b4,2494.21964,0,1.28
20260927T195559Z-4fb3,8e15dabf21369ba5,464239,gpu-nearfar,gpu,resident,s1,21,1,0,0,3,warm,0,1,12,278.826159,0,0,0,276.952637,0.518985,0,,15949,15949,45912,0,0,1096523,8790595,0,477b960c0d88bea5,2495.87967,0,1.28
20260927T195559Z-4fb3,8e15dabf21369ba5,738023,gpu-nearfar,gpu,resident,s1,22,1,0,0,3,warm,0,1,12,280.883988,0,0,0,279.019623,0.527761,0,,16049,16049,46112,0,0,1096600,8791455,0,a5750b7e04034b8b,2495.87967,0,1.28
20260927T195559Z-4fb3,8e15dabf21369ba5,256371,gpu-nearfar,gpu,resident,s1,23,1,0,0,3,warm,0,1,12,278.627286,0,0,0,276.783569,0.517716,0,,15963,15963,45940,0,0,1096878,8793736,0,d3f0f164749d3139,2493.35119,0,1.28
20260927T195559Z-4fb3,8e15dabf21369ba5,426064,gpu-nearfar,gpu,resident,s1,24,1,0,0,3,warm,0,1,12,280.879875,0,0,0,279.058014,0.511539,0,,16085,16085,46180,0,0,1096997,8794909,0,04322492b4dffba5,2493.98276,0,1.28
20260927T195559Z-4fb3,8e15dabf21369ba5,89702,gpu-nearfar,gpu,resident,s1,25,1,0,0,3,warm,0,1,12,279.842941,0,0,0,278.010468,0.510231,0,,16023,16023,46052,0,0,1097360,8797928,0,764657ec09a11926,2495.40532,0,1.28
20260927T195559Z-4fb3,8e15dabf21369ba5,919406,gpu-nearfar,gpu,resident,s1,26,1,0,0,3,warm,0,1,12,282.102882,0,0,0,280.208984,0.564647,0,,16066,16066,46146,0,0,1096932,8794211,0,364c5c2507bb3016,2493.35119,0,1.28
20260927T195559Z-4fb3,8e15dabf21369ba5,202818,gpu-nearfar,gpu,resident,s1,27,1,0,0,3,warm,0,1,12,279.594605,0,0,0,277.67746,0.518662,0,,16025,16025,46060,0,0,1096942,8794020,0,a0ee314844dc764d,2495.08899,0,1.28
20260927T195559Z-4fb3,8e15dabf21369ba5,302043,gpu-nearfar,gpu,resident,s1,28,1,0,0,3,warm,0,1,12,278.638912,0,0,0,276.77243,0.514893,0,,15960,15960,45930,0,0,1096476,8790113,0,2bf716e742937517,2495.87967,0,1.28
20260927T195559Z-4fb3,8e15dabf21369ba5,508062,gpu-nearfar,gpu,resident,s1,29,1,0,0,3,warm,0,1,12,279.912548,0,0,0,278.054413,0.510497,0,,16039,16039,46092,0,0,1096800,8792720,0,e984b929b9ff66e8,2495.87967,0,1.28
20260927T195559Z-4fb3,8e15dabf21369ba5,189131,gpu-nearfar,gpu,resident,s1,30,1,0,0,3,warm,0,1,12,279.651403,0,0,0,277.759796,0.523443,0,,15963,15963,45940,0,0,1096483,8789925,0,d54b22444535f3de,2495.87967,0,1.28
20260927T195559Z-4fb3,8e15dabf21369ba5,943487,gpu-nearfar,gpu,resident,s1,31,1,0,0,3,warm,0,1,12,280.601343,0,0,0,278.675385,0.53511,0,,16035,16035,46084,0,0,1096949,8793826,0,5440a6241f47a317,2493.35119,0,1.26
20260927T195559Z-4fb3,8e15dabf21369ba5,535623,gpu-nearfar,gpu,resident,s1,32,1,0,0,3,warm,0,1,12,281.241111,0,0,0,279.310455,0.536254,0,,15954,15954,45914,0,0,1096493,8790280,0,5bc57243d9998434,2493.35119,0,1.26
20260927T195559Z-4fb3,8e15dabf21369ba5,650980,gpu-nearfar,gpu,resident,s1,33,1,0,0,3,warm,0,1,12,280.896758,0,0,0,278.974152,0.556251,0,,16023,16023,46064,0,0,1097083,8795333,0,44b0659cf515f1ff,2493.58796,0,1.26
20260927T195559Z-4fb3,8e15dabf21369ba5,884988,gpu-nearfar,gpu,resident,s1,34,1,0,0,3,warm,0,1,12,281.02583,0,0,0,279.054565,0.53762,0,,16017,16017,46040,0,0,1096856,8793840,0,c51d5c97d41aca0d,2495.87967,0,1.26
20260927T195559Z-4fb3,8e15dabf21369ba5,316027,gpu-nearfar,gpu,resident,s1,35,1,0,0,3,warm,0,1,12,281.987939,0,0,0,280.063019,0.54772,0,,16068,16068,46142,0,0,1096903,8793802,0,614a5d716fbb4de0,2496.1962,0,1.26
20260927T195559Z-4fb3,8e15dabf21369ba5,800397,gpu-nearfar,gpu,resident,s1,36,1,0,0,3,warm,0,1,12,279.24033,0,0,0,277.343964,0.526048,0,,15927,15927,45868,0,0,1096602,8790828,0,319a99c467252119,2495.87967,0,1.26
20260927T195559Z-4fb3,8e15dabf21369ba5,492565,gpu-nearfar,gpu,resident,s1,37,1,0,0,3,warm,0,1,12,280.302509,0,0,0,278.445557,0.511469,0,,16025,16025,46056,0,0,1096522,8790416,0,a27338b58021c9c4,2493.43001,0,1.26
20260927T195559Z-4fb3,8e15dabf21369ba5,826100,gpu-nearfar,gpu,resident,s1,38,1,0,0,3,warm,0,1,12,280.589612,0,0,0,278.729675,0.519559,0,,16011,16011,46024,0,0,1096758,8793026,0,b08422e22cabd03d,2493.74592,0,1.26
20260927T195559Z-4fb3,8e15dabf21369ba5,445492,gpu-nearfar,gpu,resident,s1,39,1,0,0,3,warm,0,1,12,280.485473,0,0,0,278.628876,0.510487,0,,16061,16061,46132,0,0,1096626,8791437,0,b4e1be62146d06cc,2493.35119,0,1.26
20260927T195559Z-4fb3,8e15dabf21369ba5,903723,gpu-nearfar,gpu,resident,s1,40,1,0,0,3,warm,0,1,12,279.213272,0,0,0,277.303558,0.562094,0,,15968,15968,45958,0,0,1096889,8793264,0,9d9bedeac11b3e4f,2495.87967,0,1.26
20260927T195559Z-4fb3,8e15dabf21369ba5,600641,gpu-nearfar,gpu,resident,s1,41,1,0,0,3,warm,0,1,12,279.375174,0,0,0,277.460571,0.516343,0,,16000,16000,46010,0,0,1097139,8795798,0,78189fe7f02b1486,2493.58796,0,1.26
20260927T195559Z-4fb3,8e15dabf21369ba5,850506,gpu-nearfar,gpu,resident,s1,42,1,0,0,3,warm,0,1,12,280.595924,0,0,0,278.728424,0.524603,0,,16000,16000,46002,0,0,1096716,8792255,0,ed62f5d27cde2ad5,2494.29881,0,1.26
20260927T195559Z-4fb3,8e15dabf21369ba5,92777,gpu-nearfar,gpu,resident,s1,43,1,0,0,3,warm,0,1,12,279.91263,0,0,0,278.033905,0.510772,0,,16026,16026,46050,0,0,1097014,8794974,0,6eb915ca468c34f5,2494.21964,0,1.26
20260927T195559Z-4fb3,8e15dabf21369ba5,189000,gpu-nearfar,gpu,resident,s1,44,1,0,0,3,warm,0,1,12,280.781221,0,0,0,278.950531,0.507748,0,,16102,16102,46214,0,0,1097142,8796158,0,606df2d20b2c3393,2496.2755,0,1.26
20260927T195559Z-4fb3,8e15dabf21369ba5,694683,gpu-nearfar,gpu,resident,s1,45,1,0,0,3,warm,0,1,12,279.125609,0,0,0,277.31662,0.510912,0,,15978,15978,45966,0,0,1096910,8794106,0,ccd5845cf199bcf0,2495.56352,0,1.26
20260927T195559Z-4fb3,8e15dabf21369ba5,544619,gpu-nearfar,gpu,resident,s1,46,1,0,0,3,warm,0,1,12,280.400011,0,0,0,278.612885,0.524794,0,,16049,16049,46112,0,0,1096485,8790576,0,9e88a07e9d04a649,2495.87967,0,1.26
20260927T195559Z-4fb3,8e15dabf21369ba5,873060,gpu-nearfar,gpu,resident,s1,47,1,0,0,3,warm,0,1,12,280.628712,0,0,0,278.704407,0.580978,0,,16000,16000,46006,0,0,1096491,8789809,0,5ac56126a7b1a8b0,2493.50883,0,1.26
20260927T195559Z-4fb3,8e15dabf21369ba5,172909,gpu-nearfar,gpu,resident,s1,48,1,0,0,3,warm,0,1,12,280.023988,0,0,0,278.100616,0.522303,0,,16030,16030,46070,0,0,1096556,8790961,0,97f57edc044087f0,2493.74592,0,1.32
20260927T195559Z-4fb3,8e15dabf21369ba5,120718,gpu-nearfar,gpu,resident,s1,49,1,0,0,3,warm,0,1,12,279.840223,0,0,0,277.973541,0.509849,0,,16017,16017,46044,0,0,1096697,8791869,0,0cff41f9bbdddb77,2493.35119,0,1.32
20260927T195559Z-4fb3,8e15dabf21369ba5,234554,gpu-nearfar,gpu,resident,s1,50,1,0,0,3,warm,0,1,12,280.786834,0,0,0,278.930267,0.533691,0,,16025,16025,46072,0,0,1096853,8793488,0,a949a776d47d46f5,2493.50883,0,1.32
20260927T195559Z-4fb3,8e15dabf21369ba5,570105,gpu-nearfar,gpu,resident,s1,51,1,0,0,3,warm,0,1,12,278.937546,0,0,0,277.089874,0.511901,0,,15988,15988,45994,0,0,1096888,8793951,0,e17c623e2d4b508f,2495.56352,0,1.32
20260927T195559Z-4fb3,8e15dabf21369ba5,842479,gpu-nearfar,gpu,resident,s1,52,1,0,0,3,warm,0,1,12,278.549112,0,0,0,276.686676,0.550732,0,,15906,15906,45822,0,0,1096792,8792665,0,a258a2586ac5bf2e,2493.82476,0,1.32
20260927T195559Z-4fb3,8e15dabf21369ba5,348456,gpu-nearfar,gpu,resident,s1,53,1,0,0,3,warm,0,1,12,280.744991,0,0,0,278.861542,0.545217,0,,16041,16041,46100,0,0,1096419,8789680,0,105f5d597adb8c32,2495.87967,0,1.32
20260927T195559Z-4fb3,8e15dabf21369ba5,831953,gpu-nearfar,gpu,resident,s1,54,1,0,0,3,warm,0,1,12,280.829183,0,0,0,278.918427,0.569179,0,,15974,15974,45962,0,0,1096345,8788852,0,3ec23a9d53716ee1,2495.72173,0,1.32
20260927T195559Z-4fb3,8e15dabf21369ba5,409707,gpu-nearfar,gpu,resident,s1,55,1,0,0,3,warm,0,1,12,281.307265,0,0,0,279.264801,0.554642,0,,16049,16049,46104,0,0,1096880,8793617,0,9d187bf0003e16e5,2495.87967,0,1.32
20260927T195559Z-4fb3,8e15dabf21369ba5,459557,gpu-nearfar,gpu,resident,s1,56,1,0,0,3,warm,0,1,12,279.770631,0,0,0,277.893707,0.511306,0,,16033,16033,46088,0,0,1097143,8795763,0,5b054ae094967981,2495.87967,0,1.32
20260927T195559Z-4fb3,8e15dabf21369ba5,472668,gpu-nearfar,gpu,resident,s1,57,1,0,0,3,warm,0,1,12,279.196821,0,0,0,277.361481,0.50683,0,,16002,16002,46010,0,0,1096675,8792206,0,623072bf4512656e,2493.50883,0,1.32
20260927T195559Z-4fb3,8e15dabf21369ba5,240184,gpu-nearfar,gpu,resident,s1,58,1,0,0,3,warm,0,1,12,280.054096,0,0,0,278.203308,0.534673,0,,16005,16005,46016,0,0,1097249,8796537,0,4bb21d890c0e5ab7,2495.87967,0,1.32
20260927T195559Z-4fb3,8e15dabf21369ba5,258439,gpu-nearfar,gpu,resident,s1,59,1,0,0,3,warm,0,1,12,279.756243,0,0,0,277.897827,0.51652,0,,16024,16024,46054,0,0,1096947,8794580,0,253070116044b281,2495.87967,0,1.32
20260927T195559Z-4fb3,8e15dabf21369ba5,767648,gpu-nearfar,gpu,resident,s1,60,1,0,0,3,warm,0,1,12,278.011985,0,0,0,276.178497,0.509123,0,,15908,15908,45822,0,0,1096158,8787515,0,11e2d9c9d7746df3,2495.87967,0,1.32
20260927T195559Z-4fb3,8e15dabf21369ba5,826214,gpu-nearfar,gpu,resident,s1,61,1,0,0,3,warm,0,1,12,279.262318,0,0,0,277.416748,0.531452,0,,15973,15973,45956,0,0,1096795,8792391,0,e8360d647c14ee57,2494.14077,0,1.32
20260927T195559Z-4fb3,8e15dabf21369ba5,216317,gpu-nearfar,gpu,resident,s1,62,1,0,0,3,warm,0,1,12,280.847106,0,0,0,278.888733,0.557231,0,,16004,16004,46018,0,0,1096741,8792924,0,2e4ccbb54ddf2979,2495.87967,0,1.32
20260927T195559Z-4fb3,8e15dabf21369ba5,834085,gpu-nearfar,gpu,resident,s1,63,1,0,0,3,warm,0,1,12,279.83697,0,0,0,277.936859,0.527972,0,,16022,16022,46058,0,0,1096246,8788268,0,f1b88b3d09c22e23,2494.06162,0,1.32
20260927T195559Z-4fb3,8e15dabf21369ba5,37297,gpu-nearfar,gpu,resident,s1,64,1,0,0,3,warm,0,1,12,279.669237,0,0,0,277.799438,0.514453,0,,16016,16016,46038,0,0,1096667,8792070,0,14dac6e8a16de2b4,2495.87967,0,1.32
20260927T195559Z-4fb3,8e15dabf21369ba5,297916,gpu-nearfar,gpu,resident,s1,65,1,0,0,3,warm,0,1,12,278.23265,0,0,0,276.364136,0.51734,0,,15942,15942,45890,0,0,1096434,8789660,0,b8bff2a107af7329,2493.58796,0,1.32
20260927T195559Z-4fb3,8e15dabf21369ba5,73513,gpu-nearfar,gpu,resident,s1,66,1,0,0,3,warm,0,1,12,282.348264,0,0,0,280.497894,0.53525,0,,16051,16051,46092,0,0,1096924,8794078,0,69a87962490b5411,2493.35119,0,1.29
20260927T195559Z-4fb3,8e15dabf21369ba5,315923,gpu-nearfar,gpu,resident,s1,67,1,0,0,3,warm,0,1,12,279.893329,0,0,0,277.987854,0.516231,0,,15992,15992,45990,0,0,1096581,8791075,0,bf8b5a087b29f78e,2493.98276,0,1.29
20260927T195559Z-4fb3,8e15dabf21369ba5,1029927,gpu-nearfar,gpu,resident,s1,68,1,0,0,3,warm,0,1,12,280.889142,0,0,0,279.000702,0.51663,0,,16079,16079,46164,0,0,1097376,8797861,0,c51fac7401e252bb,2495.01007,0,1.29
20260927T195559Z-4fb3,8e15dabf21369ba5,253516,gpu-nearfar,gpu,resident,s1,69,1,0,0,3,warm,0,1,12,281.25148,0,0,0,279.385559,0.55262,0,,16031,16031,46060,0,0,1096712,8792450,0,a8be3ff576a67aaf,2495.87967,0,1.29
20260927T195559Z-4fb3,8e15dabf21369ba5,843761,gpu-nearfar,gpu,resident,s1,70,1,0,0,3,warm,0,1,12,280.914218,0,0,0,278.966309,0.54749,0,,15994,15994,45986,0,0,1096893,8793570,0,844345cbf713c839,2493.35119,0,1.29
20260927T195559Z-4fb3,8e15dabf21369ba5,116648,gpu-nearfar,gpu,resident,s1,71,1,0,0,3,warm,0,1,12,280.354116,0,0,0,278.416046,0.521251,0,,16005,16005,46020,0,0,1097046,8795103,0,3fe3826a8f281559,2495.64247,0,1.29
20260927T195559Z-4fb3,8e15dabf21369ba5,898381,gpu-nearfar,gpu,resident,s1,72,1,0,0,3,warm,0,1,12,279.970381,0,0,0,278.094391,0.510323,0,,16018,16018,46042,0,0,1097210,8796563,0,45beabd67a76159e,2495.64247,0,1.29
20260927T195559Z-4fb3,8e15dabf21369ba5,33584,gpu-nearfar,gpu,resident,s1,73,1,0,0,3,warm,0,1,12,279.281071,0,0,0,277.434052,0.51597,0,,15960,15960,45930,0,0,1096760,8792449,0,9757babc13435107,2494.29881,0,1.29
20260927T195559Z-4fb3,8e15dabf21369ba5,264423,gpu-nearfar,gpu,resident,s1,74,1,0,0,3,warm,0,1,12,279.682684,0,0,0,277.841888,0.535692,0,,15971,15971,45952,0,0,1096979,8794101,0,8769d9563f8cb590,2496.11721,0,1.29
20260927T195559Z-4fb3,8e15dabf21369ba5,581085,gpu-nearfar,gpu,resident,s1,75,1,0,0,3,warm,0,1,12,280.243008,0,0,0,278.395416,0.510765,0,,16034,16034,46086,0,0,1096952,8794739,0,239d1c2bf8d9cd62,2495.87967,0,1.29
20260927T195559Z-4fb3,8e15dabf21369ba5,716354,gpu-nearfar,gpu,resident,s1,76,1,0,0,3,warm,0,1,12,281.161213,0,0,0,279.283997,0.561658,0,,15980,15980,45966,0,0,1096837,8792494,0,fbbebe35a9b45729,2494.29881,0,1.29
20260927T195559Z-4fb3,8e15dabf21369ba5,754603,gpu-nearfar,gpu,resident,s1,77,1,0,0,3,warm,0,1,12,279.249218,0,0,0,277.361267,0.513951,0,,15962,15962,45938,0,0,1096521,8790472,0,145b21b9140aab92,2495.87967,0,1.29
20260927T195559Z-4fb3,8e15dabf21369ba5,277866,gpu-nearfar,gpu,resident,s1,78,1,0,0,3,warm,0,1,12,281.056001,0,0,0,279.179993,0.528417,0,,16035,16035,46080,0,0,1097335,8797679,0,9257702a5149c8f3,2495.40532,0,1.29
20260927T195559Z-4fb3,8e15dabf21369ba5,917702,gpu-nearfar,gpu,resident,s1,79,1,0,0,3,warm,0,1,12,280.223,0,0,0,278.349274,0.51745,0,,16063,16063,46128,0,0,1096760,8792506,0,3e0b7636e3a7e06f,2495.56352,0,1.29
20260927T195559Z-4fb3,8e15dabf21369ba5,474965,gpu-nearfar,gpu,resident,s1,80,1,0,0,3,warm,0,1,12,278.567939,0,0,0,276.737701,0.504607,0,,15921,15921,45856,0,0,1096180,8787646,0,06e80998b455105b,2491.45783,0,1.29
20260927T195559Z-4fb3,8e15dabf21369ba5,531108,gpu-nearfar,gpu,resident,s1,81,1,0,0,3,warm,0,1,12,278.534441,0,0,0,276.712219,0.512168,0,,15967,15967,45940,0,0,1096713,8791906,0,171015491b0d386f,2493.90391,0,1.29
20260927T195559Z-4fb3,8e15dabf21369ba5,137455,gpu-nearfar,gpu,resident,s1,82,1,0,0,3,warm,0,1,12,278.702752,0,0,0,276.880249,0.524031,0,,15928,15928,45858,0,0,1096455,8789815,0,b759282a0ff5deb9,2493.50883,0,1.29
20260927T195559Z-4fb3,8e15dabf21369ba5,171687,gpu-nearfar,gpu,resident,s1,83,1,0,0,3,warm,0,1,12,281.804739,0,0,0,279.889191,0.593388,0,,16054,16054,46118,0,0,1097174,8796341,0,7039a73e5109e62e,2495.87967,0,1.29
20260927T195559Z-4fb3,8e15dabf21369ba5,929989,gpu-nearfar,gpu,resident,s1,84,1,0,0,3,warm,0,1,12,279.261413,0,0,0,277.37442,0.515314,0,,15987,15987,45984,0,0,1096891,8793599,0,2c7821b5fc99b21d,2496.11721,0,1.27
20260927T195559Z-4fb3,8e15dabf21369ba5,239618,gpu-nearfar,gpu,resident,s1,85,1,0,0,3,warm,0,1,12,279.821626,0,0,0,277.933838,0.510904,0,,16034,16034,46082,0,0,1096769,8792856,0,e0ca554f6bc5af38,2494.14077,0,1.27
20260927T195559Z-4fb3,8e15dabf21369ba5,888073,gpu-nearfar,gpu,resident,s1,86,1,0,0,3,warm,0,1,12,280.326171,0,0,0,278.478516,0.529285,0,,16027,16027,46064,0,0,1096860,8792919,0,502345b01d88cc39,2494.14077,0,1.27
20260927T195559Z-4fb3,8e15dabf21369ba5,423524,gpu-nearfar,gpu,resident,s1,87,1,0,0,3,warm,0,1,12,279.206561,0,0,0,277.298981,0.510065,0,,15996,15996,45994,0,0,1096619,8791737,0,bbb57c9a21f0b553,2494.06162,0,1.27
20260927T195559Z-4fb3,8e15dabf21369ba5,51368,gpu-nearfar,gpu,resident,s1,88,1,0,0,3,warm,0,1,12,280.869317,0,0,0,279.00528,0.547107,0,,16051,16051,46112,0,0,1096808,8793317,0,a973095120b9cf0d,2494.21964,0,1.27
20260927T195559Z-4fb3,8e15dabf21369ba5,166757,gpu-nearfar,gpu,resident,s1,89,1,0,0,3,warm,0,1,12,278.699535,0,0,0,276.816681,0.522434,0,,15946,15946,45894,0,0,1096747,8792608,0,40bd2deb1c943f0d,2495.87967,0,1.27
20260927T195559Z-4fb3,8e15dabf21369ba5,319756,gpu-nearfar,gpu,resident,s1,90,1,0,0,3,warm,0,1,12,281.404782,0,0,0,279.492828,0.562289,0,,15985,15985,45976,0,0,1096369,8789799,0,750c2ee6c0ce55b8,2493.43001,0,1.27
20260927T195559Z-4fb3,8e15dabf21369ba5,893116,gpu-nearfar,gpu,resident,s1,91,1,0,0,3,warm,0,1,12,279.307196,0,0,0,277.413208,0.519671,0,,15977,15977,45964,0,0,1096606,8791608,0,c244bbf931a9ff66,2493.35119,0,1.27
20260927T195559Z-4fb3,8e15dabf21369ba5,278999,gpu-nearfar,gpu,resident,s1,92,1,0,0,3,warm,0,1,12,279.488588,0,0,0,277.620361,0.515032,0,,15996,15996,46002,0,0,1096642,8791939,0,00480761c37b434d,2495.87967,0,1.27
20260927T195559Z-4fb3,8e15dabf21369ba5,172699,gpu-nearfar,gpu,resident,s1,93,1,0,0,3,warm,0,1,12,278.767052,0,0,0,276.907349,0.513854,0,,15970,15970,45954,0,0,1096212,8788327,0,355c1585721248e1,2495.87967,0,1.27
20260927T195559Z-4fb3,8e15dabf21369ba5,720346,gpu-nearfar,gpu,resident,s1,94,1,0,0,3,warm,0,1,12,279.308939,0,0,0,277.471893,0.526003,0,,15951,15951,45908,0,0,1096908,8793424,0,b6321497e33b2b9d,2494.21964,0,1.27
20260927T195559Z-4fb3,8e15dabf21369ba5,417697,gpu-nearfar,gpu,resident,s1,95,1,0,0,3,warm,0,1,12,278.710142,0,0,0,276.850861,0.522457,0,,15946,15946,45914,0,0,1096404,8789963,0,0a1339e166047fdc,2493.11418,0,1.27
20260927T195559Z-4fb3,8e15dabf21369ba5,768200,gpu-nearfar,gpu,resident,s1,96,1,0,0,3,warm,0,1,12,280.583389,0,0,0,278.750824,0.509928,0,,16077,16077,46160,0,0,1097653,8799713,0,7b26b07a5cc20a22,2495.87967,0,1.27
20260927T195559Z-4fb3,8e15dabf21369ba5,896444,gpu-nearfar,gpu,resident,s1,97,1,0,0,3,warm,0,1,12,283.040619,0,0,0,281.181671,0.552227,0,,16115,16115,46244,0,0,1097068,8795081,0,eb5a677675b88b2f,2493.35119,0,1.27
20260927T195559Z-4fb3,8e15dabf21369ba5,87619,gpu-nearfar,gpu,resident,s1,98,1,0,0,3,warm,0,1,12,280.597416,0,0,0,278.692719,0.537062,0,,16002,16002,46022,0,0,1096989,8794392,0,5200e13c6c0b71d2,2495.87967,0,1.27
20260927T195559Z-4fb3,8e15dabf21369ba5,521404,gpu-nearfar,gpu,resident,s1,99,1,0,0,3,warm,0,1,12,279.590855,0,0,0,277.71344,0.512929,0,,16019,16019,46048,0,0,1096323,8789243,0,103851ab84166de3,2493.98276,0,1.27
20260927T195559Z-4fb3,8e15dabf21369ba5,530513,gpu-nearfar,gpu,resident,s1,100,1,0,0,3,warm,0,1,12,278.104986,0,0,0,276.233795,0.507941,0,,15922,15922,45850,0,0,1096138,8786913,0,552da161d8a41475,2495.8007,0,1.27
20260927T195559Z-4fb3,8e15dabf21369ba5,10624,gpu-nearfar,gpu,resident,s1,101,1,0,0,3,warm,0,1,12,280.116161,0,0,0,278.267059,0.532808,0,,16003,16003,46012,0,0,1097043,8795073,0,bdf1e4235b2c5d71,2495.8007,0,1.25
20260927T195559Z-4fb3,8e15dabf21369ba5,771433,gpu-nearfar,gpu,resident,s1,102,1,0,0,3,warm,0,1,12,280.04085,0,0,0,278.159271,0.530701,0,,15977,15977,45968,0,0,1096683,8792114,0,ad3bbc64b326e2ec,2493.35119,0,1.25
20260927T195559Z-4fb3,8e15dabf21369ba5,124155,gpu-nearfar,gpu,resident,s1,103,1,0,0,3,warm,0,1,12,278.602963,0,0,0,276.700714,0.519065,0,,15955,15955,45916,0,0,1096355,8789772,0,50970e53e745be2f,2493.35119,0,1.25
20260927T195559Z-4fb3,8e15dabf21369ba5,870629,gpu-nearfar,gpu,resident,s1,104,1,0,0,3,warm,0,1,12,281.338644,0,0,0,279.452148,0.553355,0,,16022,16022,46050,0,0,1096783,8792868,0,e81bad72cb10adbb,2495.72173,0,1.25
20260927T195559Z-4fb3,8e15dabf21369ba5,496824,gpu-nearfar,gpu,resident,s1,105,1,0,0,3,warm,0,1,12,280.431619,0,0,0,278.527527,0.525921,0,,16004,16004,46014,0,0,1096648,8791366,0,6c8ac37e578005a3,2493.43001,0,1.25
20260927T195559Z-4fb3,8e15dabf21369ba5,880012,gpu-nearfar,gpu,resident,s1,106,1,0,0,3,warm,0,1,12,282.705749,0,0,0,280.751068,0.533241,0,,16116,16116,46242,0,0,1097151,8796182,0,8ccba16252198116,2493.35119,0,1.25
20260927T195559Z-4fb3,8e15dabf21369ba5,663000,gpu-nearfar,gpu,resident,s1,107,1,0,0,3,warm,0,1,12,280.434384,0,0,0,278.562073,0.517305,0,,16060,16060,46130,0,0,1096881,8794075,0,902cf10109055e10,2493.35119,0,1.25
20260927T195559Z-4fb3,8e15dabf21369ba5,1043132,gpu-nearfar,gpu,resident,s1,108,1,0,0,3,warm,0,1,12,278.331946,0,0,0,276.47644,0.513749,0,,15922,15922,45850,0,0,1096149,8787093,0,66a901d1343276af,2495.87967,0,1.25
20260927T195559Z-4fb3,8e15dabf21369ba5,605213,gpu-nearfar,gpu,resident,s1,109,1,0,0,3,warm,0,1,12,279.030705,0,0,0,277.175873,0.506444,0,,15959,15959,45928,0,0,1096529,8791044,0,82779a3371e6f2cd,2493.35119,0,1.25
20260927T195559Z-4fb3,8e15dabf21369ba5,866643,gpu-nearfar,gpu,resident,s1,110,1,0,0,3,warm,0,1,12,279.675679,0,0,0,277.797211,0.538476,0,,15958,15958,45922,0,0,1096500,8791060,0,00b32b95442d06d1,2493.35119,0,1.25
20260927T195559Z-4fb3,8e15dabf21369ba5,584213,gpu-nearfar,gpu,resident,s1,111,1,0,0,3,warm,0,1,12,282.698996,0,0,0,280.819885,0.544544,0,,16069,16069,46152,0,0,1096627,8791848,0,7416ed67c950f20f,2495.16821,0,1.25
20260927T195559Z-4fb3,8e15dabf21369ba5,618833,gpu-nearfar,gpu,resident,s1,112,1,0,0,3,warm,0,1,12,280.268466,0,0,0,278.378296,0.516365,0,,16048,16048,46114,0,0,1096755,8792359,0,59446c1b822407d2,2495.48427,0,1.25
20260927T195559Z-4fb3,8e15dabf21369ba5,688407,gpu-nearfar,gpu,resident,s1,113,1,0,0,3,warm,0,1,12,278.911748,0,0,0,277.04068,0.510921,0,,15972,15972,45954,0,0,1096564,8791238,0,80b32c641fa4052f,2495.87967,0,1.25
20260927T195559Z-4fb3,8e15dabf21369ba5,66042,gpu-nearfar,gpu,resident,s1,114,1,0,0,3,warm,0,1,12,280.091134,0,0,0,278.211639,0.537289,0,,16043,16043,46100,0,0,1096299,8788488,0,28e9bc0fd5874b1d,2493.35119,0,1.25
20260927T195559Z-4fb3,8e15dabf21369ba5,793602,gpu-nearfar,gpu,resident,s1,115,1,0,0,3,warm,0,1,12,280.183916,0,0,0,278.305511,0.507452,0,,16073,16073,46152,0,0,1096650,8791845,0,2c7cac84c0f043b2,2493.66679,0,1.25
20260927T195559Z-4fb3,8e15dabf21369ba5,561707,gpu-nearfar,gpu,resident,s1,116,1,0,0,3,warm,0,1,12,280.083925,0,0,0,278.25412,0.504856,0,,16060,16060,46130,0,0,1096571,8790746,0,78de0e16ea4fde1f,2493.35119,0,1.25
20260927T195559Z-4fb3,8e15dabf21369ba5,692599,gpu-nearfar,gpu,resident,s1,117,1,0,0,3,warm,0,1,12,279.304067,0,0,0,277.492584,0.510882,0,,15980,15980,45970,0,0,1096676,8791733,0,08fba6af4af64866,2495.87967,0,1.25
20260927T195559Z-4fb3,8e15dabf21369ba5,814798,gpu-nearfar,gpu,resident,s1,118,1,0,0,3,warm,0,1,12,281.91382,0,0,0,280.034515,0.558635,0,,15969,15969,45948,0,0,1096434,8789426,0,e5f8753d02ce6cf0,2495.87967,0,1.25
20260927T195559Z-4fb3,8e15dabf21369ba5,432532,gpu-nearfar,gpu,resident,s1,119,1,0,0,3,warm,0,1,12,279.175125,0,0,0,277.236298,0.524978,0,,15977,15977,45976,0,0,1096415,8789368,0,146303230195b596,2493.58796,0,1.22
20260927T195559Z-4fb3,8e15dabf21369ba5,511103,gpu-nearfar,gpu,resident,s1,120,1,0,0,3,warm,0,1,12,280.308853,0,0,0,278.442596,0.515172,0,,16074,16074,46166,0,0,1097154,8795787,0,5b6f9268a090014b,2495.87967,0,1.22
20260927T195559Z-4fb3,8e15dabf21369ba5,827115,gpu-nearfar,gpu,resident,s1,121,1,0,0,3,warm,0,1,12,278.795434,0,0,0,276.964966,0.520487,0,,15987,15987,45980,0,0,1096646,8791595,0,c2ef225c7d1b6cf1,2493.74592,0,1.22
20260927T195559Z-4fb3,8e15dabf21369ba5,816247,gpu-nearfar,gpu,resident,s1,122,1,0,0,3,warm,0,1,12,279.448735,0,0,0,277.619446,0.533749,0,,15998,15998,46002,0,0,1097141,8795734,0,53b5c4c422a03130,2495.87967,0,1.22
20260927T195559Z-4fb3,8e15dabf21369ba5,653088,gpu-nearfar,gpu,resident,s1,123,1,0,0,3,warm,0,1,12,281.986013,0,0,0,280.13559,0.528245,0,,16088,16088,46186,0,0,1096848,8793229,0,c3d6e7835680af1d,2495.48427,0,1.22
20260927T195559Z-4fb3,8e15dabf21369ba5,5503,gpu-nearfar,gpu,resident,s1,124,1,0,0,3,warm,0,1,12,280.490678,0,0,0,278.618378,0.51464,0,,16044,16044,46106,0,0,1096565,8790942,0,7f946bb6b5cc0269,2495.87967,0,1.22
20260927T195559Z-4fb3,8e15dabf21369ba5,320284,gpu-nearfar,gpu,resident,s1,125,1,0,0,3,warm,0,1,12,281.911709,0,0,0,280.006989,0.563138,0,,16013,16013,46032,0,0,1096711,8792822,0,0fae1bee80d60ba0,2495.87967,0,1.22
20260927T195559Z-4fb3,8e15dabf21369ba5,909227,gpu-nearfar,gpu,resident,s1,126,1,0,0,3,warm,0,1,12,280.411524,0,0,0,278.481049,0.533442,0,,15978,15978,45974,0,0,1096492,8790508,0,e28d5b4774195c35,2495.87967,0,1.22
20260927T195559Z-4fb3,8e15dabf21369ba5,116150,gpu-nearfar,gpu,resident,s1,127,1,0,0,3,warm,0,1,12,280.259174,0,0,0,276.431458,0.514235,1.932846,,15926,15926,45870,0,0,1096235,8788086,0,0d649a1cfc009d11,2493.35119,0,1.22
20260927T195559Z-4fb3,8e15dabf21369ba5,869618,gpu-frontier,gpu,resident,s2,0,2,0,0,0,warm,0,1,0,180.102001,0,0.237762,4.43423986,174.895004,0.513214,0,,4587,4587,4587,0,0,117015128,935548651,0,751532ac148dc9b8,2493.35119,0,1.22
20260927T195559Z-4fb3,8e15dabf21369ba5,971814,gpu-frontier,gpu,resident,s2,1,2,0,0,0,warm,0,1,0,169.765121,0,0,0,169.189148,0.561625,0,,4589,4589,4589,0,0,118062591,943927207,0,9518212de198ffff,2496.11721,0,1.22
20260927T195559Z-4fb3,8e15dabf21369ba5,31242,gpu-frontier,gpu,resident,s2,2,2,0,0,0,warm,0,1,0,165.223765,0,0,0,164.716324,0.492556,0,,4589,4589,4589,0,0,118088063,944130878,0,f05350b1e5a33e24,2514.36796,0,1.22
20260927T195559Z-4fb3,8e15dabf21369ba5,465080,gpu-frontier,gpu,resident,s2,3,2,0,0,0,warm,0,1,0,164.599648,0,0,0,164.052902,0.531443,0,,4587,4587,4587,0,0,117016924,935562866,0,8e8e4c91e128ce0a,2514.36796,0,1.22
20260927T195559Z-4fb3,8e15dabf21369ba5,490397,gpu-frontier,gpu,resident,s2,4,2,0,0,0,warm,0,1,0,165.261611,0,0,0,164.745026,0.502554,0,,4589,4589,4589,0,0,118061546,943918699,0,9f12266aba714d52,2513.32465,0,1.22
20260927T195559Z-4fb3,8e15dabf21369ba5,76089,gpu-frontier,gpu,resident,s2,5,2,0,0,0,warm,0,1,0,167.502855,0,0,0,166.994873,0.492949,0,,4591,4591,4591,0,0,119114185,952338460,0,d20d780cb45c7881,2513.1642,0,1.22
20260927T195559Z-4fb3,8e15dabf21369ba5,278740,gpu-frontier,gpu,resident,s2,6,2,0,0,0,warm,0,1,0,168.519838,0,0,0,168.013824,0.488839,0,,4591,4591,4591,0,0,119103401,952252120,0,fff3e1dae5373eae,2511.96159,0,1.22
20260927T195559Z-4fb3,8e15dabf21369ba5,503399,gpu-frontier,gpu,resident,s2,7,2,0,0,0,warm,0,1,0,166.054088,0,0,0,165.480545,0.556881,0,,4589,4589,4589,0,0,118058225,943891826,0,2ee85e090f01e3ca,2513.72573,0,1.22
20260927T195559Z-4fb3,8e15dabf21369ba5,221519,gpu-frontier,gpu,resident,s2,8,2,0,0,0,warm,0,1,0,166.134933,0,0,0,165.552826,0.566952,0,,4591,4591,4591,0,0,119112238,952323050,0,343c1c55f34d0873,2513.32465,0,1.22
20260927T195559Z-4fb3,8e15dabf21369ba5,335280,gpu-frontier,gpu,resident,s2,9,2,0,0,0,warm,0,1,0,164.303784,0,0,0,163.754105,0.5348,0,,4587,4587,4587,0,0,117017146,935564526,0,2b6a31403bc4bf79,2513.40474,0,1.22
20260927T195559Z-4fb3,8e15dabf21369ba5,506979,gpu-frontier,gpu,resident,s2,10,2,0,0,0,warm,0,1,0,165.400067,0,0,0,164.874084,0.511735,0,,4589,4589,4589,0,0,118057197,943884102,0,a3371bc10f34b12d,2513.72573,0,1.22
20260927T195559Z-4fb3,8e15dabf21369ba5,312158,gpu-frontier,gpu,resident,s2,11,2,0,0,0,warm,0,1,0,166.072326,0,0,0,165.558945,0.497837,0,,4591,4591,4591,0,0,119106901,952280538,0,c08049994f6005a4,2513.72573,0,1.22
20260927T195559Z-4fb3,8e15dabf21369ba5,832027,gpu-frontier,gpu,resident,s2,12,2,0,0,0,warm,0,1,0,167.446893,0,0,0,166.92749,0.503304,0,,4591,4591,4591,0,0,119124224,952419110,0,41f33decba27f8bc,2511.16068,0,1.22
20260927T195559Z-4fb3,8e15dabf21369ba5,86626,gpu-frontier,gpu,resident,s2,13,2,0,0,0,warm,0,1,0,168.165769,0,0,0,167.671814,0.477963,0,,4587,4587,4587,0,0,117017984,935571958,0,07c2e89a1c495cef,2513.72573,0,1.29
20260927T195559Z-4fb3,8e15dabf21369ba5,893373,gpu-frontier,gpu,resident,s2,14,2,0,0,0,warm,0,1,0,165.997333,0,0,0,165.42215,0.559205,0,,4587,4587,4587,0,0,117015506,935551749,0,e7c677fd68b64919,2513.72573,0,1.29
20260927T195559Z-4fb3,8e15dabf21369ba5,382778,gpu-frontier,gpu,resident,s2,15,2,0,0,0,warm,0,1,0,166.14271,0,0,0,165.583969,0.544201,0,,4589,4589,4589,0,0,118059823,943905120,0,54586fc58d6eb62a,2511.96159,0,1.29
20260927T195559Z-4fb3,8e15dabf21369ba5,941579,gpu-frontier,gpu,resident,s2,16,2,0,0,0,warm,0,1,0,164.733805,0,0,0,164.221924,0.495516,0,,4587,4587,4587,0,0,117026237,935637862,0,fa4caab918588767,2513.80584,0,1.29
20260927T195559Z-4fb3,8e15dabf21369ba5,866763,gpu-frontier,gpu,resident,s2,17,2,0,0,0,warm,0,1,0,166.382694,0,0,0,165.867844,0.500324,0,,4591,4591,4591,0,0,119038283,951732142,0,fd28e53cbc45c9c2,2513.72573,0,1.29
20260927T195559Z-4fb3,8e15dabf21369ba5,963938,gpu-frontier,gpu,resident,s2,18,2,0,0,0,warm,0,1,0,166.330247,0,0,0,165.838654,0.476241,0,,4591,4591,4591,0,0,119106742,952279421,0,facd783cc4a64e59,2512.2022,0,1.29
20260927T195559Z-4fb3,8e15dabf21369ba5,600082,gpu-frontier,gpu,resident,s2,19,2,0,0,0,warm,0,1,0,166.673646,0,0,0,166.106598,0.551224,0,,4591,4591,4591,0,0,119100743,952231237,0,3b83e701139a037f,2513.72573,0,1.29
20260927T195559Z-4fb3,8e15dabf21369ba5,533035,gpu-frontier,gpu,resident,s2,20,2,0,0,0,warm,0,1,0,170.091253,0,0,0,169.503708,0.572757,0,,4591,4591,4591,0,0,119092463,952164894,0,b6d4affba2be94b4,2511.16068,0,1.29
20260927T195559Z-4fb3,8e15dabf21369ba5,464239,gpu-frontier,gpu,resident,s2,21,2,0,0,0,warm,0,1,0,167.974047,0,0,0,167.406174,0.551792,0,,4591,4591,4591,0,0,119061669,951918930,0,477b960c0d88bea5,2511.8016,0,1.29
20260927T195559Z-4fb3,8e15dabf21369ba5,738023,gpu-frontier,gpu,resident,s2,22,2,0,0,0,warm,0,1,0,167.536967,0,0,0,167.007996,0.514029,0,,4593,4593,4593,0,0,120101329,960234774,0,a5750b7e04034b8b,2513.72573,0,1.29
20260927T195559Z-4fb3,8e15dabf21369ba5,256371,gpu-frontier,gpu,resident,s2,23,2,0,0,0,warm,0,1,0,166.560402,0,0,0,166.007843,0.537831,0,,4591,4591,4591,0,0,119099481,952220947,0,d3f0f164749d3139,2513.96638,0,1.29
20260927T195559Z-4fb3,8e15dabf21369ba5,426064,gpu-frontier,gpu,resident,s2,24,2,0,0,0,warm,0,1,0,164.529634,0,0,0,164.034531,0.479955,0,,4587,4587,4587,0,0,117017358,935566553,0,04322492b4dffba5,2511.56107,0,1.29
20260927T195559Z-4fb3,8e15dabf21369ba5,89702,gpu-frontier,gpu,resident,s2,25,2,0,0,0,warm,0,1,0,164.586604,0,0,0,164.093948,0.476544,0,,4587,4587,4587,0,0,117016646,935560545,0,764657ec09a11926,2511.88159,0,1.29
20260927T195559Z-4fb3,8e15dabf21369ba5,919406,gpu-frontier,gpu,resident,s2,26,2,0,0,0,warm,0,1,0,164.673272,0,0,0,164.176987,0.482233,0,,4587,4587,4587,0,0,117016158,935556411,0,364c5c2507bb3016,2511.40084,0,1.29
20260927T195559Z-4fb3,8e15dabf21369ba5,202818,gpu-frontier,gpu,resident,s2,27,2,0,0,0,warm,0,1,0,171.041092,0,0,0,170.502716,0.523551,0,,4591,4591,4591,0,0,119092822,952167830,0,a0ee314844dc764d,2513.72573,0,1.29
20260927T195559Z-4fb3,8e15dabf21369ba5,302043,gpu-frontier,gpu,resident,s2,28,2,0,0,0,warm,0,1,0,166.953961,0,0,0,166.439651,0.499323,0,,4589,4589,4589,0,0,118059954,943906101,0,2bf716e742937517,2511.16068,0,1.29
20260927T195559Z-4fb3,8e15dabf21369ba5,508062,gpu-frontier,gpu,resident,s2,29,2,0,0,0,warm,0,1,0,166.093238,0,0,0,165.541763,0.509094,0,,4589,4589,4589,0,0,118063919,943937477,0,e984b929b9ff66e8,2513.72573,0,1.29
20260927T195559Z-4fb3,8e15dabf21369ba5,189131,gpu-frontier,gpu,resident,s2,30,2,0,0,0,warm,0,1,0,164.598046,0,0,0,164.097122,0.485135,0,,4587,4587,4587,0,0,117015049,935547800,0,d54b22444535f3de,2514.44811,0,1.29
20260927T195559Z-4fb3,8e15dabf21369ba5,943487,gpu-frontier,gpu,resident,s2,31,2,0,0,0,warm,0,1,0,164.761946,0,0,0,164.180481,0.563447,0,,4587,4587,4587,0,0,117032613,935688474,0,5440a6241f47a317,2513.72573,0,1.29
20260927T195559Z-4fb3,8e15dabf21369ba5,535623,gpu-frontier,gpu,resident,s2,32,2,0,0,0,warm,0,1,0,165.610988,0,0,0,165.068604,0.527058,0,,4589,4589,4589,0,0,118079034,944058101,0,5bc57243d9998434,2511.16068,0,1.29
20260927T195559Z-4fb3,8e15dabf21369ba5,650980,gpu-frontier,gpu,resident,s2,33,2,0,0,0,warm,0,1,0,166.581894,0,0,0,166.052826,0.513894,0,,4591,4591,4591,0,0,119097965,952209134,0,44b0659cf515f1ff,2513.72573,0,1.29
20260927T195559Z-4fb3,8e15dabf21369ba5,884988,gpu-frontier,gpu,resident,s2,34,2,0,0,0,warm,0,1,0,169.904999,0,0,0,169.376801,0.513602,0,,4589,4589,4589,0,0,118058713,943895965,0,c51d5c97d41aca0d,2514.0468,0,1.29
20260927T195559Z-4fb3,8e15dabf21369ba5,316027,gpu-frontier,gpu,resident,s2,35,2,0,0,0,warm,0,1,0,166.94018,0,0,0,166.432602,0.49231,0,,4589,4589,4589,0,0,118061750,943920270,0,614a5d716fbb4de0,2513.1642,0,1.29
20260927T195559Z-4fb3,8e15dabf21369ba5,800397,gpu-frontier,gpu,resident,s2,36,2,0,0,0,warm,0,1,0,166.113657,0,0,0,165.633026,0.46552,0,,4591,4591,4591,0,0,119046670,951798817,0,319a99c467252119,2513.72573,0,1.29
20260927T195559Z-4fb3,8e15dabf21369ba5,492565,gpu-frontier,gpu,resident,s2,37,2,0,0,0,warm,0,1,0,166.616353,0,0,0,166.131744,0.468733,0,,4591,4591,4591,0,0,119103538,952253420,0,a27338b58021c9c4,2514.52827,0,1.29
20260927T195559Z-4fb3,8e15dabf21369ba5,826100,gpu-frontier,gpu,resident,s2,38,2,0,0,0,warm,0,1,0,164.576005,0,0,0,164.079651,0.480826,0,,4587,4587,4587,0,0,117029315,935661808,0,b08422e22cabd03d,2513.72573,0,1.29
20260927T195559Z-4fb3,8e15dabf21369ba5,445492,gpu-frontier,gpu,resident,s2,39,2,0,0,0,warm,0,1,0,166.494915,0,0,0,165.954559,0.52487,0,,4591,4591,4591,0,0,119103035,952249258,0,b4e1be62146d06cc,2511.4811,0,1.29
20260927T195559Z-4fb3,8e15dabf21369ba5,903723,gpu-frontier,gpu,resident,s2,40,2,0,0,0,warm,0,1,0,166.004117,0,0,0,165.491623,0.497269,0,,4591,4591,4591,0,0,118520114,947586593,0,9d9bedeac11b3e4f,2511.16068,0,1.29
20260927T195559Z-4fb3,8e15dabf21369ba5,600641,gpu-frontier,gpu,resident,s2,41,2,0,0,0,warm,0,1,0,170.879371,0,0,0,170.309479,0.55496,0,,4591,4591,4591,0,0,119093403,952172215,0,78189fe7f02b1486,2511.96159,0,1.29
20260927T195559Z-4fb3,8e15dabf21369ba5,850506,gpu-frontier,gpu,resident,s2,42,2,0,0,0,warm,0,1,0,165.259459,0,0,0,164.766525,0.477269,0,,4587,4587,4587,0,0,117017853,935570077,0,ed62f5d27cde2ad5,2513.72573,0,1.26
20260927T195559Z-4fb3,8e15dabf21369ba5,92777,gpu-frontier,gpu,resident,s2,43,2,0,0,0,warm,0,1,0,165.688332,0,0,0,165.119995,0.552325,0,,4589,4589,4589,0,0,118061154,943915834,0,6eb915ca468c34f5,2513.1642,0,1.26
20260927T195559Z-4fb3,8e15dabf21369ba5,189000,gpu-frontier,gpu,resident,s2,44,2,0,0,0,warm,0,1,0,165.740902,0,0,0,165.200867,0.525538,0,,4589,4589,4589,0,0,118065191,943947714,0,606df2d20b2c3393,2513.08413,0,1.26
20260927T195559Z-4fb3,8e15dabf21369ba5,694683,gpu-frontier,gpu,resident,s2,45,2,0,0,0,warm,0,1,0,166.368595,0,0,0,165.827835,0.525957,0,,4591,4591,4591,0,0,119102956,952249040,0,ccd5845cf199bcf0,2513.80584,0,1.26
20260927T195559Z-4fb3,8e15dabf21369ba5,544619,gpu-frontier,gpu,resident,s2,46,2,0,0,0,warm,0,1,0,165.451199,0,0,0,164.933441,0.503254,0,,4589,4589,4589,0,0,118073467,944013541,0,9e88a07e9d04a649,2511.8016,0,1.26
20260927T195559Z-4fb3,8e15dabf21369ba5,873060,gpu-frontier,gpu,resident,s2,47,2,0,0,0,warm,0,1,0,165.421963,0,0,0,164.919098,0.48847,0,,4589,4589,4589,0,0,118063959,943938054,0,5ac56126a7b1a8b0,2513.72573,0,1.26
20260927T195559Z-4fb3,8e15dabf21369ba5,172909,gpu-frontier,gpu,resident,s2,48,2,0,0,0,warm,0,1,0,168.712775,0,0,0,168.221725,0.475617,0,,4587,4587,4587,0,0,117032500,935687487,0,97f57edc044087f0,2511.16068,0,1.26
20260927T195559Z-4fb3,8e15dabf21369ba5,120718,gpu-frontier,gpu,resident,s2,49,2,0,0,0,warm,0,1,0,166.558692,0,0,0,166.071396,0.471306,0,,4589,4589,4589,0,0,118059408,943901816,0,0cff41f9bbdddb77,2513.72573,0,1.26
20260927T195559Z-4fb3,8e15dabf21369ba5,234554,gpu-frontier,gpu,resident,s2,50,2,0,0,0,warm,0,1,0,165.09954,0,0,0,164.537247,0.545586,0,,4587,4587,4587,0,0,117017671,935568781,0,a949a776d47d46f5,2513.72573,0,1.26
20260927T195559Z-4fb3,8e15dabf21369ba5,570105,gpu-frontier,gpu,resident,s2,51,2,0,0,0,warm,0,1,0,165.910796,0,0,0,165.363815,0.530063,0,,4589,4589,4589,0,0,118066809,943960837,0,e17c623e2d4b508f,2513.72573,0,1.26
20260927T195559Z-4fb3,8e15dabf21369ba5,842479,gpu-frontier,gpu,resident,s2,52,2,0,0,0,warm,0,1,0,165.654112,0,0,0,165.128998,0.511675,0,,4589,4589,4589,0,0,118061326,943917203,0,a258a2586ac5bf2e,2511.16068,0,1.26
20260927T195559Z-4fb3,8e15dabf21369ba5,348456,gpu-frontier,gpu,resident,s2,53,2,0,0,0,warm,0,1,0,166.39891,0,0,0,165.877594,0.506411,0,,4591,4591,4591,0,0,119113138,952330295,0,105f5d597adb8c32,2513.72573,0,1.26
20260927T195559Z-4fb3,8e15dabf21369ba5,831953,gpu-frontier,gpu,resident,s2,54,2,0,0,0,warm,0,1,0,166.223387,0,0,0,165.696442,0.512077,0,,4591,4591,4591,0,0,119128077,952449510,0,3ec23a9d53716ee1,2511.24093,0,1.26
20260927T195559Z-4fb3,8e15dabf21369ba5,409707,gpu-frontier,gpu,resident,s2,55,2,0,0,0,warm,0,1,0,167.944625,0,0,0,167.36937,0.559227,0,,4587,4587,4587,0,0,117017172,935564891,0,9d187bf0003e16e5,2513.72573,0,1.26
20260927T195559Z-4fb3,8e15dabf21369ba5,459557,gpu-frontier,gpu,resident,s2,56,2,0,0,0,warm,0,1,0,166.649349,0,0,0,166.061951,0.571787,0,,4589,4589,4589,0,0,118212870,945128552,0,5b054ae094967981,2511.72132,0,1.26
20260927T195559Z-4fb3,8e15dabf21369ba5,472668,gpu-frontier,gpu,resident,s2,57,2,0,0,0,warm,0,1,0,164.879104,0,0,0,164.320679,0.54335,0,,4587,4587,4587,0,0,117018836,935578656,0,623072bf4512656e,2513.64562,0,1.26
20260927T195559Z-4fb3,8e15dabf21369ba5,240184,gpu-frontier,gpu,resident,s2,58,2,0,0,0,warm,0,1,0,166.045954,0,0,0,165.515335,0.514874,0,,4589,4589,4589,0,0,118069024,943978187,0,4bb21d890c0e5ab7,2511.40084,0,1.26
20260927T195559Z-4fb3,8e15dabf21369ba5,258439,gpu-frontier,gpu,resident,s2,59,2,0,0,0,warm,0,1,0,164.551461,0,0,0,164.048706,0.48743,0,,4587,4587,4587,0,0,117017949,935571075,0,253070116044b281,2513.72573,0,1.26
20260927T195559Z-4fb3,8e15dabf21369ba5,767648,gpu-frontier,gpu,resident,s2,60,2,0,0,0,warm,0,1,0,165.535943,0,0,0,165.040131,0.479913,0,,4589,4589,4589,0,0,118061667,943919665,0,11e2d9c9d7746df3,2513.72573,0,1.26
20260927T195559Z-4fb3,8e15dabf21369ba5,826214,gpu-frontier,gpu,resident,s2,61,2,0,0,0,warm,0,1,0,166.274512,0,0,0,165.773117,0.485857,0,,4591,4591,4591,0,0,119092759,952167096,0,e8360d647c14ee57,2513.72573,0,1.26
20260927T195559Z-4fb3,8e15dabf21369ba5,216317,gpu-frontier,gpu,resident,s2,62,2,0,0,0,warm,0,1,0,168.603134,0,0,0,168.106171,0.481214,0,,4587,4587,4587,0,0,117016433,935559124,0,2e4ccbb54ddf2979,2513.72573,0,1.26
20260927T195559Z-4fb3,8e15dabf21369ba5,834085,gpu-frontier,gpu,resident,s2,63,2,0,0,0,warm,0,1,0,167.381199,0,0,0,166.810532,0.555962,0,,4589,4589,4589,0,0,118062779,943928384,0,f1b88b3d09c22e23,2513.72573,0,1.26
20260927T195559Z-4fb3,8e15dabf21369ba5,37297,gpu-frontier,gpu,resident,s2,64,2,0,0,0,warm,0,1,0,165.953475,0,0,0,165.424133,0.514624,0,,4589,4589,4589,0,0,118062208,943924028,0,14dac6e8a16de2b4,2511.16068,0,1.26
20260927T195559Z-4fb3,8e15dabf21369ba5,297916,gpu-frontier,gpu,resident,s2,65,2,0,0,0,warm,0,1,0,165.621454,0,0,0,165.115967,0.48886,0,,4589,4589,4589,0,0,118060257,943908431,0,b8bff2a107af7329,2514.28751,0,1.26
20260927T195559Z-4fb3,8e15dabf21369ba5,73513,gpu-frontier,gpu,resident,s2,66,2,0,0,0,warm,0,1,0,164.4401,0,0,0,163.852509,0.57211,0,,4587,4587,4587,0,0,117016943,935562975,0,69a87962490b5411,2513.72573,0,1.26
20260927T195559Z-4fb3,8e15dabf21369ba5,315923,gpu-frontier,gpu,resident,s2,67,2,0,0,0,warm,0,1,0,165.039996,0,0,0,164.483353,0.536698,0,,4589,4589,4589,0,0,118060402,943909656,0,bf8b5a087b29f78e,2513.72573,0,1.26
20260927T195559Z-4fb3,8e15dabf21369ba5,1029927,gpu-frontier,gpu,resident,s2,68,2,0,0,0,warm,0,1,0,166.273975,0,0,0,165.756699,0.502538,0,,4591,4591,4591,0,0,119103687,952254590,0,c51fac7401e252bb,2513.72573,0,1.26
20260927T195559Z-4fb3,8e15dabf21369ba5,253516,gpu-frontier,gpu,resident,s2,69,2,0,0,0,warm,0,1,0,170.134771,0,0,0,169.537506,0.581569,0,,4589,4589,4589,0,0,118079187,944059235,0,a8be3ff576a67aaf,2513.72573,0,1.26
20260927T195559Z-4fb3,8e15dabf21369ba5,843761,gpu-frontier,gpu,resident,s2,70,2,0,0,0,warm,0,1,0,166.440165,0,0,0,165.912384,0.514428,0,,4589,4589,4589,0,0,118079188,944059159,0,844345cbf713c839,2511.40084,0,1.26
20260927T195559Z-4fb3,8e15dabf21369ba5,116648,gpu-frontier,gpu,resident,s2,71,2,0,0,0,warm,0,1,0,165.469822,0,0,0,164.967239,0.488008,0,,4589,4589,4589,0,0,118058700,943895690,0,3fe3826a8f281559,2513.72573,0,1.24
20260927T195559Z-4fb3,8e15dabf21369ba5,898381,gpu-frontier,gpu,resident,s2,72,2,0,0,0,warm,0,1,0,164.728957,0,0,0,164.164581,0.549805,0,,4587,4587,4587,0,0,117014998,935547423,0,45beabd67a76159e,2511.40084,0,1.24
20260927T195559Z-4fb3,8e15dabf21369ba5,33584,gpu-frontier,gpu,resident,s2,73,2,0,0,0,warm,0,1,0,166.268811,0,0,0,165.73114,0.522901,0,,4591,4591,4591,0,0,119109961,952305201,0,9757babc13435107,2513.1642,0,1.24
20260927T195559Z-4fb3,8e15dabf21369ba5,264423,gpu-frontier,gpu,resident,s2,74,2,0,0,0,warm,0,1,0,164.623481,0,0,0,164.097946,0.510534,0,,4587,4587,4587,0,0,117027868,935650586,0,8769d9563f8cb590,2511.32088,0,1.24
20260927T195559Z-4fb3,8e15dabf21369ba5,581085,gpu-frontier,gpu,resident,s2,75,2,0,0,0,warm,0,1,0,166.447548,0,0,0,165.908295,0.523715,0,,4591,4591,4591,0,0,119038456,951733407,0,239d1c2bf8d9cd62,2513.32465,0,1.24
20260927T195559Z-4fb3,8e15dabf21369ba5,716354,gpu-frontier,gpu,resident,s2,76,2,0,0,0,warm,0,1,0,169.878709,0,0,0,169.279358,0.582972,0,,4589,4589,4589,0,0,118061277,943916651,0,fbbebe35a9b45729,2513.72573,0,1.24
20260927T195559Z-4fb3,8e15dabf21369ba5,754603,gpu-frontier,gpu,resident,s2,77,2,0,0,0,warm,0,1,0,166.596388,0,0,0,166.104996,0.477889,0,,4589,4589,4589,0,0,118079145,944059349,0,145b21b9140aab92,2511.8016,0,1.24
20260927T195559Z-4fb3,8e15dabf21369ba5,277866,gpu-frontier,gpu,resident,s2,78,2,0,0,0,warm,0,1,0,165.433792,0,0,0,164.857925,0.559721,0,,4589,4589,4589,0,0,118060879,943913610,0,9257702a5149c8f3,2511.72132,0,1.24
20260927T195559Z-4fb3,8e15dabf21369ba5,917702,gpu-frontier,gpu,resident,s2,79,2,0,0,0,warm,0,1,0,164.665571,0,0,0,164.102692,0.547156,0,,4587,4587,4587,0,0,117016777,935561656,0,3e0b7636e3a7e06f,2513.72573,0,1.24
20260927T195559Z-4fb3,8e15dabf21369ba5,474965,gpu-frontier,gpu,resident,s2,80,2,0,0,0,warm,0,1,0,165.475883,0,0,0,164.913223,0.540681,0,,4589,4589,4589,0,0,118190876,944952739,0,06e80998b455105b,2513.72573,0,1.24
20260927T195559Z-4fb3,8e15dabf21369ba5,531108,gpu-frontier,gpu,resident,s2,81,2,0,0,0,warm,0,1,0,165.667961,0,0,0,165.130341,0.521946,0,,4589,4589,4589,0,0,118061805,943920699,0,171015491b0d386f,2512.12189,0,1.24
20260927T195559Z-4fb3,8e15dabf21369ba5,137455,gpu-frontier,gpu,resident,s2,82,2,0,0,0,warm,0,1,0,165.023773,0,0,0,164.491394,0.518524,0,,4587,4587,4587,0,0,117017168,935564861,0,b759282a0ff5deb9,2512.84335,0,1.24
20260927T195559Z-4fb3,8e15dabf21369ba5,171687,gpu-frontier,gpu,resident,s2,83,2,0,0,0,warm,0,1,0,170.93932,0,0,0,170.435425,0.488334,0,,4591,4591,4591,0,0,118075094,944026814,0,7039a73e5109e62e,2513.72573,0,1.24
20260927T195559Z-4fb3,8e15dabf21369ba5,929989,gpu-frontier,gpu,resident,s2,84,2,0,0,0,warm,0,1,0,166.791397,0,0,0,166.2854,0.490289,0,,4589,4589,4589,0,0,118060679,943911912,0,2c7821b5fc99b21d,2513.72573,0,1.24
20260927T195559Z-4fb3,8e15dabf21369ba5,239618,gpu-frontier,gpu,resident,s2,85,2,0,0,0,warm,0,1,0,166.017631,0,0,0,165.518311,0.484666,0,,4589,4589,4589,0,0,118060795,943912985,0,e0ca554f6bc5af38,2513.72573,0,1.24
20260927T195559Z-4fb3,8e15dabf21369ba5,888073,gpu-frontier,gpu,resident,s2,86,2,0,0,0,warm,0,1,0,164.739518,0,0,0,164.25386,0.469793,0,,4587,4587,4587,0,0,117029954,935667030,0,502345b01d88cc39,2513.72573,0,1.24
20260927T195559Z-4fb3,8e15dabf21369ba5,423524,gpu-frontier,gpu,resident,s2,87,2,0,0,0,warm,0,1,0,165.541503,0,0,0,165.005157,0.518662,0,,4589,4589,4589,0,0,118063036,943930300,0,bbb57c9a21f0b553,2512.12189,0,1.24
20260927T195559Z-4fb3,8e15dabf21369ba5,51368,gpu-frontier,gpu,resident,s2,88,2,0,0,0,warm,0,1,0,164.676537,0,0,0,164.149017,0.51352,0,,4587,4587,4587,0,0,117018708,935577592,0,a973095120b9cf0d,2511.16068,0,1.24
20260927T195559Z-4fb3,8e15dabf21369ba5,166757,gpu-frontier,gpu,resident,s2,89,2,0,0,0,warm,0,1,0,165.440884,0,0,0,164.937881,0.48839,0,,4589,4589,4589,0,0,118063207,943932294,0,40bd2deb1c943f0d,2513.72573,0,1.24
20260927T195559Z-4fb3,8e15dabf21369ba5,319756,gpu-frontier,gpu,resident,s2,90,2,0,0,0,warm,0,1,0,170.086009,0,0,0,169.502884,0.567007,0,,4589,4589,4589,0,0,118076236,944036511,0,750c2ee6c0ce55b8,2511.32088,0,1.24
20260927T195559Z-4fb3,8e15dabf21369ba5,893116,gpu-frontier,gpu,resident,s2,91,2,0,0,0,warm,0,1,0,165.524597,0,0,0,164.994843,0.514238,0,,4587,4587,4587,0,0,117017692,935568797,0,c244bbf931a9ff66,2513.72573,0,1.24
20260927T195559Z-4fb3,8e15dabf21369ba5,278999,gpu-frontier,gpu,resident,s2,92,2,0,0,0,warm,0,1,0,166.31144,0,0,0,165.800705,0.49577,0,,4591,4591,4591,0,0,119111626,952318382,0,00480761c37b434d,2513.72573,0,1.24
20260927T195559Z-4fb3,8e15dabf21369ba5,172699,gpu-frontier,gpu,resident,s2,93,2,0,0,0,warm,0,1,0,166.211756,0,0,0,165.683258,0.512779,0,,4593,4593,4593,0,0,118550742,947831550,0,355c1585721248e1,2513.72573,0,1.24
20260927T195559Z-4fb3,8e15dabf21369ba5,720346,gpu-frontier,gpu,resident,s2,94,2,0,0,0,warm,0,1,0,166.465865,0,0,0,165.940033,0.511154,0,,4589,4589,4589,0,0,118064215,943939925,0,b6321497e33b2b9d,2511.64134,0,1.24
20260927T195559Z-4fb3,8e15dabf21369ba5,417697,gpu-frontier,gpu,resident,s2,95,2,0,0,0,warm,0,1,0,166.292303,0,0,0,165.779327,0.497695,0,,4591,4591,4591,0,0,119045739,951791883,0,0a1339e166047fdc,2513.72573,0,1.24
20260927T195559Z-4fb3,8e15dabf21369ba5,768200,gpu-frontier,gpu,resident,s2,96,2,0,0,0,warm,0,1,0,167.092302,0,0,0,166.595673,0.480549,0,,4593,4593,4593,0,0,120157617,960685555,0,7b26b07a5cc20a22,2511.8016,0,1.24
20260927T195559Z-4fb3,8e15dabf21369ba5,896444,gpu-frontier,gpu,resident,s2,97,2,0,0,0,warm,0,1,0,168.196164,0,0,0,167.669693,0.511325,0,,4587,4587,4587,0,0,117017228,935565334,0,eb5a677675b88b2f,2513.88626,0,1.24
20260927T195559Z-4fb3,8e15dabf21369ba5,87619,gpu-frontier,gpu,resident,s2,98,2,0,0,0,warm,0,1,0,165.421804,0,0,0,164.922714,0.482588,0,,4587,4587,4587,0,0,117015873,935554810,0,5200e13c6c0b71d2,2511.56107,0,1.24
20260927T195559Z-4fb3,8e15dabf21369ba5,521404,gpu-frontier,gpu,resident,s2,99,2,0,0,0,warm,0,1,0,166.380242,0,0,0,165.885925,0.478539,0,,4591,4591,4591,0,0,119112256,952322984,0,103851ab84166de3,2513.72573,0,1.24
20260927T195559Z-4fb3,8e15dabf21369ba5,530513,gpu-frontier,gpu,resident,s2,100,2,0,0,0,warm,0,1,0,166.701867,0,0,0,166.164581,0.509412,0,,4591,4591,4591,0,0,119107508,952285412,0,552da161d8a41475,2513.96638,0,1.24
20260927T195559Z-4fb3,8e15dabf21369ba5,10624,gpu-frontier,gpu,resident,s2,101,2,0,0,0,warm,0,1,0,166.336943,0,0,0,165.832733,0.489379,0,,4591,4591,4591,0,0,119105967,952273126,0,bdf1e4235b2c5d71,2513.72573,0,1.22
20260927T195559Z-4fb3,8e15dabf21369ba5,771433,gpu-frontier,gpu,resident,s2,102,2,0,0,0,warm,0,1,0,165.377867,0,0,0,164.804901,0.556654,0,,4589,4589,4589,0,0,118076332,944037367,0,ad3bbc64b326e2ec,2513.72573,0,1.22
20260927T195559Z-4fb3,8e15dabf21369ba5,124155,gpu-frontier,gpu,resident,s2,103,2,0,0,0,warm,0,1,0,165.48174,0,0,0,164.947418,0.519619,0,,4589,4589,4589,0,0,118057684,943887817,0,50970e53e745be2f,2513.72573,0,1.22
20260927T195559Z-4fb3,8e15dabf21369ba5,870629,gpu-frontier,gpu,resident,s2,104,2,0,0,0,warm,0,1,0,171.122465,0,0,0,170.619034,0.487648,0,,4591,4591,4591,0,0,119124405,952420487,0,e81bad72cb10adbb,2512.2022,0,1.22
20260927T195559Z-4fb3,8e15dabf21369ba5,496824,gpu-frontier,gpu,resident,s2,105,2,0,0,0,warm,0,1,0,165.493289,0,0,0,164.947266,0.528827,0,,4587,4587,4587,0,0,117016870,935562386,0,6c8ac37e578005a3,2513.24427,0,1.22
20260927T195559Z-4fb3,8e15dabf21369ba5,880012,gpu-frontier,gpu,resident,s2,106,2,0,0,0,warm,0,1,0,165.97117,0,0,0,165.448517,0.509099,0,,4589,4589,4589,0,0,118076046,944034976,0,8ccba16252198116,2511.4811,0,1.22
20260927T195559Z-4fb3,8e15dabf21369ba5,663000,gpu-frontier,gpu,resident,s2,107,2,0,0,0,warm,0,1,0,164.784159,0,0,0,164.280319,0.487797,0,,4587,4587,4587,0,0,117044737,935785127,0,902cf10109055e10,2513.40474,0,1.22
20260927T195559Z-4fb3,8e15dabf21369ba5,1043132,gpu-frontier,gpu,resident,s2,108,2,0,0,0,warm,0,1,0,166.391761,0,0,0,165.895325,0.480677,0,,4591,4591,4591,0,0,119097160,952202746,0,66a901d1343276af,2511.16068,0,1.22
20260927T195559Z-4fb3,8e15dabf21369ba5,605213,gpu-frontier,gpu,resident,s2,109,2,0,0,0,warm,0,1,0,166.27729,0,0,0,165.714142,0.546129,0,,4591,4591,4591,0,0,119103044,952249542,0,82779a3371e6f2cd,2513.72573,0,1.22
20260927T195559Z-4fb3,8e15dabf21369ba5,866643,gpu-frontier,gpu,resident,s2,110,2,0,0,0,warm,0,1,0,165.432414,0,0,0,164.903778,0.513662,0,,4589,4589,4589,0,0,118060981,943914043,0,00b32b95442d06d1,2514.20737,0,1.22
20260927T195559Z-4fb3,8e15dabf21369ba5,584213,gpu-frontier,gpu,resident,s2,111,2,0,0,0,warm,0,1,0,169.512073,0,0,0,168.952988,0.542652,0,,4589,4589,4589,0,0,118060290,943908716,0,7416ed67c950f20f,2513.72573,0,1.22
20260927T195559Z-4fb3,8e15dabf21369ba5,618833,gpu-frontier,gpu,resident,s2,112,2,0,0,0,warm,0,1,0,167.340599,0,0,0,166.823807,0.502481,0,,4591,4591,4591,0,0,119037818,951728334,0,59446c1b822407d2,2511.16068,0,1.22
20260927T195559Z-4fb3,8e15dabf21369ba5,688407,gpu-frontier,gpu,resident,s2,113,2,0,0,0,warm,0,1,0,164.88979,0,0,0,164.30809,0.567116,0,,4587,4587,4587,0,0,117017072,935564175,0,80b32c641fa4052f,2513.72573,0,1.22
20260927T195559Z-4fb3,8e15dabf21369ba5,66042,gpu-frontier,gpu,resident,s2,114,2,0,0,0,warm,0,1,0,166.088067,0,0,0,165.4841,0.584329,0,,4589,4589,4589,0,0,118061651,943919810,0,28e9bc0fd5874b1d,2513.72573,0,1.22
20260927T195559Z-4fb3,8e15dabf21369ba5,793602,gpu-frontier,gpu,resident,s2,115,2,0,0,0,warm,0,1,0,166.594466,0,0,0,166.019684,0.555567,0,,4591,4591,4591,0,0,119116506,952356886,0,2c7cac84c0f043b2,2511.96159,0,1.22
20260927T195559Z-4fb3,8e15dabf21369ba5,561707,gpu-frontier,gpu,resident,s2,116,2,0,0,0,warm,0,1,0,166.398564,0,0,0,165.890945,0.49164,0,,4591,4591,4591,0,0,119124813,952423352,0,78de0e16ea4fde1f,2513.72573,0,1.22
20260927T195559Z-4fb3,8e15dabf21369ba5,692599,gpu-frontier,gpu,resident,s2,117,2,0,0,0,warm,0,1,0,165.845531,0,0,0,165.279648,0.550826,0,,4589,4589,4589,0,0,118064863,943945381,0,08fba6af4af64866,2511.64134,0,1.22
20260927T195559Z-4fb3,8e15dabf21369ba5,814798,gpu-frontier,gpu,resident,s2,118,2,0,0,0,warm,0,1,0,169.669162,0,0,0,169.141159,0.513496,0,,4589,4589,4589,0,0,118062600,943927112,0,e5f8753d02ce6cf0,2511.16068,0,1.22
20260927T195559Z-4fb3,8e15dabf21369ba5,432532,gpu-frontier,gpu,resident,s2,119,2,0,0,0,warm,0,1,0,168.28717,0,0,0,167.793503,0.477242,0,,4591,4591,4591,0,0,119098380,952212757,0,146303230195b596,2513.72573,0,1.22
20260927T195559Z-4fb3,8e15dabf21369ba5,511103,gpu-frontier,gpu,resident,s2,120,2,0,0,0,warm,0,1,0,168.031966,0,0,0,167.485413,0.530137,0,,4593,4593,4593,0,0,120144489,960580094,0,5b6f9268a090014b,2511.56107,0,1.22
20260927T195559Z-4fb3,8e15dabf21369ba5,827115,gpu-frontier,gpu,resident,s2,121,2,0,0,0,warm,0,1,0,165.428976,0,0,0,164.925217,0.488571,0,,4589,4589,4589,0,0,118060194,943907868,0,c2ef225c7d1b6cf1,2513.72573,0,1.22
20260927T195559Z-4fb3,8e15dabf21369ba5,816247,gpu-frontier,gpu,resident,s2,122,2,0,0,0,warm,0,1,0,164.505922,0,0,0,164.0121,0.478428,0,,4587,4587,4587,0,0,117029863,935666013,0,53b5c4c422a03130,2513.64562,0,1.22
20260927T195559Z-4fb3,8e15dabf21369ba5,653088,gpu-frontier,gpu,resident,s2,123,2,0,0,0,warm,0,1,0,166.729475,0,0,0,166.188858,0.524674,0,,4591,4591,4591,0,0,119107616,952286353,0,c3d6e7835680af1d,2513.72573,0,1.22
20260927T195559Z-4fb3,8e15dabf21369ba5,5503,gpu-frontier,gpu,resident,s2,124,2,0,0,0,warm,0,1,0,166.355816,0,0,0,165.837601,0.503548,0,,4591,4591,4591,0,0,119052757,951847564,0,7f946bb6b5cc0269,2511.64134,0,1.22
20260927T195559Z-4fb3,8e15dabf21369ba5,320284,gpu-frontier,gpu,resident,s2,125,2,0,0,0,warm,0,1,0,167.10509,0,0,0,166.534592,0.554519,0,,4589,4589,4589,0,0,118059109,943899342,0,0fae1bee80d60ba0,2513.64562,0,1.22
20260927T195559Z-4fb3,8e15dabf21369ba5,909227,gpu-frontier,gpu,resident,s2,126,2,0,0,0,warm,0,1,0,166.634681,0,0,0,166.089401,0.530133,0,,4587,4587,4587,0,0,117048180,935813190,0,e28d5b4774195c35,2513.72573,0,1.22
20260927T195559Z-4fb3,8e15dabf21369ba5,116150,gpu-frontier,gpu,resident,s2,127,2,0,0,0,warm,0,1,0,166.999263,0,0,0,164.85257,0.50038,1.631161,,4587,4587,4587,0,0,117016619,935560585,0,0d649a1cfc009d11,2513.40474,0,1.22
20260927T195559Z-4fb3,8e15dabf21369ba5,869618,dial,cpu,resident,s2,0,2,0,0,1,warm,24,1,0,98.880635,0,1.391271,0,97.488787,0,0,,41961,0,0,0,0,1048572,8386560,0,751532ac148dc9b8,,0,1.22
20260927T195559Z-4fb3,8e15dabf21369ba5,971814,dial,cpu,resident,s2,1,2,0,0,1,warm,24,1,0,97.679739,0,1.206307,0,96.472756,0,0,,41960,0,0,0,0,1048572,8386560,0,9518212de198ffff,,0,1.22
20260927T195559Z-4fb3,8e15dabf21369ba5,31242,dial,cpu,resident,s2,2,2,0,0,1,warm,24,1,0,98.012831,0,1.209646,0,96.802759,0,0,,41981,0,0,0,0,1048572,8386560,0,f05350b1e5a33e24,,0,1.22
20260927T195559Z-4fb3,8e15dabf21369ba5,465080,dial,cpu,resident,s2,3,2,0,0,1,warm,24,1,0,99.604835,0,1.210953,0,98.393644,0,0,,41916,0,0,0,0,1048572,8386560,0,8e8e4c91e128ce0a,,0,1.2
20260927T195559Z-4fb3,8e15dabf21369ba5,490397,dial,cpu,resident,s2,4,2,0,0,1,warm,24,1,0,98.751869,0,1.201925,0,97.549609,0,0,,41967,0,0,0,0,1048572,8386560,0,9f12266aba714d52,,0,1.2
20260927T195559Z-4fb3,8e15dabf21369ba5,76089,dial,cpu,resident,s2,5,2,0,0,1,warm,24,1,0,99.7876,0,1.208034,0,98.57893,0,0,,41975,0,0,0,0,1048572,8386560,0,d20d780cb45c7881,,0,1.2
20260927T195559Z-4fb3,8e15dabf21369ba5,278740,dial,cpu,resident,s2,6,2,0,0,1,warm,24,1,0,99.58648,0,1.252927,0,98.33293,0,0,,41961,0,0,0,0,1048572,8386560,0,fff3e1dae5373eae,,0,1.2
20260927T195559Z-4fb3,8e15dabf21369ba5,503399,dial,cpu,resident,s2,7,2,0,0,1,warm,24,1,0,98.192978,0,1.218022,0,96.974638,0,0,,41993,0,0,0,0,1048572,8386560,0,2ee85e090f01e3ca,,0,1.2
20260927T195559Z-4fb3,8e15dabf21369ba5,221519,dial,cpu,resident,s2,8,2,0,0,1,warm,24,1,0,98.641336,0,1.209444,0,97.431366,0,0,,41987,0,0,0,0,1048572,8386560,0,343c1c55f34d0873,,0,1.2
20260927T195559Z-4fb3,8e15dabf21369ba5,335280,dial,cpu,resident,s2,9,2,0,0,1,warm,24,1,0,98.53063,0,1.233376,0,97.296915,0,0,,41916,0,0,0,0,1048572,8386560,0,2b6a31403bc4bf79,,0,1.2
20260927T195559Z-4fb3,8e15dabf21369ba5,506979,dial,cpu,resident,s2,10,2,0,0,1,warm,24,1,0,98.284311,0,1.232977,0,97.051045,0,0,,41970,0,0,0,0,1048572,8386560,0,a3371bc10f34b12d,,0,1.2
20260927T195559Z-4fb3,8e15dabf21369ba5,312158,dial,cpu,resident,s2,11,2,0,0,1,warm,24,1,0,98.209298,0,1.238414,0,96.970377,0,0,,41972,0,0,0,0,1048572,8386560,0,c08049994f6005a4,,0,1.2
20260927T195559Z-4fb3,8e15dabf21369ba5,832027,dial,cpu,resident,s2,12,2,0,0,1,warm,24,1,0,97.861373,0,1.204602,0,96.656469,0,0,,41952,0,0,0,0,1048572,8386560,0,41f33decba27f8bc,,0,1.2
20260927T195559Z-4fb3,8e15dabf21369ba5,86626,dial,cpu,resident,s2,13,2,0,0,1,warm,24,1,0,99.487045,0,1.265573,0,98.221201,0,0,,41960,0,0,0,0,1048572,8386560,0,07c2e89a1c495cef,,0,1.2
20260927T195559Z-4fb3,8e15dabf21369ba5,893373,dial,cpu,resident,s2,14,2,0,0,1,warm,24,1,0,99.504899,0,1.286907,0,98.21765,0,0,,41962,0,0,0,0,1048572,8386560,0,e7c677fd68b64919,,0,1.2
20260927T195559Z-4fb3,8e15dabf21369ba5,382778,dial,cpu,resident,s2,15,2,0,0,1,warm,24,1,0,98.420665,0,1.258663,0,97.161738,0,0,,41965,0,0,0,0,1048572,8386560,0,54586fc58d6eb62a,,0,1.2
20260927T195559Z-4fb3,8e15dabf21369ba5,941579,dial,cpu,resident,s2,16,2,0,0,1,warm,24,1,0,101.441837,0,1.224139,0,100.217531,0,0,,41972,0,0,0,0,1048572,8386560,0,fa4caab918588767,,0,1.2
20260927T195559Z-4fb3,8e15dabf21369ba5,866763,dial,cpu,resident,s2,17,2,0,0,1,warm,24,1,0,98.671913,0,1.236699,0,97.434905,0,0,,41986,0,0,0,0,1048572,8386560,0,fd28e53cbc45c9c2,,0,1.2
20260927T195559Z-4fb3,8e15dabf21369ba5,963938,dial,cpu,resident,s2,18,2,0,0,1,warm,24,1,0,100.184242,0,1.32088,0,98.863196,0,0,,41974,0,0,0,0,1048572,8386560,0,facd783cc4a64e59,,0,1.2
20260927T195559Z-4fb3,8e15dabf21369ba5,600082,dial,cpu,resident,s2,19,2,0,0,1,warm,24,1,0,98.212609,0,1.207743,0,97.004502,0,0,,41972,0,0,0,0,1048572,8386560,0,3b83e701139a037f,,0,1.2
20260927T195559Z-4fb3,8e15dabf21369ba5,533035,dial,cpu,resident,s2,20,2,0,0,1,warm,24,1,0,98.3649,0,1.194034,0,97.170537,0,0,,41972,0,0,0,0,1048572,8386560,0,b6d4affba2be94b4,,0,1.2
20260927T195559Z-4fb3,8e15dabf21369ba5,464239,dial,cpu,resident,s2,21,2,0,0,1,warm,24,1,0,98.505203,0,1.233295,0,97.271687,0,0,,41973,0,0,0,0,1048572,8386560,0,477b960c0d88bea5,,0,1.2
20260927T195559Z-4fb3,8e15dabf21369ba5,738023,dial,cpu,resident,s2,22,2,0,0,1,warm,24,1,0,98.672635,0,1.229394,0,97.442884,0,0,,41979,0,0,0,0,1048572,8386560,0,a5750b7e04034b8b,,0,1.2
20260927T195559Z-4fb3,8e15dabf21369ba5,256371,dial,cpu,resident,s2,23,2,0,0,1,warm,24,1,0,98.725968,0,1.226527,0,97.49917,0,0,,41974,0,0,0,0,1048572,8386560,0,d3f0f164749d3139,,0,1.2
20260927T195559Z-4fb3,8e15dabf21369ba5,426064,dial,cpu,resident,s2,24,2,0,0,1,warm,24,1,0,99.926045,0,1.250061,0,98.675702,0,0,,41966,0,0,0,0,1048572,8386560,0,04322492b4dffba5,,0,1.2
20260927T195559Z-4fb3,8e15dabf21369ba5,89702,dial,cpu,resident,s2,25,2,0,0,1,warm,24,1,0,98.491669,0,1.204625,0,97.286606,0,0,,41954,0,0,0,0,1048572,8386560,0,764657ec09a11926,,0,1.2
20260927T195559Z-4fb3,8e15dabf21369ba5,919406,dial,cpu,resident,s2,26,2,0,0,1,warm,24,1,0,98.354357,0,1.197263,0,97.156873,0,0,,41980,0,0,0,0,1048572,8386560,0,364c5c2507bb3016,,0,1.2
20260927T195559Z-4fb3,8e15dabf21369ba5,202818,dial,cpu,resident,s2,27,2,0,0,1,warm,24,1,0,97.990215,0,1.19529,0,96.794641,0,0,,41969,0,0,0,0,1048572,8386560,0,a0ee314844dc764d,,0,1.2
20260927T195559Z-4fb3,8e15dabf21369ba5,302043,dial,cpu,resident,s2,28,2,0,0,1,warm,24,1,0,98.10404,0,1.253498,0,96.850185,0,0,,41970,0,0,0,0,1048572,8386560,0,2bf716e742937517,,0,1.2
20260927T195559Z-4fb3,8e15dabf21369ba5,508062,dial,cpu,resident,s2,29,2,0,0,1,warm,24,1,0,98.350007,0,1.219197,0,97.130635,0,0,,41978,0,0,0,0,1048572,8386560,0,e984b929b9ff66e8,,0,1.2
20260927T195559Z-4fb3,8e15dabf21369ba5,189131,dial,cpu,resident,s2,30,2,0,0,1,warm,24,1,0,98.597031,0,1.220457,0,97.376294,0,0,,41971,0,0,0,0,1048572,8386560,0,d54b22444535f3de,,0,1.2
20260927T195559Z-4fb3,8e15dabf21369ba5,943487,dial,cpu,resident,s2,31,2,0,0,1,warm,24,1,0,97.306179,0,1.220741,0,96.085247,0,0,,41975,0,0,0,0,1048572,8386560,0,5440a6241f47a317,,0,1.2
20260927T195559Z-4fb3,8e15dabf21369ba5,535623,dial,cpu,resident,s2,32,2,0,0,1,warm,24,1,0,98.378287,0,1.235428,0,97.14251,0,0,,41942,0,0,0,0,1048572,8386560,0,5bc57243d9998434,,0,1.2
20260927T195559Z-4fb3,8e15dabf21369ba5,650980,dial,cpu,resident,s2,33,2,0,0,1,warm,24,1,0,98.281309,0,1.222685,0,97.058199,0,0,,41963,0,0,0,0,1048572,8386560,0,44b0659cf515f1ff,,0,1.2
20260927T195559Z-4fb3,8e15dabf21369ba5,884988,dial,cpu,resident,s2,34,2,0,0,1,warm,24,1,0,98.964033,0,1.194563,0,97.76895,0,0,,41965,0,0,0,0,1048572,8386560,0,c51d5c97d41aca0d,,0,1.2
20260927T195559Z-4fb3,8e15dabf21369ba5,316027,dial,cpu,resident,s2,35,2,0,0,1,warm,24,1,0,98.986586,0,1.251658,0,97.734688,0,0,,41962,0,0,0,0,1048572,8386560,0,614a5d716fbb4de0,,0,1.2
20260927T195559Z-4fb3,8e15dabf21369ba5,800397,dial,cpu,resident,s2,36,2,0,0,1,warm,24,1,0,100.1567,0,1.200667,0,98.955697,0,0,,41956,0,0,0,0,1048572,8386560,0,319a99c467252119,,0,1.2
20260927T195559Z-4fb3,8e15dabf21369ba5,492565,dial,cpu,resident,s2,37,2,0,0,1,warm,24,1,0,90.288887,0,1.365346,0,88.922922,0,0,,41964,0,0,0,0,1048572,8386560,0,a27338b58021c9c4,,0,1.2
20260927T195559Z-4fb3,8e15dabf21369ba5,826100,dial,cpu,resident,s2,38,2,0,0,1,warm,24,1,0,86.369097,0,1.246264,0,85.122532,0,0,,41963,0,0,0,0,1048572,8386560,0,b08422e22cabd03d,,0,1.2
20260927T195559Z-4fb3,8e15dabf21369ba5,445492,dial,cpu,resident,s2,39,2,0,0,1,warm,24,1,0,93.990473,0,1.279364,0,92.71078,0,0,,41966,0,0,0,0,1048572,8386560,0,b4e1be62146d06cc,,0,1.2
20260927T195559Z-4fb3,8e15dabf21369ba5,903723,dial,cpu,resident,s2,40,2,0,0,1,warm,24,1,0,99.592669,0,1.246241,0,98.346208,0,0,,41988,0,0,0,0,1048572,8386560,0,9d9bedeac11b3e4f,,0,1.2
20260927T195559Z-4fb3,8e15dabf21369ba5,600641,dial,cpu,resident,s2,41,2,0,0,1,warm,24,1,0,98.592363,0,1.188822,0,97.403289,0,0,,41967,0,0,0,0,1048572,8386560,0,78189fe7f02b1486,,0,1.2
20260927T195559Z-4fb3,8e15dabf21369ba5,850506,dial,cpu,resident,s2,42,2,0,0,1,warm,24,1,0,98.402557,0,1.217862,0,97.184536,0,0,,41968,0,0,0,0,1048572,8386560,0,ed62f5d27cde2ad5,,0,1.2
20260927T195559Z-4fb3,8e15dabf21369ba5,92777,dial,cpu,resident,s2,43,2,0,0,1,warm,24,1,0,98.948778,0,1.27028,0,97.67825,0,0,,41948,0,0,0,0,1048572,8386560,0,6eb915ca468c34f5,,0,1.2
20260927T195559Z-4fb3,8e15dabf21369ba5,189000,dial,cpu,resident,s2,44,2,0,0,1,warm,24,1,0,98.216018,0,1.195441,0,97.020386,0,0,,41971,0,0,0,0,1048572,8386560,0,606df2d20b2c3393,,0,1.2
20260927T195559Z-4fb3,8e15dabf21369ba5,694683,dial,cpu,resident,s2,45,2,0,0,1,warm,24,1,0,98.252057,0,1.206216,0,97.045664,0,0,,41964,0,0,0,0,1048572,8386560,0,ccd5845cf199bcf0,,0,1.2
20260927T195559Z-4fb3,8e15dabf21369ba5,544619,dial,cpu,resident,s2,46,2,0,0,1,warm,24,1,0,99.976917,0,1.202821,0,98.773857,0,0,,41986,0,0,0,0,1048572,8386560,0,9e88a07e9d04a649,,0,1.2
20260927T195559Z-4fb3,8e15dabf21369ba5,873060,dial,cpu,resident,s2,47,2,0,0,1,warm,24,1,0,98.060226,0,1.205641,0,96.854312,0,0,,41968,0,0,0,0,1048572,8386560,0,5ac56126a7b1a8b0,,0,1.2
20260927T195559Z-4fb3,8e15dabf21369ba5,172909,dial,cpu,resident,s2,48,2,0,0,1,warm,24,1,0,98.319975,0,1.198086,0,97.121633,0,0,,41974,0,0,0,0,1048572,8386560,0,97f57edc044087f0,,0,1.2
20260927T195559Z-4fb3,8e15dabf21369ba5,120718,dial,cpu,resident,s2,49,2,0,0,1,warm,24,1,0,98.20401,0,1.231548,0,96.972207,0,0,,41964,0,0,0,0,1048572,8386560,0,0cff41f9bbdddb77,,0,1.2
20260927T195559Z-4fb3,8e15dabf21369ba5,234554,dial,cpu,resident,s2,50,2,0,0,1,warm,24,1,0,98.380412,0,1.193672,0,97.186489,0,0,,41996,0,0,0,0,1048572,8386560,0,a949a776d47d46f5,,0,1.2
20260927T195559Z-4fb3,8e15dabf21369ba5,570105,dial,cpu,resident,s2,51,2,0,0,1,warm,24,1,0,98.611795,0,1.22215,0,97.389452,0,0,,41996,0,0,0,0,1048572,8386560,0,e17c623e2d4b508f,,0,1.2
20260927T195559Z-4fb3,8e15dabf21369ba5,842479,dial,cpu,resident,s2,52,2,0,0,1,warm,24,1,0,98.238654,0,1.265689,0,96.972785,0,0,,41953,0,0,0,0,1048572,8386560,0,a258a2586ac5bf2e,,0,1.2
20260927T195559Z-4fb3,8e15dabf21369ba5,348456,dial,cpu,resident,s2,53,2,0,0,1,warm,24,1,0,97.944025,0,1.221728,0,96.722136,0,0,,41977,0,0,0,0,1048572,8386560,0,105f5d597adb8c32,,0,1.19
20260927T195559Z-4fb3,8e15dabf21369ba5,831953,dial,cpu,resident,s2,54,2,0,0,1,warm,24,1,0,98.014664,0,1.226177,0,96.788156,0,0,,41965,0,0,0,0,1048572,8386560,0,3ec23a9d53716ee1,,0,1.19
20260927T195559Z-4fb3,8e15dabf21369ba5,409707,dial,cpu,resident,s2,55,2,0,0,1,warm,24,1,0,98.534117,0,1.243227,0,97.290697,0,0,,41964,0,0,0,0,1048572,8386560,0,9d187bf0003e16e5,,0,1.19
20260927T195559Z-4fb3,8e15dabf21369ba5,459557,dial,cpu,resident,s2,56,2,0,0,1,warm,24,1,0,99.462359,0,1.235505,0,98.226669,0,0,,42002,0,0,0,0,1048572,8386560,0,5b054ae094967981,,0,1.19
20260927T195559Z-4fb3,8e15dabf21369ba5,472668,dial,cpu,resident,s2,57,2,0,0,1,warm,24,1,0,103.443283,0,1.233622,0,102.209455,0,0,,41958,0,0,0,0,1048572,8386560,0,623072bf4512656e,,0,1.19
20260927T195559Z-4fb3,8e15dabf21369ba5,240184,dial,cpu,resident,s2,58,2,0,0,1,warm,24,1,0,98.704102,0,1.216581,0,97.487258,0,0,,41952,0,0,0,0,1048572,8386560,0,4bb21d890c0e5ab7,,0,1.19
20260927T195559Z-4fb3,8e15dabf21369ba5,258439,dial,cpu,resident,s2,59,2,0,0,1,warm,24,1,0,98.323842,0,1.22242,0,97.101253,0,0,,41968,0,0,0,0,1048572,8386560,0,253070116044b281,,0,1.19
20260927T195559Z-4fb3,8e15dabf21369ba5,767648,dial,cpu,resident,s2,60,2,0,0,1,warm,24,1,0,98.15829,0,1.203414,0,96.954606,0,0,,41968,0,0,0,0,1048572,8386560,0,11e2d9c9d7746df3,,0,1.19
20260927T195559Z-4fb3,8e15dabf21369ba5,826214,dial,cpu,resident,s2,61,2,0,0,1,warm,24,1,0,98.251041,0,1.210411,0,97.040328,0,0,,41973,0,0,0,0,1048572,8386560,0,e8360d647c14ee57,,0,1.19
20260927T195559Z-4fb3,8e15dabf21369ba5,216317,dial,cpu,resident,s2,62,2,0,0,1,warm,24,1,0,97.488157,0,1.19344,0,96.294294,0,0,,41949,0,0,0,0,1048572,8386560,0,2e4ccbb54ddf2979,,0,1.19
20260927T195559Z-4fb3,8e15dabf21369ba5,834085,dial,cpu,resident,s2,63,2,0,0,1,warm,24,1,0,98.221827,0,1.216409,0,97.005173,0,0,,41964,0,0,0,0,1048572,8386560,0,f1b88b3d09c22e23,,0,1.19
20260927T195559Z-4fb3,8e15dabf21369ba5,37297,dial,cpu,resident,s2,64,2,0,0,1,warm,24,1,0,97.945195,0,1.195094,0,96.749828,0,0,,41970,0,0,0,0,1048572,8386560,0,14dac6e8a16de2b4,,0,1.19
20260927T195559Z-4fb3,8e15dabf21369ba5,297916,dial,cpu,resident,s2,65,2,0,0,1,warm,24,1,0,98.210029,0,1.213299,0,96.996488,0,0,,41940,0,0,0,0,1048572,8386560,0,b8bff2a107af7329,,0,1.19
20260927T195559Z-4fb3,8e15dabf21369ba5,73513,dial,cpu,resident,s2,66,2,0,0,1,warm,24,1,0,98.285399,0,1.215753,0,97.069364,0,0,,41916,0,0,0,0,1048572,8386560,0,69a87962490b5411,,0,1.19
20260927T195559Z-4fb3,8e15dabf21369ba5,315923,dial,cpu,resident,s2,67,2,0,0,1,warm,24,1,0,98.749413,0,1.316543,0,97.432592,0,0,,41962,0,0,0,0,1048572,8386560,0,bf8b5a087b29f78e,,0,1.19
20260927T195559Z-4fb3,8e15dabf21369ba5,1029927,dial,cpu,resident,s2,68,2,0,0,1,warm,24,1,0,99.89322,0,1.245052,0,98.64793,0,0,,41961,0,0,0,0,1048572,8386560,0,c51fac7401e252bb,,0,1.19
20260927T195559Z-4fb3,8e15dabf21369ba5,253516,dial,cpu,resident,s2,69,2,0,0,1,warm,24,1,0,98.931211,0,1.220107,0,97.710848,0,0,,41940,0,0,0,0,1048572,8386560,0,a8be3ff576a67aaf,,0,1.19
20260927T195559Z-4fb3,8e15dabf21369ba5,843761,dial,cpu,resident,s2,70,2,0,0,1,warm,24,1,0,98.458084,0,1.217262,0,97.24064,0,0,,41940,0,0,0,0,1048572,8386560,0,844345cbf713c839,,0,1.19
20260927T195559Z-4fb3,8e15dabf21369ba5,116648,dial,cpu,resident,s2,71,2,0,0,1,warm,24,1,0,98.283234,0,1.192455,0,97.090343,0,0,,41962,0,0,0,0,1048572,8386560,0,3fe3826a8f281559,,0,1.19
20260927T195559Z-4fb3,8e15dabf21369ba5,898381,dial,cpu,resident,s2,72,2,0,0,1,warm,24,1,0,98.146373,0,1.218802,0,96.927325,0,0,,41972,0,0,0,0,1048572,8386560,0,45beabd67a76159e,,0,1.19
20260927T195559Z-4fb3,8e15dabf21369ba5,33584,dial,cpu,resident,s2,73,2,0,0,1,warm,24,1,0,97.831263,0,1.233031,0,96.597984,0,0,,41961,0,0,0,0,1048572,8386560,0,9757babc13435107,,0,1.19
20260927T195559Z-4fb3,8e15dabf21369ba5,264423,dial,cpu,resident,s2,74,2,0,0,1,warm,24,1,0,99.17042,0,1.2312,0,97.938815,0,0,,41965,0,0,0,0,1048572,8386560,0,8769d9563f8cb590,,0,1.19
20260927T195559Z-4fb3,8e15dabf21369ba5,581085,dial,cpu,resident,s2,75,2,0,0,1,warm,24,1,0,98.322802,0,1.246245,0,97.076309,0,0,,41988,0,0,0,0,1048572,8386560,0,239d1c2bf8d9cd62,,0,1.19
20260927T195559Z-4fb3,8e15dabf21369ba5,716354,dial,cpu,resident,s2,76,2,0,0,1,warm,24,1,0,98.679148,0,1.22908,0,97.44987,0,0,,41942,0,0,0,0,1048572,8386560,0,fbbebe35a9b45729,,0,1.19
20260927T195559Z-4fb3,8e15dabf21369ba5,754603,dial,cpu,resident,s2,77,2,0,0,1,warm,24,1,0,100.503483,0,1.24501,0,99.258328,0,0,,41979,0,0,0,0,1048572,8386560,0,145b21b9140aab92,,0,1.19
20260927T195559Z-4fb3,8e15dabf21369ba5,277866,dial,cpu,resident,s2,78,2,0,0,1,warm,24,1,0,91.215145,0,1.373273,0,89.841055,0,0,,41951,0,0,0,0,1048572,8386560,0,9257702a5149c8f3,,0,1.19
20260927T195559Z-4fb3,8e15dabf21369ba5,917702,dial,cpu,resident,s2,79,2,0,0,1,warm,24,1,0,87.158225,0,1.319672,0,85.838299,0,0,,41960,0,0,0,0,1048572,8386560,0,3e0b7636e3a7e06f,,0,1.19
20260927T195559Z-4fb3,8e15dabf21369ba5,474965,dial,cpu,resident,s2,80,2,0,0,1,warm,24,1,0,87.639816,0,1.272463,0,86.367179,0,0,,41967,0,0,0,0,1048572,8386560,0,06e80998b455105b,,0,1.19
20260927T195559Z-4fb3,8e15dabf21369ba5,531108,dial,cpu,resident,s2,81,2,0,0,1,warm,24,1,0,98.54139,0,1.208718,0,97.332449,0,0,,41947,0,0,0,0,1048572,8386560,0,171015491b0d386f,,0,1.19
20260927T195559Z-4fb3,8e15dabf21369ba5,137455,dial,cpu,resident,s2,82,2,0,0,1,warm,24,1,0,98.650017,0,1.224073,0,97.425775,0,0,,41939,0,0,0,0,1048572,8386560,0,b759282a0ff5deb9,,0,1.19
20260927T195559Z-4fb3,8e15dabf21369ba5,171687,dial,cpu,resident,s2,83,2,0,0,1,warm,24,1,0,98.114547,0,1.230068,0,96.884236,0,0,,41960,0,0,0,0,1048572,8386560,0,7039a73e5109e62e,,0,1.19
20260927T195559Z-4fb3,8e15dabf21369ba5,929989,dial,cpu,resident,s2,84,2,0,0,1,warm,24,1,0,98.576248,0,1.210896,0,97.365178,0,0,,41972,0,0,0,0,1048572,8386560,0,2c7821b5fc99b21d,,0,1.19
20260927T195559Z-4fb3,8e15dabf21369ba5,239618,dial,cpu,resident,s2,85,2,0,0,1,warm,24,1,0,98.082552,0,1.190613,0,96.891777,0,0,,41984,0,0,0,0,1048572,8386560,0,e0ca554f6bc5af38,,0,1.19
20260927T195559Z-4fb3,8e15dabf21369ba5,888073,dial,cpu,resident,s2,86,2,0,0,1,warm,24,1,0,98.227654,0,1.210874,0,97.016612,0,0,,41974,0,0,0,0,1048572,8386560,0,502345b01d88cc39,,0,1.19
20260927T195559Z-4fb3,8e15dabf21369ba5,423524,dial,cpu,resident,s2,87,2,0,0,1,warm,24,1,0,99.280732,0,1.190496,0,98.090053,0,0,,41948,0,0,0,0,1048572,8386560,0,bbb57c9a21f0b553,,0,1.19
20260927T195559Z-4fb3,8e15dabf21369ba5,51368,dial,cpu,resident,s2,88,2,0,0,1,warm,24,1,0,98.539562,0,1.220707,0,97.31867,0,0,,41960,0,0,0,0,1048572,8386560,0,a973095120b9cf0d,,0,1.19
20260927T195559Z-4fb3,8e15dabf21369ba5,166757,dial,cpu,resident,s2,89,2,0,0,1,warm,24,1,0,99.892202,0,1.205247,0,98.686792,0,0,,41962,0,0,0,0,1048572,8386560,0,40bd2deb1c943f0d,,0,1.19
20260927T195559Z-4fb3,8e15dabf21369ba5,319756,dial,cpu,resident,s2,90,2,0,0,1,warm,24,1,0,97.846056,0,1.21881,0,96.626996,0,0,,41961,0,0,0,0,1048572,8386560,0,750c2ee6c0ce55b8,,0,1.19
20260927T195559Z-4fb3,8e15dabf21369ba5,893116,dial,cpu,resident,s2,91,2,0,0,1,warm,24,1,0,98.522379,0,1.202111,0,97.320023,0,0,,41974,0,0,0,0,1048572,8386560,0,c244bbf931a9ff66,,0,1.19
20260927T195559Z-4fb3,8e15dabf21369ba5,278999,dial,cpu,resident,s2,92,2,0,0,1,warm,24,1,0,98.037856,0,1.196787,0,96.84084,0,0,,41978,0,0,0,0,1048572,8386560,0,00480761c37b434d,,0,1.19
20260927T195559Z-4fb3,8e15dabf21369ba5,172699,dial,cpu,resident,s2,93,2,0,0,1,warm,24,1,0,97.992578,0,1.242903,0,96.749463,0,0,,41977,0,0,0,0,1048572,8386560,0,355c1585721248e1,,0,1.19
20260927T195559Z-4fb3,8e15dabf21369ba5,720346,dial,cpu,resident,s2,94,2,0,0,1,warm,24,1,0,98.298474,0,1.232515,0,97.065636,0,0,,41964,0,0,0,0,1048572,8386560,0,b6321497e33b2b9d,,0,1.19
20260927T195559Z-4fb3,8e15dabf21369ba5,417697,dial,cpu,resident,s2,95,2,0,0,1,warm,24,1,0,98.376651,0,1.252228,0,97.123959,0,0,,41974,0,0,0,0,1048572,8386560,0,0a1339e166047fdc,,0,1.19
20260927T195559Z-4fb3,8e15dabf21369ba5,768200,dial,cpu,resident,s2,96,2,0,0,1,warm,24,1,0,98.386685,0,1.204418,0,97.181974,0,0,,41971,0,0,0,0,1048572,8386560,0,7b26b07a5cc20a22,,0,1.19
20260927T195559Z-4fb3,8e15dabf21369ba5,896444,dial,cpu,resident,s2,97,2,0,0,1,warm,24,1,0,98.456333,0,1.205957,0,97.249987,0,0,,41990,0,0,0,0,1048572,8386560,0,eb5a677675b88b2f,,0,1.19
20260927T195559Z-4fb3,8e15dabf21369ba5,87619,dial,cpu,resident,s2,98,2,0,0,1,warm,24,1,0,103.813449,0,1.186862,0,102.626412,0,0,,41976,0,0,0,0,1048572,8386560,0,5200e13c6c0b71d2,,0,1.19
20260927T195559Z-4fb3,8e15dabf21369ba5,521404,dial,cpu,resident,s2,99,2,0,0,1,warm,24,1,0,99.830533,0,1.220529,0,98.609721,0,0,,41971,0,0,0,0,1048572,8386560,0,103851ab84166de3,,0,1.19
20260927T195559Z-4fb3,8e15dabf21369ba5,530513,dial,cpu,resident,s2,100,2,0,0,1,warm,24,1,0,99.021794,0,1.274058,0,97.747369,0,0,,41955,0,0,0,0,1048572,8386560,0,552da161d8a41475,,0,1.19
20260927T195559Z-4fb3,8e15dabf21369ba5,10624,dial,cpu,resident,s2,101,2,0,0,1,warm,24,1,0,97.673756,0,1.187154,0,96.486384,0,0,,41958,0,0,0,0,1048572,8386560,0,bdf1e4235b2c5d71,,0,1.19
20260927T195559Z-4fb3,8e15dabf21369ba5,771433,dial,cpu,resident,s2,102,2,0,0,1,warm,24,1,0,98.462182,0,1.200874,0,97.261074,0,0,,41963,0,0,0,0,1048572,8386560,0,ad3bbc64b326e2ec,,0,1.19
20260927T195559Z-4fb3,8e15dabf21369ba5,124155,dial,cpu,resident,s2,103,2,0,0,1,warm,24,1,0,98.023363,0,1.213552,0,96.809479,0,0,,41972,0,0,0,0,1048572,8386560,0,50970e53e745be2f,,0,1.19
20260927T195559Z-4fb3,8e15dabf21369ba5,870629,dial,cpu,resident,s2,104,2,0,0,1,warm,24,1,0,98.100149,0,1.233904,0,96.866077,0,0,,41953,0,0,0,0,1048572,8386560,0,e81bad72cb10adbb,,0,1.17
20260927T195559Z-4fb3,8e15dabf21369ba5,496824,dial,cpu,resident,s2,105,2,0,0,1,warm,24,1,0,98.152626,0,1.221459,0,96.930983,0,0,,41941,0,0,0,0,1048572,8386560,0,6c8ac37e578005a3,,0,1.17
20260927T195559Z-4fb3,8e15dabf21369ba5,880012,dial,cpu,resident,s2,106,2,0,0,1,warm,24,1,0,97.701084,0,1.198123,0,96.502764,0,0,,41974,0,0,0,0,1048572,8386560,0,8ccba16252198116,,0,1.17
20260927T195559Z-4fb3,8e15dabf21369ba5,663000,dial,cpu,resident,s2,107,2,0,0,1,warm,24,1,0,100.310431,0,1.201689,0,99.10831,0,0,,41958,0,0,0,0,1048572,8386560,0,902cf10109055e10,,0,1.17
20260927T195559Z-4fb3,8e15dabf21369ba5,1043132,dial,cpu,resident,s2,108,2,0,0,1,warm,24,1,0,100.472469,0,1.224078,0,99.248199,0,0,,41971,0,0,0,0,1048572,8386560,0,66a901d1343276af,,0,1.17
20260927T195559Z-4fb3,8e15dabf21369ba5,605213,dial,cpu,resident,s2,109,2,0,0,1,warm,24,1,0,98.304413,0,1.199585,0,97.104522,0,0,,41961,0,0,0,0,1048572,8386560,0,82779a3371e6f2cd,,0,1.17
20260927T195559Z-4fb3,8e15dabf21369ba5,866643,dial,cpu,resident,s2,110,2,0,0,1,warm,24,1,0,99.614436,0,1.205103,0,98.409069,0,0,,41960,0,0,0,0,1048572,8386560,0,00b32b95442d06d1,,0,1.17
20260927T195559Z-4fb3,8e15dabf21369ba5,584213,dial,cpu,resident,s2,111,2,0,0,1,warm,24,1,0,98.925686,0,1.266447,0,97.65871,0,0,,41975,0,0,0,0,1048572,8386560,0,7416ed67c950f20f,,0,1.17
20260927T195559Z-4fb3,8e15dabf21369ba5,618833,dial,cpu,resident,s2,112,2,0,0,1,warm,24,1,0,97.977797,0,1.193725,0,96.78393,0,0,,41993,0,0,0,0,1048572,8386560,0,59446c1b822407d2,,0,1.17
20260927T195559Z-4fb3,8e15dabf21369ba5,688407,dial,cpu,resident,s2,113,2,0,0,1,warm,24,1,0,98.224673,0,1.23114,0,96.993176,0,0,,41956,0,0,0,0,1048572,8386560,0,80b32c641fa4052f,,0,1.17
20260927T195559Z-4fb3,8e15dabf21369ba5,66042,dial,cpu,resident,s2,114,2,0,0,1,warm,24,1,0,97.932615,0,1.200143,0,96.732261,0,0,,41976,0,0,0,0,1048572,8386560,0,28e9bc0fd5874b1d,,0,1.17
20260927T195559Z-4fb3,8e15dabf21369ba5,793602,dial,cpu,resident,s2,115,2,0,0,1,warm,24,1,0,98.282114,0,1.201247,0,97.080597,0,0,,41967,0,0,0,0,1048572,8386560,0,2c7cac84c0f043b2,,0,1.17
20260927T195559Z-4fb3,8e15dabf21369ba5,561707,dial,cpu,resident,s2,116,2,0,0,1,warm,24,1,0,98.434239,0,1.214937,0,97.218904,0,0,,41969,0,0,0,0,1048572,8386560,0,78de0e16ea4fde1f,,0,1.17
20260927T195559Z-4fb3,8e15dabf21369ba5,692599,dial,cpu,resident,s2,117,2,0,0,1,warm,24,1,0,99.277162,0,1.195445,0,98.081498,0,0,,41969,0,0,0,0,1048572,8386560,0,08fba6af4af64866,,0,1.17
20260927T195559Z-4fb3,8e15dabf21369ba5,814798,dial,cpu,resident,s2,118,2,0,0,1,warm,24,1,0,101.05802,0,1.218486,0,99.839259,0,0,,41961,0,0,0,0,1048572,8386560,0,e5f8753d02ce6cf0,,0,1.17
20260927T195559Z-4fb3,8e15dabf21369ba5,432532,dial,cpu,resident,s2,119,2,0,0,1,warm,24,1,0,102.73829,0,1.408385,0,101.329628,0,0,,41979,0,0,0,0,1048572,8386560,0,146303230195b596,,0,1.17
20260927T195559Z-4fb3,8e15dabf21369ba5,511103,dial,cpu,resident,s2,120,2,0,0,1,warm,24,1,0,98.99826,0,1.222043,0,97.775955,0,0,,41978,0,0,0,0,1048572,8386560,0,5b6f9268a090014b,,0,1.17
20260927T195559Z-4fb3,8e15dabf21369ba5,827115,dial,cpu,resident,s2,121,2,0,0,1,warm,24,1,0,99.935131,0,1.21994,0,98.714959,0,0,,41957,0,0,0,0,1048572,8386560,0,c2ef225c7d1b6cf1,,0,1.17
20260927T195559Z-4fb3,8e15dabf21369ba5,816247,dial,cpu,resident,s2,122,2,0,0,1,warm,24,1,0,98.436086,0,1.206277,0,97.22952,0,0,,41962,0,0,0,0,1048572,8386560,0,53b5c4c422a03130,,0,1.17
20260927T195559Z-4fb3,8e15dabf21369ba5,653088,dial,cpu,resident,s2,123,2,0,0,1,warm,24,1,0,98.410089,0,1.191371,0,97.218548,0,0,,41975,0,0,0,0,1048572,8386560,0,c3d6e7835680af1d,,0,1.17
20260927T195559Z-4fb3,8e15dabf21369ba5,5503,dial,cpu,resident,s2,124,2,0,0,1,warm,24,1,0,98.076959,0,1.202187,0,96.874586,0,0,,41981,0,0,0,0,1048572,8386560,0,7f946bb6b5cc0269,,0,1.17
20260927T195559Z-4fb3,8e15dabf21369ba5,320284,dial,cpu,resident,s2,125,2,0,0,1,warm,24,1,0,98.642606,0,1.196051,0,97.446047,0,0,,41950,0,0,0,0,1048572,8386560,0,0fae1bee80d60ba0,,0,1.17
20260927T195559Z-4fb3,8e15dabf21369ba5,909227,dial,cpu,resident,s2,126,2,0,0,1,warm,24,1,0,98.401158,0,1.206782,0,97.194009,0,0,,41966,0,0,0,0,1048572,8386560,0,e28d5b4774195c35,,0,1.17
20260927T195559Z-4fb3,8e15dabf21369ba5,116150,dial,cpu,resident,s2,127,2,0,0,1,warm,24,1,0,98.529676,0,1.228825,0,97.300432,0,0.000179,,41971,0,0,0,0,1048572,8386560,0,0d649a1cfc009d11,,0,1.17
20260927T195559Z-4fb3,8e15dabf21369ba5,869618,gpu-nearfar,gpu,resident,s2,0,2,0,0,2,warm,0,1,12,284.607413,0,0.331877,4.29923201,278.192444,0.519091,0,,15975,15975,45964,0,0,1096562,8791232,0,751532ac148dc9b8,2508.60087,0,1.17
20260927T195559Z-4fb3,8e15dabf21369ba5,971814,gpu-nearfar,gpu,resident,s2,1,2,0,0,2,warm,0,1,12,280.570998,0,0,0,278.862091,0.532341,0,,16017,16017,46040,0,0,1096288,8789027,0,9518212de198ffff,2508.60087,0,1.17
20260927T195559Z-4fb3,8e15dabf21369ba5,31242,gpu-nearfar,gpu,resident,s2,2,2,0,0,2,warm,0,1,12,279.118088,0,0,0,277.315247,0.510565,0,,15979,15979,45972,0,0,1096978,8794178,0,f05350b1e5a33e24,2508.60087,0,1.17
20260927T195559Z-4fb3,8e15dabf21369ba5,465080,gpu-nearfar,gpu,resident,s2,3,2,0,0,2,warm,0,1,12,279.975491,0,0,0,278.136169,0.556581,0,,15970,15970,45930,0,0,1096612,8791610,0,8e8e4c91e128ce0a,2508.60087,0,1.17
20260927T195559Z-4fb3,8e15dabf21369ba5,490397,gpu-nearfar,gpu,resident,s2,4,2,0,0,2,warm,0,1,12,279.649695,0,0,0,277.643829,0.576024,0,,15955,15955,45920,0,0,1096967,8794656,0,9f12266aba714d52,2506.76424,0,1.17
20260927T195559Z-4fb3,8e15dabf21369ba5,76089,gpu-nearfar,gpu,resident,s2,5,2,0,0,2,warm,0,1,12,279.992501,0,0,0,278.098816,0.528819,0,,16004,16004,46022,0,0,1096623,8791837,0,d20d780cb45c7881,2508.60087,0,1.17
20260927T195559Z-4fb3,8e15dabf21369ba5,278740,gpu-nearfar,gpu,resident,s2,6,2,0,0,2,warm,0,1,12,279.510762,0,0,0,277.589478,0.542263,0,,15994,15994,45994,0,0,1096857,8793190,0,fff3e1dae5373eae,2508.60087,0,1.17
20260927T195559Z-4fb3,8e15dabf21369ba5,503399,gpu-nearfar,gpu,resident,s2,7,2,0,0,2,warm,0,1,12,280.169316,0,0,0,278.323761,0.511553,0,,16030,16030,46082,0,0,1096705,8791843,0,2ee85e090f01e3ca,2508.60087,0,1.17
20260927T195559Z-4fb3,8e15dabf21369ba5,221519,gpu-nearfar,gpu,resident,s2,8,2,0,0,2,warm,0,1,12,278.706264,0,0,0,276.867706,0.514875,0,,15957,15957,45932,0,0,1096329,8788557,0,343c1c55f34d0873,2508.60087,0,1.17
20260927T195559Z-4fb3,8e15dabf21369ba5,335280,gpu-nearfar,gpu,resident,s2,9,2,0,0,2,warm,0,1,12,278.809769,0,0,0,276.97522,0.530538,0,,15927,15927,45848,0,0,1096919,8793814,0,2b6a31403bc4bf79,2511.16068,0,1.16
20260927T195559Z-4fb3,8e15dabf21369ba5,506979,gpu-nearfar,gpu,resident,s2,10,2,0,0,2,warm,0,1,12,280.256083,0,0,0,278.378174,0.545426,0,,16043,16043,46096,0,0,1097221,8796636,0,a3371bc10f34b12d,2510.36029,0,1.16
20260927T195559Z-4fb3,8e15dabf21369ba5,312158,gpu-nearfar,gpu,resident,s2,11,2,0,0,2,warm,0,1,12,280.615544,0,0,0,278.590698,0.550608,0,,15990,15990,45990,0,0,1096283,8788178,0,c08049994f6005a4,2511.16068,0,1.16
20260927T195559Z-4fb3,8e15dabf21369ba5,832027,gpu-nearfar,gpu,resident,s2,12,2,0,0,2,warm,0,1,12,279.410913,0,0,0,277.505859,0.520432,0,,15999,15999,46004,0,0,1096767,8792189,0,41f33decba27f8bc,2508.60087,0,1.16
20260927T195559Z-4fb3,8e15dabf21369ba5,86626,gpu-nearfar,gpu,resident,s2,13,2,0,0,2,warm,0,1,12,281.129052,0,0,0,279.260315,0.527839,0,,16041,16041,46096,0,0,1096937,8794293,0,07c2e89a1c495cef,2508.60087,0,1.16
20260927T195559Z-4fb3,8e15dabf21369ba5,893373,gpu-nearfar,gpu,resident,s2,14,2,0,0,2,warm,0,1,12,279.7114,0,0,0,277.807434,0.537262,0,,15974,15974,45954,0,0,1096533,8790505,0,e7c677fd68b64919,2508.84054,0,1.16
20260927T195559Z-4fb3,8e15dabf21369ba5,382778,gpu-nearfar,gpu,resident,s2,15,2,0,0,2,warm,0,1,12,280.167908,0,0,0,278.279846,0.509065,0,,16045,16045,46104,0,0,1096458,8790052,0,54586fc58d6eb62a,2508.60087,0,1.16
20260927T195559Z-4fb3,8e15dabf21369ba5,941579,gpu-nearfar,gpu,resident,s2,16,2,0,0,2,warm,0,1,12,280.595795,0,0,0,278.756012,0.51247,0,,16053,16053,46116,0,0,1097129,8795447,0,fa4caab918588767,2508.84054,0,1.16
20260927T195559Z-4fb3,8e15dabf21369ba5,866763,gpu-nearfar,gpu,resident,s2,17,2,0,0,2,warm,0,1,12,280.307376,0,0,0,278.45343,0.531453,0,,15980,15980,45974,0,0,1096150,8787620,0,fd28e53cbc45c9c2,2508.52109,0,1.16
20260927T195559Z-4fb3,8e15dabf21369ba5,963938,gpu-nearfar,gpu,resident,s2,18,2,0,0,2,warm,0,1,12,281.926614,0,0,0,279.956451,0.553555,0,,16024,16024,46058,0,0,1096756,8792581,0,facd783cc4a64e59,2508.60087,0,1.16
20260927T195559Z-4fb3,8e15dabf21369ba5,600082,gpu-nearfar,gpu,resident,s2,19,2,0,0,2,warm,0,1,12,279.524742,0,0,0,277.616302,0.516147,0,,16004,16004,46022,0,0,1096520,8790355,0,3b83e701139a037f,2508.68095,0,1.16
20260927T195559Z-4fb3,8e15dabf21369ba5,533035,gpu-nearfar,gpu,resident,s2,20,2,0,0,2,warm,0,1,12,279.771281,0,0,0,277.843567,0.582036,0,,16008,16008,46026,0,0,1097055,8795160,0,b6d4affba2be94b4,2510.2801,0,1.16
20260927T195559Z-4fb3,8e15dabf21369ba5,464239,gpu-nearfar,gpu,resident,s2,21,2,0,0,2,warm,0,1,12,279.159621,0,0,0,277.304321,0.528553,0,,15921,15921,45856,0,0,1096442,8789750,0,477b960c0d88bea5,2509.00044,0,1.16
20260927T195559Z-4fb3,8e15dabf21369ba5,738023,gpu-nearfar,gpu,resident,s2,22,2,0,0,2,warm,0,1,12,280.393164,0,0,0,278.529633,0.514926,0,,16053,16053,46120,0,0,1097120,8795936,0,a5750b7e04034b8b,2508.60087,0,1.16
20260927T195559Z-4fb3,8e15dabf21369ba5,256371,gpu-nearfar,gpu,resident,s2,23,2,0,0,2,warm,0,1,12,279.071659,0,0,0,277.240387,0.515448,0,,15989,15989,45992,0,0,1096956,8794496,0,d3f0f164749d3139,2511.16068,0,1.16
20260927T195559Z-4fb3,8e15dabf21369ba5,426064,gpu-nearfar,gpu,resident,s2,24,2,0,0,2,warm,0,1,12,280.503759,0,0,0,278.667999,0.512009,0,,16087,16087,46184,0,0,1097107,8795832,0,04322492b4dffba5,2510.6003,0,1.16
20260927T195559Z-4fb3,8e15dabf21369ba5,89702,gpu-nearfar,gpu,resident,s2,25,2,0,0,2,warm,0,1,12,281.113735,0,0,0,279.251404,0.564266,0,,16013,16013,46032,0,0,1096969,8794576,0,764657ec09a11926,2508.60087,0,1.16
20260927T195559Z-4fb3,8e15dabf21369ba5,919406,gpu-nearfar,gpu,resident,s2,26,2,0,0,2,warm,0,1,12,280.267056,0,0,0,278.346161,0.514757,0,,16068,16068,46150,0,0,1096943,8794364,0,364c5c2507bb3016,2508.84054,0,1.16
20260927T195559Z-4fb3,8e15dabf21369ba5,202818,gpu-nearfar,gpu,resident,s2,27,2,0,0,2,warm,0,1,12,280.001243,0,0,0,278.103729,0.52375,0,,16052,16052,46114,0,0,1096925,8794039,0,a0ee314844dc764d,2507.96188,0,1.15
20260927T195559Z-4fb3,8e15dabf21369ba5,302043,gpu-nearfar,gpu,resident,s2,28,2,0,0,2,warm,0,1,12,280.619214,0,0,0,278.748108,0.528748,0,,16008,16008,46026,0,0,1097108,8795364,0,2bf716e742937517,2508.92063,0,1.15
20260927T195559Z-4fb3,8e15dabf21369ba5,508062,gpu-nearfar,gpu,resident,s2,29,2,0,0,2,warm,0,1,12,279.988235,0,0,0,278.0979,0.537201,0,,15979,15979,45972,0,0,1096376,8788783,0,e984b929b9ff66e8,2508.60087,0,1.15
20260927T195559Z-4fb3,8e15dabf21369ba5,189131,gpu-nearfar,gpu,resident,s2,30,2,0,0,2,warm,0,1,12,278.393061,0,0,0,276.502899,0.522345,0,,15923,15923,45860,0,0,1096269,8788130,0,d54b22444535f3de,2508.60087,0,1.15
20260927T195559Z-4fb3,8e15dabf21369ba5,943487,gpu-nearfar,gpu,resident,s2,31,2,0,0,2,warm,0,1,12,279.767407,0,0,0,277.927673,0.5163,0,,16014,16014,46042,0,0,1096806,8793046,0,5440a6241f47a317,2508.68095,0,1.15
20260927T195559Z-4fb3,8e15dabf21369ba5,535623,gpu-nearfar,gpu,resident,s2,32,2,0,0,2,warm,0,1,12,279.003265,0,0,0,277.129913,0.555268,0,,15955,15955,45916,0,0,1096166,8787559,0,5bc57243d9998434,2511.00051,0,1.15
20260927T195559Z-4fb3,8e15dabf21369ba5,650980,gpu-nearfar,gpu,resident,s2,33,2,0,0,2,warm,0,1,12,280.732633,0,0,0,278.808014,0.535106,0,,16038,16038,46094,0,0,1097385,8797376,0,44b0659cf515f1ff,2508.60087,0,1.15
20260927T195559Z-4fb3,8e15dabf21369ba5,884988,gpu-nearfar,gpu,resident,s2,34,2,0,0,2,warm,0,1,12,279.305471,0,0,0,277.436798,0.511649,0,,15964,15964,45934,0,0,1096671,8792242,0,c51d5c97d41aca0d,2507.96188,0,1.15
20260927T195559Z-4fb3,8e15dabf21369ba5,316027,gpu-nearfar,gpu,resident,s2,35,2,0,0,2,warm,0,1,12,280.241387,0,0,0,278.377228,0.522001,0,,16054,16054,46114,0,0,1096937,8794226,0,614a5d716fbb4de0,2508.60087,0,1.15
20260927T195559Z-4fb3,8e15dabf21369ba5,800397,gpu-nearfar,gpu,resident,s2,36,2,0,0,2,warm,0,1,12,278.903422,0,0,0,277.070404,0.509624,0,,15961,15961,45936,0,0,1096435,8789400,0,319a99c467252119,2508.60087,0,1.15
20260927T195559Z-4fb3,8e15dabf21369ba5,492565,gpu-nearfar,gpu,resident,s2,37,2,0,0,2,warm,0,1,12,281.142999,0,0,0,279.302826,0.527346,0,,16065,16065,46136,0,0,1096562,8790951,0,a27338b58021c9c4,2508.60087,0,1.15
20260927T195559Z-4fb3,8e15dabf21369ba5,826100,gpu-nearfar,gpu,resident,s2,38,2,0,0,2,warm,0,1,12,279.186372,0,0,0,277.300812,0.510352,0,,15973,15973,45948,0,0,1096444,8790410,0,b08422e22cabd03d,2508.76074,0,1.15
20260927T195559Z-4fb3,8e15dabf21369ba5,445492,gpu-nearfar,gpu,resident,s2,39,2,0,0,2,warm,0,1,12,282.181136,0,0,0,280.272186,0.55937,0,,16065,16065,46140,0,0,1096515,8790735,0,b4e1be62146d06cc,2508.60087,0,1.15
20260927T195559Z-4fb3,8e15dabf21369ba5,903723,gpu-nearfar,gpu,resident,s2,40,2,0,0,2,warm,0,1,12,279.292832,0,0,0,277.408081,0.513146,0,,15987,15987,45996,0,0,1097089,8794986,0,9d9bedeac11b3e4f,2509.48027,0,1.15
20260927T195559Z-4fb3,8e15dabf21369ba5,600641,gpu-nearfar,gpu,resident,s2,41,2,0,0,2,warm,0,1,12,279.846903,0,0,0,277.974854,0.529748,0,,15984,15984,45978,0,0,1096377,8789456,0,78189fe7f02b1486,2508.60087,0,1.15
20260927T195559Z-4fb3,8e15dabf21369ba5,850506,gpu-nearfar,gpu,resident,s2,42,2,0,0,2,warm,0,1,12,279.106434,0,0,0,277.227661,0.506491,0,,15974,15974,45950,0,0,1096317,8789285,0,ed62f5d27cde2ad5,2508.84054,0,1.15
20260927T195559Z-4fb3,8e15dabf21369ba5,92777,gpu-nearfar,gpu,resident,s2,43,2,0,0,2,warm,0,1,12,280.012314,0,0,0,278.147949,0.513411,0,,16034,16034,46066,0,0,1096703,8792337,0,6eb915ca468c34f5,2508.68095,0,1.15
20260927T195559Z-4fb3,8e15dabf21369ba5,189000,gpu-nearfar,gpu,resident,s2,44,2,0,0,2,warm,0,1,12,280.424032,0,0,0,278.576233,0.514155,0,,16084,16084,46178,0,0,1096874,8793769,0,606df2d20b2c3393,2508.76074,0,1.13
20260927T195559Z-4fb3,8e15dabf21369ba5,694683,gpu-nearfar,gpu,resident,s2,45,2,0,0,2,warm,0,1,12,279.786585,0,0,0,277.939819,0.532488,0,,15977,15977,45964,0,0,1096566,8791256,0,ccd5845cf199bcf0,2508.76074,0,1.13
20260927T195559Z-4fb3,8e15dabf21369ba5,544619,gpu-nearfar,gpu,resident,s2,46,2,0,0,2,warm,0,1,12,280.87049,0,0,0,278.971527,0.563635,0,,16078,16078,46170,0,0,1097158,8796240,0,9e88a07e9d04a649,2508.36125,0,1.13
20260927T195559Z-4fb3,8e15dabf21369ba5,873060,gpu-nearfar,gpu,resident,s2,47,2,0,0,2,warm,0,1,12,279.097596,0,0,0,277.188202,0.512426,0,,15985,15985,45976,0,0,1096522,8790181,0,5ac56126a7b1a8b0,2508.60087,0,1.13
20260927T195559Z-4fb3,8e15dabf21369ba5,172909,gpu-nearfar,gpu,resident,s2,48,2,0,0,2,warm,0,1,12,281.281566,0,0,0,279.3909,0.51254,0,,16123,16123,46256,0,0,1097260,8797193,0,97f57edc044087f0,2506.68458,0,1.13
20260927T195559Z-4fb3,8e15dabf21369ba5,120718,gpu-nearfar,gpu,resident,s2,49,2,0,0,2,warm,0,1,12,280.519195,0,0,0,278.648163,0.541716,0,,16006,16006,46022,0,0,1096884,8793728,0,0cff41f9bbdddb77,2508.12167,0,1.13
20260927T195559Z-4fb3,8e15dabf21369ba5,234554,gpu-nearfar,gpu,resident,s2,50,2,0,0,2,warm,0,1,12,280.340371,0,0,0,278.418884,0.527578,0,,16060,16060,46142,0,0,1097103,8795597,0,a949a776d47d46f5,2508.60087,0,1.13
20260927T195559Z-4fb3,8e15dabf21369ba5,570105,gpu-nearfar,gpu,resident,s2,51,2,0,0,2,warm,0,1,12,279.703063,0,0,0,277.783752,0.536565,0,,16006,16006,46030,0,0,1096640,8791858,0,e17c623e2d4b508f,2509.32031,0,1.13
20260927T195559Z-4fb3,8e15dabf21369ba5,842479,gpu-nearfar,gpu,resident,s2,52,2,0,0,2,warm,0,1,12,280.005648,0,0,0,278.124115,0.53337,0,,16003,16003,46016,0,0,1097107,8795194,0,a258a2586ac5bf2e,2508.68095,0,1.13
20260927T195559Z-4fb3,8e15dabf21369ba5,348456,gpu-nearfar,gpu,resident,s2,53,2,0,0,2,warm,0,1,12,282.964152,0,0,0,281.052155,0.558873,0,,16098,16098,46214,0,0,1096719,8792306,0,105f5d597adb8c32,2509.08055,0,1.13
20260927T195559Z-4fb3,8e15dabf21369ba5,831953,gpu-nearfar,gpu,resident,s2,54,2,0,0,2,warm,0,1,12,278.680281,0,0,0,276.79068,0.519959,0,,15957,15957,45928,0,0,1096624,8791092,0,3ec23a9d53716ee1,2511.16068,0,1.13
20260927T195559Z-4fb3,8e15dabf21369ba5,409707,gpu-nearfar,gpu,resident,s2,55,2,0,0,2,warm,0,1,12,280.138724,0,0,0,278.253265,0.507612,0,,16048,16048,46102,0,0,1096685,8792089,0,9d187bf0003e16e5,2506.36538,0,1.13
20260927T195559Z-4fb3,8e15dabf21369ba5,459557,gpu-nearfar,gpu,resident,s2,56,2,0,0,2,warm,0,1,12,279.915115,0,0,0,278.042755,0.514631,0,,16033,16033,46088,0,0,1096792,8792638,0,5b054ae094967981,2509.16036,0,1.13
20260927T195559Z-4fb3,8e15dabf21369ba5,472668,gpu-nearfar,gpu,resident,s2,57,2,0,0,2,warm,0,1,12,281.20167,0,0,0,279.291718,0.529925,0,,16063,16063,46132,0,0,1096911,8793864,0,623072bf4512656e,2508.60087,0,1.13
20260927T195559Z-4fb3,8e15dabf21369ba5,240184,gpu-nearfar,gpu,resident,s2,58,2,0,0,2,warm,0,1,12,278.468947,0,0,0,276.610626,0.506568,0,,15941,15941,45888,0,0,1096373,8789186,0,4bb21d890c0e5ab7,2509.16036,0,1.13
20260927T195559Z-4fb3,8e15dabf21369ba5,258439,gpu-nearfar,gpu,resident,s2,59,2,0,0,2,warm,0,1,12,281.287545,0,0,0,279.447174,0.50655,0,,16097,16097,46200,0,0,1097126,8795785,0,253070116044b281,2508.60087,0,1.13
20260927T195559Z-4fb3,8e15dabf21369ba5,767648,gpu-nearfar,gpu,resident,s2,60,2,0,0,2,warm,0,1,12,279.77781,0,0,0,277.913391,0.557612,0,,15960,15960,45926,0,0,1096343,8788758,0,11e2d9c9d7746df3,2508.60087,0,1.13
20260927T195559Z-4fb3,8e15dabf21369ba5,826214,gpu-nearfar,gpu,resident,s2,61,2,0,0,2,warm,0,1,12,279.421758,0,0,0,277.501892,0.538733,0,,15948,15948,45906,0,0,1096876,8793292,0,e8360d647c14ee57,2508.60087,0,1.13
20260927T195559Z-4fb3,8e15dabf21369ba5,216317,gpu-nearfar,gpu,resident,s2,62,2,0,0,2,warm,0,1,12,280.537961,0,0,0,278.66037,0.51333,0,,16065,16065,46140,0,0,1096822,8793476,0,2e4ccbb54ddf2979,2508.60087,0,1.2
20260927T195559Z-4fb3,8e15dabf21369ba5,834085,gpu-nearfar,gpu,resident,s2,63,2,0,0,2,warm,0,1,12,281.721595,0,0,0,279.816376,0.562717,0,,16022,16022,46058,0,0,1096279,8788309,0,f1b88b3d09c22e23,2511.16068,0,1.2
20260927T195559Z-4fb3,8e15dabf21369ba5,37297,gpu-nearfar,gpu,resident,s2,64,2,0,0,2,warm,0,1,12,280.306611,0,0,0,278.423126,0.519758,0,,16029,16029,46064,0,0,1096706,8792447,0,14dac6e8a16de2b4,2511.16068,0,1.2
20260927T195559Z-4fb3,8e15dabf21369ba5,297916,gpu-nearfar,gpu,resident,s2,65,2,0,0,2,warm,0,1,12,279.375251,0,0,0,277.513123,0.532006,0,,15945,15945,45896,0,0,1096434,8789520,0,b8bff2a107af7329,2508.60087,0,1.2
20260927T195559Z-4fb3,8e15dabf21369ba5,73513,gpu-nearfar,gpu,resident,s2,66,2,0,0,2,warm,0,1,12,279.791411,0,0,0,277.922424,0.524568,0,,16017,16017,46024,0,0,1096544,8790655,0,69a87962490b5411,2510.44019,0,1.2
20260927T195559Z-4fb3,8e15dabf21369ba5,315923,gpu-nearfar,gpu,resident,s2,67,2,0,0,2,warm,0,1,12,280.831573,0,0,0,278.900116,0.55823,0,,15991,15991,45988,0,0,1096801,8792983,0,bf8b5a087b29f78e,2509.16036,0,1.2
20260927T195559Z-4fb3,8e15dabf21369ba5,1029927,gpu-nearfar,gpu,resident,s2,68,2,0,0,2,warm,0,1,12,281.359327,0,0,0,279.440002,0.543479,0,,16103,16103,46212,0,0,1097416,8798180,0,c51fac7401e252bb,2508.92063,0,1.2
20260927T195559Z-4fb3,8e15dabf21369ba5,253516,gpu-nearfar,gpu,resident,s2,69,2,0,0,2,warm,0,1,12,280.563798,0,0,0,278.680756,0.530029,0,,16009,16009,46016,0,0,1096492,8790572,0,a8be3ff576a67aaf,2510.44019,0,1.2
20260927T195559Z-4fb3,8e15dabf21369ba5,843761,gpu-nearfar,gpu,resident,s2,70,2,0,0,2,warm,0,1,12,279.749304,0,0,0,277.85083,0.515749,0,,16016,16016,46030,0,0,1096684,8791688,0,844345cbf713c839,2511.16068,0,1.2
20260927T195559Z-4fb3,8e15dabf21369ba5,116648,gpu-nearfar,gpu,resident,s2,71,2,0,0,2,warm,0,1,12,279.427125,0,0,0,277.591156,0.513106,0,,15976,15976,45962,0,0,1096715,8792421,0,3fe3826a8f281559,2511.16068,0,1.2
20260927T195559Z-4fb3,8e15dabf21369ba5,898381,gpu-nearfar,gpu,resident,s2,72,2,0,0,2,warm,0,1,12,279.068844,0,0,0,277.242523,0.509944,0,,15975,15975,45956,0,0,1096527,8790842,0,45beabd67a76159e,2509.08055,0,1.2
20260927T195559Z-4fb3,8e15dabf21369ba5,33584,gpu-nearfar,gpu,resident,s2,73,2,0,0,2,warm,0,1,12,280.153396,0,0,0,278.289337,0.565123,0,,15947,15947,45904,0,0,1096107,8786549,0,9757babc13435107,2509.16036,0,1.2
20260927T195559Z-4fb3,8e15dabf21369ba5,264423,gpu-nearfar,gpu,resident,s2,74,2,0,0,2,warm,0,1,12,280.215224,0,0,0,278.28775,0.554197,0,,15932,15932,45874,0,0,1096399,8789349,0,8769d9563f8cb590,2510.6003,0,1.2
20260927T195559Z-4fb3,8e15dabf21369ba5,581085,gpu-nearfar,gpu,resident,s2,75,2,0,0,2,warm,0,1,12,279.874143,0,0,0,277.956604,0.521934,0,,16008,16008,46034,0,0,1096626,8791772,0,239d1c2bf8d9cd62,2509.56011,0,1.2
20260927T195559Z-4fb3,8e15dabf21369ba5,716354,gpu-nearfar,gpu,resident,s2,76,2,0,0,2,warm,0,1,12,279.373399,0,0,0,277.503754,0.518106,0,,15997,15997,46000,0,0,1096652,8791635,0,fbbebe35a9b45729,2511.16068,0,1.2
20260927T195559Z-4fb3,8e15dabf21369ba5,754603,gpu-nearfar,gpu,resident,s2,77,2,0,0,2,warm,0,1,12,279.251441,0,0,0,277.250366,0.527778,0,,15926,15926,45866,0,0,1096026,8786428,0,145b21b9140aab92,2508.28118,0,1.2
20260927T195559Z-4fb3,8e15dabf21369ba5,277866,gpu-nearfar,gpu,resident,s2,78,2,0,0,2,warm,0,1,12,279.156764,0,0,0,277.296692,0.513753,0,,15982,15982,45974,0,0,1096959,8794755,0,9257702a5149c8f3,2511.16068,0,1.2
20260927T195559Z-4fb3,8e15dabf21369ba5,917702,gpu-nearfar,gpu,resident,s2,79,2,0,0,2,warm,0,1,12,280.06612,0,0,0,278.164093,0.547725,0,,16059,16059,46120,0,0,1096616,8791401,0,3e0b7636e3a7e06f,2508.76074,0,1.2
20260927T195559Z-4fb3,8e15dabf21369ba5,474965,gpu-nearfar,gpu,resident,s2,80,2,0,0,2,warm,0,1,12,279.112051,0,0,0,277.276184,0.515836,0,,15950,15950,45914,0,0,1095940,8785568,0,06e80998b455105b,2508.60087,0,1.19
20260927T195559Z-4fb3,8e15dabf21369ba5,531108,gpu-nearfar,gpu,resident,s2,81,2,0,0,2,warm,0,1,12,281.040252,0,0,0,279.16687,0.567406,0,,16011,16011,46028,0,0,1096713,8791730,0,171015491b0d386f,2508.60087,0,1.19
20260927T195559Z-4fb3,8e15dabf21369ba5,137455,gpu-nearfar,gpu,resident,s2,82,2,0,0,2,warm,0,1,12,278.912698,0,0,0,276.942291,0.525263,0,,15936,15936,45874,0,0,1096314,8788668,0,b759282a0ff5deb9,2508.68095,0,1.19
20260927T195559Z-4fb3,8e15dabf21369ba5,171687,gpu-nearfar,gpu,resident,s2,83,2,0,0,2,warm,0,1,12,279.858071,0,0,0,277.971588,0.517822,0,,16033,16033,46076,0,0,1096420,8790146,0,7039a73e5109e62e,2509.00044,0,1.19
20260927T195559Z-4fb3,8e15dabf21369ba5,929989,gpu-nearfar,gpu,resident,s2,84,2,0,0,2,warm,0,1,12,279.385708,0,0,0,277.552673,0.511558,0,,15990,15990,45990,0,0,1096682,8791783,0,2c7821b5fc99b21d,2508.84054,0,1.19
20260927T195559Z-4fb3,8e15dabf21369ba5,239618,gpu-nearfar,gpu,resident,s2,85,2,0,0,2,warm,0,1,12,281.156302,0,0,0,279.25827,0.556083,0,,16014,16014,46042,0,0,1096550,8791096,0,e0ca554f6bc5af38,2508.92063,0,1.19
20260927T195559Z-4fb3,8e15dabf21369ba5,888073,gpu-nearfar,gpu,resident,s2,86,2,0,0,2,warm,0,1,12,280.068877,0,0,0,278.160461,0.534144,0,,16032,16032,46074,0,0,1096851,8793063,0,502345b01d88cc39,2508.60087,0,1.19
20260927T195559Z-4fb3,8e15dabf21369ba5,423524,gpu-nearfar,gpu,resident,s2,87,2,0,0,2,warm,0,1,12,279.799029,0,0,0,277.899323,0.518237,0,,15999,15999,46000,0,0,1096283,8789078,0,bbb57c9a21f0b553,2508.60087,0,1.19
20260927T195559Z-4fb3,8e15dabf21369ba5,51368,gpu-nearfar,gpu,resident,s2,88,2,0,0,2,warm,0,1,12,280.923293,0,0,0,279.012939,0.564372,0,,16061,16061,46132,0,0,1096847,8793738,0,a973095120b9cf0d,2508.60087,0,1.19
20260927T195559Z-4fb3,8e15dabf21369ba5,166757,gpu-nearfar,gpu,resident,s2,89,2,0,0,2,warm,0,1,12,280.402696,0,0,0,278.378754,0.552819,0,,15967,15967,45936,0,0,1096969,8794757,0,40bd2deb1c943f0d,2508.60087,0,1.19
20260927T195559Z-4fb3,8e15dabf21369ba5,319756,gpu-nearfar,gpu,resident,s2,90,2,0,0,2,warm,0,1,12,279.570306,0,0,0,277.687897,0.516724,0,,16010,16010,46026,0,0,1096780,8793311,0,750c2ee6c0ce55b8,2508.60087,0,1.19
20260927T195559Z-4fb3,8e15dabf21369ba5,893116,gpu-nearfar,gpu,resident,s2,91,2,0,0,2,warm,0,1,12,279.366567,0,0,0,277.522675,0.509608,0,,15976,15976,45962,0,0,1096551,8791042,0,c244bbf931a9ff66,2511.16068,0,1.19
20260927T195559Z-4fb3,8e15dabf21369ba5,278999,gpu-nearfar,gpu,resident,s2,92,2,0,0,2,warm,0,1,12,278.953104,0,0,0,277.094177,0.525678,0,,15968,15968,45946,0,0,1096575,8791386,0,00480761c37b434d,2510.84035,0,1.19
20260927T195559Z-4fb3,8e15dabf21369ba5,172699,gpu-nearfar,gpu,resident,s2,93,2,0,0,2,warm,0,1,12,279.30586,0,0,0,277.481201,0.522383,0,,15953,15953,45920,0,0,1096803,8793155,0,355c1585721248e1,2510.44019,0,1.19
20260927T195559Z-4fb3,8e15dabf21369ba5,720346,gpu-nearfar,gpu,resident,s2,94,2,0,0,2,warm,0,1,12,278.647235,0,0,0,276.795715,0.514828,0,,15953,15953,45912,0,0,1096960,8793983,0,b6321497e33b2b9d,2509.08055,0,1.19
20260927T195559Z-4fb3,8e15dabf21369ba5,417697,gpu-nearfar,gpu,resident,s2,95,2,0,0,2,warm,0,1,12,279.32481,0,0,0,277.43689,0.561721,0,,15986,15986,45994,0,0,1096760,8792748,0,0a1339e166047fdc,2511.16068,0,1.19
20260927T195559Z-4fb3,8e15dabf21369ba5,768200,gpu-nearfar,gpu,resident,s2,96,2,0,0,2,warm,0,1,12,281.295134,0,0,0,279.379944,0.556789,0,,16010,16010,46026,0,0,1096647,8791400,0,7b26b07a5cc20a22,2510.76042,0,1.19
20260927T195559Z-4fb3,8e15dabf21369ba5,896444,gpu-nearfar,gpu,resident,s2,97,2,0,0,2,warm,0,1,12,280.454067,0,0,0,278.528687,0.528757,0,,16051,16051,46116,0,0,1096747,8792335,0,eb5a677675b88b2f,2511.16068,0,1.17
20260927T195559Z-4fb3,8e15dabf21369ba5,87619,gpu-nearfar,gpu,resident,s2,98,2,0,0,2,warm,0,1,12,281.87344,0,0,0,279.974945,0.538334,0,,16049,16049,46116,0,0,1096682,8791571,0,5200e13c6c0b71d2,2511.16068,0,1.17
20260927T195559Z-4fb3,8e15dabf21369ba5,521404,gpu-nearfar,gpu,resident,s2,99,2,0,0,2,warm,0,1,12,278.934985,0,0,0,277.049011,0.517891,0,,15965,15965,45940,0,0,1096423,8790177,0,103851ab84166de3,2508.60087,0,1.17
20260927T195559Z-4fb3,8e15dabf21369ba5,530513,gpu-nearfar,gpu,resident,s2,100,2,0,0,2,warm,0,1,12,277.931953,0,0,0,276.059082,0.507808,0,,15863,15863,45732,0,0,1096175,8787417,0,552da161d8a41475,2508.92063,0,1.17
20260927T195559Z-4fb3,8e15dabf21369ba5,10624,gpu-nearfar,gpu,resident,s2,101,2,0,0,2,warm,0,1,12,281.415194,0,0,0,279.519348,0.537383,0,,16046,16046,46098,0,0,1096880,8793784,0,bdf1e4235b2c5d71,2509.08055,0,1.17
20260927T195559Z-4fb3,8e15dabf21369ba5,771433,gpu-nearfar,gpu,resident,s2,102,2,0,0,2,warm,0,1,12,279.98037,0,0,0,278.043701,0.553643,0,,15988,15988,45990,0,0,1096838,8793554,0,ad3bbc64b326e2ec,2510.20022,0,1.17
20260927T195559Z-4fb3,8e15dabf21369ba5,124155,gpu-nearfar,gpu,resident,s2,103,2,0,0,2,warm,0,1,12,279.928307,0,0,0,278.005524,0.558503,0,,16015,16015,46036,0,0,1096594,8791507,0,50970e53e745be2f,2510.84035,0,1.17
20260927T195559Z-4fb3,8e15dabf21369ba5,870629,gpu-nearfar,gpu,resident,s2,104,2,0,0,2,warm,0,1,12,280.180643,0,0,0,278.286987,0.520596,0,,16058,16058,46122,0,0,1097049,8795458,0,e81bad72cb10adbb,2511.16068,0,1.17
20260927T195559Z-4fb3,8e15dabf21369ba5,496824,gpu-nearfar,gpu,resident,s2,105,2,0,0,2,warm,0,1,12,280.44767,0,0,0,278.571045,0.53688,0,,15991,15991,45988,0,0,1096858,8793216,0,6c8ac37e578005a3,2508.60087,0,1.17
20260927T195559Z-4fb3,8e15dabf21369ba5,880012,gpu-nearfar,gpu,resident,s2,106,2,0,0,2,warm,0,1,12,280.974071,0,0,0,279.082336,0.54696,0,,16100,16100,46210,0,0,1097458,8798542,0,8ccba16252198116,2508.60087,0,1.17
20260927T195559Z-4fb3,8e15dabf21369ba5,663000,gpu-nearfar,gpu,resident,s2,107,2,0,0,2,warm,0,1,12,279.549457,0,0,0,277.679596,0.515082,0,,16011,16011,46032,0,0,1096257,8788603,0,902cf10109055e10,2509.00044,0,1.17
20260927T195559Z-4fb3,8e15dabf21369ba5,1043132,gpu-nearfar,gpu,resident,s2,108,2,0,0,2,warm,0,1,12,278.964418,0,0,0,277.139099,0.519198,0,,15942,15942,45890,0,0,1096399,8789342,0,66a901d1343276af,2508.60087,0,1.17
20260927T195559Z-4fb3,8e15dabf21369ba5,605213,gpu-nearfar,gpu,resident,s2,109,2,0,0,2,warm,0,1,12,279.961845,0,0,0,278.080261,0.533492,0,,15976,15976,45962,0,0,1096775,8792981,0,82779a3371e6f2cd,2510.92057,0,1.17
20260927T195559Z-4fb3,8e15dabf21369ba5,866643,gpu-nearfar,gpu,resident,s2,110,2,0,0,2,warm,0,1,12,281.159245,0,0,0,279.269379,0.558699,0,,15961,15961,45928,0,0,1096793,8793063,0,00b32b95442d06d1,2508.76074,0,1.17
20260927T195559Z-4fb3,8e15dabf21369ba5,584213,gpu-nearfar,gpu,resident,s2,111,2,0,0,2,warm,0,1,12,280.504112,0,0,0,278.590027,0.515601,0,,16062,16062,46138,0,0,1096870,8793931,0,7416ed67c950f20f,2509.00044,0,1.17
20260927T195559Z-4fb3,8e15dabf21369ba5,618833,gpu-nearfar,gpu,resident,s2,112,2,0,0,2,warm,0,1,12,279.184713,0,0,0,277.300781,0.50501,0,,15992,15992,46002,0,0,1097123,8795557,0,59446c1b822407d2,2510.36029,0,1.17
20260927T195559Z-4fb3,8e15dabf21369ba5,688407,gpu-nearfar,gpu,resident,s2,113,2,0,0,2,warm,0,1,12,279.452214,0,0,0,277.597351,0.529065,0,,15942,15942,45894,0,0,1096852,8793482,0,80b32c641fa4052f,2509.08055,0,1.17
20260927T195559Z-4fb3,8e15dabf21369ba5,66042,gpu-nearfar,gpu,resident,s2,114,2,0,0,2,warm,0,1,12,279.597152,0,0,0,277.703247,0.512242,0,,16024,16024,46062,0,0,1096475,8789854,0,28e9bc0fd5874b1d,2508.76074,0,1.17
20260927T195559Z-4fb3,8e15dabf21369ba5,793602,gpu-nearfar,gpu,resident,s2,115,2,0,0,2,warm,0,1,12,280.359318,0,0,0,278.514252,0.509412,0,,16075,16075,46156,0,0,1096785,8792823,0,2c7cac84c0f043b2,2508.68095,0,1.16
20260927T195559Z-4fb3,8e15dabf21369ba5,561707,gpu-nearfar,gpu,resident,s2,116,2,0,0,2,warm,0,1,12,280.20749,0,0,0,278.399658,0.509173,0,,16058,16058,46126,0,0,1096847,8793231,0,78de0e16ea4fde1f,2508.84054,0,1.16
20260927T195559Z-4fb3,8e15dabf21369ba5,692599,gpu-nearfar,gpu,resident,s2,117,2,0,0,2,warm,0,1,12,281.254207,0,0,0,279.387451,0.566363,0,,16019,16019,46048,0,0,1096902,8793574,0,08fba6af4af64866,2511.16068,0,1.16
20260927T195559Z-4fb3,8e15dabf21369ba5,814798,gpu-nearfar,gpu,resident,s2,118,2,0,0,2,warm,0,1,12,278.692877,0,0,0,276.787018,0.512107,0,,15957,15957,45924,0,0,1096455,8789825,0,e5f8753d02ce6cf0,2508.60087,0,1.16
20260927T195559Z-4fb3,8e15dabf21369ba5,432532,gpu-nearfar,gpu,resident,s2,119,2,0,0,2,warm,0,1,12,280.027686,0,0,0,278.139526,0.510558,0,,16043,16043,46108,0,0,1097172,8795791,0,146303230195b596,2508.60087,0,1.16
20260927T195559Z-4fb3,8e15dabf21369ba5,511103,gpu-nearfar,gpu,resident,s2,120,2,0,0,2,warm,0,1,12,281.334721,0,0,0,279.407532,0.553313,0,,16075,16075,46168,0,0,1096398,8789618,0,5b6f9268a090014b,2508.60087,0,1.16
20260927T195559Z-4fb3,8e15dabf21369ba5,827115,gpu-nearfar,gpu,resident,s2,121,2,0,0,2,warm,0,1,12,280.143732,0,0,0,278.244202,0.537722,0,,15998,15998,46002,0,0,1096565,8790781,0,c2ef225c7d1b6cf1,2509.56011,0,1.16
20260927T195559Z-4fb3,8e15dabf21369ba5,816247,gpu-nearfar,gpu,resident,s2,122,2,0,0,2,warm,0,1,12,278.857049,0,0,0,276.993683,0.511768,0,,15968,15968,45942,0,0,1096895,8793539,0,53b5c4c422a03130,2511.16068,0,1.16
20260927T195559Z-4fb3,8e15dabf21369ba5,653088,gpu-nearfar,gpu,resident,s2,123,2,0,0,2,warm,0,1,12,280.174369,0,0,0,278.301239,0.51874,0,,16033,16033,46076,0,0,1096417,8789602,0,c3d6e7835680af1d,2508.60087,0,1.16
20260927T195559Z-4fb3,8e15dabf21369ba5,5503,gpu-nearfar,gpu,resident,s2,124,2,0,0,2,warm,0,1,12,281.154868,0,0,0,279.267639,0.565166,0,,16064,16064,46146,0,0,1096302,8788538,0,7f946bb6b5cc0269,2506.52497,0,1.16
20260927T195559Z-4fb3,8e15dabf21369ba5,320284,gpu-nearfar,gpu,resident,s2,125,2,0,0,2,warm,0,1,12,278.820433,0,0,0,276.887634,0.533439,0,,15946,15946,45898,0,0,1096221,8788299,0,0fae1bee80d60ba0,2508.60087,0,1.16
20260927T195559Z-4fb3,8e15dabf21369ba5,909227,gpu-nearfar,gpu,resident,s2,126,2,0,0,2,warm,0,1,12,279.220682,0,0,0,277.343842,0.510662,0,,15976,15976,45970,0,0,1096984,8794978,0,e28d5b4774195c35,2508.92063,0,1.16
20260927T195559Z-4fb3,8e15dabf21369ba5,116150,gpu-nearfar,gpu,resident,s2,127,2,0,0,2,warm,0,1,12,281.352299,0,0,0,277.562012,0.510987,1.935217,,15972,15972,45962,0,0,1096529,8790462,0,0d649a1cfc009d11,2511.16068,0,1.16
20260927T195559Z-4fb3,8e15dabf21369ba5,869618,delta-omp,cpu,resident,s2,0,2,0,0,3,warm,24,1,12,154.638989,0,2.53255,0,152.105771,0,0,,3503,16313,0,0,16313,1152091,18473090,0,751532ac148dc9b8,,0,1.16
20260927T195559Z-4fb3,8e15dabf21369ba5,971814,delta-omp,cpu,resident,s2,1,2,0,0,3,warm,24,1,12,154.207894,0,2.248322,0,151.958625,0,0,,3502,16291,0,0,16291,1151373,18461504,0,9518212de198ffff,,0,1.16
20260927T195559Z-4fb3,8e15dabf21369ba5,31242,delta-omp,cpu,resident,s2,2,2,0,0,3,warm,24,1,12,154.639169,0,2.1853,0,152.453143,0,0,,3503,16329,0,0,16329,1152238,18475962,0,f05350b1e5a33e24,,0,1.16
20260927T195559Z-4fb3,8e15dabf21369ba5,465080,delta-omp,cpu,resident,s2,3,2,0,0,3,warm,24,1,12,154.244264,0,2.201929,0,152.041591,0,0,,3498,16296,0,0,16296,1152229,18476702,0,8e8e4c91e128ce0a,,0,1.16
20260927T195559Z-4fb3,8e15dabf21369ba5,490397,delta-omp,cpu,resident,s2,4,2,0,0,3,warm,24,1,12,154.33099,0,2.201658,0,152.128718,0,0,,3503,16316,0,0,16316,1152205,18476196,0,9f12266aba714d52,,0,1.16
20260927T195559Z-4fb3,8e15dabf21369ba5,76089,delta-omp,cpu,resident,s2,5,2,0,0,3,warm,24,1,12,154.163024,0,2.182364,0,151.980115,0,0,,3503,16295,0,0,16295,1152038,18473934,0,d20d780cb45c7881,,0,1.16
20260927T195559Z-4fb3,8e15dabf21369ba5,278740,delta-omp,cpu,resident,s2,6,2,0,0,3,warm,24,1,12,155.811139,0,2.175214,0,153.635454,0,0,,3502,16308,0,0,16308,1152076,18473064,0,fff3e1dae5373eae,,0,1.16
20260927T195559Z-4fb3,8e15dabf21369ba5,503399,delta-omp,cpu,resident,s2,7,2,0,0,3,warm,24,1,12,153.049451,0,2.192604,0,150.856507,0,0,,3505,16314,0,0,16314,1152336,18475642,0,2ee85e090f01e3ca,,0,1.14
20260927T195559Z-4fb3,8e15dabf21369ba5,221519,delta-omp,cpu,resident,s2,8,2,0,0,3,warm,24,1,12,153.887652,0,2.209823,0,151.67734,0,0,,3505,16318,0,0,16318,1152091,18473024,0,343c1c55f34d0873,,0,1.14
20260927T195559Z-4fb3,8e15dabf21369ba5,335280,delta-omp,cpu,resident,s2,9,2,0,0,3,warm,24,1,12,153.617418,0,2.215565,0,151.40137,0,0,,3498,16310,0,0,16310,1152229,18475958,0,2b6a31403bc4bf79,,0,1.14
20260927T195559Z-4fb3,8e15dabf21369ba5,506979,delta-omp,cpu,resident,s2,10,2,0,0,3,warm,24,1,12,153.895631,0,2.218235,0,151.67699,0,0,,3502,16282,0,0,16282,1152032,18470986,0,a3371bc10f34b12d,,0,1.14
20260927T195559Z-4fb3,8e15dabf21369ba5,312158,delta-omp,cpu,resident,s2,11,2,0,0,3,warm,24,1,12,153.267463,0,2.201189,0,151.065746,0,0,,3503,16301,0,0,16301,1152251,18474238,0,c08049994f6005a4,,0,1.14
20260927T195559Z-4fb3,8e15dabf21369ba5,832027,delta-omp,cpu,resident,s2,12,2,0,0,3,warm,24,1,12,153.654077,0,2.205665,0,151.448073,0,0,,3502,16269,0,0,16269,1152245,18477884,0,41f33decba27f8bc,,0,1.14
20260927T195559Z-4fb3,8e15dabf21369ba5,86626,delta-omp,cpu,resident,s2,13,2,0,0,3,warm,24,1,12,153.284066,0,2.255644,0,151.027766,0,0,,3503,16279,0,0,16279,1152049,18471182,0,07c2e89a1c495cef,,0,1.14
20260927T195559Z-4fb3,8e15dabf21369ba5,893373,delta-omp,cpu,resident,s2,14,2,0,0,3,warm,24,1,12,153.454677,0,2.22951,0,151.224783,0,0,,3502,16269,0,0,16269,1152235,18477566,0,e7c677fd68b64919,,0,1.14
20260927T195559Z-4fb3,8e15dabf21369ba5,382778,delta-omp,cpu,resident,s2,15,2,0,0,3,warm,24,1,12,153.895775,0,2.22512,0,151.669884,0,0,,3504,16310,0,0,16310,1152071,18471406,0,54586fc58d6eb62a,,0,1.14
20260927T195559Z-4fb3,8e15dabf21369ba5,941579,delta-omp,cpu,resident,s2,16,2,0,0,3,warm,24,1,12,153.528763,0,2.213596,0,151.314566,0,0,,3504,16285,0,0,16285,1152080,18471874,0,fa4caab918588767,,0,1.14
20260927T195559Z-4fb3,8e15dabf21369ba5,866763,delta-omp,cpu,resident,s2,17,2,0,0,3,warm,24,1,12,153.292452,0,2.221015,0,151.070798,0,0,,3504,16300,0,0,16300,1151321,18460652,0,fd28e53cbc45c9c2,,0,1.14
20260927T195559Z-4fb3,8e15dabf21369ba5,963938,delta-omp,cpu,resident,s2,18,2,0,0,3,warm,24,1,12,153.649413,0,2.205828,0,151.443135,0,0,,3503,16281,0,0,16281,1151998,18470400,0,facd783cc4a64e59,,0,1.14
20260927T195559Z-4fb3,8e15dabf21369ba5,600082,delta-omp,cpu,resident,s2,19,2,0,0,3,warm,24,1,12,154.141441,0,2.184445,0,151.956251,0,0,,3504,16305,0,0,16305,1152277,18474486,0,3b83e701139a037f,,0,1.14
20260927T195559Z-4fb3,8e15dabf21369ba5,533035,delta-omp,cpu,resident,s2,20,2,0,0,3,warm,24,1,12,153.778459,0,2.205732,0,151.572199,0,0,,3503,16317,0,0,16317,1152215,18476260,0,b6d4affba2be94b4,,0,1.14
20260927T195559Z-4fb3,8e15dabf21369ba5,464239,delta-omp,cpu,resident,s2,21,2,0,0,3,warm,24,1,12,153.717162,0,2.189017,0,151.527495,0,0,,3504,16316,0,0,16316,1152064,18472556,0,477b960c0d88bea5,,0,1.14
20260927T195559Z-4fb3,8e15dabf21369ba5,738023,delta-omp,cpu,resident,s2,22,2,0,0,3,warm,24,1,12,153.784312,0,2.240632,0,151.542942,0,0,,3505,16299,0,0,16299,1151317,18460606,0,a5750b7e04034b8b,,0,1.14
20260927T195559Z-4fb3,8e15dabf21369ba5,256371,delta-omp,cpu,resident,s2,23,2,0,0,3,warm,24,1,12,153.944673,0,2.238962,0,151.7052,0,0,,3503,16329,0,0,16329,1152338,18478660,0,d3f0f164749d3139,,0,1.14
20260927T195559Z-4fb3,8e15dabf21369ba5,426064,delta-omp,cpu,resident,s2,24,2,0,0,3,warm,24,1,12,153.828796,0,2.210239,0,151.61814,0,0,,3503,16290,0,0,16290,1151876,18469110,0,04322492b4dffba5,,0,1.14
20260927T195559Z-4fb3,8e15dabf21369ba5,89702,delta-omp,cpu,resident,s2,25,2,0,0,3,warm,24,1,12,153.850889,0,2.21791,0,151.632666,0,0,,3501,16320,0,0,16320,1152330,18478574,0,764657ec09a11926,,0,1.14
20260927T195559Z-4fb3,8e15dabf21369ba5,919406,delta-omp,cpu,resident,s2,26,2,0,0,3,warm,24,1,12,153.294259,0,2.21875,0,151.075126,0,0,,3504,16290,0,0,16290,1151996,18470294,0,364c5c2507bb3016,,0,1.14
20260927T195559Z-4fb3,8e15dabf21369ba5,202818,delta-omp,cpu,resident,s2,27,2,0,0,3,warm,24,1,12,153.287595,0,2.177649,0,151.109495,0,0,,3503,16285,0,0,16285,1152005,18470424,0,a0ee314844dc764d,,0,1.14
20260927T195559Z-4fb3,8e15dabf21369ba5,302043,delta-omp,cpu,resident,s2,28,2,0,0,3,warm,24,1,12,153.460539,0,2.153827,0,151.306227,0,0,,3503,16315,0,0,16315,1152103,18473380,0,2bf716e742937517,,0,1.14
20260927T195559Z-4fb3,8e15dabf21369ba5,508062,delta-omp,cpu,resident,s2,29,2,0,0,3,warm,24,1,12,154.955112,0,2.223015,0,152.73137,0,0,,3504,16307,0,0,16307,1152300,18475102,0,e984b929b9ff66e8,,0,1.14
20260927T195559Z-4fb3,8e15dabf21369ba5,189131,delta-omp,cpu,resident,s2,30,2,0,0,3,warm,24,1,12,153.306844,0,2.235213,0,151.071205,0,0,,3503,16311,0,0,16311,1152127,18473664,0,d54b22444535f3de,,0,1.14
20260927T195559Z-4fb3,8e15dabf21369ba5,943487,delta-omp,cpu,resident,s2,31,2,0,0,3,warm,24,1,12,152.96151,0,2.181746,0,150.779273,0,0,,3504,16269,0,0,16269,1152204,18477370,0,5440a6241f47a317,,0,1.14
20260927T195559Z-4fb3,8e15dabf21369ba5,535623,delta-omp,cpu,resident,s2,32,2,0,0,3,warm,24,1,12,155.085763,0,2.19387,0,152.891278,0,0,,3501,16302,0,0,16302,1152094,18473110,0,5bc57243d9998434,,0,1.14
20260927T195559Z-4fb3,8e15dabf21369ba5,650980,delta-omp,cpu,resident,s2,33,2,0,0,3,warm,24,1,12,153.583326,0,2.261317,0,151.321516,0,0,,3505,16303,0,0,16303,1152251,18474322,0,44b0659cf515f1ff,,0,1.14
20260927T195559Z-4fb3,8e15dabf21369ba5,884988,delta-omp,cpu,resident,s2,34,2,0,0,3,warm,24,1,12,153.392895,0,2.21967,0,151.172669,0,0,,3502,16313,0,0,16313,1152207,18476428,0,c51d5c97d41aca0d,,0,1.14
20260927T195559Z-4fb3,8e15dabf21369ba5,316027,delta-omp,cpu,resident,s2,35,2,0,0,3,warm,24,1,12,153.293167,0,2.193768,0,151.098828,0,0,,3502,16282,0,0,16282,1151972,18469994,0,614a5d716fbb4de0,,0,1.14
20260927T195559Z-4fb3,8e15dabf21369ba5,800397,delta-omp,cpu,resident,s2,36,2,0,0,3,warm,24,1,12,153.987496,0,2.209685,0,151.77743,0,0,,3503,16308,0,0,16308,1152110,18473426,0,319a99c467252119,,0,1.14
20260927T195559Z-4fb3,8e15dabf21369ba5,492565,delta-omp,cpu,resident,s2,37,2,0,0,3,warm,24,1,12,153.450884,0,2.243308,0,151.207217,0,0,,3502,16307,0,0,16307,1152048,18471058,0,a27338b58021c9c4,,0,1.14
20260927T195559Z-4fb3,8e15dabf21369ba5,826100,delta-omp,cpu,resident,s2,38,2,0,0,3,warm,24,1,12,153.212042,0,2.179183,0,151.032338,0,0,,3501,16277,0,0,16277,1151881,18470628,0,b08422e22cabd03d,,0,1.14
20260927T195559Z-4fb3,8e15dabf21369ba5,445492,delta-omp,cpu,resident,s2,39,2,0,0,3,warm,24,1,12,153.163535,0,2.225137,0,150.937892,0,0,,3502,16308,0,0,16308,1152112,18472092,0,b4e1be62146d06cc,,0,1.14
20260927T195559Z-4fb3,8e15dabf21369ba5,903723,delta-omp,cpu,resident,s2,40,2,0,0,3,warm,24,1,12,153.307583,0,2.219415,0,151.087657,0,0,,3505,16335,0,0,16335,1152232,18475846,0,9d9bedeac11b3e4f,,0,1.13
20260927T195559Z-4fb3,8e15dabf21369ba5,600641,delta-omp,cpu,resident,s2,41,2,0,0,3,warm,24,1,12,153.641375,0,2.219039,0,151.421958,0,0,,3503,16316,0,0,16316,1152213,18476190,0,78189fe7f02b1486,,0,1.13
20260927T195559Z-4fb3,8e15dabf21369ba5,850506,delta-omp,cpu,resident,s2,42,2,0,0,3,warm,24,1,12,153.199249,0,2.17724,0,151.021649,0,0,,3502,16291,0,0,16291,1151969,18472682,0,ed62f5d27cde2ad5,,0,1.13
20260927T195559Z-4fb3,8e15dabf21369ba5,92777,delta-omp,cpu,resident,s2,43,2,0,0,3,warm,24,1,12,154.149188,0,2.218366,0,151.930372,0,0,,3500,16285,0,0,16285,1151382,18461708,0,6eb915ca468c34f5,,0,1.13
20260927T195559Z-4fb3,8e15dabf21369ba5,189000,delta-omp,cpu,resident,s2,44,2,0,0,3,warm,24,1,12,153.274545,0,2.171641,0,151.10237,0,0,,3503,16298,0,0,16298,1151858,18468726,0,606df2d20b2c3393,,0,1.13
20260927T195559Z-4fb3,8e15dabf21369ba5,694683,delta-omp,cpu,resident,s2,45,2,0,0,3,warm,24,1,12,153.865625,0,2.198237,0,151.666849,0,0,,3503,16317,0,0,16317,1152205,18476432,0,ccd5845cf199bcf0,,0,1.13
20260927T195559Z-4fb3,8e15dabf21369ba5,544619,delta-omp,cpu,resident,s2,46,2,0,0,3,warm,24,1,12,153.727431,0,2.243153,0,151.483877,0,0,,3504,16294,0,0,16294,1151876,18469124,0,9e88a07e9d04a649,,0,1.13
20260927T195559Z-4fb3,8e15dabf21369ba5,873060,delta-omp,cpu,resident,s2,47,2,0,0,3,warm,24,1,12,153.604803,0,2.19912,0,151.405348,0,0,,3503,16273,0,0,16273,1152276,18478486,0,5ac56126a7b1a8b0,,0,1.13
20260927T195559Z-4fb3,8e15dabf21369ba5,172909,delta-omp,cpu,resident,s2,48,2,0,0,3,warm,24,1,12,153.324184,0,2.180005,0,151.143744,0,0,,3503,16299,0,0,16299,1151884,18469034,0,97f57edc044087f0,,0,1.13
20260927T195559Z-4fb3,8e15dabf21369ba5,120718,delta-omp,cpu,resident,s2,49,2,0,0,3,warm,24,1,12,153.283509,0,2.203661,0,151.079374,0,0,,3502,16238,0,0,16238,1152211,18477380,0,0cff41f9bbdddb77,,0,1.13
20260927T195559Z-4fb3,8e15dabf21369ba5,234554,delta-omp,cpu,resident,s2,50,2,0,0,3,warm,24,1,12,154.576824,0,2.197073,0,152.379262,0,0,,3506,16255,0,0,16255,1152201,18477158,0,a949a776d47d46f5,,0,1.13
20260927T195559Z-4fb3,8e15dabf21369ba5,570105,delta-omp,cpu,resident,s2,51,2,0,0,3,warm,24,1,12,153.574078,0,2.378105,0,151.195409,0,0,,3505,16322,0,0,16322,1152219,18476434,0,e17c623e2d4b508f,,0,1.13
20260927T195559Z-4fb3,8e15dabf21369ba5,842479,delta-omp,cpu,resident,s2,52,2,0,0,3,warm,24,1,12,153.461684,0,2.206038,0,151.255181,0,0,,3502,16321,0,0,16321,1152255,18476306,0,a258a2586ac5bf2e,,0,1.13
20260927T195559Z-4fb3,8e15dabf21369ba5,348456,delta-omp,cpu,resident,s2,53,2,0,0,3,warm,24,1,12,153.307157,0,2.200782,0,151.105912,0,0,,3504,16312,0,0,16312,1152121,18472218,0,105f5d597adb8c32,,0,1.13
20260927T195559Z-4fb3,8e15dabf21369ba5,831953,delta-omp,cpu,resident,s2,54,2,0,0,3,warm,24,1,12,153.424383,0,2.188617,0,151.235373,0,0,,3503,16299,0,0,16299,1152269,18474550,0,3ec23a9d53716ee1,,0,1.13
20260927T195559Z-4fb3,8e15dabf21369ba5,409707,delta-omp,cpu,resident,s2,55,2,0,0,3,warm,24,1,12,153.053363,0,2.185981,0,150.866812,0,0,,3502,16305,0,0,16305,1152118,18472152,0,9d187bf0003e16e5,,0,1.13
20260927T195559Z-4fb3,8e15dabf21369ba5,459557,delta-omp,cpu,resident,s2,56,2,0,0,3,warm,24,1,12,154.142113,0,2.202302,0,151.939039,0,0,,3506,16254,0,0,16254,1152180,18476894,0,5b054ae094967981,,0,1.13
20260927T195559Z-4fb3,8e15dabf21369ba5,472668,delta-omp,cpu,resident,s2,57,2,0,0,3,warm,24,1,12,153.75214,0,2.207977,0,151.543745,0,0,,3502,16281,0,0,16281,1152081,18471724,0,623072bf4512656e,,0,1.13
20260927T195559Z-4fb3,8e15dabf21369ba5,240184,delta-omp,cpu,resident,s2,58,2,0,0,3,warm,24,1,12,154.035311,0,2.20577,0,151.829207,0,0,,3502,16293,0,0,16293,1152304,18475314,0,4bb21d890c0e5ab7,,0,1.13
20260927T195559Z-4fb3,8e15dabf21369ba5,258439,delta-omp,cpu,resident,s2,59,2,0,0,3,warm,24,1,12,141.773477,0,2.433515,0,139.339176,0,0,,3502,16296,0,0,16296,1151325,18460794,0,253070116044b281,,0,1.13
20260927T195559Z-4fb3,8e15dabf21369ba5,767648,delta-omp,cpu,resident,s2,60,2,0,0,3,warm,24,1,12,154.063107,0,2.293171,0,151.769188,0,0,,3502,16313,0,0,16313,1152128,18473466,0,11e2d9c9d7746df3,,0,1.13
20260927T195559Z-4fb3,8e15dabf21369ba5,826214,delta-omp,cpu,resident,s2,61,2,0,0,3,warm,24,1,12,154.166878,0,2.189483,0,151.976815,0,0,,3502,16330,0,0,16330,1152217,18475530,0,e8360d647c14ee57,,0,1.13
20260927T195559Z-4fb3,8e15dabf21369ba5,216317,delta-omp,cpu,resident,s2,62,2,0,0,3,warm,24,1,12,154.436629,0,2.212785,0,152.223001,0,0,,3501,16286,0,0,16286,1151868,18469114,0,2e4ccbb54ddf2979,,0,1.13
20260927T195559Z-4fb3,8e15dabf21369ba5,834085,delta-omp,cpu,resident,s2,63,2,0,0,3,warm,24,1,12,154.230166,0,2.197301,0,152.032242,0,0,,3503,16311,0,0,16311,1152082,18471354,0,f1b88b3d09c22e23,,0,1.13
20260927T195559Z-4fb3,8e15dabf21369ba5,37297,delta-omp,cpu,resident,s2,64,2,0,0,3,warm,24,1,12,154.902203,0,2.226141,0,152.675533,0,0,,3502,16295,0,0,16295,1151353,18461304,0,14dac6e8a16de2b4,,0,1.13
20260927T195559Z-4fb3,8e15dabf21369ba5,297916,delta-omp,cpu,resident,s2,65,2,0,0,3,warm,24,1,12,154.028126,0,2.232233,0,151.795289,0,0,,3501,16304,0,0,16304,1152104,18473182,0,b8bff2a107af7329,,0,1.13
20260927T195559Z-4fb3,8e15dabf21369ba5,73513,delta-omp,cpu,resident,s2,66,2,0,0,3,warm,24,1,12,154.180274,0,2.223227,0,151.956444,0,0,,3498,16291,0,0,16291,1152079,18471548,0,69a87962490b5411,,0,1.13
20260927T195559Z-4fb3,8e15dabf21369ba5,315923,delta-omp,cpu,resident,s2,67,2,0,0,3,warm,24,1,12,154.194999,0,2.190613,0,152.003887,0,0,,3502,16299,0,0,16299,1152298,18475088,0,bf8b5a087b29f78e,,0,1.13
20260927T195559Z-4fb3,8e15dabf21369ba5,1029927,delta-omp,cpu,resident,s2,68,2,0,0,3,warm,24,1,12,154.475002,0,2.222828,0,152.251683,0,0,,3502,16281,0,0,16281,1151952,18469676,0,c51fac7401e252bb,,0,1.13
20260927T195559Z-4fb3,8e15dabf21369ba5,253516,delta-omp,cpu,resident,s2,69,2,0,0,3,warm,24,1,12,153.834875,0,2.184868,0,151.649552,0,0,,3500,16282,0,0,16282,1151338,18460942,0,a8be3ff576a67aaf,,0,1.13
20260927T195559Z-4fb3,8e15dabf21369ba5,843761,delta-omp,cpu,resident,s2,70,2,0,0,3,warm,24,1,12,154.534843,0,2.20814,0,152.326007,0,0,,3500,16289,0,0,16289,1152276,18474616,0,844345cbf713c839,,0,1.13
20260927T195559Z-4fb3,8e15dabf21369ba5,116648,delta-omp,cpu,resident,s2,71,2,0,0,3,warm,24,1,12,155.161891,0,2.18929,0,152.97196,0,0,,3502,16328,0,0,16328,1152362,18479052,0,3fe3826a8f281559,,0,1.13
20260927T195559Z-4fb3,8e15dabf21369ba5,898381,delta-omp,cpu,resident,s2,72,2,0,0,3,warm,24,1,12,157.047647,0,2.454013,0,154.593138,0,0,,3502,16243,0,0,16243,1152192,18477234,0,45beabd67a76159e,,0,1.12
20260927T195559Z-4fb3,8e15dabf21369ba5,33584,delta-omp,cpu,resident,s2,73,2,0,0,3,warm,24,1,12,154.557276,0,2.262355,0,152.294503,0,0,,3503,16309,0,0,16309,1152096,18473184,0,9757babc13435107,,0,1.12
20260927T195559Z-4fb3,8e15dabf21369ba5,264423,delta-omp,cpu,resident,s2,74,2,0,0,3,warm,24,1,12,154.18865,0,2.196317,0,151.991921,0,0,,3502,16308,0,0,16308,1152157,18473940,0,8769d9563f8cb590,,0,1.12
20260927T195559Z-4fb3,8e15dabf21369ba5,581085,delta-omp,cpu,resident,s2,75,2,0,0,3,warm,24,1,12,153.430107,0,2.213503,0,151.21621,0,0,,3505,16298,0,0,16298,1152029,18473678,0,239d1c2bf8d9cd62,,0,1.12
20260927T195559Z-4fb3,8e15dabf21369ba5,716354,delta-omp,cpu,resident,s2,76,2,0,0,3,warm,24,1,12,154.425866,0,2.201135,0,152.224256,0,0,,3502,16261,0,0,16261,1152243,18477716,0,fbbebe35a9b45729,,0,1.12
20260927T195559Z-4fb3,8e15dabf21369ba5,754603,delta-omp,cpu,resident,s2,77,2,0,0,3,warm,24,1,12,153.991677,0,2.186722,0,151.804483,0,0,,3504,16314,0,0,16314,1152113,18473188,0,145b21b9140aab92,,0,1.12
20260927T195559Z-4fb3,8e15dabf21369ba5,277866,delta-omp,cpu,resident,s2,78,2,0,0,3,warm,24,1,12,155.111344,0,2.228039,0,152.882817,0,0,,3502,16325,0,0,16325,1152329,18478498,0,9257702a5149c8f3,,0,1.12
20260927T195559Z-4fb3,8e15dabf21369ba5,917702,delta-omp,cpu,resident,s2,79,2,0,0,3,warm,24,1,12,154.19423,0,2.187189,0,152.006403,0,0,,3501,16303,0,0,16303,1152121,18472020,0,3e0b7636e3a7e06f,,0,1.12
20260927T195559Z-4fb3,8e15dabf21369ba5,474965,delta-omp,cpu,resident,s2,80,2,0,0,3,warm,24,1,12,154.332633,0,2.220424,0,152.111751,0,0,,3504,16310,0,0,16310,1152138,18473482,0,06e80998b455105b,,0,1.12
20260927T195559Z-4fb3,8e15dabf21369ba5,531108,delta-omp,cpu,resident,s2,81,2,0,0,3,warm,24,1,12,154.547625,0,2.185908,0,152.36117,0,0,,3502,16266,0,0,16266,1152270,18478228,0,171015491b0d386f,,0,1.12
20260927T195559Z-4fb3,8e15dabf21369ba5,137455,delta-omp,cpu,resident,s2,82,2,0,0,3,warm,24,1,12,154.156893,0,2.189098,0,151.967384,0,0,,3501,16302,0,0,16302,1152108,18473410,0,b759282a0ff5deb9,,0,1.12
20260927T195559Z-4fb3,8e15dabf21369ba5,171687,delta-omp,cpu,resident,s2,83,2,0,0,3,warm,24,1,12,154.649383,0,2.234235,0,152.414661,0,0,,3503,16295,0,0,16295,1151330,18460860,0,7039a73e5109e62e,,0,1.12
20260927T195559Z-4fb3,8e15dabf21369ba5,929989,delta-omp,cpu,resident,s2,84,2,0,0,3,warm,24,1,12,154.413202,0,2.219504,0,152.193386,0,0,,3503,16302,0,0,16302,1152263,18474402,0,2c7821b5fc99b21d,,0,1.12
20260927T195559Z-4fb3,8e15dabf21369ba5,239618,delta-omp,cpu,resident,s2,85,2,0,0,3,warm,24,1,12,155.068961,0,2.292673,0,152.775839,0,0,,3504,16306,0,0,16306,1151372,18461334,0,e0ca554f6bc5af38,,0,1.12
20260927T195559Z-4fb3,8e15dabf21369ba5,888073,delta-omp,cpu,resident,s2,86,2,0,0,3,warm,24,1,12,154.477874,0,2.231679,0,152.245698,0,0,,3503,16306,0,0,16306,1152239,18474040,0,502345b01d88cc39,,0,1.12
20260927T195559Z-4fb3,8e15dabf21369ba5,423524,delta-omp,cpu,resident,s2,87,2,0,0,3,warm,24,1,12,154.118835,0,2.181949,0,151.936523,0,0,,3501,16290,0,0,16290,1151359,18461328,0,bbb57c9a21f0b553,,0,1.12
20260927T195559Z-4fb3,8e15dabf21369ba5,51368,delta-omp,cpu,resident,s2,88,2,0,0,3,warm,24,1,12,154.616038,0,2.267727,0,152.347831,0,0,,3502,16288,0,0,16288,1151807,18467858,0,a973095120b9cf0d,,0,1.12
20260927T195559Z-4fb3,8e15dabf21369ba5,166757,delta-omp,cpu,resident,s2,89,2,0,0,3,warm,24,1,12,154.749626,0,2.223611,0,152.525491,0,0,,3501,16311,0,0,16311,1152232,18476700,0,40bd2deb1c943f0d,,0,1.12
20260927T195559Z-4fb3,8e15dabf21369ba5,319756,delta-omp,cpu,resident,s2,90,2,0,0,3,warm,24,1,12,154.294092,0,2.187792,0,152.105927,0,0,,3502,16294,0,0,16294,1152013,18473382,0,750c2ee6c0ce55b8,,0,1.12
20260927T195559Z-4fb3,8e15dabf21369ba5,893116,delta-omp,cpu,resident,s2,91,2,0,0,3,warm,24,1,12,153.623627,0,2.169225,0,151.453932,0,0,,3503,16317,0,0,16317,1152169,18475576,0,c244bbf931a9ff66,,0,1.12
20260927T195559Z-4fb3,8e15dabf21369ba5,278999,delta-omp,cpu,resident,s2,92,2,0,0,3,warm,24,1,12,154.695701,0,2.210232,0,152.485078,0,0,,3503,16300,0,0,16300,1152011,18473378,0,00480761c37b434d,,0,1.12
20260927T195559Z-4fb3,8e15dabf21369ba5,172699,delta-omp,cpu,resident,s2,93,2,0,0,3,warm,24,1,12,154.255366,0,2.220751,0,152.034147,0,0,,3504,16313,0,0,16313,1152211,18476302,0,355c1585721248e1,,0,1.12
20260927T195559Z-4fb3,8e15dabf21369ba5,720346,delta-omp,cpu,resident,s2,94,2,0,0,3,warm,24,1,12,154.569789,0,2.215289,0,152.354215,0,0,,3501,16325,0,0,16325,1152223,18475964,0,b6321497e33b2b9d,,0,1.12
20260927T195559Z-4fb3,8e15dabf21369ba5,417697,delta-omp,cpu,resident,s2,95,2,0,0,3,warm,24,1,12,154.046393,0,2.202698,0,151.843246,0,0,,3505,16319,0,0,16319,1152231,18476722,0,0a1339e166047fdc,,0,1.12
20260927T195559Z-4fb3,8e15dabf21369ba5,768200,delta-omp,cpu,resident,s2,96,2,0,0,3,warm,24,1,12,154.445392,0,2.21093,0,152.234038,0,0,,3502,16301,0,0,16301,1152306,18475290,0,7b26b07a5cc20a22,,0,1.12
20260927T195559Z-4fb3,8e15dabf21369ba5,896444,delta-omp,cpu,resident,s2,97,2,0,0,3,warm,24,1,12,154.847589,0,2.21766,0,152.629513,0,0,,3504,16316,0,0,16316,1152153,18472742,0,eb5a677675b88b2f,,0,1.12
20260927T195559Z-4fb3,8e15dabf21369ba5,87619,delta-omp,cpu,resident,s2,98,2,0,0,3,warm,24,1,12,155.857561,0,2.295269,0,153.561738,0,0,,3505,16305,0,0,16305,1152246,18474224,0,5200e13c6c0b71d2,,0,1.12
20260927T195559Z-4fb3,8e15dabf21369ba5,521404,delta-omp,cpu,resident,s2,99,2,0,0,3,warm,24,1,12,154.581264,0,2.217986,0,152.362877,0,0,,3503,16294,0,0,16294,1152015,18473352,0,103851ab84166de3,,0,1.12
20260927T195559Z-4fb3,8e15dabf21369ba5,530513,delta-omp,cpu,resident,s2,100,2,0,0,3,warm,24,1,12,154.723807,0,2.361906,0,152.361505,0,0,,3502,16306,0,0,16306,1152135,18473862,0,552da161d8a41475,,0,1.12
20260927T195559Z-4fb3,8e15dabf21369ba5,10624,delta-omp,cpu,resident,s2,101,2,0,0,3,warm,24,1,12,154.267752,0,2.196049,0,152.071257,0,0,,3502,16241,0,0,16241,1152207,18477288,0,bdf1e4235b2c5d71,,0,1.12
20260927T195559Z-4fb3,8e15dabf21369ba5,771433,delta-omp,cpu,resident,s2,102,2,0,0,3,warm,24,1,12,154.101088,0,2.192552,0,151.907912,0,0,,3503,16312,0,0,16312,1152189,18475930,0,ad3bbc64b326e2ec,,0,1.12
20260927T195559Z-4fb3,8e15dabf21369ba5,124155,delta-omp,cpu,resident,s2,103,2,0,0,3,warm,24,1,12,154.3813,0,2.259533,0,152.121177,0,0,,3502,16294,0,0,16294,1152039,18473710,0,50970e53e745be2f,,0,1.12
20260927T195559Z-4fb3,8e15dabf21369ba5,870629,delta-omp,cpu,resident,s2,104,2,0,0,3,warm,24,1,12,154.194618,0,2.227547,0,151.96674,0,0,,3501,16287,0,0,16287,1151330,18460820,0,e81bad72cb10adbb,,0,1.11
20260927T195559Z-4fb3,8e15dabf21369ba5,496824,delta-omp,cpu,resident,s2,105,2,0,0,3,warm,24,1,12,154.034677,0,2.197238,0,151.836978,0,0,,3501,16264,0,0,16264,1152283,18478558,0,6c8ac37e578005a3,,0,1.11
20260927T195559Z-4fb3,8e15dabf21369ba5,880012,delta-omp,cpu,resident,s2,106,2,0,0,3,warm,24,1,12,154.847126,0,2.198571,0,152.648096,0,0,,3503,16281,0,0,16281,1151988,18470312,0,8ccba16252198116,,0,1.11
20260927T195559Z-4fb3,8e15dabf21369ba5,663000,delta-omp,cpu,resident,s2,107,2,0,0,3,warm,24,1,12,154.120047,0,2.178346,0,151.941314,0,0,,3503,16295,0,0,16295,1151839,18468532,0,902cf10109055e10,,0,1.11
20260927T195559Z-4fb3,8e15dabf21369ba5,1043132,delta-omp,cpu,resident,s2,108,2,0,0,3,warm,24,1,12,153.873351,0,2.208227,0,151.664686,0,0,,3503,16312,0,0,16312,1152063,18472498,0,66a901d1343276af,,0,1.11
20260927T195559Z-4fb3,8e15dabf21369ba5,605213,delta-omp,cpu,resident,s2,109,2,0,0,3,warm,24,1,12,154.061863,0,2.189513,0,151.871953,0,0,,3503,16317,0,0,16317,1152218,18476592,0,82779a3371e6f2cd,,0,1.11
20260927T195559Z-4fb3,8e15dabf21369ba5,866643,delta-omp,cpu,resident,s2,110,2,0,0,3,warm,24,1,12,154.586444,0,2.176501,0,152.40956,0,0,,3501,16325,0,0,16325,1152344,18478860,0,00b32b95442d06d1,,0,1.11
20260927T195559Z-4fb3,8e15dabf21369ba5,584213,delta-omp,cpu,resident,s2,111,2,0,0,3,warm,24,1,12,156.570811,0,2.491281,0,154.079048,0,0,,3504,16293,0,0,16293,1151828,18468190,0,7416ed67c950f20f,,0,1.11
20260927T195559Z-4fb3,8e15dabf21369ba5,618833,delta-omp,cpu,resident,s2,112,2,0,0,3,warm,24,1,12,154.48805,0,2.190178,0,152.297219,0,0,,3505,16305,0,0,16305,1152314,18475430,0,59446c1b822407d2,,0,1.11
20260927T195559Z-4fb3,8e15dabf21369ba5,688407,delta-omp,cpu,resident,s2,113,2,0,0,3,warm,24,1,12,154.778371,0,2.198564,0,152.57929,0,0,,3503,16317,0,0,16317,1152234,18476720,0,80b32c641fa4052f,,0,1.11
20260927T195559Z-4fb3,8e15dabf21369ba5,66042,delta-omp,cpu,resident,s2,114,2,0,0,3,warm,24,1,12,154.487477,0,2.175347,0,152.311432,0,0,,3504,16313,0,0,16313,1152090,18471808,0,28e9bc0fd5874b1d,,0,1.11
20260927T195559Z-4fb3,8e15dabf21369ba5,793602,delta-omp,cpu,resident,s2,115,2,0,0,3,warm,24,1,12,154.964764,0,2.200138,0,152.764081,0,0,,3502,16282,0,0,16282,1151953,18469640,0,2c7cac84c0f043b2,,0,1.11
20260927T195559Z-4fb3,8e15dabf21369ba5,561707,delta-omp,cpu,resident,s2,116,2,0,0,3,warm,24,1,12,154.965084,0,2.270989,0,152.693469,0,0,,3503,16308,0,0,16308,1152135,18472566,0,78de0e16ea4fde1f,,0,1.11
20260927T195559Z-4fb3,8e15dabf21369ba5,692599,delta-omp,cpu,resident,s2,117,2,0,0,3,warm,24,1,12,153.843788,0,2.230945,0,151.612389,0,0,,3503,16297,0,0,16297,1152324,18475232,0,08fba6af4af64866,,0,1.11
20260927T195559Z-4fb3,8e15dabf21369ba5,814798,delta-omp,cpu,resident,s2,118,2,0,0,3,warm,24,1,12,154.066358,0,2.201072,0,151.864716,0,0,,3503,16301,0,0,16301,1152279,18474612,0,e5f8753d02ce6cf0,,0,1.11
20260927T195559Z-4fb3,8e15dabf21369ba5,432532,delta-omp,cpu,resident,s2,119,2,0,0,3,warm,24,1,12,154.434401,0,2.276041,0,152.157912,0,0,,3505,16305,0,0,16305,1152289,18474904,0,146303230195b596,,0,1.11
20260927T195559Z-4fb3,8e15dabf21369ba5,511103,delta-omp,cpu,resident,s2,120,2,0,0,3,warm,24,1,12,154.802674,0,2.214138,0,152.588149,0,0,,3504,16313,0,0,16313,1152059,18471124,0,5b6f9268a090014b,,0,1.11
20260927T195559Z-4fb3,8e15dabf21369ba5,827115,delta-omp,cpu,resident,s2,121,2,0,0,3,warm,24,1,12,154.599732,0,2.250875,0,152.348514,0,0,,3502,16237,0,0,16237,1152183,18477142,0,c2ef225c7d1b6cf1,,0,1.11
20260927T195559Z-4fb3,8e15dabf21369ba5,816247,delta-omp,cpu,resident,s2,122,2,0,0,3,warm,24,1,12,154.674202,0,2.1721,0,152.501581,0,0,,3501,16325,0,0,16325,1152119,18473824,0,53b5c4c422a03130,,0,1.11
20260927T195559Z-4fb3,8e15dabf21369ba5,653088,delta-omp,cpu,resident,s2,123,2,0,0,3,warm,24,1,12,154.304569,0,2.204293,0,152.099902,0,0,,3503,16313,0,0,16313,1152118,18472174,0,c3d6e7835680af1d,,0,1.11
20260927T195559Z-4fb3,8e15dabf21369ba5,5503,delta-omp,cpu,resident,s2,124,2,0,0,3,warm,24,1,12,156.388347,0,2.51452,0,153.873474,0,0,,3504,16318,0,0,16318,1152085,18471632,0,7f946bb6b5cc0269,,0,1.11
20260927T195559Z-4fb3,8e15dabf21369ba5,320284,delta-omp,cpu,resident,s2,125,2,0,0,3,warm,24,1,12,155.080824,0,2.237173,0,152.843304,0,0,,3501,16284,0,0,16284,1152014,18473486,0,0fae1bee80d60ba0,,0,1.11
20260927T195559Z-4fb3,8e15dabf21369ba5,909227,delta-omp,cpu,resident,s2,126,2,0,0,3,warm,24,1,12,153.731748,0,2.193132,0,151.538322,0,0,,3505,16320,0,0,16320,1152235,18476842,0,e28d5b4774195c35,,0,1.11
20260927T195559Z-4fb3,8e15dabf21369ba5,116150,delta-omp,cpu,resident,s2,127,2,0,0,3,warm,24,1,12,155.041907,0,2.204476,0,152.836863,0,0.000189,,3504,16317,0,0,16317,1152126,18473622,0,0d649a1cfc009d11,,0,1.11
