experiment,graph_id,source,label,topology,n,m,m_reached,sp_depth,bfs_frontier_wmean,Pi,best_cpu,q_cpu_ms,best_gpu,q_gpu_ms,U_ms,S1,Sinf,kappa,upload_over_cpu_query,iota,delta,c_cpu_ns,host_syncs,edges_touched,vertices_expanded,Sinf_model
A,1a23a6686d41f2ce,2156,"layered W=16384 natural u[1,100]",layered,1048576,8257536,8257536,91,19840.4202,90742.15384615384,delta-omp,21.880404,gpu-frontier,5.74251816,6.31302523,1.816512692108444,3.8102455038644574,2.556284071749227,0.2885241620767149,3.7553142971462674,1.010989010989011,2.649749755859375,92.0,31009643.0,3972339.0,6.756268737725256
A,1a23a6686d41f2ce,2423,"layered W=16384 natural u[1,100]",layered,1048576,8257536,8257536,89,19862.1525,92781.30337078651,delta-omp,21.984214,gpu-frontier,5.872814849999999,6.3172898,1.8036720745398955,3.74338618899249,2.55036568846343,0.28735572715949725,3.940823993985615,1.0112359550561798,2.662321302625868,90.0,32541496.0,4163637.0,6.853297343883393
A,1a23a6686d41f2ce,6166,"layered W=16384 natural u[1,100]",layered,1048576,8257536,8257536,85,19975.0725,97147.48235294118,delta-omp,21.954228,gpu-frontier,6.146012069999999,6.30642907,1.7628805010851873,3.5721094833450273,2.506682586061338,0.2872535108043881,4.279702686128163,1.011764705882353,2.658689953031994,86.0,35339799.0,4519305.0,6.977519296143654
A,1a23a6686d41f2ce,6361,"layered W=16384 natural u[1,100]",layered,1048576,8257536,8257536,87,19773.5967,94914.20689655172,delta-omp,21.51155,gpu-frontier,5.25964606,6.308442900000001,1.8592856414976482,4.089923495726631,2.5762147962058903,0.2932584076926117,3.423192705426897,1.0114942528735633,2.605080982995412,88.0,28267137.0,3620341.0,6.770756224689674
A,1a23a6686d41f2ce,9166,"layered W=16384 natural u[1,100]",layered,1048576,8257536,8257536,89,19803.5109,92781.30337078651,delta-omp,21.41932,gpu-frontier,5.39861289,6.29181677,1.8322226164695865,3.9675598966681975,2.546276806150539,0.29374493541344915,3.528666541689918,1.0112359550561798,2.5939117916046626,90.0,29138091.0,3731428.0,6.677198869324527
A,1a23a6686d41f2ce,12670,"layered W=16384 natural u[1,100]",layered,1048576,8257536,8257536,89,19869.7303,92781.30337078651,delta-omp,22.823636,gpu-frontier,5.2283762000000005,6.209843799999999,1.9928156557619738,4.365339280673797,2.8334464387010834,0.2720795144121646,3.3445313468812006,1.0112359550561798,2.763976566375248,90.0,27617588.0,3534360.0,7.114976408825051
A,1a23a6686d41f2ce,15146,"layered W=16384 natural u[1,100]",layered,1048576,8257536,8257536,89,19857.3085,92781.30337078651,delta-omp,21.55961,gpu-frontier,6.18543387,6.29577188,1.7286541230068702,3.4855453074304714,2.44198430677574,0.292016965056418,4.218221149747333,1.0112359550561798,2.610901121109251,90.0,34832113.0,4452972.0,6.720932481286884
A,1a23a6686d41f2ce,16358,"layered W=16384 natural u[1,100]",layered,1048576,8257536,8257536,91,19907.6881,90742.15384615384,delta-omp,21.995886,gpu-frontier,5.63003586,6.304354140000001,1.8430674713998787,3.906882042488447,2.5959598361014655,0.286615148851017,3.6676829504588295,1.010989010989011,2.663734799339658,92.0,30286024.0,3882317.0,6.791927468083708
A,311d2a6584a75fcc,37297,layered W=16 unit,layered,1048576,8388480,8388480,65535,16.0204563,128.0,dial,82.436245,gpu-frontier,944.328027,6.396489000000088,0.0867028634304383,0.08729619649422943,-134.74451093404338,0.07759316305588747,1.0,1.0000152590218967,9.827316152628367,65536.0,8388480.0,1048576.0,0.08178615965154339
A,311d2a6584a75fcc,76089,layered W=16 unit,layered,1048576,8388480,8388480,65535,16.0204887,128.0,dial,81.755268,gpu-frontier,945.021877,6.370056999999974,0.08592773140027041,0.08651150834680624,-135.51944809913059,0.07791616559803796,1.0,1.0000152590218967,9.746136129549097,65536.0,8388480.0,1048576.0,0.08111055277933531
A,311d2a6584a75fcc,94082,layered W=16 unit,layered,1048576,8388480,8388480,65535,16.0204887,128.0,dial,82.087697,gpu-frontier,944.654317,6.39205800000002,0.08629801726587819,0.08689707496461904,-134.9434908131305,0.07786864820924407,1.0,1.0000152590218967,9.785765359159228,65536.0,8388480.0,1048576.0,0.08144036027198376
A,311d2a6584a75fcc,99873,layered W=16 unit,layered,1048576,8388480,8388480,65535,16.0204601,128.0,dial,81.996439,gpu-frontier,944.226153,6.455831999999987,0.08624865528168002,0.08683983041507642,-133.55826390773515,0.07873307766450671,1.0,1.0000152590218967,9.774886391813535,65536.0,8388480.0,1048576.0,0.08134982192495592
A,311d2a6584a75fcc,239618,layered W=16 unit,layered,1048576,8388480,8388480,65535,16.0204887,128.0,dial,81.859183,gpu-frontier,944.9572149999999,6.4727459999999155,0.08604697228954372,0.08662739614089301,-133.34341128170504,0.07907171514281928,1.0,1.0000152590218967,9.758523951895933,65536.0,8388480.0,1048576.0,0.0812136483143174
A,311d2a6584a75fcc,374672,layered W=16 unit,layered,1048576,8388480,8388480,65535,16.0204563,128.0,dial,82.097953,gpu-frontier,945.327771,6.427596999999992,0.08624523204431214,0.08684601840603284,-134.30055089016955,0.07829180588704801,1.0,1.0000152590218967,9.7869879882887,65536.0,8388480.0,1048576.0,0.08145053539402365
A,311d2a6584a75fcc,754603,layered W=16 unit,layered,1048576,8388480,8388480,65535,16.0205002,128.0,dial,82.329203,gpu-frontier,944.9195980000001,6.496097999999961,0.08653336637826502,0.08712826273712232,-132.78592702881102,0.07890393400261582,1.0,1.0000152590218967,9.814555557145036,65536.0,8388480.0,1048576.0,0.08167996177582233
A,311d2a6584a75fcc,824914,layered W=16 unit,layered,1048576,8388480,8388480,65535,16.0204887,128.0,dial,82.005382,gpu-frontier,944.3077490000001,6.478291000000013,0.08614916547422685,0.08684179716500451,-133.1064577062065,0.07899836379031822,1.0,1.0000152590218967,9.775952496757458,65536.0,8388480.0,1048576.0,0.08135869440120425
A,44b9ebdcc523cea3,105597,"layered W=262144 u[1,100]",layered,1048576,6291456,6291456,29,324652.786,216946.75862068965,delta-omp,15.636992,gpu-frontier,3.6924389800000004,5.05772002,1.7870523267062917,4.234868087109187,2.3616477331222456,0.3234458404787826,2.8143752415974936,1.0344827586206897,2.4854329427083335,30.0,17706518.0,2947362.0,8.460356048925185
A,44b9ebdcc523cea3,380522,"layered W=262144 u[1,100]",layered,1048576,6291456,6291456,31,325332.25,202950.1935483871,delta-omp,15.663193,gpu-nearfar,3.9024359499999997,6.13754198,1.7499366531407528,4.01369636829017,1.9161998546525625,0.3918448799041166,1.0424184799194336,11.935483870967742,2.48959747950236,370.0,6558330.0,1082751.0,8.336052951959942
A,44b9ebdcc523cea3,416272,"layered W=262144 u[1,100]",layered,1048576,6291456,6291456,33,325952.649,190650.18181818182,delta-omp,15.434889,gpu-nearfar,3.79521292,6.2353138999999995,1.738590775028453,4.0669362497849,1.8667345809166083,0.4039752990773046,1.0425771077473958,10.848484848484848,2.4533095359802246,358.0,6559328.0,1082929.0,8.082475444811351
A,44b9ebdcc523cea3,556610,"layered W=262144 u[1,100]",layered,1048576,6291456,6291456,29,325364.874,216946.75862068965,delta-omp,15.276637,gpu-nearfar,3.84964393,6.16524096,1.6795165137874906,3.96832467567981,1.853454413888796,0.40357317909694396,1.0427540143330891,12.620689655172415,2.428156057993571,366.0,6560441.0,1083032.0,8.265386862779254
A,44b9ebdcc523cea3,667439,"layered W=262144 u[1,100]",layered,1048576,6291456,6291456,29,325679.932,216946.75862068965,delta-omp,15.671746,gpu-frontier,3.68100706,5.09237089,1.7861326751554172,4.257461543689622,2.3546476089450743,0.32493960085876833,2.824032465616862,1.0344827586206897,2.490956942240397,30.0,17767276.0,2956998.0,8.479159615117734
A,44b9ebdcc523cea3,707098,"layered W=262144 u[1,100]",layered,1048576,6291456,6291456,33,325736.097,190650.18181818182,delta-omp,15.148481,gpu-nearfar,3.87776892,6.2000728899999995,1.6650857940419783,3.9064939950057678,1.8178354158026684,0.4092867720532507,1.042510986328125,11.333333333333334,2.407786210378011,374.0,6558912.0,1082870.0,7.93249797317566
A,44b9ebdcc523cea3,948555,"layered W=262144 u[1,100]",layered,1048576,6291456,6291456,33,325967.254,190650.18181818182,delta-omp,15.009818,gpu-nearfar,3.7956089800000004,6.14847891,1.6885452359554025,3.9545216799439644,1.823899729372252,0.40963047719832446,1.042348066965739,10.969696969696969,2.3857463200887046,362.0,6557887.0,1082687.0,7.859887130778032
A,44b9ebdcc523cea3,1020315,"layered W=262144 u[1,100]",layered,1048576,6291456,6291456,31,324917.106,202950.1935483871,delta-omp,14.994093,gpu-nearfar,3.93109594,6.19716506,1.6563402508731249,3.814227184696998,1.7851706309078041,0.41330709766839513,1.042658011118571,12.064516129032258,2.383246898651123,374.0,6559837.0,1082827.0,7.979953590217008
A,47723c0c97ca9222,19481,layered W=1024 unit,layered,1048576,8380416,8380416,1025,1032.67359,8176.015609756098,dial,83.684189,gpu-frontier,15.2878949,6.3116021,3.8743582315828933,5.473885681932573,10.836597905942138,0.07542167971538805,1.0,1.0009756097560976,9.985684362208271,1026.0,8380416.0,1048549.0,4.753572067904823
A,47723c0c97ca9222,47034,layered W=1024 unit,layered,1048576,8380416,8380416,1025,1033.02149,8176.015609756098,dial,83.223407,gpu-frontier,15.2825209,6.3217357,3.852448780892451,5.445659622817856,10.747188639980632,0.07596102980979859,1.0,1.0009756097560976,9.930701172829606,1026.0,8380416.0,1048549.0,4.727397942651684
A,47723c0c97ca9222,320349,layered W=1024 unit,layered,1048576,8380416,8380416,1025,1032.8039,8176.015609756098,dial,83.47597,gpu-frontier,15.3317874,6.368849700000002,3.8491670632987995,5.444633937462504,10.699606021476686,0.07629560578930682,1.0,1.0009756097560976,9.960838459570503,1026.0,8380416.0,1048549.0,4.741744457047448
A,47723c0c97ca9222,401244,layered W=1024 unit,layered,1048576,8380416,8380416,1025,1032.94478,8176.015609756098,dial,83.934228,gpu-frontier,15.297351,6.3660888,3.882049365358758,5.4868472325698745,10.781639897954298,0.07584615897104575,1.0,1.0009756097560976,10.015520470582844,1026.0,8380416.0,1048549.0,4.767775209746669
A,47723c0c97ca9222,449357,layered W=1024 unit,layered,1048576,8380416,8380416,1025,1032.99284,8176.015609756098,dial,83.07537,gpu-frontier,15.256349700000001,6.3324684000000016,3.851807942269736,5.4452979666558115,10.709728973933764,0.0762255816615683,1.0,1.0009756097560976,9.91303653661107,1026.0,8380416.0,1048549.0,4.718988892428154
A,47723c0c97ca9222,630597,layered W=1024 unit,layered,1048576,8380416,8380416,1025,1033.29137,8176.015609756098,dial,83.037478,gpu-frontier,15.3570597,6.330189099999998,3.8193816415459416,5.407120869628447,10.691689810656683,0.07623291617792148,1.0,1.0009756097560976,9.908515042690006,1026.0,8380416.0,1048549.0,4.716836486400808
A,47723c0c97ca9222,898381,layered W=1024 unit,layered,1048576,8380416,8380416,1025,1033.26884,8176.015609756098,dial,83.140273,gpu-frontier,15.2876415,6.338111700000001,3.8492212575022875,5.4383976102527,10.705496323139903,0.07623395342952508,1.0,1.0009756097560976,9.920781140220248,1026.0,8380416.0,1048549.0,4.722675623357974
A,47723c0c97ca9222,929989,layered W=1024 unit,layered,1048576,8380416,8380416,1025,1032.97652,8176.015609756098,dial,83.244223,gpu-frontier,15.3329692,6.3605418,3.8462357662651505,5.429099994539871,10.676960538173022,0.07640820672925255,1.0,1.0009756097560976,9.933185059071054,1026.0,8380416.0,1048549.0,4.728580368595557
A,51fa10646711d0ce,237934,"layered W=16384 k=16 u[1,100]",layered,1048576,33030144,33030144,87,18634.6927,379656.8275862069,delta-omp,63.72318,gpu-frontier,8.24983705,21.46655079,2.141424484999166,7.7241743823291635,2.5841758879978873,0.33687193247417974,4.595643088931129,1.0114942528735633,1.92924317859468,88.0,151794753.0,4834409.0,7.323075791233776
A,51fa10646711d0ce,275086,"layered W=16384 k=16 u[1,100]",layered,1048576,33030144,33030144,89,18650.6703,371125.21348314604,delta-omp,64.793281,gpu-frontier,6.65508217,21.47002489,2.305418790549379,9.735909992528311,2.707877570141,0.3313619029417572,3.457997246394082,1.0112359550561798,1.9616408877902558,90.0,114218147.0,3642573.0,7.419871262083571
A,51fa10646711d0ce,366899,"layered W=16384 k=16 u[1,100]",layered,1048576,33030144,33030144,85,18618.6272,388589.9294117647,delta-omp,64.487861,gpu-frontier,6.43434298,21.48364502,2.306700674430968,10.02244692277812,2.7022191981833443,0.33314246568047906,3.4214763944111173,1.011764705882353,1.9523941827198814,86.0,113011858.0,3603918.0,7.437194821975348
A,51fa10646711d0ce,583782,"layered W=16384 k=16 u[1,100]",layered,1048576,33030144,33030144,85,18632.1241,388589.9294117647,delta-omp,64.619985,gpu-frontier,6.412362180000001,21.475513919999997,2.3151501569766753,10.07740723091845,2.7104181551525826,0.3323354829005299,3.4434092990935796,1.011764705882353,1.956394286382766,86.0,113736305.0,3625332.0,7.45243229323616
A,51fa10646711d0ce,645675,"layered W=16384 k=16 u[1,100]",layered,1048576,33030144,33030144,88,18633.2419,375342.54545454547,delta-omp,68.066135,gpu-frontier,7.78958218,21.75602782,2.3037647555762093,8.73809832506318,2.770567923460212,0.3196307212096,4.265697327871171,1.0113636363636365,2.060727770366366,89.0,140896597.0,4486585.0,7.808392946289513
A,51fa10646711d0ce,716111,"layered W=16384 k=16 u[1,100]",layered,1048576,33030144,33030144,90,18636.6664,367001.6,delta-omp,64.435663,gpu-frontier,8.2369649,21.5946331,2.1599802665616505,7.822743423369451,2.602438200258193,0.33513480104953675,4.545912091694181,1.011111111111111,1.9508138686891587,91.0,150152131.0,4777717.0,7.365968711135268
A,51fa10646711d0ce,785921,"layered W=16384 k=16 u[1,100]",layered,1048576,33030144,33030144,85,18641.4136,388589.9294117647,delta-omp,64.823909,gpu-frontier,6.92772003,21.47949797,2.284618410672507,9.357177934339822,2.6954163012032444,0.33135147665963804,3.7465537843250094,1.011764705882353,1.962568161979554,86.0,123749211.0,3944981.0,7.475950246744906
A,51fa10646711d0ce,985604,"layered W=16384 k=16 u[1,100]",layered,1048576,33030144,33030144,91,18639.2338,362968.6153846154,delta-omp,64.944153,gpu-frontier,6.733567890000001,21.54681287,2.298147282358067,9.644835258355135,2.7015867943535907,0.33177448430192014,3.5687079051184276,1.010989010989011,1.9662085941859655,92.0,117874936.0,3754537.0,7.411090784644649
A,5b204e688ade65eb,37297,"layered W=16 u[1,100]",layered,1048576,8388480,8388480,71237,16.0204563,117.75453767003103,dial,112.816092,gpu-frontier,2240.426093,6.2324469999998655,0.05021505938325634,0.05035474830099651,-341.37634880810793,0.055244308586756094,1387.392687232967,1.0000140376489746,13.448931391622796,71238.0,11638115809.0,1454819071.0,0.10298284144130905
A,5b204e688ade65eb,76089,"layered W=16 u[1,100]",layered,1048576,8388480,8388480,71235,16.0204887,117.75784375658033,dial,112.550537,gpu-frontier,2234.870352,6.193746999999803,0.0502227691581871,0.050361103452501305,-342.65523196218174,0.055030808071575905,1386.392699273289,1.0000140380430969,13.417274285687038,71236.0,11629727430.0,1453770511.0,0.10274331230908604
A,5b204e688ade65eb,94082,"layered W=16 u[1,100]",layered,1048576,8388480,8388480,71235,16.0204887,117.75784375658033,dial,112.750458,gpu-frontier,2230.2233610000003,6.220724000000246,0.050415087527591856,0.050555679745657535,-340.39010619984373,0.05517249428822937,1386.3927330100328,1.0000140380430969,13.44110708972305,71236.0,11629727713.0,1453770552.0,0.10292581295535255
A,5b204e688ade65eb,99873,"layered W=16 u[1,100]",layered,1048576,8388480,8388480,71235,16.0204601,117.75784375658033,dial,112.822064,gpu-frontier,2236.0745159999997,6.399874000000182,0.05031141693439808,0.05045541335617995,-331.76472724305813,0.056725375986741225,1386.3926396677348,1.0000140380430969,13.449643320363165,71236.0,11629726930.0,1453770455.0,0.10299117948151319
A,5b204e688ade65eb,239618,"layered W=16 u[1,100]",layered,1048576,8388480,8388480,71235,16.0204887,117.75784375658033,dial,112.33871,gpu-frontier,2238.052385,6.189256999999998,0.050056927598297184,0.05019485278938188,-343.45215831237914,0.0550946063026716,1386.3927147707332,1.0000140380430969,13.392022154192416,71236.0,11629727560.0,1453770531.0,0.10254994310626743
A,5b204e688ade65eb,374672,"layered W=16 u[1,100]",layered,1048576,8388480,8388480,71237,16.0204563,117.75453767003103,dial,112.920398,gpu-frontier,2235.77266,6.195480000000316,0.050366872442031925,0.05050620754974256,-342.64532562447005,0.054865906512305385,1387.3926529001678,1.0000140376489746,13.461365825513084,71238.0,11638115521.0,1454819032.0,0.10307805594545424
A,5b204e688ade65eb,754603,"layered W=16 u[1,100]",layered,1048576,8388480,8388480,71235,16.0205002,117.75784375658033,dial,112.921157,gpu-frontier,2240.461347,6.285714999999982,0.05026190515158462,0.05040085032094062,-338.4722644917891,0.05566463510465078,1386.3926896171893,1.0000140380430969,13.461456306744488,71236.0,11629727349.0,1453770502.0,0.10308163789528908
A,5b204e688ade65eb,824914,"layered W=16 u[1,100]",layered,1048576,8388480,8388480,71235,16.0204887,117.75784375658033,dial,112.014801,gpu-frontier,2228.3250350000003,6.236144999999851,0.05012919203847577,0.05026860948945897,-339.3619349774662,0.05567250884996752,1386.3925928177691,1.0000140380430969,13.353408603227283,71236.0,11629726537.0,1453770399.0,0.10225425830161186
A,666900a6963d30df,81011,"layered W=16384 u[1,100]",layered,1048576,8257536,8257536,89,19862.1525,92781.30337078651,delta-omp,33.271787,gpu-frontier,5.83928913,6.389493860000001,2.7189909889943578,5.69791737645983,4.293375730703026,0.19203939541930826,3.940823993985615,1.0112359550561798,4.029263329884363,90.0,32541496.0,4163637.0,10.372053759727503
A,666900a6963d30df,150024,"layered W=16384 u[1,100]",layered,1048576,8257536,8257536,89,19803.5109,92781.30337078651,delta-omp,29.58521,gpu-frontier,5.42628919,6.3651351,2.5180955179154183,5.45219927727442,3.7955079398079072,0.21514584821267113,3.528666541689918,1.0112359550561798,3.5828133234902033,90.0,29138091.0,3731428.0,9.222810563581323
A,666900a6963d30df,233801,"layered W=16384 u[1,100]",layered,1048576,8257536,8257536,91,19840.4202,90742.15384615384,delta-omp,32.009595,gpu-frontier,5.72394779,6.44361621,2.630731590974167,5.592223439899684,4.079331597869948,0.20130264722187208,3.7553142971462674,1.010989010989011,3.876409984770275,92.0,31009643.0,3972339.0,9.883977736688347
A,666900a6963d30df,294179,"layered W=16384 u[1,100]",layered,1048576,8257536,8257536,89,19857.3085,92781.30337078651,delta-omp,30.015136,gpu-frontier,6.1032367800000005,6.33598917,2.4145820627975123,4.917904561454684,3.773980443845992,0.21109313547671418,4.218221149747333,1.0112359550561798,3.6348780071924605,90.0,34832113.0,4452972.0,9.356834491562847
A,666900a6963d30df,583353,"layered W=16384 u[1,100]",layered,1048576,8257536,8257536,91,19907.6881,90742.15384615384,delta-omp,30.079848,gpu-frontier,5.652118789999999,6.3389451,2.5202186568842366,5.321871163291669,3.8535953261371514,0.21073727167770265,3.6676829504588295,1.010989010989011,3.6427147274925593,92.0,30286024.0,3882317.0,9.288107142716724
A,666900a6963d30df,758436,"layered W=16384 u[1,100]",layered,1048576,8257536,8257536,89,19869.7303,92781.30337078651,delta-omp,29.968917,gpu-frontier,5.16386681,6.3686609800000005,2.599904484541851,5.8035805536200495,3.8948611439511733,0.21250887978367722,3.3445313468812006,1.0112359550561798,3.6292808169410344,90.0,27617588.0,3534360.0,9.342426309858604
A,666900a6963d30df,814960,"layered W=16384 u[1,100]",layered,1048576,8257536,8257536,87,19773.5967,94914.20689655172,delta-omp,29.922526,gpu-frontier,5.25917598,6.326655799999999,2.586048959661215,5.689584473649806,3.898323348015867,0.2114345493425254,3.423192705426897,1.0114942528735633,3.623662797231523,88.0,28267137.0,3620341.0,9.41810930281354
A,666900a6963d30df,943753,"layered W=16384 u[1,100]",layered,1048576,8257536,8257536,85,19975.0725,97147.48235294118,delta-omp,30.336511,gpu-frontier,6.171243929999999,6.304729040000001,2.4381190633331267,4.915785430636835,3.8328795601975623,0.20782643857759386,4.279702686128163,1.011764705882353,3.6737970019143726,86.0,35339799.0,4519305.0,9.641586617401178
A,8e15dabf21369ba5,31242,"layered W=256 u[1,100]",layered,1048576,8386560,8386560,4588,256.442974,1827.9337401918046,dial,98.175912,gpu-frontier,176.388194,6.350614999999976,0.5372202043766402,0.5565900402608578,-12.315702022560066,0.06468608104195636,112.57665574442917,1.0002179598953793,11.706338713369963,4589.0,944130878.0,118088063.0,1.3578177127145623
A,8e15dabf21369ba5,76089,"layered W=256 u[1,100]",layered,1048576,8386560,8386560,4590,256.434799,1827.137254901961,dial,98.537137,gpu-frontier,177.327086,6.359770999999995,0.5363751200653218,0.5556801232271983,-12.38880283582539,0.06454186912290738,113.55531469398657,1.0002178649237472,11.749410604586386,4591.0,952338460.0,119114185.0,1.3622351547340006
A,8e15dabf21369ba5,278740,"layered W=256 u[1,100]",layered,1048576,8386560,8386560,4590,256.440376,1827.137254901961,dial,98.813172,gpu-frontier,177.371539,6.333825999999988,0.5379584347163154,0.5570971112789408,-12.402987862312632,0.06409900493832936,113.5450196504884,1.0002178649237472,11.782324576465202,4591.0,952252120.0,119103401.0,1.3660512244147849
A,8e15dabf21369ba5,465080,"layered W=256 u[1,100]",layered,1048576,8386560,8386560,4586,256.443027,1828.7309201918883,dial,99.22098,gpu-frontier,175.291144,6.370499000000024,0.5462805409828503,0.5660353269187404,-11.941005563300413,0.0642051610455775,111.55501969818376,1.0002180549498474,11.830950950091575,4587.0,935562866.0,117016924.0,1.372854454742904
A,8e15dabf21369ba5,490397,"layered W=256 u[1,100]",layered,1048576,8386560,8386560,4588,256.434938,1827.9337401918046,dial,98.827934,gpu-frontier,176.345289,6.351436000000007,0.5409070507413603,0.5604228758274342,-12.204697488882818,0.06426761891025676,112.55135585985195,1.0002179598953793,11.78408477373321,4589.0,943918699.0,118061546.0,1.3668354748381226
A,8e15dabf21369ba5,503399,"layered W=256 u[1,100]",layered,1048576,8386560,8386560,4588,256.437322,1827.9337401918046,dial,98.432534,gpu-frontier,176.263959,6.338465999999983,0.5390272693682276,0.5584382341032066,-12.279221029189115,0.06439401427987196,112.54815156631562,1.0002179598953793,11.736937910180098,4589.0,943891826.0,118058225.0,1.3613669122073284
A,8e15dabf21369ba5,869618,"layered W=256 u[1,100]",layered,1048576,8386560,8386560,4586,256.445411,1828.7309201918883,dial,98.791044,gpu-frontier,175.388595,6.377193000000005,0.5435404354378061,0.5632694873916972,-12.011170275072425,0.06455233938007585,111.55332472432082,1.0002180549498474,11.779686069139194,4587.0,935548651.0,117015128.0,1.3669057173604033
A,8e15dabf21369ba5,971814,"layered W=256 u[1,100]",layered,1048576,8386560,8386560,4588,256.44429,1827.9337401918046,dial,98.614354,gpu-frontier,176.37879600000002,6.378636,0.5397060154489212,0.5591054947443909,-12.191390447738359,0.06468263230726026,112.5523703401633,1.0002179598953793,11.7586178361569,4589.0,943927207.0,118062591.0,1.3638815658682566
A,95130de1cdc5ec08,165938,"layered W=1024 k=16 u[1,100]",layered,1048576,33521664,33521664,1131,1029.51702,29638.960212201593,dial,223.819222,gpu-frontier,51.3443923,21.77163259999999,3.060463256639852,4.359175597838364,7.921997990173693,0.0972732922822866,25.393845395025735,1.0008841732979663,6.67685297484039,1132.0,851243953.0,26637219.0,9.010960765250708
A,95130de1cdc5ec08,218465,"layered W=1024 k=16 u[1,100]",layered,1048576,33521664,33521664,1131,1029.6318,29638.960212201593,dial,223.332885,gpu-frontier,51.5546436,21.812724600000003,3.041074440627162,4.331964482826916,7.875139146991293,0.09766911218650134,25.48993713438569,1.0008841732979663,6.662344834671692,1132.0,854465108.0,26737853.0,8.991380840047995
A,95130de1cdc5ec08,224557,"layered W=1024 k=16 u[1,100]",layered,1048576,33521664,33521664,1127,1029.62943,29744.15616681455,dial,223.708277,gpu-frontier,49.0775418,21.844098199999998,3.1514097169595017,4.558261656862366,7.994412660166489,0.09764546262184119,23.78216922644413,1.0008873114463177,6.673543324102288,1128.0,797217886.0,24947904.0,9.028815589739892
A,95130de1cdc5ec08,309438,"layered W=1024 k=16 u[1,100]",layered,1048576,33521664,33521664,1131,1029.61595,29638.960212201593,dial,223.063142,gpu-frontier,51.449035599999995,21.771330400000004,3.0464630837819087,4.335613668917829,7.882573239529724,0.09760164859508705,25.529945738970476,1.0008841732979663,6.654298008595277,1132.0,855806263.0,26779889.0,8.980520988208722
A,95130de1cdc5ec08,386591,"layered W=1024 k=16 u[1,100]",layered,1048576,33521664,33521664,1127,1029.81565,29744.15616681455,dial,224.693925,gpu-frontier,49.424536599999996,21.8231124,3.1537030085020774,4.546201956701806,8.031365333571761,0.0971237313158333,23.95129746542415,1.0008873114463177,6.702946637732542,1128.0,802887346.0,25124929.0,9.068596120651566
A,95130de1cdc5ec08,393638,"layered W=1024 k=16 u[1,100]",layered,1048576,33521664,33521664,1125,1029.57439,29797.034666666666,dial,223.990586,gpu-frontier,47.5576102,21.879018199999997,3.223634522921257,4.709878924908637,8.06402619108384,0.09767829349756689,22.911249781633753,1.000888888888889,6.681965012238056,1126.0,768023217.0,24035026.0,9.051425931046003
A,95130de1cdc5ec08,931556,"layered W=1024 k=16 u[1,100]",layered,1048576,33521664,33521664,1133,1029.61224,29586.64077669903,dial,224.979794,gpu-frontier,52.3214134,21.8754146,3.031034463990071,4.299956354007822,7.8928049482545575,0.09723279682618964,26.182449504893313,1.000882612533098,6.711474525846927,1134.0,877679275.0,27463247.0,9.046502789812449
A,95130de1cdc5ec08,956945,"layered W=1024 k=16 u[1,100]",layered,1048576,33521664,33521664,1135,1029.6421,29534.50572687225,dial,224.778571,gpu-frontier,51.71782,21.853524299999997,3.0534006878848254,4.346249919273473,7.919123186917728,0.09722245409238764,25.658896974804115,1.0008810572687226,6.70547175104434,1136.0,860128923.0,26914835.0,9.027266511290442
A,9974b2f0d03b7227,2,"layered W=64 natural u[1,100]",layered,1048576,8388096,8388096,18257,64.0500774,459.44547296927203,dial,31.258355,gpu-frontier,665.313483,6.331056999999987,0.046533727588137966,0.04698289723372403,-100.14996358428004,0.20253967299302816,460.6648381229781,1.0000547735115297,3.7265137404245254,18258.0,3864100886.0,483082166.0,0.11078716532482004
A,9974b2f0d03b7227,7,"layered W=64 natural u[1,100]",layered,1048576,8388096,8388096,18255,64.0503368,459.49580936729666,dial,31.239219,gpu-frontier,664.146699,6.281142999999929,0.046599789126207346,0.04703662465993827,-100.76310633271797,0.20106594214150902,459.68846684634985,1.0000547795124624,3.7242324122184582,18256.0,3855910990.0,482058401.0,0.11073139258619506
A,9974b2f0d03b7227,11,"layered W=64 natural u[1,100]",layered,1048576,8388096,8388096,18259,64.0507812,459.3951475984446,dial,31.076189,gpu-frontier,665.5209080000001,6.34569799999997,0.04625492634072808,0.04669453450138639,-99.98028885080933,0.20419807589662844,461.8082194099829,1.000054767511912,3.7047965354712202,18260.0,3873691678.0,484281101.0,0.11012954061433132
A,9974b2f0d03b7227,16,"layered W=64 natural u[1,100]",layered,1048576,8388096,8388096,18255,64.0494976,459.49580936729666,dial,31.451291,gpu-frontier,666.624631,6.269913999999972,0.046642374634321374,0.04717991135854085,-101.30495250812099,0.19935315214882504,459.68790545554083,1.0000547795124624,3.7495149077931393,18256.0,3855906281.0,482057822.0,0.11148310881471345
A,9974b2f0d03b7227,19,"layered W=64 natural u[1,100]",layered,1048576,8388096,8388096,18255,64.0481949,459.49580936729666,dial,31.367324,gpu-frontier,664.351857,6.294422999999938,0.04677328721728998,0.04721492635189548,-100.56275738062189,0.2006681539043604,459.6886302922618,1.0000547795124624,3.739504650399805,18256.0,3855912361.0,482058602.0,0.11118547708322601
A,9974b2f0d03b7227,24,"layered W=64 natural u[1,100]",layered,1048576,8388096,8388096,18255,64.0502529,459.49580936729666,dial,31.367029,gpu-frontier,663.602167,6.274385999999936,0.046825088681675356,0.047267821836392526,-100.76446332756807,0.20003124937334474,459.68901631550233,1.0000547795124624,3.739469481512849,18256.0,3855915599.0,482058992.0,0.1111844314181339
A,9974b2f0d03b7227,31,"layered W=64 natural u[1,100]",layered,1048576,8388096,8388096,18253,64.0488014,459.5461567961431,dial,31.412514,gpu-frontier,661.9817089999999,6.300595000000044,0.047001190354646324,0.04745223859349867,-100.0808963280445,0.20057595517506316,458.689329258988,1.00005478551471,3.7448920470151985,18254.0,3847530128.0,481010771.0,0.11135777814997894
A,9974b2f0d03b7227,54,"layered W=64 natural u[1,100]",layered,1048576,8388096,8388096,18257,64.0523701,459.44547296927203,dial,31.092366,gpu-frontier,664.033923,6.299852999999985,0.046386832892330414,0.046823460252647366,-100.46925809221287,0.20261735629897012,460.68737446495606,1.0000547735115297,3.706725101858634,18258.0,3864289923.0,483105840.0,0.1101988601889579
A,a02119d6d84fde7d,12612,"layered W=4096 u[1,100]",layered,1048576,8355840,8355840,303,4285.08117,27577.029702970296,delta-omp,35.86155,gpu-frontier,12.980741199999999,6.376366299999999,1.8534483917042701,2.762673521293222,3.588377411755659,0.17780509487180557,8.294835827397366,1.0033003300330032,4.2917947208180145,304.0,69310321.0,8737389.0,5.504433064393477
A,a02119d6d84fde7d,83249,"layered W=4096 u[1,100]",layered,1048576,8355840,8355840,309,4283.30277,27041.55339805825,delta-omp,36.184121,gpu-frontier,14.6209978,6.3376491999999995,1.7278348759992292,2.4748051736934125,3.4023850988786193,0.17515001124388235,9.51359982958027,1.0032362459546926,4.330398978439032,310.0,79494118.0,10013135.0,5.476516973589373
A,a02119d6d84fde7d,284703,"layered W=4096 u[1,100]",layered,1048576,8355840,8355840,309,4281.94468,27041.55339805825,delta-omp,35.554419,gpu-frontier,14.7923517,6.433681300000002,1.6750383361789742,2.403567716686996,3.2270898000496233,0.18095307084050513,9.738661941827512,1.0032362459546926,4.255038272633272,310.0,81374701.0,10249655.0,5.381210701224676
A,a02119d6d84fde7d,457329,"layered W=4096 u[1,100]",layered,1048576,8355840,8355840,308,4281.83515,27129.35064935065,delta-omp,36.595795,gpu-frontier,13.325774200000001,6.344135300000001,1.8613705065625428,2.746241565461915,3.667957838162751,0.1733569471574535,8.483057478362438,1.0032467532467533,4.3796667959175855,309.0,70883071.0,8936540.0,5.551723896022225
A,a02119d6d84fde7d,583477,"layered W=4096 u[1,100]",layered,1048576,8355840,8355840,311,4286.52148,26867.65273311897,delta-omp,36.070452,gpu-frontier,13.6142332,6.498041000000001,1.7959158189572249,2.6494662953180503,3.4558444306522533,0.18014858810197332,8.614073270909927,1.0032154340836013,4.3167954388786764,312.0,71977818.0,9072585.0,5.434060814023
A,a02119d6d84fde7d,587775,"layered W=4096 u[1,100]",layered,1048576,8355840,8355840,307,4284.17284,27217.71986970684,delta-omp,36.402173,gpu-frontier,12.3342381,6.475644899999999,1.935657738712439,2.9513110339583926,3.7166854068851123,0.1778917126733066,7.60427796606924,1.003257328990228,4.356494739008885,308.0,63540130.0,8014253.0,5.535241835598175
A,a02119d6d84fde7d,590008,"layered W=4096 u[1,100]",layered,1048576,8355840,8355840,305,4287.31839,27396.196721311477,delta-omp,36.218552,gpu-frontier,13.6957454,6.3579106,1.8064212113251676,2.644511192505083,3.542485576944099,0.1755429261777224,8.81874210133272,1.0032786885245901,4.334519569546568,306.0,73687998.0,9284770.0,5.533153522252813
A,a02119d6d84fde7d,764305,"layered W=4096 u[1,100]",layered,1048576,8355840,8355840,309,4286.38705,27041.55339805825,delta-omp,36.254817,gpu-frontier,13.4709372,6.346757200000001,1.8304359488832467,2.691335907942619,3.58984581921615,0.1750596948262075,8.53282231349571,1.0032362459546926,4.3388596478630514,310.0,71298898.0,8987767.0,5.487216911387085
A,a6f8917b1d08fec3,140,"layered W=1024 natural u[1,100]",layered,1048576,8380416,8380416,1163,1033.26884,7205.860705073087,dial,36.017283,gpu-frontier,47.2654193,6.397447899999996,0.6712822323648198,0.7620218657406473,-1.758222415535421,0.17762161293510106,30.63685776457875,1.000859845227859,4.297791780264846,1164.0,256749613.0,32170229.0,1.8261537637652674
A,a6f8917b1d08fec3,143,"layered W=1024 natural u[1,100]",layered,1048576,8380416,8380416,1165,1032.97652,7193.490128755365,dial,35.528968,gpu-frontier,48.3642462,6.392160100000005,0.6487794457049416,0.7346122557783192,-2.0079719530178832,0.17991403803228975,31.630676925823252,1.0008583690987125,4.239523193120723,1166.0,265078231.0,33211763.0,1.7985952062520487
A,a6f8917b1d08fec3,172,"layered W=1024 natural u[1,100]",layered,1048576,8380416,8380416,1165,1032.99284,7193.490128755365,dial,35.615474,gpu-frontier,48.2660128,6.381761300000001,0.6517003801312328,0.7378996509941671,-1.9822958279558338,0.17918507275798157,31.610466711915016,1.0008583690987125,4.24984559239064,1166.0,264908861.0,33190531.0,1.8029744293387433
A,a6f8917b1d08fec3,290,"layered W=1024 natural u[1,100]",layered,1048576,8380416,8380416,1167,1032.67359,7181.161953727506,dial,35.600072,gpu-frontier,49.4129658,6.409867900000002,0.6378322062150351,0.7204601347770142,-2.154942038665103,0.18005210495079904,32.57039447683743,1.0008568980291346,4.248007736131476,1168.0,272953455.0,34196846.0,1.799397896855963
A,a6f8917b1d08fec3,331,"layered W=1024 natural u[1,100]",layered,1048576,8380416,8380416,1169,1032.8039,7168.875962360992,dial,35.372399,gpu-frontier,51.1599308,6.389028499999995,0.6148193571358488,0.6914082651573876,-2.471037936362314,0.18062185999880853,34.54133362830676,1.0008554319931566,4.22084046901729,1170.0,289470745.0,36262206.0,1.7851198813730462
A,a6f8917b1d08fec3,380,"layered W=1024 natural u[1,100]",layered,1048576,8380416,8380416,1167,1032.94478,7181.161953727506,dial,35.556408,gpu-frontier,48.830441900000004,6.373935099999997,0.6437975231135976,0.7281606845339648,-2.0825492716422564,0.17926262686602082,31.92732031440921,1.0008568980291346,4.242797493585044,1168.0,267564226.0,33522627.0,1.7971909094721081
A,a6f8917b1d08fec3,832,"layered W=1024 natural u[1,100]",layered,1048576,8380416,8380416,1169,1033.02149,7168.875962360992,dial,35.338674,gpu-frontier,50.222985800000004,6.374208199999998,0.6243891525788363,0.7036354656556479,-2.335084034437408,0.1803748550384205,33.35812911912726,1.0008554319931566,4.216816205782624,1170.0,279554999.0,35022445.0,1.7834178998930987
A,a6f8917b1d08fec3,900,"layered W=1024 natural u[1,100]",layered,1048576,8380416,8380416,1165,1033.29137,7193.490128755365,dial,35.606744,gpu-frontier,48.3169151,6.3922448,0.6508775283973343,0.7369415850806252,-1.9883736461407115,0.1795234296064813,31.644298445327774,1.0008583690987125,4.248803877993646,1166.0,265192385.0,33225990.0,1.8025324875364772
A,b42e62b6e457faba,99873,"layered W=64 u[1,100]",layered,1048576,8388096,8388096,18259,64.0507812,459.3951475984446,dial,100.834824,gpu-frontier,691.212187,6.292332999999871,0.14456002708727175,0.14588114315177722,-93.8248759244007,0.06240237995555852,461.8082194099829,1.000054767511912,12.021181445705915,18260.0,3873691678.0,484281101.0,0.35734410178310316
A,b42e62b6e457faba,239618,"layered W=64 u[1,100]",layered,1048576,8388096,8388096,18257,64.0500774,459.44547296927203,dial,100.596031,gpu-frontier,690.045514,6.203445000000102,0.14446308386945816,0.14578173317419754,-95.01970002151874,0.06166689618201837,460.6648381229781,1.0000547735115297,11.992713364272417,18258.0,3864100886.0,483082166.0,0.35653664811912594
A,b42e62b6e457faba,312158,"layered W=64 u[1,100]",layered,1048576,8388096,8388096,18257,64.0523701,459.44547296927203,dial,102.716507,gpu-frontier,689.966553,6.219114999999988,0.14753232364744756,0.14887171929332638,-94.42662597491784,0.06054640273154916,460.68737446495606,1.0000547735115297,12.245509231177135,18258.0,3864289923.0,483105840.0,0.3640521275862736
A,b42e62b6e457faba,643906,"layered W=64 u[1,100]",layered,1048576,8388096,8388096,18255,64.0481949,459.49580936729666,dial,101.237829,gpu-frontier,689.22591,6.234593000000018,0.14556948750258503,0.1468862785498009,-94.31057985661586,0.06158362996899131,459.6886302922618,1.0000547795124624,12.069226317867606,18256.0,3855912361.0,482058602.0,0.35885038571460715
A,b42e62b6e457faba,653088,"layered W=64 u[1,100]",layered,1048576,8388096,8388096,18253,64.0488014,459.5461567961431,dial,101.490501,gpu-frontier,689.2255019999999,6.235343999999941,0.14592276929837933,0.14725296830354373,-94.258632883768,0.06143771031340107,458.689329258988,1.00005478551471,12.09934900601996,18254.0,3847530128.0,481010771.0,0.3597851701614272
A,b42e62b6e457faba,712421,"layered W=64 u[1,100]",layered,1048576,8388096,8388096,18255,64.0502529,459.49580936729666,dial,102.279595,gpu-frontier,689.142452,6.23719600000004,0.1470593863926544,0.14841575163911103,-94.0908153279128,0.060981821447377065,459.68901631550233,1.0000547795124624,12.193422082913692,18256.0,3855915599.0,482058992.0,0.3625430580547495
A,b42e62b6e457faba,824914,"layered W=64 u[1,100]",layered,1048576,8388096,8388096,18255,64.0503368,459.49580936729666,dial,101.000763,gpu-frontier,689.0813290000001,6.213118000000009,0.1452579988510093,0.14657306583327842,-94.65144006600217,0.06151555508546018,459.68846684634985,1.0000547795124624,12.040964123443509,18256.0,3855910990.0,482058401.0,0.35801007506808175
A,b42e62b6e457faba,890267,"layered W=64 u[1,100]",layered,1048576,8388096,8388096,18255,64.0494976,459.49580936729666,dial,100.76819,gpu-frontier,693.3216259999999,6.251096000000075,0.14404248026125868,0.14534118974676266,-94.79192704767176,0.06203441780585793,459.68790545554083,1.0000547795124624,12.013237569050235,18256.0,3855906281.0,482057822.0,0.35718569043260323
A,b4e6041f29fe5a5a,12612,layered W=4096 unit,layered,1048576,8355840,8355840,257,4285.08117,32512.996108949417,delta-omp,63.396301,gpu-frontier,4.24806805,6.325586080000001,6.00259006990585,14.923560605390962,9.350632842862206,0.09977847256419584,1.0,1.0038910505836576,7.587064974915748,258.0,8355840.0,1048496.0,10.913744853219919
A,b4e6041f29fe5a5a,83249,layered W=4096 unit,layered,1048576,8355840,8355840,257,4283.30277,32512.996108949417,delta-omp,62.822256,gpu-frontier,4.27279311,6.247529889999999,5.964376236659318,14.702854639268972,9.371617890730894,0.09944771626794172,1.0,1.0038910505836576,7.518365119485294,258.0,8355840.0,1048496.0,10.814922357814918
A,b4e6041f29fe5a5a,284703,layered W=4096 unit,layered,1048576,8355840,8355840,257,4281.94468,32512.996108949417,delta-omp,62.752149,gpu-frontier,4.30134305,6.299160950000001,5.9197325900730755,14.588966346220632,9.27914152598371,0.10038159728999879,1.0,1.0038910505836576,7.5099749396829045,258.0,8355840.0,1048496.0,10.802853358545944
A,b4e6041f29fe5a5a,457329,layered W=4096 unit,layered,1048576,8355840,8355840,257,4281.83515,32512.996108949417,delta-omp,62.970293,gpu-frontier,4.2264440599999995,6.315770940000001,5.957336605170248,14.899119000761129,9.301136709685673,0.10029762669200223,1.0,1.0038910505836576,7.536081710516238,258.0,8355840.0,1048496.0,10.84040709464264
A,b4e6041f29fe5a5a,583477,layered W=4096 unit,layered,1048576,8355840,8355840,257,4286.52148,32512.996108949417,dial,80.283497,gpu-frontier,4.29575908,6.4731879999999995,7.457976347502778,18.689012932261555,11.738843043026096,0.08062912356695175,1.0,1.0038910505836576,9.608070164100797,258.0,8355840.0,1048496.0,13.820894726685186
A,b4e6041f29fe5a5a,587775,layered W=4096 unit,layered,1048576,8355840,8355840,257,4284.17284,32512.996108949417,dial,83.60318,gpu-frontier,4.270362,6.546158930000001,7.6061485911965265,19.577539328047596,12.118987462469075,0.07830035807250395,1.0,1.0038910505836576,10.005359126072303,258.0,8355840.0,1048496.0,14.392381906285328
A,b4e6041f29fe5a5a,590008,layered W=4096 unit,layered,1048576,8355840,8355840,257,4287.31839,32512.996108949417,delta-omp,62.678527,gpu-frontier,4.26024199,6.42227901,5.8673909463880305,14.712433506623412,9.096192320364482,0.10246378333045382,1.0,1.0038910505836576,7.501164096009497,258.0,8355840.0,1048496.0,10.790179248055116
A,b4e6041f29fe5a5a,764305,layered W=4096 unit,layered,1048576,8355840,8355840,257,4286.38705,32512.996108949417,delta-omp,62.689638,gpu-frontier,4.29513108,6.32312108,5.9316678140868895,14.595512181667807,9.235076504339215,0.10086389524214512,1.0,1.0038910505836576,7.502493824678309,258.0,8355840.0,1048496.0,10.79209201926024
A,ba99c9c3a4c23240,187452,"layered W=65536 u[1,100]",layered,1048576,7864320,7864320,35,135879.605,224694.85714285713,delta-omp,18.69797,gpu-frontier,4.39270507,6.267263000000001,1.7487332465792655,4.256595811018108,2.2825378366920295,0.3351841403104187,3.2748002370198566,1.0285714285714285,2.377569834391276,36.0,25754077.0,3431955.0,8.160977894106207
A,ba99c9c3a4c23240,204001,"layered W=65536 u[1,100]",layered,1048576,7864320,7864320,34,135210.94,231303.5294117647,delta-omp,20.036862,gpu-frontier,4.123042,6.038468959999999,1.956270506712406,4.85972784172463,2.6354064424966426,0.3013679966453829,3.0650264739990236,1.0294117647058822,2.5478187561035157,35.0,24104349.0,3211867.0,8.804348507014923
A,ba99c9c3a4c23240,239468,"layered W=65536 u[1,100]",layered,1048576,7864320,7864320,35,135754.916,224694.85714285713,delta-omp,19.558389,gpu-frontier,4.28343305,6.02746205,1.8965912848524926,4.566054557570357,2.5342268144185165,0.3081778386757723,3.2119730631510417,1.0285714285714285,2.486977767944336,36.0,25259984.0,3367052.0,8.536519219644163
A,ba99c9c3a4c23240,253613,"layered W=65536 u[1,100]",layered,1048576,7864320,7864320,35,134902.416,224694.85714285713,delta-omp,19.189407,gpu-frontier,4.33810807,6.0646739300000005,1.844641846767528,4.423450658756871,2.448820678806057,0.3160428005930564,3.1903270721435546,1.0285714285714285,2.440059280395508,36.0,25089753.0,3341985.0,8.375472114245925
A,ba99c9c3a4c23240,369505,"layered W=65536 u[1,100]",layered,1048576,7864320,7864320,35,134366.622,224694.85714285713,delta-omp,19.039779,gpu-nearfar,4.329718,7.39408094,1.845570932153059,4.397463991881226,1.9894373782713823,0.3883490948082959,1.045282236735026,12.857142857142858,2.4210330963134767,450.0,8220434.0,1091221.0,8.310164981956198
A,ba99c9c3a4c23240,463449,"layered W=65536 u[1,100]",layered,1048576,7864320,7864320,36,137593.678,218453.33333333334,delta-omp,19.077998,gpu-nearfar,4.31054111,7.39710103,1.8239884430366857,4.425893991763832,1.9963843714055642,0.38772941636748254,1.0456802368164062,12.444444444444445,2.4258928934733075,448.0,8223564.0,1091463.0,8.271423648995015
A,ba99c9c3a4c23240,654701,"layered W=65536 u[1,100]",layered,1048576,7864320,7864320,37,135467.957,212549.1891891892,delta-omp,19.342909,gpu-frontier,4.44625613,6.026809859999999,1.848475074950412,4.350381182381412,2.4717310179087018,0.31157722243329583,3.302273686726888,1.027027027027027,2.4595780690511067,38.0,25970137.0,3466026.0,8.330828968386298
A,ba99c9c3a4c23240,715399,"layered W=65536 u[1,100]",layered,1048576,7864320,7864320,37,137568.478,212549.1891891892,delta-omp,18.870174,gpu-nearfar,4.4026019000000005,7.47691904,1.6817629418798068,4.286141338375382,1.9349643914293337,0.39622946985014557,1.0448838551839192,12.162162162162161,2.399466705322266,450.0,8217301.0,1090787.0,8.127225961601223
A,befd322d6731a304,99873,layered W=64 unit,layered,1048576,8388096,8388096,16383,64.0507812,512.0,dial,82.033344,gpu-frontier,236.270993,6.362884000000008,0.33809517868768174,0.34720023375869924,-24.240210728342653,0.07756460592414724,1.0,1.0000610388817677,9.779733565281084,16384.0,8388096.0,1048576.0,0.3237579887794067
A,befd322d6731a304,239618,layered W=64 unit,layered,1048576,8388096,8388096,16383,64.0500774,512.0,dial,82.389433,gpu-frontier,236.126579,6.352226999999999,0.3396271246926877,0.3489206227817327,-24.202086291941395,0.07710002082427245,1.0,1.0000610388817677,9.822185273034547,16384.0,8388096.0,1048576.0,0.32516335217001124
A,befd322d6731a304,312158,layered W=64 unit,layered,1048576,8388096,8388096,16383,64.0523701,512.0,dial,82.423979,gpu-frontier,235.990411,6.347653999999977,0.34012508298711225,0.34926833955130493,-24.192628016587,0.07701222480414319,1.0,1.0000610388817677,9.826303728521944,16384.0,8388096.0,1048576.0,0.3252996936006419
A,befd322d6731a304,643906,layered W=64 unit,layered,1048576,8388096,8388096,16383,64.0481949,512.0,dial,82.507312,gpu-frontier,235.997014,6.351423000000011,0.34046168446840813,0.34961167771385443,-24.166191103946275,0.0769801226829449,1.0,1.0000610388817677,9.836238402612464,16384.0,8388096.0,1048576.0,0.3256285808940692
A,befd322d6731a304,653088,layered W=64 unit,layered,1048576,8388096,8388096,16383,64.0488014,512.0,dial,82.551517,gpu-frontier,235.808351,6.34535200000002,0.34090788796429,0.3500788528053445,-24.15261344051512,0.07686535911871879,1.0,1.0000610388817677,9.841508370910395,16384.0,8388096.0,1048576.0,0.3258030431455897
A,befd322d6731a304,712421,layered W=64 unit,layered,1048576,8388096,8388096,16383,64.0502529,512.0,dial,82.04561,gpu-frontier,236.089487,6.341949,0.3384102564986722,0.34751911676609304,-24.28967451488494,0.07729784689272223,1.0,1.0000610388817677,9.781195875679057,16384.0,8388096.0,1048576.0,0.32380639855154
A,befd322d6731a304,824914,layered W=64 unit,layered,1048576,8388096,8388096,16383,64.0503368,512.0,dial,82.339554,gpu-frontier,235.903151,6.359545999999995,0.3398559643492877,0.349039653141386,-24.146943350987655,0.07723561388248465,1.0,1.0000610388817677,9.816238869941403,16384.0,8388096.0,1048576.0,0.3249664965508825
A,befd322d6731a304,890267,layered W=64 unit,layered,1048576,8388096,8388096,16383,64.0494976,512.0,dial,82.258868,gpu-frontier,236.476521,6.345996000000014,0.3387759904446559,0.3478521573818316,-24.30156794930215,0.07714664879657733,1.0,1.0000610388817677,9.806619762100958,16384.0,8388096.0,1048576.0,0.32464805607523084
A,c43e27a0659a0e37,99873,"layered W=64 k=16 u[1,100]",layered,1048576,33552384,33552384,17755,64.0119648,1889.7428330047874,dial,217.224165,gpu-frontier,660.5120400000001,21.321207999999956,0.3185535843988005,0.328872377557266,-20.79093618898146,0.09815302086671598,323.3118700298614,1.000056322162771,6.474179748300449,17756.0,10847884015.0,339025032.0,0.7756534004017118
A,c43e27a0659a0e37,221519,"layered W=64 k=16 u[1,100]",layered,1048576,33552384,33552384,17755,64.0119648,1889.7428330047874,dial,217.3261,gpu-frontier,659.5647339999999,21.306207000000086,0.319207710042828,0.32949927247019856,-20.756328613534926,0.09803795770503444,323.3117790080133,1.000056322162771,6.477217833463041,17756.0,10847880961.0,339024922.0,0.7760173849030216
A,c43e27a0659a0e37,312158,"layered W=64 k=16 u[1,100]",layered,1048576,33552384,33552384,17755,64.0116215,1889.7428330047874,dial,215.362453,gpu-frontier,658.553359,21.34283000000005,0.316797388868452,0.3270235434331753,-20.765329902360605,0.09910190798207545,322.3041956124489,1.000056322162771,6.418693020442303,17756.0,10814074136.0,337968422.0,0.7690056904502491
A,c43e27a0659a0e37,409707,"layered W=64 k=16 u[1,100]",layered,1048576,33552384,33552384,17751,64.0119648,1890.168666553997,dial,217.344624,gpu-frontier,657.884128,21.331899999999905,0.31989810295011545,0.33036915582800014,-20.651676784534054,0.09814781524110716,321.3067175494892,1.0000563348543745,6.477769925379967,17752.0,10780606369.0,336922516.0,0.7762537381155711
A,c43e27a0659a0e37,414266,"layered W=64 k=16 u[1,100]",layered,1048576,33552384,33552384,17757,64.0119648,1889.529988173678,dial,216.59026,gpu-frontier,659.3342369999999,21.382024,0.3181114543876382,0.32849842742202395,-20.70636423380686,0.09872107822392383,323.3090178629334,1.0000563158191136,6.455286753990417,17758.0,10847788318.0,339022022.0,0.7733051024626876
A,c43e27a0659a0e37,531108,"layered W=64 k=16 u[1,100]",layered,1048576,33552384,33552384,17755,64.0117321,1889.7428330047874,dial,215.980277,gpu-frontier,657.675628,21.37658399999998,0.3179909404087965,0.3283993929603242,-20.662578782465914,0.09897470406522342,322.3040405713049,1.000056322162771,6.437106734353065,17756.0,10814068934.0,337968260.0,0.7712117861047073
A,c43e27a0659a0e37,561707,"layered W=64 k=16 u[1,100]",layered,1048576,33552384,33552384,17755,64.0116215,1889.7428330047874,dial,214.63669,gpu-frontier,658.587929,21.403521999999953,0.3156330197164168,0.3259043789732137,-20.741971297994837,0.09971977298009932,322.3039550334188,1.000056322162771,6.397062277303455,17756.0,10814066064.0,337968164.0,0.7664141715055878
A,c43e27a0659a0e37,890267,"layered W=64 k=16 u[1,100]",layered,1048576,33552384,33552384,17755,64.0118465,1889.7428330047874,dial,216.229452,gpu-frontier,658.893911,21.30729800000006,0.3179254639702957,0.32817036003843114,-20.775250761499592,0.0985402210610979,322.30416995108305,1.000056322162771,6.444533181308368,17756.0,10814073275.0,337968409.0,0.7721015279805483
A,c4d6aeea90280b03,105597,layered W=262144 unit,layered,1048576,6291456,6291456,11,324652.786,571950.5454545454,delta-omp,10.372907,gpu-frontier,1.5571450599999999,5.19318303,1.5407900834793975,6.6614904843868565,1.6975642662839094,0.5006487602752054,1.0,1.0909090909090908,1.6487291653951008,12.0,6291456.0,1043806.0,6.598815609989724
A,c4d6aeea90280b03,380522,layered W=262144 unit,layered,1048576,6291456,6291456,11,325332.25,571950.5454545454,delta-omp,10.19365,gpu-frontier,1.63538703,5.07200294,1.5152159271696284,6.23317282881961,1.6873537084345616,0.49756494876712465,1.0,1.0909090909090908,1.6202370325724285,12.0,6291456.0,1043806.0,6.48477969992132
A,c4d6aeea90280b03,416272,layered W=262144 unit,layered,1048576,6291456,6291456,11,325952.649,571950.5454545454,delta-omp,9.91698,gpu-frontier,1.55793602,5.07103199,1.4955434464767947,6.3654603736551385,1.6483910960301398,0.5113484135291188,1.0,1.0909090909090908,1.5762615203857422,12.0,6291456.0,1043806.0,6.308773656985057
A,c4d6aeea90280b03,556610,layered W=262144 unit,layered,1048576,6291456,6291456,11,325364.874,571950.5454545454,delta-omp,11.188245,gpu-frontier,1.64353503,5.13150698,1.6411336717229532,6.807427159006158,1.8600208490800882,0.4586516455440509,1.0,1.0909090909090908,1.7783236503601074,12.0,6291456.0,1043806.0,7.117500017535054
A,c4d6aeea90280b03,667439,layered W=262144 unit,layered,1048576,6291456,6291456,11,325679.932,571950.5454545454,delta-omp,11.867274,gpu-frontier,1.56759696,5.26188904,1.7349470829234974,7.570360432441768,1.957410534829522,0.4433949228778235,1.0,1.0909090909090908,1.8862524032592773,12.0,6291456.0,1043806.0,7.549470261251277
A,c4d6aeea90280b03,707098,layered W=262144 unit,layered,1048576,6291456,6291456,11,325736.097,571950.5454545454,delta-omp,9.938027,gpu-frontier,1.6449799500000002,5.137575,1.465882770112652,6.041427435027399,1.6141948390047833,0.5169612640416453,1.0,1.0909090909090908,1.5796068509419758,12.0,6291456.0,1043806.0,6.322162890316027
A,c4d6aeea90280b03,948555,layered W=262144 unit,layered,1048576,6291456,6291456,11,325967.254,571950.5454545454,delta-omp,9.9413,gpu-frontier,1.62966797,5.05943201,1.4792590803693617,6.100199662143448,1.6427994315512109,0.5089306237614799,1.0,1.0909090909090908,1.5801270802815754,12.0,6291456.0,1043806.0,6.3242450379233945
A,c4d6aeea90280b03,1020315,layered W=262144 unit,layered,1048576,6291456,6291456,11,324917.106,571950.5454545454,delta-omp,9.76487,gpu-frontier,1.5594659499999999,5.10331905,1.4608464015874594,6.2616756717259525,1.6078563714334106,0.5226202755387424,1.0,1.0909090909090908,1.5520842870076497,12.0,6291456.0,1043806.0,6.21200754865732
A,c8f3e5be4bc53f18,19481,"layered W=1024 u[1,100]",layered,1048576,8380416,8380416,1167,1032.67359,7181.161953727506,dial,98.765927,gpu-frontier,49.6290992,6.428381399999999,1.7617265646590212,1.9900809926447347,7.643732495399233,0.06508703553200082,32.57039447683743,1.0008568980291346,11.78532509603342,1168.0,272953455.0,34196846.0,4.992102300378201
A,c8f3e5be4bc53f18,47034,"layered W=1024 u[1,100]",layered,1048576,8380416,8380416,1169,1033.02149,7168.875962360992,dial,98.641241,gpu-frontier,50.2429613,6.438717599999997,1.7403091151653944,1.9632847755731309,7.516757638198019,0.06527409362175399,33.35812911912726,1.0008554319931566,11.77044683700666,1170.0,279554999.0,35022445.0,4.978074583870041
A,c8f3e5be4bc53f18,320349,"layered W=1024 u[1,100]",layered,1048576,8380416,8380416,1169,1032.8039,7168.875962360992,dial,98.679056,gpu-frontier,51.538223800000004,6.448205199999997,1.7019850806851786,1.9146770828373016,7.310690453833575,0.06534522584002016,34.54133362830676,1.0008554319931566,11.774959142839688,1170.0,289470745.0,36262206.0,4.9799829731855105
A,c8f3e5be4bc53f18,401244,"layered W=1024 u[1,100]",layered,1048576,8380416,8380416,1167,1032.94478,7181.161953727506,dial,98.271834,gpu-frontier,49.049370599999996,6.437693799999998,1.770549275861203,2.003528950481579,7.6459777257501775,0.06550904300819295,31.92732031440921,1.0008568980291346,11.726367044309018,1168.0,267564226.0,33522627.0,4.967128477149662
A,c8f3e5be4bc53f18,449357,"layered W=1024 u[1,100]",layered,1048576,8380416,8380416,1165,1032.99284,7193.490128755365,dial,98.135926,gpu-frontier,48.6093575,6.410688400000005,1.7839661467918242,2.0188690212578924,7.725624053104805,0.06532458255909264,31.610466711915016,1.0008583690987125,11.710149710945137,1166.0,264908861.0,33190531.0,4.967968843471777
A,c8f3e5be4bc53f18,630597,"layered W=1024 u[1,100]",layered,1048576,8380416,8380416,1165,1033.29137,7193.490128755365,dial,98.778543,gpu-frontier,48.6166216,6.399477099999999,1.7957429683436459,2.031785421305375,7.838440643845731,0.064786105419676,31.644298445327774,1.0008583690987125,11.786830510561767,1166.0,265192385.0,33225990.0,5.000500265596283
A,c8f3e5be4bc53f18,898381,"layered W=1024 u[1,100]",layered,1048576,8380416,8380416,1163,1033.26884,7205.860705073087,dial,98.609766,gpu-frontier,47.4847799,6.429820399999997,1.83001015555049,2.076660483794303,7.951230815093998,0.06520470193591167,30.63685776457875,1.000859845227859,11.766691056864003,1164.0,256749613.0,32170229.0,4.999727362136458
A,c8f3e5be4bc53f18,929989,"layered W=1024 u[1,100]",layered,1048576,8380416,8380416,1165,1032.97652,7193.490128755365,dial,98.723203,gpu-frontier,48.569353299999996,6.4420456,1.7945551668933053,2.0326233785781125,7.78539191029632,0.06525361216248221,31.630676925823252,1.0008583690987125,11.780227019756538,1166.0,265078231.0,33211763.0,4.997698769681345
A,cea9a485519d0412,81011,layered W=16384 unit,layered,1048576,8257536,8257536,65,19862.1525,127039.01538461538,delta-omp,12.56735,gpu-frontier,2.4141290300000002,6.294413970000001,1.4431059248372544,5.205749089558812,1.613052623864839,0.5008545134813626,1.0,1.0153846153846153,1.5219249422588046,66.0,8257536.0,1048285.0,4.426077294143343
A,cea9a485519d0412,150024,layered W=16384 unit,layered,1048576,8257536,8257536,65,19803.5109,127039.01538461538,delta-omp,12.287526,gpu-frontier,2.4888070200000003,6.292618000000001,1.409709704243243,4.937114810934597,1.5571768348245514,0.5121143182118191,1.0,1.0153846153846153,1.488037835984003,66.0,8257536.0,1048285.0,4.32752647374315
A,cea9a485519d0412,233801,layered W=16384 unit,layered,1048576,8257536,8257536,65,19840.4202,127039.01538461538,delta-omp,12.110204,gpu-frontier,2.5088310099999998,6.38448597,1.3606843891231126,4.827030577878579,1.5038599873373988,0.5271988787306969,1.0,1.0153846153846153,1.4665638757130457,66.0,8257536.0,1048285.0,4.265075688338742
A,cea9a485519d0412,294179,layered W=16384 unit,layered,1048576,8257536,8257536,65,19857.3085,127039.01538461538,delta-omp,12.143895,gpu-frontier,2.39513702,6.28331599,1.3939241415882884,5.070229760800909,1.5515307515196288,0.517405329179806,1.0,1.0153846153846153,1.4706439063662575,66.0,8257536.0,1048285.0,4.276941274171634
A,cea9a485519d0412,583353,layered W=16384 unit,layered,1048576,8257536,8257536,65,19907.6881,127039.01538461538,delta-omp,12.155797,gpu-frontier,2.4818629999999997,6.31450997,1.3898944206858528,4.897851734765377,1.5320165849702507,0.5194649079776504,1.0,1.0153846153846153,1.4720852564251612,66.0,8257536.0,1048285.0,4.281133022786488
A,cea9a485519d0412,758436,layered W=16384 unit,layered,1048576,8257536,8257536,65,19869.7303,127039.01538461538,delta-omp,12.332077,gpu-frontier,2.45528709,6.33996406,1.4099809610311687,5.0226619323771216,1.5578621292689157,0.5141035090844794,1.0,1.0153846153846153,1.4934330289326017,66.0,8257536.0,1048285.0,4.343216827678656
A,cea9a485519d0412,814960,layered W=16384 unit,layered,1048576,8257536,8257536,65,19773.5967,127039.01538461538,delta-omp,12.181339,gpu-frontier,2.40031802,6.3518659799999995,1.3918056338852107,5.074885452053557,1.5398657671300553,0.521442345541816,1.0,1.0153846153846153,1.475178430950831,66.0,8257536.0,1048285.0,4.2901286237880525
A,cea9a485519d0412,943753,layered W=16384 unit,layered,1048576,8257536,8257536,65,19975.0725,127039.01538461538,delta-omp,12.041095,gpu-frontier,2.48781595,6.264328979999999,1.3776432269707946,4.840026449705816,1.5250283119709338,0.5202457899385395,1.0,1.0153846153846153,1.4581946721152654,66.0,8257536.0,1048285.0,4.2407362869756104
A,ed8f912c60804058,187452,layered W=65536 unit,layered,1048576,7864320,7864320,17,135879.605,462607.0588235294,delta-omp,12.463374,gpu-frontier,1.75559204,6.1672639600000005,1.57309106716063,7.099242714725455,1.7362289062782388,0.4948310112494418,1.0,1.0588235294117647,1.5847999572753906,18.0,7864320.0,1047382.0,6.185875752009672
A,ed8f912c60804058,204001,layered W=65536 unit,layered,1048576,7864320,7864320,17,135210.94,462607.0588235294,delta-omp,12.074275,gpu-frontier,1.6877600499999998,6.039501990000001,1.5587167382794245,7.154023464413677,1.7197634783791171,0.5001958287350586,1.0,1.0588235294117647,1.5353234608968098,18.0,7864320.0,1047382.0,5.9927564514710525
A,ed8f912c60804058,239468,layered W=65536 unit,layered,1048576,7864320,7864320,17,135754.916,462607.0588235294,delta-omp,11.842047,gpu-frontier,1.70113202,6.05565398,1.5239060689749424,6.9612745282403194,1.6746192919034655,0.5113688520236408,1.0,1.0588235294117647,1.505794143676758,18.0,7864320.0,1047382.0,5.877496044928033
A,ed8f912c60804058,253613,layered W=65536 unit,layered,1048576,7864320,7864320,17,134902.416,462607.0588235294,delta-omp,11.468266,gpu-frontier,1.75547803,6.03448602,1.4797709117954154,6.5328450735438715,1.609546850851765,0.52618992444019,1.0,1.0588235294117647,1.4582654317220052,18.0,7864320.0,1047382.0,5.691979440478714
A,ed8f912c60804058,369505,layered W=65536 unit,layered,1048576,7864320,7864320,17,134366.622,462607.0588235294,delta-omp,11.555843,gpu-frontier,1.7589150500000001,6.06476096,1.4861950844034206,6.56986987518243,1.6153856705343252,0.5248220281289734,1.0,1.0588235294117647,1.4694014231363932,18.0,7864320.0,1047382.0,5.735446036340616
A,ed8f912c60804058,463449,layered W=65536 unit,layered,1048576,7864320,7864320,17,137593.678,462607.0588235294,delta-omp,11.727023,gpu-frontier,1.7684360099999998,6.08479399,1.493273850377488,6.631296203926543,1.6366350292822323,0.5188694513518051,1.0,1.0588235294117647,1.4911680857340495,18.0,7864320.0,1047382.0,5.820406835176391
A,ed8f912c60804058,654701,layered W=65536 unit,layered,1048576,7864320,7864320,17,135467.957,462607.0588235294,delta-omp,11.848036,gpu-frontier,1.71008899,6.08808001,1.5233617642759123,6.928315467372257,1.6652125125405508,0.5138471903697793,1.0,1.0588235294117647,1.506555684407552,18.0,7864320.0,1047382.0,5.880468531341325
A,ed8f912c60804058,715399,layered W=65536 unit,layered,1048576,7864320,7864320,17,137568.478,462607.0588235294,delta-omp,12.47133,gpu-frontier,1.691732,6.334763979999999,1.553338212478988,7.371930069301757,1.7016573993969073,0.5079461436751332,1.0,1.0588235294117647,1.5858116149902344,18.0,7864320.0,1047382.0,6.189824508380378
A,f33a7777d501c90e,31242,layered W=256 unit,layered,1048576,8386560,8386560,4096,256.442974,2047.5,dial,83.225391,gpu-frontier,59.4676353,6.286061799999992,1.2650280330263106,1.3995073215901022,3.779434001110208,0.07553057696058156,1.0,1.000244140625,9.923662502861722,4097.0,8386560.0,1048572.0,1.2853119216088496
A,f33a7777d501c90e,76089,layered W=256 unit,layered,1048576,8386560,8386560,4096,256.434799,2047.5,dial,83.603455,gpu-frontier,59.3756772,6.324883999999997,1.2730229476352992,1.4080421300862231,3.8305489555223478,0.07565338059294317,1.0,1.000244140625,9.968742249503968,4097.0,8386560.0,1048572.0,1.2911506465519518
A,f33a7777d501c90e,278740,layered W=256 unit,layered,1048576,8386560,8386560,4096,256.440376,2047.5,dial,82.815898,gpu-frontier,59.3668748,6.355674900000004,1.2601949947816182,1.3949849689578069,3.689462341756969,0.07674462335722065,1.0,1.000244140625,9.874835212530526,4097.0,8386560.0,1048572.0,1.278987815126546
A,f33a7777d501c90e,465080,layered W=256 unit,layered,1048576,8386560,8386560,4096,256.443027,2047.5,dial,83.200305,gpu-frontier,59.3903734,6.292630800000005,1.2658866865465934,1.4009055716763688,3.783780163933975,0.07563230447292237,1.0,1.000244140625,9.92067128834707,4097.0,8386560.0,1048572.0,1.2849244997598435
A,f33a7777d501c90e,490397,layered W=256 unit,layered,1048576,8386560,8386560,4096,256.434938,2047.5,dial,82.857824,gpu-frontier,59.4045793,6.3411067000000045,1.2604260592310235,1.3948053327935948,3.6986043303765848,0.07652996897432408,1.0,1.000244140625,9.879834401709402,4097.0,8386560.0,1048572.0,1.279635309682929
A,f33a7777d501c90e,503399,layered W=256 unit,layered,1048576,8386560,8386560,4096,256.437322,2047.5,dial,82.559147,gpu-frontier,59.5569065,6.359340800000005,1.2529501696447711,1.3862228891958988,3.617079383448042,0.07702769506569643,1.0,1.000244140625,9.844220633966728,4097.0,8386560.0,1048572.0,1.2750226175201447
A,f33a7777d501c90e,869618,layered W=256 unit,layered,1048576,8386560,8386560,4096,256.445411,2047.5,dial,72.961375,gpu-frontier,59.4827156,6.347138799999996,1.1090820295265331,1.226597916118006,2.1235803760900915,0.08699313575162194,1.0,1.000244140625,8.699797652434372,4097.0,8386560.0,1048572.0,1.1267970504875595
A,f33a7777d501c90e,971814,layered W=256 unit,layered,1048576,8386560,8386560,4096,256.44429,2047.5,dial,83.076941,gpu-frontier,59.4226029,6.310740100000004,1.263847800955445,1.3980697065695182,3.7482668791890177,0.07596259592658815,1.0,1.000244140625,9.90596156230922,4097.0,8386560.0,1048572.0,1.2830192972970837
C,008058d065bdeaa0,22045,uniform n=1048576 logD2,uniform,1048576,8388572,8388572,23,467334.398,364720.52173913043,delta-omp,24.116698,gpu-nearfar,3.34136703,7.85333601,2.1814352353825863,7.217614163146872,2.6454147566773982,0.3256389415333724,1.4179081970089784,8.782608695652174,2.8749467728237894,202.0,11894225.0,1483300.0,10.844637619497066
C,008058d065bdeaa0,78040,uniform n=1048576 logD2,uniform,1048576,8388572,8388572,24,466912.587,349523.8333333333,delta-omp,24.352808,gpu-nearfar,3.319342,7.985310920000001,2.187386870796839,7.336637200987425,2.6340196656988777,0.32790103383560537,1.4371927665400024,8.25,2.9030933989718393,198.0,12055995.0,1502575.0,10.875731783826698
C,008058d065bdeaa0,140379,uniform n=1048576 logD2,uniform,1048576,8388572,8388572,24,463513.001,349523.8333333333,delta-omp,25.066752,gpu-nearfar,3.37751995,7.787575990000001,2.2503503891357286,7.421644393247774,2.78510695469952,0.310673516457178,1.4216563915765401,8.5,2.9882025212396104,204.0,11925667.0,1487716.0,11.194572364866568
C,008058d065bdeaa0,143033,uniform n=1048576 logD2,uniform,1048576,8388572,8388572,24,467388.315,349523.8333333333,delta-omp,24.672054,gpu-nearfar,3.3676991099999998,7.8724948900000005,2.215393774336885,7.326086207268084,2.7061757660918593,0.3190855082434564,1.4208488643835924,8.583333333333334,2.9411506511477756,206.0,11918893.0,1486994.0,11.018304002564658
C,008058d065bdeaa0,367943,uniform n=1048576 logD2,uniform,1048576,8388572,8388572,24,467332.546,349523.8333333333,delta-omp,24.840604,gpu-nearfar,3.40205695,7.9062201100000005,2.2707367200554107,7.301642613595871,2.7116051351623702,0.3182780946067173,1.4230964459743565,8.833333333333334,2.9612434631305544,212.0,11937747.0,1488933.0,11.093576824990885
C,008058d065bdeaa0,473133,uniform n=1048576 logD2,uniform,1048576,8388572,8388572,24,425426.162,349523.8333333333,delta-omp,23.933939,gpu-nearfar,3.3873241199999997,7.9407860999999995,2.1384257611717037,7.065736301609071,2.587478698110254,0.3317793239132096,1.4262364321364829,8.583333333333334,2.8531601087765592,206.0,11964087.0,1492304.0,10.688668883459739
C,008058d065bdeaa0,493619,uniform n=1048576 logD2,uniform,1048576,8388572,8388572,24,460651.706,349523.8333333333,delta-omp,24.981287,gpu-nearfar,3.36484106,7.86294511,2.2333367067079073,7.424210105186959,2.7491538650713028,0.31475340361767595,1.4330249534724147,8.5,2.97801425558486,204.0,12021033.0,1498823.0,11.156404511003277
C,008058d065bdeaa0,955628,uniform n=1048576 logD2,uniform,1048576,8388572,8388572,24,456452.354,349523.8333333333,delta-omp,25.422503,gpu-nearfar,3.41299012,7.841197879999999,2.269663893372368,7.448747903202251,2.806906956925311,0.3084353212584929,1.4537789030123363,8.583333333333334,3.0306115272062994,206.0,12195129.0,1518209.0,11.353447368431993
C,05e14227a93f4857,22045,grid 1024x1024 logD6,grid,1048576,4190208,4190208,1614,1363.92241,2596.163568773234,dial,127.280442,gpu-frontier,202.487374,3.8886439999999993,0.6166517994249315,0.6285845852294968,-19.34014324787767,0.03055177951063369,163.67727664115958,1.000619578686493,30.37568588480572,1615.0,685841834.0,171704655.0,4.950194371743049
C,05e14227a93f4857,78040,grid 1024x1024 logD6,grid,1048576,4190208,4190208,2631,769.954693,1592.629418472064,dial,142.386308,gpu-frontier,320.836906,4.056703999999968,0.43824481659343595,0.44379653754671233,-43.98906057725715,0.028490829328898445,268.6015696595491,1.000380083618396,33.98072553916178,2632.0,1125496446.0,281692417.0,3.4455284249795866
C,05e14227a93f4857,140379,grid 1024x1024 logD6,grid,1048576,4190208,4190208,2182,949.169451,1920.3519706691109,dial,136.492495,gpu-frontier,245.66307,3.964127999999988,0.546618472850873,0.5556085210528388,-27.53961905367343,0.02904282759282837,196.55482281547836,1.0004582951420715,32.574157416529204,2183.0,823605591.0,206163102.0,3.964116029369232
C,05e14227a93f4857,143033,grid 1024x1024 logD6,grid,1048576,4190208,4190208,2479,828.452028,1690.2815651472367,dial,138.704093,gpu-frontier,284.66128000000003,4.026039000000026,0.4802558817854457,0.48726013246339644,-36.253296850825116,0.02902610090965395,228.30203488705095,1.0004033884630898,33.101958900369624,2480.0,956633013.0,239437711.0,3.5572916904218763
C,05e14227a93f4857,367943,grid 1024x1024 logD6,grid,1048576,4190208,4190208,2742,738.144909,1528.1575492341356,dial,141.954257,gpu-frontier,327.783254,4.008143000000018,0.42826286702690136,0.4330735486566376,-46.36286604544777,0.028235454749342373,269.029028391908,1.00036469730124,33.8776158605969,2743.0,1127287587.0,282145976.0,3.299036774940378
C,05e14227a93f4857,473133,grid 1024x1024 logD6,grid,1048576,4190208,4190208,2345,861.593718,1786.8690831556503,dial,140.233174,gpu-frontier,274.530257,3.71425499999998,0.5039419891700815,0.5108113602210338,-36.15720595381866,0.02648627920238032,242.44826557536047,1.0004264392324094,33.46687658464687,2346.0,1015908662.0,254265016.0,3.796822509822467
C,05e14227a93f4857,493619,grid 1024x1024 logD6,grid,1048576,4190208,4190208,2599,762.322094,1612.2385532897267,dial,141.518582,gpu-frontier,316.436046,4.07835799999998,0.4415188783471145,0.44722648948786325,-42.889188246838756,0.028818533526572362,260.3317715970186,1.0003847633705272,33.77364130849829,2600.0,1090844272.0,273020334.0,3.465730172870763
C,05e14227a93f4857,955628,grid 1024x1024 logD6,grid,1048576,4190208,4190208,2579,761.153444,1624.7413726250484,dial,141.259976,gpu-frontier,300.556304,4.014321000000052,0.4643264678832763,0.4699950529069588,-39.68201048197141,0.028417964618654985,246.09385285885568,1.000387747188833,33.71192456317204,2580.0,1031184431.0,258097023.0,3.485605864205534
C,161188ec91b21487,22045,"grid 1024x1024 u[1,100000]",grid,1048576,4190208,4190208,1104,1363.92241,3795.478260869565,delta,80.604785,gpu-frontier,43.2285484,3.7565136999999993,1.7158420658159221,1.8646192847872727,9.949713906274324,0.04660410296981747,26.427204568365102,1.0009057971014492,19.23646391778165,1105.0,110735484.0,27724017.0,4.507388923832113
C,161188ec91b21487,78040,"grid 1024x1024 u[1,100000]",grid,1048576,4190208,4190208,1848,769.954693,2267.4285714285716,delta,79.23313,gpu-frontier,76.0970052,3.738090200000002,0.9926147767754807,1.041212197401955,0.838964453024703,0.04717837349098795,47.63150731419538,1.0005411255411256,18.909116206164466,1849.0,199585923.0,49956023.0,2.7037849347993657
C,161188ec91b21487,140379,"grid 1024x1024 u[1,100000]",grid,1048576,4190208,4190208,1579,949.169451,2653.7099430019,delta,80.197754,gpu-frontier,63.641465100000005,3.8332646999999938,1.188860122049545,1.2601493990432977,4.319109217790262,0.04779765652788722,39.457304744776394,1.0006333122229258,19.13932530318304,1580.0,165334314.0,41382496.0,3.185623637229535
C,161188ec91b21487,143033,"grid 1024x1024 u[1,100000]",grid,1048576,4190208,4190208,1683,828.452028,2489.725490196078,delta,79.339623,gpu-frontier,70.3514302,3.758140399999988,1.0708490254829401,1.1277613372528141,2.3916596623159787,0.047367762259218044,44.2187122930413,1.0005941770647653,18.93453093497984,1684.0,185285602.0,46373269.0,2.963587182915512
C,161188ec91b21487,367943,"grid 1024x1024 u[1,100000]",grid,1048576,4190208,4190208,1891,738.144909,2215.8688524590166,delta,79.668211,gpu-frontier,78.0362356,3.7946454000000074,0.9735714686977401,1.0209130461951703,0.43007322897680994,0.04763060890120913,48.92052160656464,1.0005288207297727,19.012948999190495,1892.0,204987161.0,51307850.0,2.6587399440114
C,161188ec91b21487,473133,"grid 1024x1024 u[1,100000]",grid,1048576,4190208,4190208,1615,861.593718,2594.5560371517026,delta,79.216636,gpu-frontier,70.2702616,3.7020452999999947,1.0712456334102083,1.1273138052470264,2.4166031679839275,0.04673317988408388,45.06847010935973,1.0006191950464396,18.90517988605816,1616.0,188846264.0,47265758.0,3.0790571511183096
C,161188ec91b21487,493619,"grid 1024x1024 u[1,100000]",grid,1048576,4190208,4190208,1848,762.322094,2267.4285714285716,delta,80.086517,gpu-frontier,75.23699429999999,3.7306797000000103,1.0139739126552816,1.0644566246315346,1.2999032589155255,0.04658311835436682,46.876045294171554,1.0005411255411256,19.11277841100012,1849.0,196420380.0,49162606.0,2.732906274750894
C,161188ec91b21487,955628,"grid 1024x1024 u[1,100000]",grid,1048576,4190208,4190208,1842,761.153444,2274.814332247557,delta,80.013489,gpu-frontier,75.6582957,3.7392023000000023,1.0074447182679234,1.0575639889810524,1.1647386128319421,0.0467321491255056,47.45314170561461,1.000542888165038,19.09535015922837,1843.0,198838534.0,49769463.0,2.7390235919519728
C,4a1e005b444fe23d,22045,grid 1024x1024 unit,grid,1048576,4190208,4190208,1038,1363.92241,4036.809248554913,dial,39.545839,gpu-frontier,15.420046399999999,3.751460400000001,2.0621340206932803,2.564573281699075,6.431040189042112,0.09486359361347728,1.0,1.0009633911368014,9.437679227379643,1039.0,4190208.0,1048576.0,2.344208004937646
C,4a1e005b444fe23d,78040,grid 1024x1024 unit,grid,1048576,4190208,4190208,1760,769.954693,2380.8,dial,39.467583,gpu-frontier,25.8600213,3.7664177000000016,1.332174379782869,1.5262007150782972,3.612865800837754,0.09543066521200454,1.0,1.0005681818181817,9.419003304847873,1761.0,4190208.0,1048576.0,1.4118978378948777
C,4a1e005b444fe23d,140379,grid 1024x1024 unit,grid,1048576,4190208,4190208,1495,949.169451,2802.8147157190638,dial,39.994792,gpu-frontier,22.0365716,3.7955037999999988,1.5474001163409512,1.814928053509013,4.731445770124115,0.09489995097361674,1.0,1.0006688963210701,9.544822595918866,1496.0,4190208.0,1048576.0,1.6744485764135193
C,4a1e005b444fe23d,143033,grid 1024x1024 unit,grid,1048576,4190208,4190208,1637,828.452028,2559.6872327428223,dial,39.870287,gpu-frontier,24.0085439,3.7798324999999977,1.4362980636737652,1.6606707664599352,4.196414285553661,0.0948032428259169,1.0,1.0006108735491752,9.515109273811706,1638.0,4190208.0,1048576.0,1.5296307596552916
C,4a1e005b444fe23d,367943,grid 1024x1024 unit,grid,1048576,4190208,4190208,1805,738.144909,2321.4448753462602,dial,39.825417,gpu-frontier,26.4558991,3.7667210000000004,1.3174426656278524,1.5053511071184877,3.5493783319762735,0.09458083012665003,1.0,1.0005540166204987,9.504400974844208,1806.0,4190208.0,1048576.0,1.390338769758341
C,4a1e005b444fe23d,473133,grid 1024x1024 unit,grid,1048576,4190208,4190208,1507,861.593718,2780.4963503649633,dial,39.78025,gpu-frontier,22.201053400000003,3.7713008000000023,1.5320534925940046,1.791818130575732,4.661308533119391,0.0948033458814362,1.0,1.0006635700066357,9.49362179634042,1508.0,4190208.0,1048576.0,1.6527194457696202
C,4a1e005b444fe23d,493619,grid 1024x1024 unit,grid,1048576,4190208,4190208,1760,762.322094,2380.8,dial,39.548223,gpu-frontier,25.8062841,3.7665349,1.3373166420150884,1.5325035889223586,3.6484299933076425,0.09523904272513078,1.0,1.0005681818181817,9.438248172883064,1761.0,4190208.0,1048576.0,1.4147826216336703
C,4a1e005b444fe23d,955628,grid 1024x1024 unit,grid,1048576,4190208,4190208,1756,761.153444,2386.223234624146,dial,39.736353,gpu-frontier,25.6924419,3.7417495999999986,1.3494747110393666,1.546616438976943,3.753300621719852,0.09416439399962041,1.0,1.0005694760820045,9.483145705416055,1757.0,4190208.0,1048576.0,1.424642296274648
C,5699802de7c581c3,22045,grid 1024x1024 logD4,grid,1048576,4190208,4190208,1454,1363.92241,2881.8486932599726,dial,58.177786,gpu-nearfar,93.90430230000001,4.471510500000008,0.5908221957130857,0.619543349719345,-7.989809327295542,0.07685941331627863,42.28841265159152,5.068775790921595,13.884223885783236,7370.0,177197245.0,44341353.0,2.5016324572566098
C,5699802de7c581c3,78040,grid 1024x1024 logD4,grid,1048576,4190208,4190208,2451,769.954693,1709.591187270502,dial,56.961249,gpu-nearfar,126.006554,4.530043000000006,0.4365705824191394,0.4520498909921781,-15.241644505361183,0.07952850542304657,45.65382864048754,4.995512035903713,13.59389533884714,12244.0,191299038.0,47867651.0,1.4771480783007336
C,5699802de7c581c3,140379,grid 1024x1024 logD4,grid,1048576,4190208,4190208,1976,949.169451,2120.5506072874496,dial,58.221195,gpu-nearfar,114.31940999999999,4.492764000000008,0.48985998032792316,0.5092852998454069,-12.486348047660613,0.07716715536326604,44.50879550609421,5.17004048582996,13.894583514708577,10216.0,186501111.0,46668759.0,1.8619134483489261
C,5699802de7c581c3,143033,grid 1024x1024 logD4,grid,1048576,4190208,4190208,2158,828.452028,1941.7089898053753,dial,57.502257,gpu-nearfar,122.115402,4.501098999999996,0.4541046041256445,0.47088455721580474,-14.354970863782391,0.07827691006980815,45.188634311232285,5.358665430954588,13.723007783861803,11564.0,189349777.0,47379220.0,1.688086590603816
C,5699802de7c581c3,367943,grid 1024x1024 logD4,grid,1048576,4190208,4190208,2427,738.144909,1726.4969097651422,dial,58.137157,gpu-nearfar,129.139501,4.497327999999996,0.4350790695719616,0.45018880009455825,-15.787673036078324,0.07735720547876113,45.34503800288673,5.161104243922538,13.874527708409701,12526.0,190005141.0,47543197.0,1.5221862554918666
C,5699802de7c581c3,473133,grid 1024x1024 logD4,grid,1048576,4190208,4190208,2117,861.593718,1979.3141237600378,dial,56.539975,gpu-nearfar,121.553427,4.562359000000001,0.44862637747163964,0.46514505099062325,-14.249964108479844,0.08069262499673904,45.01720558979411,5.303731695795937,13.493357608977883,11228.0,188631455.0,47201077.0,1.6910846453026849
C,5699802de7c581c3,493619,grid 1024x1024 logD4,grid,1048576,4190208,4190208,2393,762.322094,1751.0271625574592,dial,57.782156,gpu-nearfar,127.80661,4.464440999999994,0.4368465780165306,0.45210616258423564,-15.684932111321464,0.07726331637746424,45.602098511577466,5.182615963226076,13.789806138501955,12402.0,191082278.0,47813807.0,1.5338534947735478
C,5699802de7c581c3,955628,grid 1024x1024 logD4,grid,1048576,4190208,4190208,2290,761.153444,1829.7851528384278,dial,56.838173,gpu-nearfar,126.66728499999999,4.467679000000004,0.4329194404633423,0.44872022795783456,-15.629840908444839,0.07860349416931477,44.79664303060851,5.378165938864629,13.564523049929742,12316.0,187707252.0,46969107.0,1.5749007282225616
C,6a4704a6a3e8bbf9,22045,uniform n=1048576 logD1,uniform,1048576,8388572,8388572,17,467334.398,493445.4117647059,delta-omp,17.046763,gpu-nearfar,2.8874799600000003,7.900285940000001,1.790797732850276,5.903681838886251,1.792249438505766,0.4634478663192538,1.0,14.352941176470589,2.032141227374576,244.0,8388572.0,1048218.0,7.996696514618122
C,6a4704a6a3e8bbf9,78040,uniform n=1048576 logD1,uniform,1048576,8388572,8388572,17,466912.587,493445.4117647059,delta-omp,16.921836,gpu-nearfar,2.9156909000000004,7.917464099999999,1.7889632940755582,5.803713967073806,1.7690190852902004,0.46788446005504364,1.0,15.058823529411764,2.017248704547091,256.0,8388572.0,1048218.0,7.938092819272461
C,6a4704a6a3e8bbf9,140379,uniform n=1048576 logD1,uniform,1048576,8388572,8388572,17,463513.001,493445.4117647059,delta-omp,17.383753,gpu-nearfar,2.90081094,7.9561049200000005,1.8052956229163228,5.99272181454197,1.8203558406567617,0.457674756423426,1.0,14.705882352941176,2.072313738262007,250.0,8388572.0,1048218.0,8.154779709560245
C,6a4704a6a3e8bbf9,143033,uniform n=1048576 logD1,uniform,1048576,8388572,8388572,17,467388.315,493445.4117647059,delta-omp,17.605025,gpu-nearfar,2.95035509,8.01192798,1.6143759677759828,5.967086829538204,1.8291065454634805,0.45509324638846005,1.0,15.058823529411764,2.098691529380686,256.0,8388572.0,1048218.0,8.258579183465208
C,6a4704a6a3e8bbf9,367943,uniform n=1048576 logD1,uniform,1048576,8388572,8388572,17,467332.546,493445.4117647059,delta-omp,17.1018,gpu-nearfar,2.89384512,7.912007880000001,1.808827673038993,5.90971502994604,1.7957457949346733,0.4626418201592815,1.0,14.352941176470589,2.038702177200124,244.0,8388572.0,1048218.0,8.022514565005464
C,6a4704a6a3e8bbf9,473133,uniform n=1048576 logD1,uniform,1048576,8388572,8388572,17,425426.162,493445.4117647059,delta-omp,16.684785,gpu-nearfar,2.93929403,7.94226092,1.7309750064114855,5.676460003560788,1.7306773358939211,0.47601817584104317,1.0,15.176470588235293,1.988989901976165,258.0,8388572.0,1048218.0,7.826891360937719
C,6a4704a6a3e8bbf9,493619,uniform n=1048576 logD1,uniform,1048576,8388572,8388572,17,460651.706,493445.4117647059,delta-omp,16.996775,gpu-nearfar,2.8942019300000004,7.9001600299999994,1.7607711527645882,5.872698384939574,1.7850996709493236,0.4648034718350981,1.0,14.352941176470589,2.0261821678350023,244.0,8388572.0,1048218.0,7.973246967899327
C,6a4704a6a3e8bbf9,955628,uniform n=1048576 logD1,uniform,1048576,8388572,8388572,17,456452.354,493445.4117647059,delta-omp,17.213009,gpu-nearfar,2.89416704,7.932517010000001,1.8152839594915477,5.947482906860828,1.8050817845015878,0.4608442957300493,1.0,14.705882352941176,2.051959379975519,250.0,8388572.0,1048218.0,8.074683098274457
C,9d4b81391b44fb23,22045,uniform n=1048576 unit,uniform,1048576,8388572,8388572,10,467334.398,838857.2,delta-omp,12.529597,gpu-frontier,1.57088695,6.42527502,1.5684049984784858,7.976129026980586,1.7055627993959395,0.5128077958133849,1.0,1.1,1.4936507667812828,11.0,8388572.0,1048218.0,6.189707168549024
C,9d4b81391b44fb23,78040,uniform n=1048576 unit,uniform,1048576,8388572,8388572,9,466912.587,932063.5555555555,delta-omp,12.175944,gpu-frontier,1.5783469399999999,6.559202050000001,1.503316361271202,7.714364751769976,1.6156838864263983,0.5387017261248903,1.0,1.1111111111111112,1.4514918629773936,10.0,8388572.0,1048218.0,6.060965772477394
C,9d4b81391b44fb23,140379,uniform n=1048576 unit,uniform,1048576,8388572,8388572,10,463513.001,838857.2,delta-omp,12.928135,gpu-frontier,1.56727095,6.54122802,1.5948982294569247,8.248819388887416,1.7368090540895103,0.5059684184919171,1.0,1.1,1.5411604025095094,11.0,8388572.0,1048218.0,6.386587683982935
C,9d4b81391b44fb23,143033,uniform n=1048576 unit,uniform,1048576,8388572,8388572,10,467388.315,838857.2,delta-omp,13.234951,gpu-frontier,1.61918498,6.48086797,1.6479591379330094,8.173835085846708,1.792316410976044,0.4896782745927809,1.0,1.1,1.5777358768572292,11.0,8388572.0,1048218.0,6.538156900026
C,9d4b81391b44fb23,367943,uniform n=1048576 unit,uniform,1048576,8388572,8388572,10,467332.546,838857.2,delta-omp,13.336653,gpu-frontier,1.5845019500000002,6.60134099,1.6324344285792274,8.41693694349824,1.7802672317340784,0.4949773372674538,1.0,1.1,1.5898597520531503,11.0,8388572.0,1048218.0,6.58839838811662
C,9d4b81391b44fb23,473133,uniform n=1048576 unit,uniform,1048576,8388572,8388572,10,425426.162,838857.2,delta-omp,13.810888,gpu-frontier,1.6261950600000001,6.45732601,1.7098765080549692,8.49276223972787,1.8869564462333843,0.46755328187441675,1.0,1.1,1.646393212098555,11.0,8388572.0,1048218.0,6.822673742629367
C,9d4b81391b44fb23,493619,uniform n=1048576 unit,uniform,1048576,8388572,8388572,10,460651.706,838857.2,delta-omp,13.767229,gpu-frontier,1.5882830399999999,6.4334989799999995,1.725280229622495,8.66799471711289,1.8930516656427605,0.46730529288065153,1.0,1.1,1.6411886313904203,11.0,8388572.0,1048218.0,6.80110589609195
C,9d4b81391b44fb23,955628,uniform n=1048576 unit,uniform,1048576,8388572,8388572,10,456452.354,838857.2,delta-omp,13.258888,gpu-frontier,1.54221597,6.467597029999999,1.6553305301884078,8.597296525207167,1.8115958640669985,0.4877933224867726,1.0,1.1,1.5805894018672069,11.0,8388572.0,1048218.0,6.549981942802201
C,ad7ddfb8db46b5ad,22045,uniform n=1048576 logD6,uniform,1048576,8388572,8388572,47,467334.398,178480.25531914894,delta-omp,124.209824,gpu-frontier,8.925958,6.57122378,8.001529575617493,13.915573432005843,17.54374373170411,0.052904219395721874,7.358123408847179,0.9787234042553191,14.807028419139753,46.0,61724148.0,7680561.0,47.91530719671546
C,ad7ddfb8db46b5ad,78040,uniform n=1048576 logD6,uniform,1048576,8388572,8388572,49,466912.587,171195.3469387755,delta-omp,140.179459,gpu-frontier,9.819852260000001,6.583015529999999,8.541362582301874,14.27510875810264,19.802415191932567,0.04696134210362446,8.180911602117739,0.9795918367346939,16.71076543182797,48.0,68626166.0,8532327.0,53.442781442639706
C,ad7ddfb8db46b5ad,140379,uniform n=1048576 logD6,uniform,1048576,8388572,8388572,49,463513.001,171195.3469387755,delta-omp,140.00123,gpu-frontier,9.273320830000001,6.607879169999999,8.848620085622287,15.097205474341383,19.783640984766983,0.047198722254083045,7.6448321597525775,0.9795918367346939,16.689518788179917,48.0,64129225.0,7979039.0,53.374832446676315
C,ad7ddfb8db46b5ad,143033,uniform n=1048576 logD6,uniform,1048576,8388572,8388572,48,467388.315,174761.91666666666,delta-omp,129.565645,gpu-frontier,9.14485158,6.63626172,8.233361594299783,14.168151759112531,18.145877679459574,0.05121930061012702,7.4988824081142775,1.0,15.445494775511253,48.0,62904915.0,7826304.0,49.687121413461476
C,ad7ddfb8db46b5ad,367943,uniform n=1048576 logD6,uniform,1048576,8388572,8388572,49,467332.546,171195.3469387755,delta-omp,126.935853,gpu-frontier,9.02228405,6.610261039999999,8.144027670837852,14.069148377122975,17.837959535407396,0.05207560262741528,7.399042292299572,0.9387755102040817,15.13199779414184,46.0,62067399.0,7721143.0,48.39371686485136
C,ad7ddfb8db46b5ad,473133,uniform n=1048576 logD6,uniform,1048576,8388572,8388572,46,425426.162,182360.26086956522,delta-omp,128.523384,gpu-frontier,9.04051565,6.3780120700000005,8.346423837932978,14.216377580188139,18.733559460008983,0.049625304528240564,7.433389973883517,1.0,15.321247048961373,46.0,62355527.0,7755656.0,49.874673870280624
C,ad7ddfb8db46b5ad,493619,uniform n=1048576 logD6,uniform,1048576,8388572,8388572,48,460651.706,174761.91666666666,delta-omp,134.459851,gpu-frontier,9.27943997,6.636720120000001,8.436324408717846,14.490082530271488,18.861788468789605,0.0493583777658656,7.659950823572832,0.9583333333333334,16.028932099527786,46.0,64256049.0,7991128.0,51.564000178233506
C,ad7ddfb8db46b5ad,955628,uniform n=1048576 logD6,uniform,1048576,8388572,8388572,54,456452.354,155343.92592592593,delta-omp,140.771622,gpu-frontier,10.14283558,6.58942042,8.413188394918176,13.878921815274069,19.824017606088642,0.04680929527117333,8.409300772527196,0.9444444444444444,16.781357065302654,51.0,70542025.0,8766721.0,52.14264116041617
C,aee1893a6a70ee9f,22045,"uniform n=1048576 u[1,100000]",uniform,1048576,8388572,8388572,32,467334.398,262142.875,delta-omp,19.350654,gpu-nearfar,4.02811291,7.78533705,1.759944098424753,4.803900593739812,1.9681281608739083,0.4023294018899827,1.0643402715027064,12.0625,2.306787615341443,386.0,8928295.0,1109200.0,8.192479574228154
C,aee1893a6a70ee9f,78040,"uniform n=1048576 u[1,100000]",uniform,1048576,8388572,8388572,32,466912.587,262142.875,delta-omp,19.568318,gpu-nearfar,4.0356650599999995,7.88499794,1.7689645777108662,4.848845904967149,1.969899429041576,0.4029471485489964,1.064268626412219,12.125,2.3327352974975955,388.0,8927694.0,1109221.0,8.284631905309306
C,aee1893a6a70ee9f,140379,"uniform n=1048576 u[1,100000]",uniform,1048576,8388572,8388572,31,463513.001,270599.0967741936,delta-omp,20.937797,gpu-nearfar,4.02023688,7.943207070000001,1.8746375677501195,5.208100324675396,2.12981481798384,0.3793716726740641,1.064675966302727,12.451612903225806,2.4959906167581325,386.0,8931111.0,1109833.0,8.922418749955666
C,aee1893a6a70ee9f,143033,"uniform n=1048576 u[1,100000]",uniform,1048576,8388572,8388572,29,467388.315,289261.1034482759,delta-omp,19.857112,gpu-nearfar,4.03250407,7.85196096,1.8254335690532062,4.924263349844555,2.015370174484413,0.3954231088589318,1.0636448015228337,13.517241379310345,2.3671623728091027,392.0,8922461.0,1108802.0,8.574079463192584
C,aee1893a6a70ee9f,367943,"uniform n=1048576 u[1,100000]",uniform,1048576,8388572,8388572,31,467332.546,270599.0967741936,delta-omp,19.820672,gpu-nearfar,3.96770507,7.8457469699999995,1.7834431721321526,4.995500333395496,2.0205809581442566,0.3958365775892967,1.0642142667428973,12.32258064516129,2.3628183676554246,382.0,8927238.0,1109213.0,8.446367852812847
C,aee1893a6a70ee9f,473133,"uniform n=1048576 u[1,100000]",uniform,1048576,8388572,8388572,33,425426.162,254199.15151515152,delta-omp,19.768652,gpu-nearfar,4.02326008,7.83794303,1.779304725946786,4.913590373705097,2.0088678700181877,0.39648343397415264,1.0644083402991593,11.757575757575758,2.356617073799927,388.0,8928866.0,1109399.0,8.315401528889609
C,aee1893a6a70ee9f,493619,"uniform n=1048576 u[1,100000]",uniform,1048576,8388572,8388572,29,460651.706,289261.1034482759,delta-omp,19.551843,gpu-nearfar,3.98983705,7.838395950000001,1.7593818178055156,4.9004114090323565,1.9853559388002082,0.40090317572619627,1.0645981223025802,13.241379310344827,2.3307713160237524,384.0,8930458.0,1109682.0,8.44226771415026
C,aee1893a6a70ee9f,955628,"uniform n=1048576 u[1,100000]",uniform,1048576,8388572,8388572,30,456452.354,279619.06666666665,delta-omp,20.302363,gpu-nearfar,4.04627498,7.783426090000001,1.8440792643797599,5.017544062217937,2.0885517292809546,0.3833753780286561,1.0644302749025698,13.0,2.420240655978157,390.0,8929050.0,1109523.0,8.708606956220795
C,ba2c518820656ced,22045,uniform n=1048576 logD4,uniform,1048576,8388572,8388572,35,467334.398,239673.48571428572,delta-omp,93.025073,gpu-frontier,7.04871016,6.59786407,6.836505817400729,13.197460370536787,13.030938789862036,0.0709256532375954,5.7710232444807055,1.0,11.089500453712503,35.0,48410644.0,6027126.0,38.630754017221484
C,ba2c518820656ced,78040,uniform n=1048576 logD4,uniform,1048576,8388572,8388572,39,466912.587,215091.58974358975,delta-omp,105.205696,gpu-frontier,7.57038707,6.49739604,7.48048484853656,13.897003551761589,15.026836647931963,0.061758975863816346,6.225805059550064,0.9487179487179487,12.541550099349449,37.0,52225614.0,6497525.0,42.602636284198276
C,ba2c518820656ced,140379,uniform n=1048576 logD4,uniform,1048576,8388572,8388572,39,463513.001,215091.58974358975,delta-omp,100.144498,gpu-frontier,7.17664801,6.567076019999999,7.328178471109439,13.95421621075157,14.15665810885497,0.06557600418547208,5.832541223941334,0.9487179487179487,11.93820569222032,37.0,48926692.0,6089416.0,40.55312389319322
C,ba2c518820656ced,143033,uniform n=1048576 logD4,uniform,1048576,8388572,8388572,35,467388.315,239673.48571428572,delta-omp,100.464218,gpu-frontier,7.081384999999999,6.8059209,7.24405954012176,14.18708600083176,13.720822556136378,0.06774472578883757,5.807350881651847,0.9714285714285714,11.976319449841998,34.0,48715381.0,6063517.0,41.72002631043907
C,ba2c518820656ced,367943,uniform n=1048576 logD4,uniform,1048576,8388572,8388572,37,467332.546,226718.16216216216,delta-omp,94.572303,gpu-frontier,7.03954387,6.604668870000001,6.948201927449079,13.434436200196592,13.253163913726986,0.06983724262271587,5.76419788731622,0.972972972972973,11.273945434336142,36.0,48353389.0,6019196.0,38.77883312381184
C,ba2c518820656ced,473133,uniform n=1048576 logD4,uniform,1048576,8388572,8388572,35,425426.162,239673.48571428572,delta-omp,89.545619,gpu-frontier,7.184358100000001,6.351256909999999,6.609396622982975,12.463969328032242,12.967710496850302,0.07092761188015238,5.852338037987872,0.9714285714285714,10.674715434283689,34.0,49092759.0,6107828.0,37.18583247882896
C,ba2c518820656ced,493619,uniform n=1048576 logD4,uniform,1048576,8388572,8388572,37,460651.706,226718.16216216216,delta-omp,100.328868,gpu-frontier,7.318737049999999,6.70322413,7.148196910573288,13.708494691717338,13.875432052724754,0.06681251631384896,6.015687532991312,1.0,11.960184403257193,37.0,50463028.0,6278377.0,41.13927974951552
C,ba2c518820656ced,955628,uniform n=1048576 logD4,uniform,1048576,8388572,8388572,38,456452.354,220751.8947368421,delta-omp,106.857101,gpu-frontier,7.79925505,6.416409970000001,7.468319307198493,13.700936860630042,15.438203982156082,0.06004664088725373,6.489002061375881,0.9736842105263158,12.738413761007237,37.0,54433461.0,6769674.0,43.54205142979388
C,bdcb775028e8cf1e,22045,"uniform n=1048576 u[1,100]",uniform,1048576,8388572,8388572,29,467334.398,289261.1034482759,delta-omp,19.270116,gpu-nearfar,3.9129219500000003,7.94348295,1.7721621940762504,4.92473814868707,1.933307359840182,0.4122177027891269,1.0451215057819139,12.89655172413793,2.297186696376928,374.0,8767077.0,1090908.0,8.320621138106027
C,bdcb775028e8cf1e,78040,"uniform n=1048576 u[1,100]",uniform,1048576,8388572,8388572,30,466912.587,279619.06666666665,delta-omp,19.424013,gpu-nearfar,3.94366603,7.89523606,1.7865662704902199,4.925369656618717,1.9607199648442175,0.40646781177504365,1.0444868328006245,12.8,2.3155327271435473,384.0,8761753.0,1090348.0,8.331842688928532
C,bdcb775028e8cf1e,140379,"uniform n=1048576 u[1,100]",uniform,1048576,8388572,8388572,29,463513.001,289261.1034482759,delta-omp,20.682204,gpu-nearfar,3.9866100400000004,7.94065696,1.8928099191706202,5.187917501958631,2.1025456765229658,0.3839366906931196,1.0449770235029276,13.379310344827585,2.4655214260543987,388.0,8765865.0,1090809.0,8.930344985210311
C,bdcb775028e8cf1e,143033,"uniform n=1048576 u[1,100]",uniform,1048576,8388572,8388572,29,467388.315,289261.1034482759,delta-omp,19.688224,gpu-nearfar,3.94716511,7.89025691,1.835798255452039,4.987940319527197,1.9949995379808236,0.4007602163608053,1.0440688832378144,13.310344827586206,2.3470292679135376,386.0,8758247.0,1089952.0,8.501155508672932
C,bdcb775028e8cf1e,367943,"uniform n=1048576 u[1,100]",uniform,1048576,8388572,8388572,31,467332.546,270599.0967741936,delta-omp,19.483775,gpu-nearfar,3.95941805,7.940614019999999,1.8052273070930578,4.920868358419491,1.9550574944077188,0.4075500779494733,1.0446244009111443,12.387096774193548,2.3226569432794997,384.0,8762907.0,1090493.0,8.302802791521833
C,bdcb775028e8cf1e,473133,"uniform n=1048576 u[1,100]",uniform,1048576,8388572,8388572,30,425426.162,279619.06666666665,delta-omp,19.39526,gpu-nearfar,3.98673104,7.97155096,1.7545599401928786,4.864953217410925,1.9329399055864531,0.41100510949582525,1.0448325412239414,13.0,2.312105087731261,390.0,8764653.0,1090570.0,8.319509219380567
C,bdcb775028e8cf1e,493619,"uniform n=1048576 u[1,100]",uniform,1048576,8388572,8388572,27,460651.706,310687.85185185185,delta-omp,18.855543,gpu-nearfar,3.89790904,7.9098209399999995,1.740558790514943,4.837348128575109,1.891020551977249,0.4194957917679697,1.0452651535922919,13.777777777777779,2.2477655314873615,372.0,8768282.0,1091093.0,8.251000292018933
C,bdcb775028e8cf1e,955628,"uniform n=1048576 u[1,100]",uniform,1048576,8388572,8388572,30,456452.354,279619.06666666665,delta-omp,18.819029,gpu-nearfar,4.01345389,7.84741397,1.7302779510392503,4.688985974621475,1.8866820543175702,0.41699356380183056,1.0446736345590166,13.0,2.243412704808399,390.0,8763320.0,1090570.0,8.072337533257624
C,beacf1c34ea54a59,22045,grid 1024x1024 logD1,grid,1048576,4190208,4190208,1054,1363.92241,3975.529411764706,dial,45.710691,gpu-frontier,29.3864667,3.7154893000000015,1.3809060407185605,1.5555014308678354,4.393559766139009,0.08128272005338974,14.488436850867547,1.0009487666034156,10.908931251145528,1055.0,60709564.0,15198895.0,2.6707622282810948
C,beacf1c34ea54a59,78040,grid 1024x1024 logD1,grid,1048576,4190208,4190208,1796,769.954693,2333.077951002227,dial,44.84209,gpu-frontier,54.3495175,3.7247964000000024,0.7717955870392783,0.8250687782094845,-2.5524690423347685,0.08306473672391279,28.539555554282746,1.0005567928730512,10.701638200299364,1797.0,119586674.0,29933583.0,1.5730626866060788
C,beacf1c34ea54a59,140379,grid 1024x1024 logD1,grid,1048576,4190208,4190208,1527,949.169451,2744.0785854616897,dial,45.261122,gpu-frontier,43.4517461,3.7091788999999977,0.9597789433239986,1.0416410400593774,0.48781036147919427,0.08195066176220726,22.21015209746151,1.0006548788474132,10.801640873197703,1528.0,93065157.0,23293222.0,1.8567440959754733
C,beacf1c34ea54a59,143033,grid 1024x1024 logD1,grid,1048576,4190208,4190208,1657,828.452028,2528.791792395896,dial,45.971804,gpu-frontier,48.1920274,3.731149600000002,0.8848790063504757,0.9539296535177517,-0.5950507586187379,0.08116169641722135,25.12115770863881,1.0006035003017502,10.971246296126589,1658.0,105262876.0,26344030.0,1.7431828016579842
C,beacf1c34ea54a59,367943,grid 1024x1024 logD1,grid,1048576,4190208,4190208,1855,738.144909,2258.8722371967656,dial,44.770328,gpu-frontier,55.61472070000001,3.7129812999999956,0.7537655422807515,0.8050085919068545,-2.9206698940282894,0.08293397582434499,29.346878484313905,1.0005390835579515,10.684512081500488,1856.0,122969525.0,30778318.0,1.5221796908140233
C,beacf1c34ea54a59,473133,grid 1024x1024 logD1,grid,1048576,4190208,4190208,1551,861.593718,2701.6170212765956,dial,45.03712,gpu-frontier,48.8014113,3.7004738000000046,0.855481622029255,0.9228651139439487,-1.0172457645829007,0.08216497413688985,26.193524999236313,1.0006447453255964,10.74818242913001,1552.0,109756318.0,27469496.0,1.8200456390195987
C,beacf1c34ea54a59,493619,grid 1024x1024 logD1,grid,1048576,4190208,4190208,1788,762.322094,2343.51677852349,dial,45.351952,gpu-frontier,52.1924312,3.725452600000004,0.8111673784450928,0.8689373335802758,-1.836147156992414,0.08214536388643215,27.14549898238942,1.000559284116331,10.8233176014174,1789.0,113745287.0,28471200.0,1.5978326527155347
C,beacf1c34ea54a59,955628,grid 1024x1024 logD1,grid,1048576,4190208,4190208,1788,761.153444,2343.51677852349,dial,45.273286,gpu-frontier,52.5411787,3.746306500000003,0.804098605349839,0.8616724466442165,-1.9400155059389825,0.08274872073566746,27.349081000274925,1.000559284116331,10.804543831714321,1789.0,114598338.0,28683919.0,1.595061104900823
C,c66701076edbaf96,22045,"grid 1024x1024 u[1,100]",grid,1048576,4190208,4190208,1102,1363.92241,3802.366606170599,dial,46.970754,gpu-frontier,42.1716613,3.745441200000002,1.023228504453445,1.1137989956302718,1.2813157232317518,0.07973985684794418,25.511292518175708,1.0009074410163339,11.209647349248534,1103.0,106897622.0,26763214.0,2.631104121730871
C,c66701076edbaf96,78040,"grid 1024x1024 u[1,100]",grid,1048576,4190208,4190208,1841,769.954693,2276.049972840847,dial,47.051742,gpu-frontier,73.99778479999999,3.7266448000000025,0.6057923553045463,0.6358533857083787,-7.230644251365189,0.07920312068360832,45.868599840389784,1.0005431830526887,11.228975268053519,1842.0,192198974.0,48106774.0,1.611523202908438
C,c66701076edbaf96,140379,"grid 1024x1024 u[1,100]",grid,1048576,4190208,4190208,1570,949.169451,2668.9222929936304,dial,47.667292,gpu-frontier,61.2322782,3.721939799999994,0.7340785457230328,0.7784667401122436,-3.6446011835011465,0.07808162880324718,37.72577542690005,1.0006369426751593,11.375877283418866,1571.0,158078846.0,39565918.0,1.903894224626501
C,c66701076edbaf96,143033,"grid 1024x1024 u[1,100]",grid,1048576,4190208,4190208,1679,828.452028,2495.656938653961,dial,48.164616,gpu-frontier,66.8807867,3.711607299999997,0.6815270221074328,0.7201562418224366,-5.042605315492297,0.07706087182341487,41.54964956393573,1.0005955926146515,11.494564470307918,1680.0,174101674.0,43574218.0,1.803237723565924
C,c66701076edbaf96,367943,"grid 1024x1024 u[1,100]",grid,1048576,4190208,4190208,1891,738.144909,2215.8688524590166,dial,47.232536,gpu-frontier,75.9946863,3.715612500000006,0.592518168117997,0.621524192014462,-7.74089071451879,0.07866637734632766,47.01588202781342,1.0005288207297727,11.272122052174975,1892.0,197006325.0,49309627.0,1.5762752614108084
C,c66701076edbaf96,473133,"grid 1024x1024 u[1,100]",grid,1048576,4190208,4190208,1603,861.593718,2613.9787897691826,dial,47.218131,gpu-frontier,68.62560859999999,3.701281300000005,0.6527316761448522,0.6880540947217189,-5.783801841810825,0.07838686584185225,43.35846191883553,1.0006238303181534,11.268684275339076,1604.0,181680974.0,45471742.0,1.848549489691364
C,c66701076edbaf96,493619,"grid 1024x1024 u[1,100]",grid,1048576,4190208,4190208,1841,762.322094,2276.049972840847,dial,47.971481,gpu-frontier,72.8704303,3.7609216999999973,0.6261678495461049,0.6583120314029489,-6.62043809633155,0.07839911592473031,45.309580335868766,1.0005431830526887,11.448472486330035,1842.0,189856566.0,47519797.0,1.6430242839761657
C,c66701076edbaf96,955628,"grid 1024x1024 u[1,100]",grid,1048576,4190208,4190208,1832,761.153444,2287.231441048035,dial,47.584685,gpu-frontier,73.6372635,3.7249147999999934,0.6145858665444918,0.646203874754254,-6.994140778736751,0.0782796986047085,45.686018689287025,1.0005458515283843,11.356162987613025,1833.0,191433921.0,47915434.0,1.6375255854578286
C,e17b1b3c746dc0bc,22045,grid 1024x1024 logD2,grid,1048576,4190208,4190208,1174,1363.92241,3569.1720613287903,dial,49.154655,gpu-nearfar,61.3160709,4.537408300000003,0.7475889801006402,0.8016602218391655,-2.680256017515548,0.09230882202306176,1.8643959917980206,7.448040885860307,11.730838898689516,8744.0,7812207.0,1954860.0,2.5928959191989276
C,e17b1b3c746dc0bc,78040,grid 1024x1024 logD2,grid,1048576,4190208,4190208,1980,769.954693,2116.266666666667,dial,48.247943,gpu-nearfar,99.3007672,4.526017800000005,0.4649079414604974,0.4858768402345234,-11.279854931193585,0.09380747693222911,1.8617605617668622,7.197979797979798,11.514450595292644,14252.0,7801164.0,1952069.0,1.539944772994956
C,e17b1b3c746dc0bc,140379,grid 1024x1024 logD2,grid,1048576,4190208,4190208,1685,949.169451,2486.7703264094957,dial,48.987049,gpu-nearfar,83.5623218,4.518931699999996,0.5564656502448028,0.586233698930084,-7.651204996083486,0.09224747749144874,1.8615896871945259,7.093175074183976,11.690839452361315,11952.0,7800448.0,1951901.0,1.8277258646200123
C,e17b1b3c746dc0bc,143033,grid 1024x1024 logD2,grid,1048576,4190208,4190208,1817,828.452028,2306.1133736929005,dial,48.927669,gpu-nearfar,90.90305049999999,4.547502300000005,0.5127342404833751,0.5382401220957926,-9.230425567899095,0.09294336707518204,1.859200784304741,7.139240506329114,11.676668318135997,12972.0,7790438.0,1949414.0,1.6971908644419298
C,e17b1b3c746dc0bc,367943,grid 1024x1024 logD2,grid,1048576,4190208,4190208,2014,738.144909,2080.540218470705,dial,48.991738,gpu-nearfar,101.298452,4.507967999999991,0.46286538827132967,0.48363757819319886,-11.60316887786251,0.09201486177118255,1.8625741251985581,7.216484607745779,11.691958489888808,14534.0,7804573.0,1952939.0,1.5380612860585468
C,e17b1b3c746dc0bc,473133,grid 1024x1024 logD2,grid,1048576,4190208,4190208,1786,861.593718,2346.1410974244122,dial,48.450953,gpu-nearfar,89.209126,4.529900999999995,0.511461743055204,0.5431165528961689,-8.997585819204447,0.09349456965273718,1.8628953503024193,7.136618141097425,11.562899264189271,12746.0,7805919.0,1953266.0,1.7088647060666344
C,e17b1b3c746dc0bc,493619,grid 1024x1024 logD2,grid,1048576,4190208,4190208,1966,762.322094,2131.3367243133266,dial,49.066216,gpu-nearfar,97.00180970000001,4.509988699999994,0.4833530688992109,0.5058278412717077,-10.628761375832289,0.0919163748025728,1.8581380685636608,7.077314343845371,11.709732786534701,13914.0,7785985.0,1948254.0,1.5768789543437267
C,e17b1b3c746dc0bc,955628,grid 1024x1024 logD2,grid,1048576,4190208,4190208,1971,761.153444,2125.9299847793,dial,48.951422,gpu-nearfar,97.49941890000001,4.581536699999987,0.479596810216387,0.5020688589970662,-10.596443961695243,0.09359353646560026,1.8629096694006597,7.090816844241502,11.682337010477761,13976.0,7805979.0,1953260.0,1.569318445521357
E,050e2ea2a47932b2,2755,"uniform n=131072 u[1,100]",uniform,131072,1048542,1048542,26,58511.9319,40328.53846153846,delta-omp,2.764358,gpu-frontier,0.751656987,0.963473016,1.60150234371877,3.677685497254614,2.0890061055949696,0.34853409580090566,3.3643649944398986,0.9615384615384616,2.6363827104684407,25.0,3527678.0,439123.0,4.3671949932203225
E,050e2ea2a47932b2,17547,"uniform n=131072 u[1,100]",uniform,131072,1048542,1048542,25,58111.9546,41941.68,delta-omp,2.580317,gpu-frontier,0.743976007,0.9596949929999999,1.5145629643282066,3.468279858116446,1.9134631381785274,0.3719291052223428,3.2387686902384454,1.04,2.46086184435149,26.0,3395985.0,422989.0,4.177766512321661
E,050e2ea2a47932b2,17879,"uniform n=131072 u[1,100]",uniform,131072,1048542,1048542,24,54801.5469,43689.25,delta-omp,2.48871,gpu-frontier,0.7428670070000001,0.984926972,1.443750685266864,3.35014205308488,1.772560852359316,0.39575803207284094,3.2404681929765333,1.0416666666666667,2.373495768409849,25.0,3397767.0,422588.0,4.132154902823426
E,050e2ea2a47932b2,45992,"uniform n=131072 u[1,100]",uniform,131072,1048542,1048542,28,56452.947,37447.92857142857,delta-omp,2.652418,gpu-frontier,0.793651003,0.9953439969999999,1.4826301918116038,3.342045798435159,1.8674619052331516,0.37525910207214697,3.466276982705509,1.0357142857142858,2.5296249458772277,29.0,3634537.0,452143.0,3.9964951650166127
E,050e2ea2a47932b2,59141,"uniform n=131072 u[1,100]",uniform,131072,1048542,1048542,26,54767.8126,40328.53846153846,delta-omp,2.550342,gpu-frontier,0.733702981,0.970338025,1.4918128008451303,3.475986967538299,1.8721713178250436,0.3804736874505458,3.3007309196961114,0.9615384615384616,2.4322745297756314,25.0,3460955.0,430606.0,4.029087698988157
E,050e2ea2a47932b2,119453,"uniform n=131072 u[1,100]",uniform,131072,1048542,1048542,25,57202.8005,41941.68,delta-omp,2.621456,gpu-frontier,0.753251986,1.014313014,1.4830888821627493,3.480184650983449,1.8418417078497622,0.3869273464822603,3.3585092442648934,1.0,2.500096324229263,25.0,3521538.0,437933.0,4.244374272744276
E,0d8ab359e881d7ee,1377,"uniform n=65536 u[1,100]",uniform,65536,524254,524254,22,28097.9161,23829.727272727272,delta-omp,2.002541,gpu-frontier,0.487460002,0.5716669950000001,1.9168409576255203,4.108113469379586,2.65028593788242,0.28547080683990994,3.067438684301884,1.0454545454545454,3.8197915514235468,23.0,1608117.0,200355.0,4.404544819551691
E,0d8ab359e881d7ee,8773,"uniform n=65536 u[1,100]",uniform,65536,524254,524254,21,28178.2832,24964.47619047619,delta-omp,2.082255,gpu-frontier,0.500022993,0.577643007,1.934508823141399,4.164318499649475,2.739117392275468,0.27741223193124764,3.111020612146021,1.0,3.971843800905668,21.0,1630965.0,203254.0,4.739921570029431
E,0d8ab359e881d7ee,8939,"uniform n=65536 u[1,100]",uniform,65536,524254,524254,24,26312.2409,21843.916666666668,delta-omp,1.832583,gpu-frontier,0.5085070030000001,0.550486006,1.7211214535468522,3.603850073230948,2.4052854796821124,0.3003880348120658,3.3016438596558157,1.0,3.4956013688021454,24.0,1730900.0,215359.0,3.7757434375318364
E,0d8ab359e881d7ee,22996,"uniform n=65536 u[1,100]",uniform,65536,524254,524254,25,28665.0752,20970.16,delta-omp,1.834131,gpu-frontier,0.542325006,0.550824003,1.6754568582403477,3.3819775590432575,2.3452245852837317,0.3003187902063702,3.3383569796320103,1.04,3.498554135972258,26.0,1750147.0,217915.0,3.6630704777587826
E,0d8ab359e881d7ee,29570,"uniform n=65536 u[1,100]",uniform,65536,524254,524254,24,26417.6572,21843.916666666668,delta-omp,2.015442,gpu-frontier,0.512435995,0.548031988,1.8907951137183459,3.933060947445739,2.7425515990135967,0.2719165264989019,3.275301666749324,1.0,3.8443998519801474,24.0,1717090.0,213912.0,4.152495087658261
E,0d8ab359e881d7ee,59726,"uniform n=65536 u[1,100]",uniform,65536,524254,524254,24,29069.643,21843.916666666668,delta-omp,1.958006,gpu-frontier,0.536128995,0.5522479880000001,1.7916905344492169,3.652117341648347,2.5747074428454044,0.28204611630403587,3.2472828056629037,1.0416666666666667,3.7348422711128575,25.0,1702401.0,211915.0,4.034157418871593
E,2ac1f074dd041464,5511,"grid 512x512 u[1,100]",grid,262144,1046528,1046528,709,540.823456,1476.0620592383639,dial,7.593885,gpu-frontier,11.8750803,1.2145130000000002,0.5795423637077963,0.6394807283955798,-3.5250304443015428,0.15993302505897838,15.17576405026908,1.001410437235543,7.256265479757828,710.0,15881862.0,3980454.0,0.6830391752791108
E,2ac1f074dd041464,35094,"grid 512x512 u[1,100]",grid,262144,1046528,1046528,585,660.209106,1788.9367521367521,dial,7.521966,gpu-frontier,9.95400145,1.1534031599999999,0.6778256997847565,0.7556725843153258,-2.1085735971106585,0.1533379916899385,13.030495122920744,1.0017094017094017,7.187543954867906,586.0,13636778.0,3418722.0,0.8163476827714672
E,2ac1f074dd041464,35758,"grid 512x512 u[1,100]",grid,262144,1046528,1046528,935,373.864059,1119.2812834224599,dial,7.293484,gpu-frontier,16.0927917,1.1428970000000014,0.4232631779436311,0.4532143419217935,-7.69912573049014,0.1567011047120966,25.199471012720156,1.0010695187165775,6.969220125978474,936.0,26371952.0,6608058.0,0.49998906229070367
E,2ac1f074dd041464,91985,"grid 512x512 u[1,100]",grid,262144,1046528,1046528,838,420.420273,1248.8400954653937,dial,7.566882,gpu-frontier,14.334111400000001,1.1381574000000008,0.4892111326458453,0.5278933439850341,-5.945776392614938,0.15041299705744068,19.885918006971625,1.0011933174224343,7.23046301675636,839.0,20811170.0,5215349.0,0.577705460420421
E,2ac1f074dd041464,118283,"grid 512x512 u[1,100]",grid,262144,1046528,1046528,895,392.311745,1169.305027932961,dial,7.548207,gpu-frontier,15.2098504,1.1360910000000022,0.46171159157921826,0.49627095609040306,-6.743864179894028,0.15051137309827384,21.799369916523972,1.0011173184357542,7.212618295927104,896.0,22813651.0,5716338.0,0.5401910850839431
E,2ac1f074dd041464,238907,"grid 512x512 u[1,100]",grid,262144,1046528,1046528,676,588.143028,1548.1183431952663,dial,7.539317,gpu-frontier,11.611346399999999,1.120448099999999,0.5917518642853482,0.6493060098525698,-3.634286496625772,0.14861400575144926,14.336078920009784,1.0014792899408285,7.204123539933953,677.0,15003108.0,3760881.0,0.7105069270253767
E,2bd039ee44b12d2a,352728,"uniform n=16777216 u[1,100]",uniform,16777216,134217692,134217680,35,6725164.62,3834790.8571428573,delta-omp,620.442711,gpu-nearfar,115.1303056,104.4689694,2.825340434297882,5.389047720898259,4.836961715064072,0.16837810735437908,1.044992984530801,13.542857142857143,4.622660077271489,474.0,140256534.0,17453127.0,20.362840369956896
E,2bd039ee44b12d2a,2246077,"uniform n=16777216 u[1,100]",uniform,16777216,134217692,134217680,33,7459444.08,4067202.4242424243,delta-omp,622.609049,gpu-nearfar,113.9629991,105.37668190000001,2.8385609305231005,5.463256091160557,4.826931734125897,0.16925016118742597,1.0448249217241723,14.484848484848484,4.638800558912954,478.0,140233977.0,17450495.0,20.4545510230587
E,2bd039ee44b12d2a,2288530,"uniform n=16777216 u[1,100]",uniform,16777216,134217692,134217680,37,6897049.49,3627504.864864865,delta-omp,614.043092,gpu-nearfar,115.8597051,104.19041790000001,2.790326576671196,5.299884817331543,4.781470282403004,0.16967932586073295,1.0450017389661332,13.027027027027026,4.574979183070368,482.0,140257709.0,17453261.0,20.132518551860393
E,2bd039ee44b12d2a,5887093,"uniform n=16777216 u[1,100]",uniform,16777216,134217692,134217680,36,7335073.39,3728268.888888889,delta-omp,624.999537,gpu-nearfar,115.6281787,104.68339660000001,2.8421535419882726,5.405252802792785,4.865827579576263,0.16749355863922824,1.044955195172499,13.277777777777779,4.656611088792475,478.0,140251462.0,17452502.0,20.50206492705606
E,2bd039ee44b12d2a,7570129,"uniform n=16777216 u[1,100]",uniform,16777216,134217692,134217680,35,7365864.24,3834790.8571428573,delta-omp,612.543026,gpu-nearfar,114.4811584,104.20035810000002,2.7970640169464693,5.350601221729078,4.779847945647319,0.17011108391918905,1.0448940407850889,13.428571428571429,4.563802816439682,470.0,140243254.0,17451725.0,20.10357384659219
E,2bd039ee44b12d2a,15290050,"uniform n=16777216 u[1,100]",uniform,16777216,134217692,134217680,38,7372910.11,3532044.210526316,delta-omp,619.411535,gpu-nearfar,115.60859520000001,104.3895295,2.8158071167131222,5.357832900991776,4.826182685304659,0.16853016710449217,1.0449593674991253,12.789473684210526,4.61497721462627,486.0,140252022.0,17452614.0,20.298315847919064
E,2d1cf326d1ed3dc0,88182,"grid 2048x2048 u[1,100]",grid,4194304,16769024,16769024,3518,1611.93464,4766.6355884025015,dial,325.849382,gpu-nearfar,294.45291000000003,16.744522000000018,1.0476287831591617,1.106626461935798,1.8750294573950768,0.0513873062984665,1.0254300429172265,13.20125071063104,19.431624762419087,46442.0,17195461.0,4300964.0,5.642688371683086
E,2d1cf326d1ed3dc0,561519,"grid 2048x2048 u[1,100]",grid,4194304,16769024,16769024,3812,1467.34333,4399.00944386149,dial,326.11913,gpu-nearfar,322.07935399999997,16.816597,0.9622168148999477,1.012542797139366,0.24022553433373098,0.051565809708863146,1.0253699320843002,13.367261280167892,19.447710850673243,50956.0,17194453.0,4300701.0,5.237969097721009
E,2d1cf326d1ed3dc0,572132,"grid 2048x2048 u[1,100]",grid,4194304,16769024,16769024,2833,2124.19625,5919.175432403812,dial,325.516351,gpu-nearfar,242.98451899999998,16.56693899999999,1.2541417240649766,1.3396588076460954,4.98171883170452,0.05089433740918284,1.025506970471269,13.450758912813273,19.41176487075217,38106.0,17196751.0,4301281.0,6.8919729577226265
E,2d1cf326d1ed3dc0,1471773,"grid 2048x2048 u[1,100]",grid,4194304,16769024,16769024,3439,1669.2281,4876.1337598139,dial,326.290964,gpu-nearfar,293.071827,16.63576999999998,1.0531646322365553,1.113348107663723,1.9968499804938413,0.05098446428323397,1.0255013648975635,13.499273044489676,19.457957958674278,46424.0,17196657.0,4301255.0,5.7715475230034325
E,2d1cf326d1ed3dc0,1892532,"grid 2048x2048 u[1,100]",grid,4194304,16769024,16769024,3563,1583.44465,4706.433904013472,dial,324.481145,gpu-nearfar,306.828487,16.63174700000002,1.0031932212672638,1.0575326566727816,1.0613832689975389,0.05125643587087323,1.0253800101902173,13.503227617176536,19.350031641674555,48112.0,17194622.0,4300745.0,5.552569433911214
E,2d1cf326d1ed3dc0,3822512,"grid 2048x2048 u[1,100]",grid,4194304,16769024,16769024,2522,2516.64659,6649.097541633624,dial,326.176985,gpu-nearfar,220.00527300000002,16.942342000000025,1.3772347643547609,1.4825871241731554,6.266649085468811,0.051942174890113796,1.0253657577209025,13.486122125297383,19.451160962021405,34012.0,17194383.0,4300685.0,7.682556256204923
E,42fe12c898ff6bc9,2755,"grid 512x256 u[1,100]",grid,131072,522752,522752,720,234.78746,726.0444444444445,dial,3.525644,gpu-frontier,11.349153999999999,0.7049658000000019,0.29256300448564454,0.3106525825625417,-11.097715662234931,0.1999537673117314,20.87357676297747,1.0013888888888889,6.744391221841332,721.0,10911704.0,2737953.0,0.31563933675079164
E,42fe12c898ff6bc9,17547,"grid 512x256 u[1,100]",grid,131072,522752,522752,694,243.216125,753.2449567723343,dial,3.577663,gpu-frontier,10.924651299999999,0.669114200000001,0.30697074562649895,0.3274853266941344,-10.980170948397133,0.18702549681174582,20.248463898751226,1.0014409221902016,6.8439011232859945,695.0,10584925.0,2655039.0,0.33216612446224886
E,42fe12c898ff6bc9,17879,"grid 512x256 u[1,100]",grid,131072,522752,522752,825,213.769241,633.6387878787879,dial,3.574339,gpu-frontier,13.8654307,0.6644722999999999,0.2459667921271942,0.2577878089282867,-15.487615811825414,0.18590074976100474,26.645962138834477,1.0012121212121212,6.837542467556317,826.0,13929230.0,3495875.0,0.2796431773867725
E,42fe12c898ff6bc9,45992,"grid 512x256 u[1,100]",grid,131072,522752,522752,603,290.160828,866.9187396351575,dial,3.593143,gpu-frontier,9.87447758,0.6732208799999988,0.34019087802109765,0.36388183282502323,-9.330272970737349,0.18736267384849387,18.847671553623897,1.0016583747927033,6.8735136355288935,604.0,9852658.0,2470911.0,0.3833220091853488
E,42fe12c898ff6bc9,59141,"grid 512x256 u[1,100]",grid,131072,522752,522752,649,257.144653,805.4730354391371,dial,3.527044,gpu-frontier,10.5337471,0.6898778000000014,0.3147768717655897,0.3348327965838481,-10.156440894314883,0.19559659590297185,19.591024041993144,1.0015408320493067,6.747069356023506,650.0,10241247.0,2568318.0,0.3499095121108569
E,42fe12c898ff6bc9,119453,"grid 512x256 u[1,100]",grid,131072,522752,522752,780,218.686203,670.1948717948718,dial,3.575383,gpu-frontier,12.882994,0.6797450999999999,0.2633328057421172,0.27752733564884063,-13.692796020155205,0.19011812161102737,23.96805751101861,1.0012820512820513,6.839539590475025,781.0,12529350.0,3143279.0,0.29570722817255496
E,44cd7d27d7f31038,176364,"uniform n=8388608 u[1,100]",uniform,8388608,67108818,67108810,38,3602668.78,1766021.3157894737,delta-omp,271.297456,gpu-nearfar,46.0285986,59.07685179999999,2.5775662416033547,5.89410636542821,3.8131493222189614,0.21775674815026644,1.0450785820818458,12.052631578947368,4.042650376306777,458.0,70133980.0,8727348.0,17.447472445620893
E,44cd7d27d7f31038,1123038,"uniform n=8388608 u[1,100]",uniform,8388608,67108818,67108810,36,3728939.72,1864133.611111111,delta-omp,279.51449,gpu-nearfar,45.4218316,59.01924640000001,2.6762888257434496,6.1537476617301365,3.966378303332589,0.21114914793862744,1.0448298516990542,12.5,4.165093823001778,450.0,70117288.0,8725718.0,18.01148513699664
E,44cd7d27d7f31038,1144265,"uniform n=8388608 u[1,100]",uniform,8388608,67108818,67108810,35,3597166.3,1917394.5714285714,delta-omp,278.316367,gpu-nearfar,46.1297622,58.9689625,2.6427360746539006,6.033336261161129,3.937437508757255,0.2118774513178379,1.0447954299889985,12.742857142857142,4.147240384682727,446.0,70114978.0,8725221.0,17.952038877508855
E,44cd7d27d7f31038,2943546,"uniform n=8388608 u[1,100]",uniform,8388608,67108818,67108810,33,3408839.35,2033600.303030303,delta-omp,275.120791,gpu-nearfar,46.2216849,59.2172614,2.612805859186998,5.952201690509988,3.865411886474034,0.21524095356355674,1.0449759577021258,13.696969696969697,4.099622553283242,452.0,70127093.0,8726385.0,17.781131551783105
E,44cd7d27d7f31038,3785064,"uniform n=8388608 u[1,100]",uniform,8388608,67108818,67108810,33,3744387.78,2033600.303030303,delta-omp,278.186051,gpu-nearfar,45.9628437,59.090834300000004,2.648728855368887,6.052411657027218,3.9299361745515244,0.21241479969101687,1.0447594436557586,14.0,4.145298523398045,462.0,70112563.0,8725054.0,17.97924013929592
E,44cd7d27d7f31038,7645025,"uniform n=8388608 u[1,100]",uniform,8388608,67108818,67108810,35,3711962.0,1917394.5714285714,delta-omp,270.497258,gpu-nearfar,45.9463332,59.12736700000001,2.5756726046789904,5.887243641893059,3.797749438090148,0.2185876760347789,1.0449637387401147,12.8,4.030726487327073,448.0,70126273.0,8726518.0,17.447688557516788
E,4e6c7bacaac99a89,1377,"grid 256x256 u[1,100]",grid,65536,261120,261120,468,189.324493,557.9487179487179,dial,1.594749,gpu-frontier,6.77714819,0.37982881000000024,0.222824385211801,0.23531269426174373,-13.644039244942997,0.23817466573109639,12.47069163602941,1.0021367521367521,6.107341452205882,469.0,3256347.0,818279.0,0.22018227004420224
E,4e6c7bacaac99a89,8773,"grid 256x256 u[1,100]",grid,65536,261120,261120,317,303.329529,823.7223974763407,dial,1.616787,gpu-frontier,4.610742910000001,0.3783108600000009,0.32422866727470057,0.3506565062418541,-7.914009949383937,0.2339893010025445,8.520672487745099,1.003154574132492,6.1917394301470585,318.0,2224918.0,559127.0,0.32829882442517855
E,4e6c7bacaac99a89,8939,"grid 256x256 u[1,100]",grid,65536,261120,261120,414,211.716339,630.7246376811594,dial,1.634074,gpu-frontier,6.03339988,0.3830949600000002,0.25409811848397684,0.2708380071768092,-11.483643324360095,0.2344416225948153,11.30640318627451,1.002415458937198,6.257942708333333,415.0,2952328.0,741326.0,0.2547721976924333
E,4e6c7bacaac99a89,22996,"grid 256x256 u[1,100]",grid,65536,261120,261120,404,223.738373,646.3366336633663,dial,1.689045,gpu-frontier,5.85821206,0.37580791999999974,0.27092881354627224,0.28832090451843423,-11.093877585123812,0.2224972810079067,9.603473498774509,1.0024752475247525,6.468462775735294,405.0,2507659.0,629804.0,0.26980060591708505
E,4e6c7bacaac99a89,29570,"grid 256x256 u[1,100]",grid,65536,261120,261120,422,212.070587,618.7677725118483,dial,1.593317,gpu-frontier,6.125665870000001,0.37909906999999965,0.24491246774538908,0.26010511082609866,-11.955578973063703,0.23793072564969786,11.271740962009805,1.0023696682464456,6.101857383578431,423.0,2943277.0,738928.0,0.24375029476375745
E,4e6c7bacaac99a89,59726,"grid 256x256 u[1,100]",grid,65536,261120,261120,441,202.936951,592.1088435374149,dial,1.635845,gpu-frontier,6.3910418799999995,0.3875649300000008,0.24129635622728965,0.2559590487302518,-12.269419939518237,0.23692032558096934,12.347943474264707,1.002267573696145,6.264725030637255,442.0,3224295.0,809717.0,0.23956628260355456
E,546ebf08dc181db3,88182,"uniform n=4194304 u[1,100]",uniform,4194304,33554386,33554380,33,1867671.21,1016799.3939393939,delta-omp,113.402477,gpu-nearfar,14.1892648,29.779063900000004,2.5822832505199065,7.99213198135537,3.3316430809633335,0.2625962385283701,1.0448374847039343,13.575757575757576,3.3796624166502256,448.0,35058874.0,4362632.0,14.193741389088
E,546ebf08dc181db3,561519,"uniform n=4194304 u[1,100]",uniform,4194304,33554386,33554380,31,1747781.4,1082399.3548387096,delta-omp,111.726736,gpu-nearfar,14.192778,30.113692399999998,2.5242658098597768,7.872083675232572,3.2388574839796136,0.2695298679449474,1.0448001125337438,14.129032258064516,3.329721365735263,438.0,35057620.0,4362345.0,14.03794827193549
E,546ebf08dc181db3,572132,"uniform n=4194304 u[1,100]",uniform,4194304,33554386,33554380,32,1681375.15,1048574.375,delta-omp,114.103896,gpu-nearfar,14.1213781,29.834734799999996,2.5967837530364095,8.08022384160934,3.3512118867569094,0.2614699045859047,1.0446967877219009,13.375,3.400566364212362,428.0,35054153.0,4362187.0,14.309027073596646
E,546ebf08dc181db3,1471773,"uniform n=4194304 u[1,100]",uniform,4194304,33554386,33554380,35,1827865.45,958696.5714285715,delta-omp,112.197707,gpu-nearfar,14.2917396,29.541678400000002,2.559638561610687,7.850528356953831,3.3141640117509366,0.2633001973917346,1.0446951187892608,13.028571428571428,3.3437574170644786,456.0,35054097.0,4362071.0,13.98918982548302
E,546ebf08dc181db3,1892532,"uniform n=4194304 u[1,100]",uniform,4194304,33554386,33554380,34,1728085.24,986893.5294117647,delta-omp,114.182705,gpu-nearfar,14.034340799999999,29.8819115,2.600610470759928,8.1359507102749,3.3514711466835045,0.26170260636232084,1.044826547234668,12.941176470588236,3.4029150590772352,440.0,35058507.0,4362623.0,14.263988936905657
E,546ebf08dc181db3,3822512,"uniform n=4194304 u[1,100]",uniform,4194304,33554386,33554380,33,1743586.7,1016799.3939393939,delta-omp,112.011948,gpu-nearfar,14.152051199999999,29.706111899999996,2.5527616761404666,7.9148913763115845,3.294268099757613,0.26520485028972085,1.0446859098573718,13.515151515151516,3.3382213588807184,446.0,35053788.0,4362230.0,14.019699255775276
E,554446d8c7f8acde,44091,"uniform n=2097152 u[1,100]",uniform,2097152,16777186,16777182,33,861246.198,508399.45454545453,delta-omp,46.102155,gpu-nearfar,6.175225859999999,15.28170522,2.153215010747357,7.465662964431233,2.6127273471906434,0.3314748566525794,1.0444172328821373,12.727272727272727,2.747908140950012,420.0,17522378.0,2180660.0,10.852397136552895
E,554446d8c7f8acde,280759,"uniform n=2097152 u[1,100]",uniform,2097152,16777186,16777182,31,849266.73,541199.4193548387,delta-omp,47.179799,gpu-nearfar,6.20569402,15.36228788,2.1870959122595317,7.602662788069593,2.667187680641225,0.3256115584553465,1.0443201963237927,13.290322580645162,2.8121408589356665,412.0,17520750.0,2180358.0,11.186927746162599
E,554446d8c7f8acde,286066,"uniform n=2097152 u[1,100]",uniform,2097152,16777186,16777182,32,860673.087,524286.9375,delta-omp,46.603497,gpu-nearfar,6.19402802,15.16006188,2.1933447899545193,7.523940293702449,2.6655213745077404,0.3252988049373205,1.0442671480824373,13.1875,2.777790513329354,422.0,17519860.0,2180441.0,11.010201037159707
E,554446d8c7f8acde,735886,"uniform n=2097152 u[1,100]",uniform,2097152,16777186,16777182,31,847514.187,541199.4193548387,delta-omp,45.36662,gpu-nearfar,6.111873879999999,14.968689120000002,2.152059221568228,7.422702249870379,2.622457170785306,0.3299494015644102,1.0445319720558555,12.96774193548387,2.704066749708026,402.0,17524303.0,2180786.0,10.757000046304034
E,554446d8c7f8acde,946266,"uniform n=2097152 u[1,100]",uniform,2097152,16777186,16777182,31,840990.183,541199.4193548387,delta-omp,46.236961,gpu-nearfar,6.11516016,15.243705839999999,2.164023294171641,7.561038434028521,2.63202408004483,0.329686586451908,1.0443524425019648,13.806451612903226,2.755943220977158,428.0,17521291.0,2180415.0,10.963368917895092
E,554446d8c7f8acde,1911256,"uniform n=2097152 u[1,100]",uniform,2097152,16777186,16777182,32,848176.476,524286.9375,delta-omp,44.818087,gpu-nearfar,6.13878385,15.187665159999998,2.1019118553170086,7.30080877501494,2.546757697283866,0.3388735703958091,1.0447795702520244,13.125,2.671371568836769,420.0,17528457.0,2181269.0,10.588393140774693
E,7868820d38faf884,352728,"grid 4096x4096 u[1,100]",grid,16777216,67092480,67092480,6489,3488.67031,10339.417475728156,dial,1551.20235,gpu-nearfar,618.0979679999999,58.93709100000012,2.29158124524413,2.5096383264602484,15.832209669119878,0.037994457009428925,1.025442419180212,14.149483741716752,23.120360880980996,91816.0,68799475.0,17204047.0,13.538162857219104
E,7868820d38faf884,2246077,"grid 4096x4096 u[1,100]",grid,16777216,67092480,67092480,6962,3253.0633,9636.954898017812,dial,1535.03248,gpu-nearfar,641.978104,64.666789,2.174789633012199,2.391097874577978,13.810093091215649,0.04212730990552069,1.0254633306146979,13.942545245619074,22.879352201617827,97068.0,68800878.0,17204396.0,12.598615913647805
E,7868820d38faf884,2288530,"grid 4096x4096 u[1,100]",grid,16777216,67092480,67092480,4556,5381.73619,14726.180860403863,delta-omp,975.562922,gpu-nearfar,452.37239700000003,59.11725999999999,1.9072974568476952,2.1565482962038462,8.850046923690307,0.06059810050878501,1.0254016843616454,14.185689201053556,14.540570299383775,64630.0,68796742.0,17203362.0,11.490050810957046
E,7868820d38faf884,5887093,"grid 4096x4096 u[1,100]",grid,16777216,67092480,67092480,7871,2847.49956,8524.009655698132,dial,1543.60824,gpu-nearfar,715.645086,58.95368199999996,1.992934828112548,2.1569466069106777,14.044299285666341,0.03819212703865844,1.0253973917792276,13.812222081057044,23.007172189789376,108716.0,68796454.0,17203285.0,11.367101846726836
E,7868820d38faf884,7570129,"grid 4096x4096 u[1,100]",grid,16777216,67092480,67092480,5868,3845.24651,11433.61963190184,dial,1543.98253,gpu-nearfar,567.939714,59.21814599999993,2.4627084303527553,2.7185676436073285,16.482157614323167,0.038354155470917105,1.0254579052674755,14.305725971370142,23.01275090740423,83946.0,68800514.0,17204309.0,14.698082383063584
E,7868820d38faf884,15290050,"grid 4096x4096 u[1,100]",grid,16777216,67092480,67092480,4488,5407.80457,14949.304812834225,delta-omp,966.34291,gpu-nearfar,449.279078,58.96420499999999,1.8995338222611549,2.1508744949837166,8.769113939550275,0.06101788960194264,1.025381875882364,14.248663101604278,14.403147863963294,63948.0,68795413.0,17203037.0,11.52313744744993
E,b3591a002e8970cb,11022,"grid 1024x512 u[1,100]",grid,524288,2094080,2094080,1118,680.011524,1873.0590339892665,dial,16.729083,gpu-frontier,27.4008218,2.151497499999998,0.5658790718127389,0.6105321629441055,-4.960144643440214,0.12860821480770931,25.26151818459658,1.0008944543828264,7.9887506685513445,1119.0,52899640.0,13249396.0,0.9488837936899633
E,b3591a002e8970cb,70189,"grid 1024x512 u[1,100]",grid,524288,2094080,2094080,1202,608.976662,1742.16306156406,dial,16.678823,gpu-frontier,32.0360431,2.135996900000002,0.4880839130470408,0.5206268123668494,-7.189720219163232,0.1280664049255755,31.180192733801956,1.0008319467554077,7.964749675275062,1203.0,65293818.0,16348895.0,0.8815527557189563
E,b3591a002e8970cb,71516,"grid 1024x512 u[1,100]",grid,524288,2094080,2094080,1333,521.943119,1570.9527381845462,dial,17.084282,gpu-frontier,38.8378587,2.1095685000000017,0.4170841732230082,0.43988733086358345,-10.31186079048866,0.12348007952573023,41.60457575641809,1.0007501875468867,8.158371217909535,1334.0,87123310.0,21811308.0,0.8162227999885862
E,b3591a002e8970cb,183971,"grid 1024x512 u[1,100]",grid,524288,2094080,2094080,1495,449.139698,1400.7224080267558,dial,16.693773,gpu-frontier,41.454770599999996,2.158847999999999,0.38289982462151373,0.40269847736173464,-11.469541903830194,0.12932055563472672,42.59492426268337,1.0006688963210701,7.9718888485635695,1496.0,89197179.0,22343383.0,0.7128640675049195
E,b3591a002e8970cb,236566,"grid 1024x512 u[1,100]",grid,524288,2094080,2094080,1461,468.642899,1433.3196440793977,dial,16.504901,gpu-frontier,47.3489622,2.1216453999999985,0.33372274964527215,0.34857999485361474,-14.537802217090578,0.12854638752452974,53.24197213095966,1.000684462696783,7.881695541717604,1462.0,111492949.0,27911107.0,0.7208661233754992
E,b3591a002e8970cb,477814,"grid 1024x512 u[1,100]",grid,524288,2094080,2094080,1201,633.196259,1743.6136552872606,dial,17.084791,gpu-frontier,29.9334559,2.1565911,0.5316296766441568,0.5707590549208854,-5.957858631615423,0.12622870832894592,27.842400003820295,1.0008326394671108,8.158614284077018,1202.0,58304213.0,14607442.0,0.9037433455705975
E,b4ec2217bce11c78,5511,"uniform n=262144 u[1,100]",uniform,262144,2097108,2097108,26,113011.313,80658.0,delta-omp,4.118483,gpu-frontier,1.151660986,1.8259290140000002,1.383159870902307,3.5761244411903697,1.6248287809944402,0.44334989703733146,3.263854317469582,1.0,1.9638869338155214,26.0,6844655.0,852240.0,4.7512306161524105
E,b4ec2217bce11c78,35094,"uniform n=262144 u[1,100]",uniform,262144,2097108,2097108,26,105154.08,80658.0,delta-omp,4.260646,gpu-frontier,1.163835022,1.8282690039999998,1.4325144246788175,3.6608676654860113,1.693848646574769,0.4291060566871783,3.2437380430573914,1.0,2.031676957028441,26.0,6802469.0,846220.0,4.915234983314804
E,b4ec2217bce11c78,35758,"uniform n=262144 u[1,100]",uniform,262144,2097108,2097108,26,104863.196,80658.0,delta-omp,4.311872,gpu-frontier,1.143639025,1.8414500250000003,1.4438669995606657,3.7703085551841853,1.7205098873101374,0.42706509492860645,3.337788993223048,1.0,2.0561039297928385,26.0,6999704.0,870132.0,4.974331145552944
E,b4ec2217bce11c78,91985,"uniform n=262144 u[1,100]",uniform,262144,2097108,2097108,25,105359.601,83884.32,delta-omp,4.307697,gpu-frontier,1.16929598,1.84610694,1.431071994163686,3.684009073562367,1.700010412181214,0.4285600728184921,3.440480890826796,1.04,2.05411309288792,26.0,7215060.0,896919.0,5.059113380041536
E,b4ec2217bce11c78,118283,"uniform n=262144 u[1,100]",uniform,262144,2097108,2097108,24,104794.623,87379.5,delta-omp,4.297985,gpu-frontier,1.088105005,1.8211980260000002,1.4725208425123526,3.9499726407379216,1.7625101439682755,0.42373298790014396,3.1242930740810677,1.0,2.0494819532422746,24.0,6551980.0,814709.0,5.140386688889936
E,b4ec2217bce11c78,238907,"uniform n=262144 u[1,100]",uniform,262144,2097108,2097108,25,112222.759,83884.32,delta-omp,4.132512,gpu-frontier,1.17411704,1.827227,1.3784349030378515,3.5196763688907877,1.6190626342539818,0.4421589096413997,3.431028349517526,1.04,1.9705766226632104,26.0,7195237.0,894357.0,4.853369852239424
E,bdcb775028e8cf1e,22045,"uniform n=1048576 u[1,100]",uniform,1048576,8388572,8388572,29,467334.398,289261.1034482759,delta-omp,18.858531,gpu-nearfar,3.8840139199999997,7.86891011,1.7359258696391173,4.855423123715273,1.9029976033110385,0.4172599716276947,1.0451453477421426,12.96551724137931,2.248121730373179,376.0,8767277.0,1090927.0,8.142903326177578
E,bdcb775028e8cf1e,140379,"uniform n=1048576 u[1,100]",uniform,1048576,8388572,8388572,29,463513.001,289261.1034482759,delta-omp,19.920816,gpu-nearfar,3.9457409599999997,7.82526699,1.820142062116382,5.048688244349421,2.0414734807661814,0.39281859688880216,1.0449721359010806,13.379310344827585,2.374756513981164,388.0,8765824.0,1090811.0,8.601586139799092
E,bdcb775028e8cf1e,143033,"uniform n=1048576 u[1,100]",uniform,1048576,8388572,8388572,29,467388.315,289261.1034482759,delta-omp,19.870724,gpu-nearfar,3.96431507,7.87841299,1.8489617950671273,5.0123977658516425,2.0189864316823534,0.3964834391540037,1.0441119179760274,13.379310344827585,2.3687850566222712,388.0,8758608.0,1089975.0,8.579956972955987
E,bdcb775028e8cf1e,367943,"uniform n=1048576 u[1,100]",uniform,1048576,8388572,8388572,31,467332.546,270599.0967741936,delta-omp,19.07066,gpu-nearfar,3.90947406,7.892241010000001,1.7638819969560908,4.878062805205056,1.9210241958893242,0.41384204899043875,1.0445974594960858,12.387096774193548,2.273409586280001,384.0,8762681.0,1090482.0,8.126758242905378
E,bdcb775028e8cf1e,473133,"uniform n=1048576 u[1,100]",uniform,1048576,8388572,8388572,30,425426.162,279619.06666666665,delta-omp,19.272672,gpu-nearfar,3.95695491,7.88893491,1.7594045255068245,4.870581656438436,1.9414176013273763,0.4093327022843537,1.0448265807338841,12.933333333333334,2.2974913966286516,388.0,8764603.0,1090555.0,8.266925650189672
E,bdcb775028e8cf1e,955628,"uniform n=1048576 u[1,100]",uniform,1048576,8388572,8388572,30,456452.354,279619.06666666665,delta-omp,19.250684,gpu-nearfar,3.9928141,7.88806211,1.765856645787797,4.821332403128911,1.934298904753426,0.4097549006570364,1.0447055827857232,13.0,2.294870211521103,390.0,8763588.0,1090577.0,8.25749399685191
E,c66701076edbaf96,22045,"grid 1024x1024 u[1,100]",grid,1048576,4190208,4190208,1102,1363.92241,3802.366606170599,dial,46.777277,gpu-frontier,42.2142302,3.793664799999995,1.016159483849564,1.1080926213360156,1.2028070587575375,0.08110059078470931,25.511292518175708,1.0009074410163339,11.163473746410679,1103.0,106897622.0,26763214.0,2.6202663537836046
E,c66701076edbaf96,140379,"grid 1024x1024 u[1,100]",grid,1048576,4190208,4190208,1570,949.169451,2668.9222929936304,dial,47.098515,gpu-frontier,61.2564907,3.7807293000000044,0.7241778630759432,0.7688738689041487,-3.7447737133679433,0.0802727920402587,37.72577542690005,1.0006369426751593,11.240137721086876,1571.0,158078846.0,39565918.0,1.881176524502055
E,c66701076edbaf96,143033,"grid 1024x1024 u[1,100]",grid,1048576,4190208,4190208,1679,828.452028,2495.656938653961,dial,47.45156,gpu-frontier,66.8757791,3.827803899999992,0.6711337387243869,0.7095477710853315,-5.074507369617352,0.08066760924192992,41.54964956393573,1.0005955926146515,11.324392488391984,1680.0,174101674.0,43574218.0,1.7765415805256675
E,c66701076edbaf96,367943,"grid 1024x1024 u[1,100]",grid,1048576,4190208,4190208,1891,738.144909,2215.8688524590166,dial,47.154659,gpu-frontier,76.14324450000001,3.8402515999999878,0.5900337517262414,0.6192888063759878,-7.548616215666728,0.08143949466371897,47.01588202781342,1.0005288207297727,11.253536578613758,1892.0,197006325.0,49309627.0,1.573676298938565
E,c66701076edbaf96,473133,"grid 1024x1024 u[1,100]",grid,1048576,4190208,4190208,1603,861.593718,2613.9787897691826,dial,47.013303,gpu-frontier,68.7141241,3.8047068999999993,0.6482909659699285,0.6841868919347834,-5.703677489585337,0.08092830448437115,43.35846191883553,1.0006238303181534,11.219801737765762,1604.0,181680974.0,45471742.0,1.8405306484781336
E,c66701076edbaf96,955628,"grid 1024x1024 u[1,100]",grid,1048576,4190208,4190208,1832,761.153444,2287.231441048035,dial,47.323127,gpu-frontier,73.7359027,3.8016936000000072,0.6100770016619375,0.6417921971137678,-6.947633996595608,0.08033479275365736,45.686018689287025,1.0005458515283843,11.293741742653348,1833.0,191433921.0,47915434.0,1.6285246239703
E,c78d951a42d42613,176364,"grid 4096x2048 u[1,100]",grid,8388608,33542144,33542144,5848,1885.20807,5735.66073871409,dial,724.695011,gpu-nearfar,505.900552,33.05102700000003,1.344638441072273,1.4324851161656769,6.619898952005328,0.04560680906909132,1.0254814063167816,13.604651162790697,21.60550652337549,79560.0,34396845.0,8602348.0,7.451310346037342
E,c78d951a42d42613,1123038,"grid 4096x2048 u[1,100]",grid,8388608,33542144,33542144,3828,3197.68901,8762.315569487982,dial,732.767965,gpu-nearfar,350.315613,32.89667800000001,1.9121015386378872,2.091736530738069,11.625865444529078,0.044893717481222055,1.02546462146248,14.067920585161964,21.846187441089036,53852.0,34396282.0,8602211.0,11.061178115465971
E,c78d951a42d42613,1144265,"grid 4096x2048 u[1,100]",grid,8388608,33542144,33542144,5207,2190.26758,6441.740733627808,dial,725.454877,gpu-nearfar,454.847053,33.10465900000003,1.4805151354772343,1.5949424586026724,8.174312383039492,0.045632967741424425,1.025417993554616,13.690800845016325,21.628160591046296,71288.0,34394718.0,8601820.0,8.298793314381625
E,c78d951a42d42613,2943546,"grid 4096x2048 u[1,100]",grid,8388608,33542144,33542144,5247,2200.90029,6392.632742519535,dial,723.827178,gpu-nearfar,460.254781,32.99728099999999,1.467961647127167,1.5726662880662179,7.987700471441878,0.04558723684730167,1.0252569424303943,13.703830760434535,21.579633609586793,71904.0,34389316.0,8600463.0,8.222414025710151
E,c78d951a42d42613,3785064,"grid 4096x2048 u[1,100]",grid,8388608,33542144,33542144,5782,1860.29692,5801.131788308544,dial,728.913755,gpu-nearfar,514.988821,33.825125999999955,1.3281618642975195,1.4153972383023825,6.324438643628417,0.04640483976050082,1.025442321158719,14.019024558976133,21.731280952106104,81058.0,34395534.0,8602017.0,7.5735882304533115
E,c78d951a42d42613,7645025,"grid 4096x2048 u[1,100]",grid,8388608,33542144,33542144,5014,2328.51778,6689.69764658955,dial,722.26598,gpu-nearfar,438.114428,32.962755000000016,1.5332221683935816,1.6485783937706795,8.62038236791797,0.04563797259286671,1.0253604241875534,13.65017949740726,21.53308923842197,68442.0,34392787.0,8601336.0,8.55217993609022
E,ce56415c0a35d9b5,11022,"uniform n=524288 u[1,100]",uniform,524288,4194278,4194278,28,233190.781,149795.64285714287,delta-omp,8.311816,gpu-frontier,2.55363205,3.4811000300000003,1.3760384875492415,3.2548996242430466,1.654127689631487,0.4188134133383126,3.644223630384061,1.0,1.98170364482278,28.0,15284887.0,1901162.0,6.088259270239439
E,ce56415c0a35d9b5,70189,"uniform n=524288 u[1,100]",uniform,524288,4194278,4194278,30,232713.092,139809.26666666666,delta-omp,8.643363,gpu-frontier,2.5464650900000003,3.4743801199999997,1.4407204199666164,3.3942593730982584,1.754816024563254,0.4019708671266033,3.642054484705115,1.0,2.060751099474093,30.0,15275789.0,1899346.0,6.1918580052857175
E,ce56415c0a35d9b5,71516,"uniform n=524288 u[1,100]",uniform,524288,4194278,4194278,29,224092.792,144630.27586206896,delta-omp,8.535744,gpu-frontier,2.5508159200000002,3.5389650399999995,1.3954022601421043,3.346279883653854,1.6911520776141944,0.41460533961655827,3.683245125859564,1.0,2.0350925713555466,29.0,15448554.0,1921949.0,6.182758115193563
E,ce56415c0a35d9b5,183971,"uniform n=524288 u[1,100]",uniform,524288,4194278,4194278,27,220106.369,155343.62962962964,delta-omp,8.419408,gpu-frontier,2.4016881,3.4946359800000004,1.4283772002075874,3.5056209005657317,1.721987621726484,0.4150690856174211,3.4750750903969645,1.0,2.007355735599786,27.0,14575431.0,1813203.0,6.237205256561877
E,ce56415c0a35d9b5,236566,"uniform n=524288 u[1,100]",uniform,524288,4194278,4194278,29,228554.284,144630.27586206896,delta-omp,8.441894,gpu-frontier,2.4072001100000002,3.4539598899999997,1.4403111329497915,3.5069348679948336,1.747181230295063,0.40914513851986295,3.4269931559138427,1.0,2.012716849002379,29.0,14373762.0,1788280.0,6.114779055710182
E,ce56415c0a35d9b5,477814,"uniform n=524288 u[1,100]",uniform,524288,4194278,4194278,27,215480.785,155343.62962962964,delta-omp,8.253081,gpu-frontier,2.38030704,3.4701370500000004,1.4093534865659345,3.4672337901416284,1.6923752218950543,0.42046564791984964,3.4234988715578702,0.9629629629629629,1.9677000427725582,26.0,14359106.0,1786152.0,6.113988085151705
E,e886722795e73a74,44091,"grid 2048x1024 u[1,100]",grid,2097152,8382464,8382464,2762,966.33621,3034.925416364953,dial,136.764205,gpu-nearfar,232.745452,8.665241000000009,0.566520908003027,0.587612792536973,-11.076581366865607,0.06335898344161038,1.0255818575540556,13.595220854453295,16.31551355305552,37550.0,8596903.0,2150798.0,3.089253448276031
E,e886722795e73a74,280759,"grid 2048x1024 u[1,100]",grid,2097152,8382464,8382464,2000,1497.7188,4191.232,dial,137.727554,gpu-frontier,139.110576,6.954430000000002,0.9429185140925895,0.9900581103193764,-0.19886920998557908,0.050494108099821494,50.40952707938859,1.0005,16.43043787602309,2001.0,422556046.0,105729794.0,4.228284950345335
E,e886722795e73a74,286066,"grid 2048x1024 u[1,100]",grid,2097152,8382464,8382464,2612,1094.27662,3209.2128637059723,dial,139.758992,gpu-frontier,177.18974799999998,7.031187999999986,0.7588286160070492,0.7887532635353148,-5.323532239502065,0.05030937830461732,64.1514374532357,1.0003828483920367,16.672781654654287,2613.0,537747115.0,134568903.0,3.330117068445679
E,e886722795e73a74,735886,"grid 2048x1024 u[1,100]",grid,2097152,8382464,8382464,2731,965.16778,3069.3753203954593,dial,135.288182,gpu-nearfar,232.898008,8.63542000000001,0.5602420132253594,0.5808902496066003,-11.303425426904525,0.06382981774416933,1.0255872259039824,13.794214573416332,16.13942893163633,37672.0,8596948.0,2150803.0,3.0891202646186837
E,e886722795e73a74,946266,"grid 2048x1024 u[1,100]",grid,2097152,8382464,8382464,2852,933.0862,2939.152875175316,dial,135.459482,gpu-frontier,229.024736,7.005094000000014,0.573827923496169,0.5914622340182504,-13.356744963022594,0.051713574395626384,85.06159262956572,1.0003506311360448,16.15986445035732,2853.0,713025738.0,178395999.0,2.9671790142468577
E,e886722795e73a74,1911256,"grid 2048x1024 u[1,100]",grid,2097152,8382464,8382464,2314,1266.79112,3622.4995678478826,dial,134.90723,gpu-frontier,175.260849,6.9660869999999875,0.7403254039238195,0.7697510925557595,-5.792867502229025,0.051636128026644586,64.83663180659052,1.0004321521175454,16.093982628496825,2315.0,543490732.0,135977934.0,3.607785126719962
HO,33a5cdf17db6a2ef,22045,"grid 1024x1024 natural u[1,100]",grid,1048576,4190208,4190208,1631,853.43277,2569.1036174126302,dial,22.789427,gpu-frontier,68.5008883,3.775046500000002,0.3152391167494392,0.3326880507037162,-12.108847215524358,0.1656490310177611,44.37038734115347,1.0006131207847946,5.438734067616691,1632.0,185921152.0,46532796.0,0.8774211469616973
HO,33a5cdf17db6a2ef,78040,"grid 1024x1024 natural u[1,100]",grid,1048576,4190208,4190208,1833,763.815434,2285.983633387889,dial,22.972668,gpu-frontier,73.5881437,3.7862448999999856,0.2970224468975652,0.3121789305306257,-13.368251932145276,0.16481520126438887,46.5295787225837,1.0005455537370431,5.482464832294721,1834.0,194968613.0,48798362.0,0.7901380120592524
HO,33a5cdf17db6a2ef,140379,"grid 1024x1024 natural u[1,100]",grid,1048576,4190208,4190208,1909,732.203407,2194.9753797799895,dial,23.041977,gpu-frontier,77.8959744,3.757360399999996,0.2821804347167712,0.2958044645757714,-14.599077959090657,0.1630658862301614,49.50206791643756,1.000523834468308,5.499005538627199,1910.0,207423961.0,51916578.0,0.7619454101146501
HO,33a5cdf17db6a2ef,143033,"grid 1024x1024 natural u[1,100]",grid,1048576,4190208,4190208,1617,859.426054,2591.3469387755104,dial,24.373269,gpu-frontier,61.528912999999996,3.7903764000000066,0.37320853496893835,0.39612708581411155,-9.80262646211071,0.15551366540122322,37.61980001947397,1.0006184291898577,5.816720554206379,1618.0,157634787.0,39453695.0,0.946230959674619
HO,33a5cdf17db6a2ef,367943,"grid 1024x1024 natural u[1,100]",grid,1048576,4190208,4190208,1423,1090.09277,2944.6296556570624,dial,25.410938,gpu-frontier,51.212417099999996,3.736508900000004,0.46244649076489686,0.4961870467933841,-6.905236891045534,0.1470433283493905,30.603031400827835,1.000702740688686,6.064361960074535,1424.0,128233067.0,32099323.0,1.1154921530849486
HO,33a5cdf17db6a2ef,473133,"grid 1024x1024 natural u[1,100]",grid,1048576,4190208,4190208,1655,856.371605,2531.847734138973,dial,24.937431,gpu-frontier,68.837035,3.7301272999999924,0.3438576945457766,0.36226765141758355,-11.768929173007068,0.14957945347297372,43.48926115362292,1.0006042296072508,5.951358739232038,1656.0,182229050.0,45608386.0,0.946692663872773
HO,33a5cdf17db6a2ef,493619,"grid 1024x1024 natural u[1,100]",grid,1048576,4190208,4190208,1628,861.499395,2573.837837837838,dial,25.102913,gpu-frontier,69.9775936,3.7947963999999956,0.3401753263447657,0.35872786857306277,-11.825319693040727,0.1511695634685901,45.40452598057185,1.0006142506142506,5.990851289482527,1629.0,190254408.0,47616210.0,0.9682100377358152
HO,33a5cdf17db6a2ef,955628,"grid 1024x1024 natural u[1,100]",grid,1048576,4190208,4190208,1806,780.23987,2320.159468438538,dial,23.733856,gpu-frontier,73.9583064,3.7228093999999885,0.3055639104559187,0.32090859235792346,-13.491007731956449,0.15685649226151827,47.08573369150171,1.0005537098560355,5.664123594819159,1807.0,197299018.0,49381096.0,0.8281250269221019
HO,7b02059ef226d677,78040,"rmat n=1048576 u[1,100]",rmat,1048576,8175464,8173592,12,217580.348,681132.6666666666,delta-omp,11.474057,gpu-frontier,3.71932111,6.339466010000001,1.142176246057426,3.084986926552303,1.2232474908403206,0.5525043156051953,3.1124501932565267,1.0833333333333333,1.4037961522914284,13.0,25439898.0,1338174.0,5.716950946419451
HO,7b02059ef226d677,93798,"rmat n=1048576 u[1,100]",rmat,1048576,8175464,8173592,14,253224.8,583828.0,delta-omp,16.34912,gpu-frontier,3.9111709799999996,6.239389879999999,1.6195956459359482,4.180108740733191,1.9934559723329874,0.38163460051672504,3.5618236143913227,1.0,2.0002368603668987,14.0,29112893.0,1485158.0,8.023212540398278
HO,7b02059ef226d677,283052,"rmat n=1048576 u[1,100]",rmat,1048576,8175464,8173592,13,213316.502,628737.8461538461,delta-omp,11.46896,gpu-frontier,3.99669105,6.259260950000001,1.11827356446286,2.86961385218905,1.1937941251674447,0.5457566291974164,3.4619383986868932,1.0,1.4031725586498567,13.0,28296472.0,1484342.0,5.6710335204110445
HO,7b02059ef226d677,299936,"rmat n=1048576 u[1,100]",rmat,1048576,8175464,8173592,12,217021.368,681132.6666666666,delta-omp,15.063115,gpu-frontier,3.7235799299999996,6.29538705,1.5003627118836524,4.045331450693473,1.8012450989808482,0.41793394327800065,3.071939362767312,1.0833333333333333,1.8429002817855356,13.0,25108779.0,1308145.0,7.5051997349564346
HO,7b02059ef226d677,493619,"rmat n=1048576 u[1,100]",rmat,1048576,8175464,8173592,12,215521.631,681132.6666666666,delta-omp,13.720079,gpu-frontier,4.045786,6.32888108,1.3130879372416489,3.391202352274688,1.5285945300144588,0.4612860523616519,3.457377246136093,1.0833333333333333,1.6785862323443597,13.0,28259191.0,1490736.0,6.836031808452724
HO,7b02059ef226d677,497647,"rmat n=1048576 u[1,100]",rmat,1048576,8175464,8173592,13,220593.528,628737.8461538461,delta-omp,12.222923,gpu-frontier,4.16260798,6.321728020000001,1.1658270967279185,2.936361785382442,1.2750176841679437,0.517202638026927,3.666062852170747,1.0769230769230769,1.495416335926726,14.0,29964902.0,1562425.0,6.043844084415948
HO,7b02059ef226d677,583195,"rmat n=1048576 u[1,100]",rmat,1048576,8175464,8173592,12,249729.293,681132.6666666666,delta-omp,12.798696,gpu-nearfar,3.6602029899999997,7.66285902,1.264099703380389,3.496717541340515,1.1925696383227993,0.5987218557265521,1.6014864700856124,21.833333333333332,1.5658594165209128,262.0,13089897.0,527973.0,6.376952564392424
HO,7b02059ef226d677,842254,"rmat n=1048576 u[1,100]",rmat,1048576,8175464,8173592,11,239713.407,743053.8181818182,delta-omp,15.976227,gpu-frontier,3.46448991,6.29398389,1.6453983211119751,4.611422580243565,1.987888324575931,0.3939593428410851,2.7023182708410207,1.0909090909090908,1.9546151802047373,12.0,22087647.0,1169214.0,8.02151467233696
HO,bdcb775028e8cf1e,22045,"uniform n=1048576 u[1,100]",uniform,1048576,8388572,8388572,29,467334.398,289261.1034482759,delta-omp,19.488833,gpu-nearfar,3.86478101,7.751036900000001,1.8102843124687662,5.042674591282987,2.0157370157791403,0.3977168309667388,1.0451803954236787,12.89655172413793,2.3232599064536847,374.0,8767571.0,1090960.0,8.41506069900245
HO,bdcb775028e8cf1e,78040,"uniform n=1048576 u[1,100]",uniform,1048576,8388572,8388572,30,466912.587,279619.06666666665,delta-omp,19.614104,gpu-nearfar,3.8938269400000003,7.8161830299999995,1.825002419180754,5.037230545228083,2.011247305706965,0.3984980924950739,1.0444920780318747,12.733333333333333,2.3381934374527633,382.0,8761797.0,1090374.0,8.413381365235077
HO,bdcb775028e8cf1e,140379,"uniform n=1048576 u[1,100]",uniform,1048576,8388572,8388572,29,463513.001,289261.1034482759,delta-omp,19.910719,gpu-nearfar,3.92823111,7.92604593,1.837014194873873,5.068622095404158,2.016451586472197,0.3980793425892857,1.0450285221370217,13.379310344827585,2.3735528526190155,388.0,8766297.0,1090895.0,8.597226367827224
HO,bdcb775028e8cf1e,143033,"uniform n=1048576 u[1,100]",uniform,1048576,8388572,8388572,29,467388.315,289261.1034482759,delta-omp,19.784283,gpu-nearfar,3.9543509,7.751924090000001,1.8622419098964165,5.003168282308987,2.042064901076708,0.3918223415020904,1.0440831884139516,13.379310344827585,2.358480442201605,388.0,8758367.0,1089951.0,8.542632713371923
HO,bdcb775028e8cf1e,367943,"uniform n=1048576 u[1,100]",uniform,1048576,8388572,8388572,31,467332.546,270599.0967741936,delta-omp,19.899775,gpu-nearfar,3.99847198,7.78618108,1.8513292322050827,4.97684492964735,2.042246751856945,0.39126980480935086,1.0446019894685292,12.387096774193548,2.3722482205552984,384.0,8762719.0,1090469.0,8.480076752100473
HO,bdcb775028e8cf1e,473133,"uniform n=1048576 u[1,100]",uniform,1048576,8388572,8388572,30,425426.162,279619.06666666665,delta-omp,19.59059,gpu-nearfar,3.95995811,7.777350929999999,1.8122304573389838,4.94717101944293,2.0097629682244516,0.39699421661113826,1.0448410051198225,12.933333333333334,2.335390338188669,388.0,8764724.0,1090577.0,8.403295141086263
HO,bdcb775028e8cf1e,493619,"uniform n=1048576 u[1,100]",uniform,1048576,8388572,8388572,27,460651.706,310687.85185185185,delta-omp,19.342921,gpu-nearfar,3.85109192,7.972228080000001,1.7926546364403144,5.02271080561484,1.9432245194871542,0.4121522328504573,1.045278385880219,13.703703703703704,2.3058657659491986,370.0,8768393.0,1091122.0,8.464272114544734
HO,bdcb775028e8cf1e,955628,"uniform n=1048576 u[1,100]",uniform,1048576,8388572,8388572,30,456452.354,279619.06666666665,delta-omp,19.11621,gpu-nearfar,3.98638602,7.803412010000001,1.7782337317261188,4.795373529831915,1.9388728879894166,0.40820915913771616,1.0447349083968045,13.0,2.2788395927220986,390.0,8763834.0,1090628.0,8.199811981618963
HO,c66701076edbaf96,22045,"grid 1024x1024 u[1,100]",grid,1048576,4190208,4190208,1102,1363.92241,3802.366606170599,dial,48.002953,gpu-frontier,42.1328419,3.7498910999999993,1.0462095403078975,1.139323882161388,1.5654084194605002,0.07811792537013294,25.511292518175708,1.0009074410163339,11.455983330660436,1103.0,106897622.0,26763214.0,2.688923569196979
HO,c66701076edbaf96,78040,"grid 1024x1024 u[1,100]",grid,1048576,4190208,4190208,1841,769.954693,2276.049972840847,dial,48.486631,gpu-frontier,73.6369603,3.7243680999999924,0.6267878688975299,0.6584550856317735,-6.7529118026760155,0.07681226810747054,45.868599840389784,1.0005431830526887,11.571413877306329,1842.0,192198974.0,48106774.0,1.6606681828562175
HO,c66701076edbaf96,140379,"grid 1024x1024 u[1,100]",grid,1048576,4190208,4190208,1570,949.169451,2668.9222929936304,dial,47.103892,gpu-frontier,61.0907406,3.7329023999999933,0.7267130543845625,0.7710479777683363,-3.7469098040173834,0.07924827952645597,37.72577542690005,1.0006369426751593,11.24142095094086,1571.0,158078846.0,39565918.0,1.8813912889414912
HO,c66701076edbaf96,143033,"grid 1024x1024 u[1,100]",grid,1048576,4190208,4190208,1679,828.452028,2495.656938653961,dial,48.250954,gpu-frontier,66.769649,3.7530332999999985,0.684454995292816,0.7226480103257694,-4.9343273879291205,0.07778153567699404,41.54964956393573,1.0005955926146515,11.515169175372678,1680.0,174101674.0,43574218.0,1.8064701367253526
HO,c66701076edbaf96,367943,"grid 1024x1024 u[1,100]",grid,1048576,4190208,4190208,1891,738.144909,2215.8688524590166,dial,47.822617,gpu-frontier,75.7320888,3.749186199999997,0.6016840696126227,0.6314709888207917,-7.444141291248758,0.07839776313370715,47.01588202781342,1.0005288207297727,11.412945848988882,1892.0,197006325.0,49309627.0,1.595967832703795
HO,c66701076edbaf96,473133,"grid 1024x1024 u[1,100]",grid,1048576,4190208,4190208,1603,861.593718,2613.9787897691826,dial,47.743126,gpu-frontier,68.338839,3.735730600000011,0.6623523447409511,0.6986236040679591,-5.5131686958368835,0.07824646002442344,43.35846191883553,1.0006238303181534,11.393975191684994,1604.0,181680974.0,45471742.0,1.8691025954324723
HO,c66701076edbaf96,493619,"grid 1024x1024 u[1,100]",grid,1048576,4190208,4190208,1841,762.322094,2276.049972840847,dial,48.268675,gpu-frontier,72.69630839999999,3.743264300000007,0.6313274757649657,0.6639769757552092,-6.52575705113848,0.07755059155860414,45.309580335868766,1.0005431830526887,11.519398321038,1842.0,189856566.0,47519797.0,1.6532031850414053
HO,c66701076edbaf96,955628,"grid 1024x1024 u[1,100]",grid,1048576,4190208,4190208,1832,761.153444,2287.231441048035,dial,47.50345,gpu-frontier,73.43220509999999,3.7855381999999906,0.6153173488950254,0.6469021315008829,-6.8494237094213055,0.07968975306004071,45.686018689287025,1.0005458515283843,11.336776121853617,1833.0,191433921.0,47915434.0,1.6347300559521765
HO,f5498cb09199effd,22045,"geometric n=1048576 u[1,100]",geometric,1048576,8373874,8371710,1662,1253.90884,5037.129963898917,dial,102.584698,gpu-nearfar,156.261179,7.734714999999994,0.6255321124076436,0.6564950978643262,-6.9396843969040924,0.07539833085047434,1.0506219159526549,15.543922984356197,12.253732869389886,25834.0,8795502.0,1091343.0,3.7464805723774686
HO,f5498cb09199effd,78040,"geometric n=1048576 u[1,100]",geometric,1048576,8373874,8371710,1702,1221.04744,4918.748531139836,dial,102.801681,gpu-nearfar,159.57583699999998,7.775565999999998,0.6143380829336635,0.6442183411514866,-7.301610712326279,0.07563656473671863,1.0502456487384297,15.45945945945946,12.27965146905471,26312.0,8792352.0,1090989.0,3.672054094171686
HO,f5498cb09199effd,140379,"geometric n=1048576 u[1,100]",geometric,1048576,8373874,8371710,1355,1557.5268,6178.383763837638,dial,102.089504,gpu-nearfar,129.37418399999999,7.767631000000023,0.7443724125887702,0.789102592523405,-3.5126127901801594,0.07608647995782233,1.0505829752822302,15.666420664206642,12.194581991014978,21228.0,8795176.0,1091094.0,4.503559440955183
HO,f5498cb09199effd,143033,"geometric n=1048576 u[1,100]",geometric,1048576,8373874,8371710,1658,1251.83904,5049.282267792521,dial,102.556895,gpu-nearfar,154.699616,7.773360999999994,0.6310915159139319,0.6629421433082291,-6.7078733381866655,0.07579559619077776,1.050773378437619,15.330518697225573,12.250411803562235,25418.0,8796770.0,1091377.0,3.753883785732581
HO,f5498cb09199effd,367943,"geometric n=1048576 u[1,100]",geometric,1048576,8373874,8371710,1288,1601.91991,6499.774844720497,dial,101.883942,gpu-frontier,125.610289,6.267799999999994,0.7725590338745081,0.8111114368982942,-3.785434602252786,0.06151901739333951,104.47833214480674,1.000776397515528,12.170027628764016,1289.0,874662298.0,108976611.0,4.708117863843971
HO,f5498cb09199effd,473133,"geometric n=1048576 u[1,100]",geometric,1048576,8373874,8371710,1485,1332.53296,5637.515151515152,dial,104.089891,gpu-nearfar,137.661878,7.679991000000001,0.7152639521213394,0.7561272046571963,-4.371357596643017,0.07378229457459996,1.050283156009943,15.217508417508418,12.433528036685455,22598.0,8792666.0,1091012.0,4.220255915093476
HO,f5498cb09199effd,493619,"geometric n=1048576 u[1,100]",geometric,1048576,8373874,8371710,1513,1280.46923,5533.185723727694,dial,102.701133,gpu-nearfar,148.58603000000002,7.839407999999992,0.6569437946774821,0.6911896966356795,-5.853107403007991,0.07633224455274502,1.0505431984624407,16.16391275611368,12.267641019576645,24456.0,8794843.0,1091197.0,4.092623558405385
HO,f5498cb09199effd,955628,"geometric n=1048576 u[1,100]",geometric,1048576,8373874,8371710,1077,2165.17263,7773.1754874651815,dial,102.116019,gpu-nearfar,103.669277,7.838681000000008,0.9166084563496406,0.9850171811268637,-0.19815298007407087,0.07676250089616213,1.0504539693802102,15.758588672237698,12.197749205359479,16972.0,8794096.0,1091107.0,5.549531685500201
