experiment,graph_id,source,solver,device,delta_scale,run_cache,wall_ms,q_ms,U_ms,solve_ms,d2h_ms,host_syncs,sync_rounds,edges_touched,vertices_expanded,untimed_ms,topology,n,m,working_set_bytes,ns_per_touched_edge
E,050e2ea2a47932b2,2755,delta-omp,cpu,0.0,warm,2.764358,2.764358,0.0,2.616828,0.0,0.0,107.0,2313258.0,143884.0,0.000332000000000221,uniform,131072,1048542,9436916,1.131230498284238
E,050e2ea2a47932b2,2755,dial,cpu,0.0,warm,5.757814,5.757814,0.0,5.655283,0.0,0.0,0.0,1048542.0,131030.0,0.0001729999999993126,uniform,131072,1048542,9436916,5.393473032076922
E,050e2ea2a47932b2,2755,dijkstra,cpu,0.0,warm,23.697014,23.697014,0.0,23.696474,0.0,0.0,0.0,1048542.0,131030.0,0.0002540000000017528,uniform,131072,1048542,9436916,22.59945142874582
E,050e2ea2a47932b2,2755,gpu-frontier,gpu,0.0,warm,1.726103,0.751656987,0.963473016,0.668511987,0.083145,25.0,25.0,3527678.0,439123.0,0.018595981999999678,uniform,131072,1048542,9436916,0.1895048207347723
E,050e2ea2a47932b2,2755,gpu-nearfar,gpu,0.0,warm,3.214653,2.1579678899999997,1.0566851100000005,2.07017589,0.084197,334.0,110.0,1094899.0,136264.0,0.08661902200000027,uniform,131072,1048542,9436916,1.890745986616117
E,050e2ea2a47932b2,17547,delta-omp,cpu,0.0,warm,2.580317,2.580317,0.0,2.46163,0.0,0.0,104.0,2315102.0,143920.0,0.0003479999999997929,uniform,131072,1048542,9436916,1.0632922437110763
E,050e2ea2a47932b2,17547,dial,cpu,0.0,warm,5.20026,5.20026,0.0,5.141449,0.0,0.0,0.0,1048542.0,131030.0,9.600000000009601e-05,uniform,131072,1048542,9436916,4.90342685366919
E,050e2ea2a47932b2,17547,dijkstra,cpu,0.0,warm,23.531523,23.531523,0.0,23.530933,0.0,0.0,0.0,1048542.0,131030.0,0.00024499999999960664,uniform,131072,1048542,9436916,22.441574109573104
E,050e2ea2a47932b2,17547,gpu-frontier,gpu,0.0,warm,1.703671,0.743976007,0.9596949929999999,0.658559978,0.085421,26.0,26.0,3395985.0,422989.0,0.018541023999999906,uniform,131072,1048542,9436916,0.1939231115567354
E,050e2ea2a47932b2,17547,gpu-nearfar,gpu,0.0,warm,3.111657,2.06073005,1.0527349999999998,1.97689605,0.083834,314.0,106.0,1094573.0,136256.0,0.10669897100000059,uniform,131072,1048542,9436916,1.8060888127150951
E,050e2ea2a47932b2,17879,delta-omp,cpu,0.0,warm,2.48871,2.48871,0.0,2.330551,0.0,0.0,103.0,2312478.0,143775.0,0.0003700000000002035,uniform,131072,1048542,9436916,1.0078154257035095
E,050e2ea2a47932b2,17879,dial,cpu,0.0,warm,5.599515,5.599515,0.0,5.53582,0.0,0.0,0.0,1048542.0,131030.0,0.00017599999999973193,uniform,131072,1048542,9436916,5.279540542963467
E,050e2ea2a47932b2,17879,dijkstra,cpu,0.0,warm,23.557683,23.557683,0.0,23.557109,0.0,0.0,0.0,1048542.0,131030.0,0.00028899999999865145,uniform,131072,1048542,9436916,22.46653829794133
E,050e2ea2a47932b2,17879,gpu-frontier,gpu,0.0,warm,1.723781,0.7428670070000001,0.984926972,0.659327984,0.080582,25.0,25.0,3397767.0,422588.0,0.019544035000000015,uniform,131072,1048542,9436916,0.19404743880319048
E,050e2ea2a47932b2,17879,gpu-nearfar,gpu,0.0,warm,3.079632,2.02835098,1.0448920200000003,1.94415998,0.082785,314.0,104.0,1095725.0,136374.0,0.10241001900000013,uniform,131072,1048542,9436916,1.7743137922380159
E,050e2ea2a47932b2,45992,delta-omp,cpu,0.0,warm,2.652418,2.652418,0.0,2.498133,0.0,0.0,103.0,2314794.0,143896.0,0.0003750000000000142,uniform,131072,1048542,9436916,1.0792031601948164
E,050e2ea2a47932b2,45992,dial,cpu,0.0,warm,6.003994,6.003994,0.0,5.945589,0.0,0.0,0.0,1048542.0,131030.0,0.00018399999999996197,uniform,131072,1048542,9436916,5.670339385546788
E,050e2ea2a47932b2,45992,dijkstra,cpu,0.0,warm,24.31379,24.31379,0.0,24.312805,0.0,0.0,0.0,1048542.0,131030.0,0.0004710000000009984,uniform,131072,1048542,9436916,23.187249533161285
E,050e2ea2a47932b2,45992,gpu-frontier,gpu,0.0,warm,1.788995,0.793651003,0.9953439969999999,0.710720003,0.082931,29.0,29.0,3634537.0,452143.0,0.019222998999999907,uniform,131072,1048542,9436916,0.1955462285842736
E,050e2ea2a47932b2,45992,gpu-nearfar,gpu,0.0,warm,3.05501,1.98677097,1.05935503,1.90220797,0.084563,306.0,102.0,1095109.0,136312.0,0.10878405199999985,uniform,131072,1048542,9436916,1.7370033211305906
E,050e2ea2a47932b2,59141,delta-omp,cpu,0.0,warm,2.550342,2.550342,0.0,2.382581,0.0,0.0,106.0,2315008.0,143926.0,0.0003809999999999647,uniform,131072,1048542,9436916,1.0291890999944708
E,050e2ea2a47932b2,59141,dial,cpu,0.0,warm,5.841668,5.841668,0.0,5.75772,0.0,0.0,0.0,1048542.0,131030.0,0.00016599999999922233,uniform,131072,1048542,9436916,5.491167735770241
E,050e2ea2a47932b2,59141,dijkstra,cpu,0.0,warm,23.796496,23.796496,0.0,23.795938,0.0,0.0,0.0,1048542.0,131030.0,0.00029699999999976967,uniform,131072,1048542,9436916,22.69431076675994
E,050e2ea2a47932b2,59141,gpu-frontier,gpu,0.0,warm,1.709559,0.733702981,0.970338025,0.650143981,0.083559,25.0,25.0,3460955.0,430606.0,0.01824302099999997,uniform,131072,1048542,9436916,0.1878510356245603
E,050e2ea2a47932b2,59141,gpu-nearfar,gpu,0.0,warm,3.116737,2.03292602,1.0818350499999996,1.95148802,0.081438,316.0,105.0,1094746.0,136242.0,0.10302604099999968,uniform,131072,1048542,9436916,1.7825943369512198
E,050e2ea2a47932b2,119453,delta-omp,cpu,0.0,warm,2.621456,2.621456,0.0,2.505072,0.0,0.0,103.0,2311936.0,143735.0,0.00037800000000043354,uniform,131072,1048542,9436916,1.0835386446683646
E,050e2ea2a47932b2,119453,dial,cpu,0.0,warm,5.848901,5.848901,0.0,5.757357,0.0,0.0,0.0,1048542.0,131030.0,0.00013699999999960966,uniform,131072,1048542,9436916,5.490821540768038
E,050e2ea2a47932b2,119453,dijkstra,cpu,0.0,warm,24.273511,24.273511,0.0,24.272836,0.0,0.0,0.0,1048542.0,131030.0,0.00028300000000314185,uniform,131072,1048542,9436916,23.14913088841458
E,050e2ea2a47932b2,119453,gpu-frontier,gpu,0.0,warm,1.767565,0.753251986,1.014313014,0.670656025,0.083098,25.0,25.0,3521538.0,437933.0,0.018386976000000166,uniform,131072,1048542,9436916,0.1904440687563218
E,050e2ea2a47932b2,119453,gpu-nearfar,gpu,0.0,warm,3.098655,1.99816298,1.07020097,1.91859198,0.079571,310.0,102.0,1093489.0,136115.0,0.0999579900000005,uniform,131072,1048542,9436916,1.7545599269860053
E,0d8ab359e881d7ee,1377,delta-omp,cpu,0.0,warm,2.002541,2.002541,0.0,1.947453,0.0,0.0,100.0,1153214.0,71724.0,0.0004409999999994696,uniform,65536,524254,4718324,1.6887177921877465
E,0d8ab359e881d7ee,1377,dial,cpu,0.0,warm,2.565897,2.565897,0.0,2.520378,0.0,0.0,0.0,524254.0,65518.0,0.000144000000000144,uniform,65536,524254,4718324,4.807551301468372
E,0d8ab359e881d7ee,1377,dijkstra,cpu,0.0,warm,11.168889,11.168889,0.0,11.168208,0.0,0.0,0.0,524254.0,65518.0,0.00037500000000179057,uniform,65536,524254,4718324,21.30304775929225
E,0d8ab359e881d7ee,1377,gpu-frontier,gpu,0.0,warm,1.044709,0.487460002,0.5716669950000001,0.446464002,0.040818,23.0,23.0,1608117.0,200355.0,0.018351981000000128,uniform,65536,524254,4718324,0.2776315417348365
E,0d8ab359e881d7ee,1377,gpu-nearfar,gpu,0.0,warm,2.513029,1.899444,0.6088680000000002,1.857216,0.042228,302.0,98.0,546791.0,68077.0,0.047409013999999416,uniform,65536,524254,4718324,3.396573828025699
E,0d8ab359e881d7ee,8773,delta-omp,cpu,0.0,warm,2.082255,2.082255,0.0,2.029194,0.0,0.0,95.0,1158074.0,71995.0,0.0005020000000000024,uniform,65536,524254,4718324,1.7522144526170176
E,0d8ab359e881d7ee,8773,dial,cpu,0.0,warm,2.563471,2.563471,0.0,2.524882,0.0,0.0,0.0,524254.0,65518.0,0.00020099999999967366,uniform,65536,524254,4718324,4.8161425568522125
E,0d8ab359e881d7ee,8773,dijkstra,cpu,0.0,warm,11.471417,11.471417,0.0,11.470913,0.0,0.0,0.0,524254.0,65518.0,0.0003019999999995804,uniform,65536,524254,4718324,21.880449171584765
E,0d8ab359e881d7ee,8773,gpu-frontier,gpu,0.0,warm,1.076374,0.500022993,0.577643007,0.454111993,0.045911,21.0,21.0,1630965.0,203254.0,0.019677015000000075,uniform,65536,524254,4718324,0.27843147645718946
E,0d8ab359e881d7ee,8773,gpu-nearfar,gpu,0.0,warm,2.35278,1.78507305,0.5805289600000001,1.74563205,0.040795,286.0,94.0,547032.0,68090.0,0.04578095799999993,uniform,65536,524254,4718324,3.191096773132102
E,0d8ab359e881d7ee,8939,delta-omp,cpu,0.0,warm,1.832583,1.832583,0.0,1.774475,0.0,0.0,103.0,1156684.0,71943.0,0.0004390000000000782,uniform,65536,524254,4718324,1.5341052526014018
E,0d8ab359e881d7ee,8939,dial,cpu,0.0,warm,2.821056,2.821056,0.0,2.79013,0.0,0.0,0.0,524254.0,65518.0,0.00021600000000043806,uniform,65536,524254,4718324,5.32209577800074
E,0d8ab359e881d7ee,8939,dijkstra,cpu,0.0,warm,11.29439,11.29439,0.0,11.293886,0.0,0.0,0.0,524254.0,65518.0,0.00035200000000301657,uniform,65536,524254,4718324,21.542775067047653
E,0d8ab359e881d7ee,8939,gpu-frontier,gpu,0.0,warm,1.064761,0.5085070030000001,0.550486006,0.470016003,0.040018,24.0,24.0,1730900.0,215359.0,0.017205996000000168,uniform,65536,524254,4718324,0.2715442850540182
E,0d8ab359e881d7ee,8939,gpu-nearfar,gpu,0.0,warm,2.433121,1.8511030000000002,0.5820179999999997,1.81123197,0.040082,300.0,99.0,548560.0,68249.0,0.04886995500000024,uniform,65536,524254,4718324,3.3017937326819307
E,0d8ab359e881d7ee,22996,delta-omp,cpu,0.0,warm,1.834131,1.834131,0.0,1.775596,0.0,0.0,99.0,1156562.0,71908.0,0.00045199999999989693,uniform,65536,524254,4718324,1.5352363297428067
E,0d8ab359e881d7ee,22996,dial,cpu,0.0,warm,2.57155,2.57155,0.0,2.53226,0.0,0.0,0.0,524254.0,65518.0,0.0002460000000001905,uniform,65536,524254,4718324,4.830215887718548
E,0d8ab359e881d7ee,22996,dijkstra,cpu,0.0,warm,10.972054,10.972054,0.0,10.971376,0.0,0.0,0.0,524254.0,65518.0,0.0003629999999983369,uniform,65536,524254,4718324,20.927596165217622
E,0d8ab359e881d7ee,22996,gpu-frontier,gpu,0.0,warm,1.094705,0.542325006,0.550824003,0.501760006,0.040385,26.0,26.0,1750147.0,217915.0,0.018717996999999986,uniform,65536,524254,4718324,0.2866959209712099
E,0d8ab359e881d7ee,22996,gpu-nearfar,gpu,0.0,warm,2.420826,1.85101902,0.5713199700000002,1.80995202,0.041313,298.0,98.0,547148.0,68111.0,0.04941599399999985,uniform,65536,524254,4718324,3.3079752096324944
E,0d8ab359e881d7ee,29570,delta-omp,cpu,0.0,warm,2.015442,2.015442,0.0,1.955843,0.0,0.0,104.0,1157938.0,71954.0,0.00031800000000004047,uniform,65536,524254,4718324,1.689074026415922
E,0d8ab359e881d7ee,29570,dial,cpu,0.0,warm,2.659881,2.659881,0.0,2.623417,0.0,0.0,0.0,524254.0,65518.0,0.0001500000000000945,uniform,65536,524254,4718324,5.004095343097048
E,0d8ab359e881d7ee,29570,dijkstra,cpu,0.0,warm,11.089621,11.089621,0.0,11.088945,0.0,0.0,0.0,524254.0,65518.0,0.0002439999999985787,uniform,65536,524254,4718324,21.151855779831912
E,0d8ab359e881d7ee,29570,gpu-frontier,gpu,0.0,warm,1.065923,0.512435995,0.548031988,0.469983995,0.040755,24.0,24.0,1717090.0,213912.0,0.01832999699999993,uniform,65536,524254,4718324,0.2737095871503532
E,0d8ab359e881d7ee,29570,gpu-nearfar,gpu,0.0,warm,2.428939,1.8386380000000002,0.5950360199999998,1.796736,0.040593,294.0,96.0,546812.0,68091.0,0.049616989000000444,uniform,65536,524254,4718324,3.2858386428973763
E,0d8ab359e881d7ee,59726,delta-omp,cpu,0.0,warm,1.958006,1.958006,0.0,1.89559,0.0,0.0,97.0,1157406.0,71975.0,0.00038199999999988243,uniform,65536,524254,4718324,1.63779175155477
E,0d8ab359e881d7ee,59726,dial,cpu,0.0,warm,2.586187,2.586187,0.0,2.520974,0.0,0.0,0.0,524254.0,65518.0,0.00014599999999997948,uniform,65536,524254,4718324,4.808688154978312
E,0d8ab359e881d7ee,59726,dijkstra,cpu,0.0,warm,11.214147,11.214147,0.0,11.213657,0.0,0.0,0.0,524254.0,65518.0,0.00022499999999858744,uniform,65536,524254,4718324,21.389740469314493
E,0d8ab359e881d7ee,59726,gpu-frontier,gpu,0.0,warm,1.092826,0.536128995,0.5522479880000001,0.493535995,0.041467,25.0,25.0,1702401.0,211915.0,0.018126014000000135,uniform,65536,524254,4718324,0.2899058418081286
E,0d8ab359e881d7ee,59726,gpu-nearfar,gpu,0.0,warm,2.349156,1.76237903,0.589307,1.72000003,0.041119,282.0,94.0,547679.0,68165.0,0.04924098699999968,uniform,65536,524254,4718324,3.140525800697124
E,2ac1f074dd041464,5511,delta-omp,cpu,0.0,warm,13.877979,13.877979,0.0,13.741018,0.0,0.0,3133.0,2280610.0,285629.0,0.0004460000000001685,grid,262144,1046528,10469380,6.025150288738539
E,2ac1f074dd041464,5511,dial,cpu,0.0,warm,7.593885,7.593885,0.0,7.53275,0.0,0.0,0.0,1046528.0,262144.0,0.00017499999999959215,grid,262144,1046528,10469380,7.197848504770059
E,2ac1f074dd041464,5511,dijkstra,cpu,0.0,warm,28.249006,28.249006,0.0,28.24778,0.0,0.0,0.0,1046528.0,262144.0,0.0006160000000008381,grid,262144,1046528,10469380,26.991900837818005
E,2ac1f074dd041464,5511,gpu-frontier,gpu,0.0,warm,13.103244,11.8750803,1.2145130000000002,11.7164803,0.1586,710.0,710.0,15881862.0,3980454.0,0.02236670399999774,grid,262144,1046528,10469380,0.737727119150135
E,2ac1f074dd041464,5511,gpu-nearfar,gpu,0.0,warm,55.77984,54.4589762,1.3371266000000048,54.3170242,0.16601,8868.0,3113.0,1073818.0,268976.0,0.11326480699999308,grid,262144,1046528,10469380,50.58308223553712
E,2ac1f074dd041464,35094,delta-omp,cpu,0.0,warm,13.871783,13.871783,0.0,13.74772,0.0,0.0,2584.0,2280292.0,285582.0,0.00031300000000022976,grid,262144,1046528,10469380,6.0289296283107605
E,2ac1f074dd041464,35094,dial,cpu,0.0,warm,7.521966,7.521966,0.0,7.448364,0.0,0.0,0.0,1046528.0,262144.0,0.00020399999999920482,grid,262144,1046528,10469380,7.117214255136986
E,2ac1f074dd041464,35094,dijkstra,cpu,0.0,warm,28.004672,28.004672,0.0,28.004075,0.0,0.0,0.0,1046528.0,262144.0,0.0005729999999992685,grid,262144,1046528,10469380,26.759030814273483
E,2ac1f074dd041464,35094,gpu-frontier,gpu,0.0,warm,11.097198,9.95400145,1.1534031599999999,9.80777645,0.142724,586.0,586.0,13636778.0,3418722.0,0.02055115799999996,grid,262144,1046528,10469380,0.7192150851176137
E,2ac1f074dd041464,35094,gpu-nearfar,gpu,0.0,warm,46.661935,45.3113458,1.3505892000000017,45.1367378,0.174401,7288.0,2567.0,1073248.0,268833.0,0.12061460099999977,grid,262144,1046528,10469380,42.056204903246964
E,2ac1f074dd041464,35758,delta-omp,cpu,0.0,warm,13.830365,13.830365,0.0,13.713233,0.0,0.0,3995.0,2280792.0,285646.0,0.0003509999999984359,grid,262144,1046528,10469380,6.012487328962922
E,2ac1f074dd041464,35758,dial,cpu,0.0,warm,7.293484,7.293484,0.0,7.224587,0.0,0.0,0.0,1046528.0,262144.0,0.00021899999999952513,grid,262144,1046528,10469380,6.903386244801859
E,2ac1f074dd041464,35758,dijkstra,cpu,0.0,warm,26.780115,26.780115,0.0,26.77937,0.0,0.0,0.0,1046528.0,262144.0,0.00038799999999739043,grid,262144,1046528,10469380,25.588775455601763
E,2ac1f074dd041464,35758,gpu-frontier,gpu,0.0,warm,17.231558,16.0927917,1.1428970000000014,15.942688,0.14532,936.0,936.0,26371952.0,6608058.0,0.021099023999997968,grid,262144,1046528,10469380,0.604531966386106
E,2ac1f074dd041464,35758,gpu-nearfar,gpu,0.0,warm,70.337173,68.9817281,1.2999779000000018,68.8304291,0.159838,11330.0,3958.0,1072584.0,268671.0,0.11946179899999265,grid,262144,1046528,10469380,64.17253017013121
E,2ac1f074dd041464,91985,delta-omp,cpu,0.0,warm,13.891657,13.891657,0.0,13.678227,0.0,0.0,3622.0,2280576.0,285621.0,0.0003829999999993561,grid,262144,1046528,10469380,5.997707158191615
E,2ac1f074dd041464,91985,dial,cpu,0.0,warm,7.566882,7.566882,0.0,7.478577,0.0,0.0,0.0,1046528.0,262144.0,0.00015100000000067837,grid,262144,1046528,10469380,7.146084003485812
E,2ac1f074dd041464,91985,dijkstra,cpu,0.0,warm,26.991113,26.991113,0.0,26.990421,0.0,0.0,0.0,1046528.0,262144.0,0.0003759999999992658,grid,262144,1046528,10469380,25.790443256176616
E,2ac1f074dd041464,91985,gpu-frontier,gpu,0.0,warm,15.467518,14.334111400000001,1.1381574000000008,14.1904964,0.142369,839.0,839.0,20811170.0,5215349.0,0.021636413000001298,grid,262144,1046528,10469380,0.6818692269584075
E,2ac1f074dd041464,91985,gpu-nearfar,gpu,0.0,warm,64.077314,62.7706347,1.307228600000002,62.6166077,0.157929,10226.0,3590.0,1073469.0,268891.0,0.12404999799999672,grid,262144,1046528,10469380,58.33108147510548
E,2ac1f074dd041464,118283,delta-omp,cpu,0.0,warm,13.967065,13.967065,0.0,13.772113,0.0,0.0,3859.0,2281946.0,285795.0,0.00035299999999871545,grid,262144,1046528,10469380,6.035249300377836
E,2ac1f074dd041464,118283,dial,cpu,0.0,warm,7.548207,7.548207,0.0,7.489678,0.0,0.0,0.0,1046528.0,262144.0,0.00020599999999948437,grid,262144,1046528,10469380,7.156691459760274
E,2ac1f074dd041464,118283,dijkstra,cpu,0.0,warm,26.801066,26.801066,0.0,26.800218,0.0,0.0,0.0,1046528.0,262144.0,0.00036899999999917554,grid,262144,1046528,10469380,25.608696566169275
E,2ac1f074dd041464,118283,gpu-frontier,gpu,0.0,warm,16.348316,15.2098504,1.1360910000000022,15.0635204,0.150574,896.0,896.0,22813651.0,5716338.0,0.02242070699999843,grid,262144,1046528,10469380,0.6602853879021819
E,2ac1f074dd041464,118283,gpu-nearfar,gpu,0.0,warm,67.89348,66.5917907,1.3016892999999925,66.4387817,0.146388,10890.0,3812.0,1073561.0,268915.0,0.12587758600001564,grid,262144,1046528,10469380,61.88635922877229
E,2ac1f074dd041464,238907,delta-omp,cpu,0.0,warm,13.823452,13.823452,0.0,13.659118,0.0,0.0,2950.0,2278830.0,285401.0,0.00027500000000024727,grid,262144,1046528,10469380,5.993917053926796
E,2ac1f074dd041464,238907,dial,cpu,0.0,warm,7.539317,7.539317,0.0,7.425228,0.0,0.0,0.0,1046528.0,262144.0,0.00022799999999989495,grid,262144,1046528,10469380,7.095106867661448
E,2ac1f074dd041464,238907,dijkstra,cpu,0.0,warm,27.624822,27.624822,0.0,27.624139,0.0,0.0,0.0,1046528.0,262144.0,0.00038600000000243995,grid,262144,1046528,10469380,26.395986538343934
E,2ac1f074dd041464,238907,gpu-frontier,gpu,0.0,warm,12.740673,11.611346399999999,1.120448099999999,11.4635839,0.143711,677.0,677.0,15003108.0,3760881.0,0.022743718999997498,grid,262144,1046528,10469380,0.7640806091644479
E,2ac1f074dd041464,238907,gpu-nearfar,gpu,0.0,warm,52.038643,50.734010399999995,1.296744100000005,50.5811195,0.153805,8272.0,2907.0,1072831.0,268733.0,0.11808659300000812,grid,262144,1046528,10469380,47.147332152035126
E,2bd039ee44b12d2a,352728,delta-omp,cpu,0.0,warm,620.442711,620.442711,0.0,578.060289,0.0,0.0,164.0,296099556.0,18410167.0,1.140041999999994,uniform,16777216,134217692,1207959268,1.9522497662914429
E,2bd039ee44b12d2a,352728,dial,cpu,0.0,warm,3434.31546,3434.31546,0.0,3413.10154,0.0,0.0,0.0,134217680.0,16771540.0,0.0005380000002332963,uniform,16777216,134217692,1207959268,25.429597203587484
E,2bd039ee44b12d2a,352728,dijkstra,cpu,0.0,warm,8923.01286,8923.01286,0.0,8919.95178,0.0,0.0,0.0,134217680.0,16771540.0,3.272054000000935,uniform,16777216,134217692,1207959268,66.45884342509869
E,2bd039ee44b12d2a,352728,gpu-frontier,gpu,0.0,warm,417.649869,336.752266,80.91193100000004,318.004639,18.747627,34.0,34.0,534236351.0,66407449.0,0.0289485000000127,uniform,16777216,134217692,1207959268,0.5952508443215239
E,2bd039ee44b12d2a,352728,gpu-nearfar,gpu,0.0,warm,219.599275,115.1303056,104.4689694,96.5022736,19.001358,474.0,170.0,140256534.0,17453127.0,21.303300500000006,uniform,16777216,134217692,1207959268,0.6880411974247131
E,2bd039ee44b12d2a,2246077,delta-omp,cpu,0.0,warm,622.609049,622.609049,0.0,580.318421,0.0,0.0,157.0,296086970.0,18408785.0,1.2355819999999085,uniform,16777216,134217692,1207959268,1.9599593355965648
E,2bd039ee44b12d2a,2246077,dial,cpu,0.0,warm,3406.02064,3406.02064,0.0,3384.84528,0.0,0.0,0.0,134217680.0,16771540.0,0.0004600000002028537,uniform,16777216,134217692,1207959268,25.219071585800023
E,2bd039ee44b12d2a,2246077,dijkstra,cpu,0.0,warm,8923.67823,8923.67823,0.0,8920.82949,0.0,0.0,0.0,134217680.0,16771540.0,2.840067999999519,uniform,16777216,134217692,1207959268,66.46538287653311
E,2bd039ee44b12d2a,2246077,gpu-frontier,gpu,0.0,warm,409.643843,328.812595,80.96333199999998,310.078552,18.734043,33.0,33.0,520218814.0,64668409.0,0.028273300000023482,uniform,16777216,134217692,1207959268,0.5960540904235732
E,2bd039ee44b12d2a,2246077,gpu-nearfar,gpu,0.0,warm,219.339681,113.9629991,105.37668190000001,95.0759354,18.886133,478.0,170.0,140233977.0,17450495.0,21.448729699999973,uniform,16777216,134217692,1207959268,0.6779807392897372
E,2bd039ee44b12d2a,2288530,delta-omp,cpu,0.0,warm,614.043092,614.043092,0.0,570.240191,0.0,0.0,159.0,296115552.0,18411005.0,0.0006919999999581705,uniform,16777216,134217692,1207959268,1.9257353663072718
E,2bd039ee44b12d2a,2288530,dial,cpu,0.0,warm,3412.00356,3412.00356,0.0,3390.84332,0.0,0.0,0.0,134217680.0,16771540.0,0.000525999999808846,uniform,16777216,134217692,1207959268,25.26376048222559
E,2bd039ee44b12d2a,2288530,dijkstra,cpu,0.0,warm,8913.70662,8913.70662,0.0,8911.19161,0.0,0.0,0.0,134217680.0,16771540.0,2.507035000002361,uniform,16777216,134217692,1207959268,66.39357504912914
E,2bd039ee44b12d2a,2288530,gpu-frontier,gpu,0.0,warm,407.808519,326.75423,81.03566900000004,307.676056,19.051832,37.0,37.0,516411409.0,64214560.0,0.028771199999994224,uniform,16777216,134217692,1207959268,0.5957963953503591
E,2bd039ee44b12d2a,2288530,gpu-nearfar,gpu,0.0,warm,220.061371,115.8597051,104.19041790000001,96.5854721,19.274233,482.0,170.0,140257709.0,17453261.0,21.326796,uniform,16777216,134217692,1207959268,0.6886286164848165
E,2bd039ee44b12d2a,5887093,delta-omp,cpu,0.0,warm,624.999537,624.999537,0.0,581.274513,0.0,0.0,165.0,296114308.0,18410742.0,0.0006200000000262662,uniform,16777216,134217692,1207959268,1.9630071809971439
E,2bd039ee44b12d2a,5887093,dial,cpu,0.0,warm,3414.52275,3414.52275,0.0,3393.27042,0.0,0.0,0.0,134217680.0,16771540.0,0.0005989999999655993,uniform,16777216,134217692,1207959268,25.28184379285948
E,2bd039ee44b12d2a,5887093,dijkstra,cpu,0.0,warm,8918.57614,8918.57614,0.0,8915.45515,0.0,0.0,0.0,134217680.0,16771540.0,3.107700999998997,uniform,16777216,134217692,1207959268,66.4253409088877
E,2bd039ee44b12d2a,5887093,gpu-frontier,gpu,0.0,warm,416.993912,335.864455,81.17661500000003,316.955688,18.908767,36.0,36.0,534138378.0,66381033.0,0.028340000000014243,uniform,16777216,134217692,1207959268,0.5933962079017658
E,2bd039ee44b12d2a,5887093,gpu-nearfar,gpu,0.0,warm,219.903509,115.6281787,104.68339660000001,96.5802917,19.047887,478.0,170.0,140251462.0,17452502.0,21.251115900000002,uniform,16777216,134217692,1207959268,0.6886223524714488
E,2bd039ee44b12d2a,7570129,delta-omp,cpu,0.0,warm,612.543026,612.543026,0.0,570.164975,0.0,0.0,161.0,296107670.0,18409702.0,0.0007280000000946529,uniform,16777216,134217692,1207959268,1.9255326111613387
E,2bd039ee44b12d2a,7570129,dial,cpu,0.0,warm,3417.17607,3417.17607,0.0,3395.83495,0.0,0.0,0.0,134217680.0,16771540.0,0.0004610000000866421,uniform,16777216,134217692,1207959268,25.30095103715099
E,2bd039ee44b12d2a,7570129,dijkstra,cpu,0.0,warm,8909.02065,8909.02065,0.0,8906.5358,0.0,0.0,0.0,134217680.0,16771540.0,3.2177080000001297,uniform,16777216,134217692,1207959268,66.35888654907461
E,2bd039ee44b12d2a,7570129,gpu-frontier,gpu,0.0,warm,407.349946,325.65909300000004,80.91618999999997,306.623413,19.03568,35.0,35.0,515642243.0,64080971.0,0.02897739999997384,uniform,16777216,134217692,1207959268,0.5946437033864194
E,2bd039ee44b12d2a,7570129,gpu-nearfar,gpu,0.0,warm,218.994997,114.4811584,104.20035810000002,95.0647659,18.867371,470.0,168.0,140243254.0,17451725.0,21.1796396,uniform,16777216,134217692,1207959268,0.6778562475454255
E,2bd039ee44b12d2a,15290050,delta-omp,cpu,0.0,warm,619.411535,619.411535,0.0,577.246201,0.0,0.0,164.0,296124988.0,18412170.0,0.0006899999998495332,uniform,16777216,134217692,1207959268,1.9493329654436322
E,2bd039ee44b12d2a,15290050,dial,cpu,0.0,warm,3416.97219,3416.97219,0.0,3395.84203,0.0,0.0,0.0,134217680.0,16771540.0,0.0005830000004607427,uniform,16777216,134217692,1207959268,25.301003787280482
E,2bd039ee44b12d2a,15290050,dijkstra,cpu,0.0,warm,8924.22041,8924.22041,0.0,8920.8256,0.0,0.0,0.0,134217680.0,16771540.0,3.3811040000000503,uniform,16777216,134217692,1207959268,66.46535389376422
E,2bd039ee44b12d2a,15290050,gpu-frontier,gpu,0.0,warm,413.433729,332.372099,81.06163000000004,313.299866,19.072233,38.0,38.0,531588762.0,66072078.0,0.026204400000040096,uniform,16777216,134217692,1207959268,0.5893651039974392
E,2bd039ee44b12d2a,15290050,gpu-nearfar,gpu,0.0,warm,219.97655,115.60859520000001,104.3895295,96.5910416,19.008818,486.0,172.0,140252022.0,17452614.0,21.223135499999984,uniform,16777216,134217692,1207959268,0.688696249954956
E,2d1cf326d1ed3dc0,88182,delta-omp,cpu,0.0,warm,544.885517,544.885517,0.0,539.786067,0.0,0.0,16742.0,36545876.0,4570455.0,0.0007140000000163127,grid,4194304,16769024,167706628,14.770095181190895
E,2d1cf326d1ed3dc0,88182,dial,cpu,0.0,warm,325.849382,325.849382,0.0,323.243835,0.0,0.0,0.0,16769024.0,4194304.0,0.0005280000000311702,grid,4194304,16769024,167706628,19.27624619059523
E,2d1cf326d1ed3dc0,88182,dijkstra,cpu,0.0,warm,898.545429,898.545429,0.0,898.494997,0.0,0.0,0.0,16769024.0,4194304.0,0.02315899999996418,grid,4194304,16769024,167706628,53.58063754932905
E,2d1cf326d1ed3dc0,88182,gpu-frontier,gpu,0.0,warm,835.503332,822.456147,12.985343000000057,820.457458,1.998689,3519.0,3519.0,1463595400.0,366104729.0,0.029974250000122993,grid,4194304,16769024,167706628,0.5605766853325721
E,2d1cf326d1ed3dc0,88182,gpu-nearfar,gpu,0.0,warm,311.035156,294.45291000000003,16.744522000000018,292.588043,1.894514,46442.0,16942.0,17195461.0,4300964.0,2.670692680000002,grid,4194304,16769024,167706628,17.015423023552554
E,2d1cf326d1ed3dc0,561519,delta-omp,cpu,0.0,warm,542.784677,542.784677,0.0,537.597477,0.0,0.0,18298.0,36542662.0,4570032.0,0.0006349999999883948,grid,4194304,16769024,167706628,14.71150287299814
E,2d1cf326d1ed3dc0,561519,dial,cpu,0.0,warm,326.11913,326.11913,0.0,323.524472,0.0,0.0,0.0,16769024.0,4194304.0,0.0006199999999694228,grid,4194304,16769024,167706628,19.29298163089277
E,2d1cf326d1ed3dc0,561519,dijkstra,cpu,0.0,warm,896.597485,896.597485,0.0,896.566068,0.0,0.0,0.0,16769024.0,4194304.0,0.026333000000022366,grid,4194304,16769024,167706628,53.4656082548394
E,2d1cf326d1ed3dc0,561519,gpu-frontier,gpu,0.0,warm,938.310168,925.1167320000001,13.01764199999991,923.174744,1.968142,3813.0,3813.0,1625737549.0,406680933.0,0.03150002999996104,grid,4194304,16769024,167706628,0.5678498011981391
E,2d1cf326d1ed3dc0,561519,gpu-nearfar,gpu,0.0,warm,338.924788,322.07935399999997,16.816597,320.054962,2.0066,50956.0,18559.0,17194453.0,4300701.0,2.6651749700000096,grid,4194304,16769024,167706628,18.61384959440117
E,2d1cf326d1ed3dc0,572132,delta-omp,cpu,0.0,warm,549.902647,549.902647,0.0,544.799283,0.0,0.0,13776.0,36547494.0,4570653.0,0.0006669999999076026,grid,4194304,16769024,167706628,14.906611189265124
E,2d1cf326d1ed3dc0,572132,dial,cpu,0.0,warm,325.516351,325.516351,0.0,322.920498,0.0,0.0,0.0,16769024.0,4194304.0,0.0005769999999643005,grid,4194304,16769024,167706628,19.25696438862512
E,2d1cf326d1ed3dc0,572132,dijkstra,cpu,0.0,warm,907.525186,907.525186,0.0,907.48877,0.0,0.0,0.0,16769024.0,4194304.0,0.02728900000010981,grid,4194304,16769024,167706628,54.11697007530074
E,2d1cf326d1ed3dc0,572132,gpu-frontier,gpu,0.0,warm,598.550178,585.485966,13.00881599999991,583.513306,1.912182,2834.0,2834.0,1066899589.0,266891700.0,0.028828869999983908,grid,4194304,16769024,167706628,0.5469242954221439
E,2d1cf326d1ed3dc0,572132,gpu-nearfar,gpu,0.0,warm,259.553083,242.98451899999998,16.56693899999999,240.994431,1.969893,38106.0,13960.0,17196751.0,4301281.0,2.666546729999993,grid,4194304,16769024,167706628,14.013951298126024
E,2d1cf326d1ed3dc0,1471773,delta-omp,cpu,0.0,warm,548.685153,548.685153,0.0,543.612087,0.0,0.0,16682.0,36549728.0,4570917.0,0.0006140000000414148,grid,4194304,16769024,167706628,14.873218399874276
E,2d1cf326d1ed3dc0,1471773,dial,cpu,0.0,warm,326.290964,326.290964,0.0,323.718909,0.0,0.0,0.0,16769024.0,4194304.0,0.0005620000000021719,grid,4194304,16769024,167706628,19.30457664083491
E,2d1cf326d1ed3dc0,1471773,dijkstra,cpu,0.0,warm,896.678642,896.678642,0.0,896.632906,0.0,0.0,0.0,16769024.0,4194304.0,0.022423000000003412,grid,4194304,16769024,167706628,53.46959405627901
E,2d1cf326d1ed3dc0,1471773,gpu-frontier,gpu,0.0,warm,876.935569,863.9623499999999,12.977063000000044,861.949585,1.972669,3440.0,3440.0,1522995998.0,380972822.0,0.030887470000038775,grid,4194304,16769024,167706628,0.5659565659607203
E,2d1cf326d1ed3dc0,1471773,gpu-nearfar,gpu,0.0,warm,309.819523,293.071827,16.63576999999998,291.107727,1.947136,46424.0,16949.0,17196657.0,4301255.0,2.6447871199999327,grid,4194304,16769024,167706628,16.928158013502276
E,2d1cf326d1ed3dc0,1892532,delta-omp,cpu,0.0,warm,544.182344,544.182344,0.0,538.791336,0.0,0.0,17274.0,36547866.0,4570697.0,0.0006189999999151041,grid,4194304,16769024,167706628,14.742073750626096
E,2d1cf326d1ed3dc0,1892532,dial,cpu,0.0,warm,324.481145,324.481145,0.0,321.87584,0.0,0.0,0.0,16769024.0,4194304.0,0.000849000000016531,grid,4194304,16769024,167706628,19.1946675012213
E,2d1cf326d1ed3dc0,1892532,dijkstra,cpu,0.0,warm,898.228383,898.228383,0.0,898.173942,0.0,0.0,0.0,16769024.0,4194304.0,0.024941000000126223,grid,4194304,16769024,167706628,53.5614918316057
E,2d1cf326d1ed3dc0,1892532,gpu-frontier,gpu,0.0,warm,835.394995,822.289727,13.058914999999956,820.333618,1.991955,3564.0,3564.0,1456579898.0,364362236.0,0.031216689999951086,grid,4194304,16769024,167706628,0.5631916375657685
E,2d1cf326d1ed3dc0,1892532,gpu-nearfar,gpu,0.0,warm,323.448303,306.828487,16.63174700000002,304.863403,1.982393,48112.0,17579.0,17194622.0,4300745.0,2.6911128800000483,grid,4194304,16769024,167706628,17.730160221027248
E,2d1cf326d1ed3dc0,3822512,delta-omp,cpu,0.0,warm,528.706126,528.706126,0.0,523.280364,0.0,0.0,12241.0,36551646.0,4571180.0,0.0007580000000189102,grid,4194304,16769024,167706628,14.316191506122596
E,2d1cf326d1ed3dc0,3822512,dial,cpu,0.0,warm,326.176985,326.176985,0.0,323.471625,0.0,0.0,0.0,16769024.0,4194304.0,0.0007139999999594693,grid,4194304,16769024,167706628,19.289830165428828
E,2d1cf326d1ed3dc0,3822512,dijkstra,cpu,0.0,warm,918.898236,918.898236,0.0,918.855553,0.0,0.0,0.0,16769024.0,4194304.0,0.02602799999999661,grid,4194304,16769024,167706628,54.794814116790576
E,2d1cf326d1ed3dc0,3822512,gpu-frontier,gpu,0.0,warm,503.379785,490.24767299999996,13.10035099999999,488.243256,1.920994,2523.0,2523.0,881837000.0,220611821.0,0.027959389999978157,grid,4194304,16769024,167706628,0.5536661038264441
E,2d1cf326d1ed3dc0,3822512,gpu-nearfar,gpu,0.0,warm,236.834702,220.00527300000002,16.942342000000025,218.052063,1.95321,34012.0,12467.0,17194383.0,4300685.0,2.724830390000051,grid,4194304,16769024,167706628,12.681586946155614
E,42fe12c898ff6bc9,2755,delta-omp,cpu,0.0,warm,6.621134,6.621134,0.0,6.520159,0.0,0.0,2968.0,1138354.0,142707.0,0.0003750000000000142,grid,131072,522752,5230596,5.727707725364869
E,42fe12c898ff6bc9,2755,dial,cpu,0.0,warm,3.525644,3.525644,0.0,3.496839,0.0,0.0,0.0,522752.0,131072.0,0.00014699999999967517,grid,131072,522752,5230596,6.689288611043095
E,42fe12c898ff6bc9,2755,dijkstra,cpu,0.0,warm,12.234068,12.234068,0.0,12.233464,0.0,0.0,0.0,522752.0,131072.0,0.0003010000000003288,grid,131072,522752,5230596,23.402041503428013
E,42fe12c898ff6bc9,2755,gpu-frontier,gpu,0.0,warm,12.050888,11.349153999999999,0.7049658000000019,11.25776,0.077542,721.0,721.0,10911704.0,2737953.0,0.02045621100000261,grid,131072,522752,5230596,1.0317142033911477
E,42fe12c898ff6bc9,2755,gpu-nearfar,gpu,0.0,warm,52.546505,51.75378619999999,0.7292143999999965,51.6823692,0.073481,8510.0,2946.0,536656.0,134556.0,0.05625040700000028,grid,131072,522752,5230596,96.3044654303688
E,42fe12c898ff6bc9,17547,delta-omp,cpu,0.0,warm,6.541782,6.541782,0.0,6.483655,0.0,0.0,2882.0,1138094.0,142677.0,0.0003159999999997609,grid,131072,522752,5230596,5.696941553158175
E,42fe12c898ff6bc9,17547,dial,cpu,0.0,warm,3.577663,3.577663,0.0,3.516277,0.0,0.0,0.0,522752.0,131072.0,0.00012100000000003774,grid,131072,522752,5230596,6.726472591209599
E,42fe12c898ff6bc9,17547,dijkstra,cpu,0.0,warm,12.25792,12.25792,0.0,12.257417,0.0,0.0,0.0,522752.0,131072.0,0.000344000000000122,grid,131072,522752,5230596,23.447862466332026
E,42fe12c898ff6bc9,17547,gpu-frontier,gpu,0.0,warm,11.654736,10.924651299999999,0.669114200000001,10.8513603,0.073591,695.0,695.0,10584925.0,2655039.0,0.021191209000001265,grid,131072,522752,5230596,1.0251712033859475
E,42fe12c898ff6bc9,17547,gpu-nearfar,gpu,0.0,warm,50.569387,49.8460296,0.7309450999999996,49.7703056,0.07887,8210.0,2852.0,536936.0,134625.0,0.05710898899999961,grid,131072,522752,5230596,92.69318056528152
E,42fe12c898ff6bc9,17879,delta-omp,cpu,0.0,warm,6.551727,6.551727,0.0,6.490116,0.0,0.0,3359.0,1138534.0,142735.0,0.00038300000000024426,grid,131072,522752,5230596,5.700414743872384
E,42fe12c898ff6bc9,17879,dial,cpu,0.0,warm,3.574339,3.574339,0.0,3.547402,0.0,0.0,0.0,522752.0,131072.0,0.00010399999999988196,grid,131072,522752,5230596,6.786013252938296
E,42fe12c898ff6bc9,17879,dijkstra,cpu,0.0,warm,12.097933,12.097933,0.0,12.097337,0.0,0.0,0.0,522752.0,131072.0,0.00025499999999922807,grid,131072,522752,5230596,23.141636952130263
E,42fe12c898ff6bc9,17879,gpu-frontier,gpu,0.0,warm,14.531795,13.8654307,0.6644722999999999,13.7923517,0.073079,826.0,826.0,13929230.0,3495875.0,0.020437693000001644,grid,131072,522752,5230596,0.9901733046263146
E,42fe12c898ff6bc9,17879,gpu-nearfar,gpu,0.0,warm,58.190285,57.4737524,0.7275800000000032,57.4016304,0.078897,9512.0,3267.0,536052.0,134406.0,0.054725795000003075,grid,131072,522752,5230596,107.08220545767948
E,42fe12c898ff6bc9,45992,delta-omp,cpu,0.0,warm,6.578267,6.578267,0.0,6.47973,0.0,0.0,2663.0,1138236.0,142696.0,0.0002900000000005676,grid,131072,522752,5230596,5.692782516103866
E,42fe12c898ff6bc9,45992,dial,cpu,0.0,warm,3.593143,3.593143,0.0,3.52566,0.0,0.0,0.0,522752.0,131072.0,0.00011499999999964317,grid,131072,522752,5230596,6.744421829089128
E,42fe12c898ff6bc9,45992,dijkstra,cpu,0.0,warm,12.377226,12.377226,0.0,12.376585,0.0,0.0,0.0,522752.0,131072.0,0.0002089999999999037,grid,131072,522752,5230596,23.675825247918706
E,42fe12c898ff6bc9,45992,gpu-frontier,gpu,0.0,warm,10.562138,9.87447758,0.6732208799999988,9.79759979,0.073118,604.0,604.0,9852658.0,2470911.0,0.02028920300000081,grid,131072,522752,5230596,0.994411841961834
E,42fe12c898ff6bc9,45992,gpu-nearfar,gpu,0.0,warm,46.150773,45.426921300000004,0.7238516999999973,45.3487663,0.078155,7488.0,2595.0,536370.0,134483.0,0.06043070099999426,grid,131072,522752,5230596,84.54754423252606
E,42fe12c898ff6bc9,59141,delta-omp,cpu,0.0,warm,6.597592,6.597592,0.0,6.512558,0.0,0.0,2834.0,1138742.0,142759.0,0.00034500000000026176,grid,131072,522752,5230596,5.719081231745206
E,42fe12c898ff6bc9,59141,dial,cpu,0.0,warm,3.527044,3.527044,0.0,3.500428,0.0,0.0,0.0,522752.0,131072.0,0.00016499999999952664,grid,131072,522752,5230596,6.696154199314398
E,42fe12c898ff6bc9,59141,dijkstra,cpu,0.0,warm,12.274636,12.274636,0.0,12.274211,0.0,0.0,0.0,522752.0,131072.0,0.00024999999999941735,grid,131072,522752,5230596,23.479988598800198
E,42fe12c898ff6bc9,59141,gpu-frontier,gpu,0.0,warm,11.204902,10.5337471,0.6898778000000014,10.4426241,0.07387,650.0,650.0,10241247.0,2568318.0,0.020020888000001236,grid,131072,522752,5230596,1.0196633378728195
E,42fe12c898ff6bc9,59141,gpu-nearfar,gpu,0.0,warm,49.926838,49.0991922,0.7380089999999981,48.9919662,0.077896,8060.0,2787.0,536307.0,134470.0,0.057867797000007215,grid,131072,522752,5230596,91.35059993623057
E,42fe12c898ff6bc9,119453,delta-omp,cpu,0.0,warm,6.535122,6.535122,0.0,6.483242,0.0,0.0,3205.0,1139518.0,142858.0,0.00024999999999941735,grid,131072,522752,5230596,5.689459929549161
E,42fe12c898ff6bc9,119453,dial,cpu,0.0,warm,3.575383,3.575383,0.0,3.52916,0.0,0.0,0.0,522752.0,131072.0,0.00010699999999985721,grid,131072,522752,5230596,6.7511171645445645
E,42fe12c898ff6bc9,119453,dijkstra,cpu,0.0,warm,12.21343,12.21343,0.0,12.212895,0.0,0.0,0.0,522752.0,131072.0,0.0002190000000013015,grid,131072,522752,5230596,23.362693973432908
E,42fe12c898ff6bc9,119453,gpu-frontier,gpu,0.0,warm,13.577431,12.882994,0.6797450999999999,12.811264,0.072424,781.0,781.0,12529350.0,3143279.0,0.020276093999999745,grid,131072,522752,5230596,1.0225002893206752
E,42fe12c898ff6bc9,119453,gpu-nearfar,gpu,0.0,warm,56.114562,55.3758393,0.7422875999999974,55.2981453,0.075491,9172.0,3157.0,536334.0,134478.0,0.05639069499999749,grid,131072,522752,5230596,103.10393392923068
E,44cd7d27d7f31038,176364,delta-omp,cpu,0.0,warm,271.297456,271.297456,0.0,249.804402,0.0,0.0,157.0,148059296.0,9205619.0,0.0006470000000149412,uniform,8388608,67108818,603979412,1.6871916100425062
E,44cd7d27d7f31038,176364,dial,cpu,0.0,warm,1541.02061,1541.02061,0.0,1530.46405,0.0,0.0,0.0,67108810.0,8385830.0,0.0005229999999301072,uniform,8388608,67108818,603979412,22.805709861343093
E,44cd7d27d7f31038,176364,dijkstra,cpu,0.0,warm,4043.2575,4043.2575,0.0,4041.85874,0.0,0.0,0.0,67108810.0,8385830.0,1.340733999999884,uniform,8388608,67108818,603979412,60.22843707107904
E,44cd7d27d7f31038,176364,gpu-frontier,gpu,0.0,warm,173.27723,127.028217,46.249013000000005,117.850143,9.305285,39.0,39.0,254961448.0,31683106.0,0.02531469999996716,uniform,8388608,67108818,603979412,0.4622273050473105
E,44cd7d27d7f31038,176364,gpu-nearfar,gpu,0.0,warm,105.25334,46.0285986,59.07685179999999,36.6863022,9.490186,458.0,160.0,70133980.0,8727348.0,10.554475699999998,uniform,8388608,67108818,603979412,0.5230888393899791
E,44cd7d27d7f31038,1123038,delta-omp,cpu,0.0,warm,279.51449,279.51449,0.0,258.252237,0.0,0.0,155.0,148071954.0,9206397.0,0.0006979999999998654,uniform,8388608,67108818,603979412,1.7440996084916929
E,44cd7d27d7f31038,1123038,dial,cpu,0.0,warm,1545.18295,1545.18295,0.0,1534.54284,0.0,0.0,0.0,67108810.0,8385830.0,0.000546999999869513,uniform,8388608,67108818,603979412,22.866488617515344
E,44cd7d27d7f31038,1123038,dijkstra,cpu,0.0,warm,4053.88673,4053.88673,0.0,4052.59982,0.0,0.0,0.0,67108810.0,8385830.0,1.367525999999998,uniform,8388608,67108818,603979412,60.3884917643451
E,44cd7d27d7f31038,1123038,gpu-frontier,gpu,0.0,warm,178.817308,129.879356,48.66055800000001,120.163612,9.715744,34.0,34.0,259632061.0,32273974.0,0.02842050000000995,uniform,8388608,67108818,603979412,0.4628227020082855
E,44cd7d27d7f31038,1123038,gpu-nearfar,gpu,0.0,warm,104.441078,45.4218316,59.01924640000001,35.9090881,9.574408,450.0,162.0,70117288.0,8725718.0,10.884597600000006,uniform,8388608,67108818,603979412,0.5121288789720447
E,44cd7d27d7f31038,1144265,delta-omp,cpu,0.0,warm,278.316367,278.316367,0.0,257.307471,0.0,0.0,154.0,148042972.0,9204307.0,0.0007550000000264845,uniform,8388608,67108818,603979412,1.7380593453635882
E,44cd7d27d7f31038,1144265,dial,cpu,0.0,warm,1538.73909,1538.73909,0.0,1528.23616,0.0,0.0,0.0,67108810.0,8385830.0,0.00043099999993501115,uniform,8388608,67108818,603979412,22.772511686617598
E,44cd7d27d7f31038,1144265,dijkstra,cpu,0.0,warm,4039.3967,4039.3967,0.0,4037.94507,0.0,0.0,0.0,67108810.0,8385830.0,1.4409209999994346,uniform,8388608,67108818,603979412,60.17011879662298
E,44cd7d27d7f31038,1144265,gpu-frontier,gpu,0.0,warm,187.376211,140.082787,47.16998699999999,130.403336,9.679451,35.0,35.0,281482220.0,35004248.0,0.030148300000007566,uniform,8388608,67108818,603979412,0.46327379398954577
E,44cd7d27d7f31038,1144265,gpu-nearfar,gpu,0.0,warm,105.31372,46.1297622,58.9689625,36.6331825,9.501699,446.0,158.0,70114978.0,8725221.0,10.519271099999997,uniform,8388608,67108818,603979412,0.5224729942866131
E,44cd7d27d7f31038,2943546,delta-omp,cpu,0.0,warm,275.120791,275.120791,0.0,253.983316,0.0,0.0,160.0,148061098.0,9205630.0,0.0006670000000781329,uniform,8388608,67108818,603979412,1.7153953295686082
E,44cd7d27d7f31038,2943546,dial,cpu,0.0,warm,1535.9433,1535.9433,0.0,1525.29453,0.0,0.0,0.0,67108810.0,8385830.0,0.00046800000018265564,uniform,8388608,67108818,603979412,22.728677948543567
E,44cd7d27d7f31038,2943546,dijkstra,cpu,0.0,warm,4059.15986,4059.15986,0.0,4057.88956,0.0,0.0,0.0,67108810.0,8385830.0,1.274597999999969,uniform,8388608,67108818,603979412,60.46731509618484
E,44cd7d27d7f31038,2943546,gpu-frontier,gpu,0.0,warm,172.690352,126.015599,46.50100000000002,116.498657,9.612907,34.0,34.0,251973456.0,31309705.0,0.024879999999967595,uniform,8388608,67108818,603979412,0.4623449582721126
E,44cd7d27d7f31038,2943546,gpu-nearfar,gpu,0.0,warm,105.297066,46.2216849,59.2172614,36.7259216,9.502069,452.0,161.0,70127093.0,8726385.0,10.649417699999987,uniform,8388608,67108818,603979412,0.523705176257627
E,44cd7d27d7f31038,3785064,delta-omp,cpu,0.0,warm,278.186051,278.186051,0.0,255.4565,0.0,0.0,159.0,148031018.0,9204185.0,0.0006349999999883948,uniform,8388608,67108818,603979412,1.7256957592495918
E,44cd7d27d7f31038,3785064,dial,cpu,0.0,warm,1537.10728,1537.10728,0.0,1524.60734,0.0,0.0,0.0,67108810.0,8385830.0,0.0005009999999856518,uniform,8388608,67108818,603979412,22.71843801134307
E,44cd7d27d7f31038,3785064,dijkstra,cpu,0.0,warm,4045.91764,4045.91764,0.0,4044.58688,0.0,0.0,0.0,67108810.0,8385830.0,1.355305999999473,uniform,8388608,67108818,603979412,60.269089557689966
E,44cd7d27d7f31038,3785064,gpu-frontier,gpu,0.0,warm,171.82856,125.37588600000001,46.48890700000001,116.170013,9.24907,34.0,34.0,251468160.0,31270936.0,0.025606299999992643,uniform,8388608,67108818,603979412,0.4619670856143378
E,44cd7d27d7f31038,3785064,gpu-nearfar,gpu,0.0,warm,105.026247,45.9628437,59.090834300000004,36.7099533,9.275042,462.0,164.0,70112563.0,8725054.0,10.546553700000004,uniform,8388608,67108818,603979412,0.5235859556296637
E,44cd7d27d7f31038,7645025,delta-omp,cpu,0.0,warm,270.497258,270.497258,0.0,249.574199,0.0,0.0,156.0,148081994.0,9206831.0,0.0006470000000149412,uniform,8388608,67108818,603979412,1.6853784329781514
E,44cd7d27d7f31038,7645025,dial,cpu,0.0,warm,1544.28789,1544.28789,0.0,1533.72927,0.0,0.0,0.0,67108810.0,8385830.0,0.0005070000001978769,uniform,8388608,67108818,603979412,22.85436547004782
E,44cd7d27d7f31038,7645025,dijkstra,cpu,0.0,warm,4045.35874,4045.35874,0.0,4043.97436,0.0,0.0,0.0,67108810.0,8385830.0,1.4235450000001038,uniform,8388608,67108818,603979412,60.25996229109114
E,44cd7d27d7f31038,7645025,gpu-frontier,gpu,0.0,warm,179.122912,132.807545,46.16546100000002,123.589409,9.54948,34.0,34.0,269632344.0,33528775.0,0.0241014000000348,uniform,8388608,67108818,603979412,0.4583626992464969
E,44cd7d27d7f31038,7645025,gpu-nearfar,gpu,0.0,warm,105.020047,45.9463332,59.12736700000001,36.6207352,9.325598,448.0,159.0,70126273.0,8726518.0,10.542376700000005,uniform,8388608,67108818,603979412,0.5222113429584372
E,4e6c7bacaac99a89,1377,delta-omp,cpu,0.0,warm,3.020656,3.020656,0.0,2.978386,0.0,0.0,1886.0,569818.0,71502.0,0.0003009999999998847,grid,65536,261120,2613252,5.226907538898385
E,4e6c7bacaac99a89,1377,dial,cpu,0.0,warm,1.594749,1.594749,0.0,1.580679,0.0,0.0,0.0,261120.0,65536.0,0.00016799999999994597,grid,65536,261120,2613252,6.053458180147059
E,4e6c7bacaac99a89,1377,dijkstra,cpu,0.0,warm,5.546692,5.546692,0.0,5.546203,0.0,0.0,0.0,261120.0,65536.0,0.00020500000000023277,grid,65536,261120,2613252,21.24005438112745
E,4e6c7bacaac99a89,1377,gpu-frontier,gpu,0.0,warm,7.156977,6.77714819,0.37982881000000024,6.73680019,0.040348,469.0,469.0,3256347.0,818279.0,0.01876992000000044,grid,65536,261120,2613252,2.0688213479705944
E,4e6c7bacaac99a89,1377,gpu-nearfar,gpu,0.0,warm,33.016132,32.631698199999995,0.3967421999999985,32.5904312,0.041256,5446.0,1852.0,268031.0,67269.0,0.030463202999996497,grid,65536,261120,2613252,121.59202181837175
E,4e6c7bacaac99a89,8773,delta-omp,cpu,0.0,warm,3.082969,3.082969,0.0,3.038477,0.0,0.0,1297.0,567916.0,71267.0,0.0003719999999995949,grid,65536,261120,2613252,5.350222568126272
E,4e6c7bacaac99a89,8773,dial,cpu,0.0,warm,1.616787,1.616787,0.0,1.598635,0.0,0.0,0.0,261120.0,65536.0,0.00016499999999997073,grid,65536,261120,2613252,6.12222349877451
E,4e6c7bacaac99a89,8773,dijkstra,cpu,0.0,warm,5.91268,5.91268,0.0,5.912166,0.0,0.0,0.0,261120.0,65536.0,0.0002529999999998367,grid,65536,261120,2613252,22.641567095588236
E,4e6c7bacaac99a89,8773,gpu-frontier,gpu,0.0,warm,4.986564,4.610742910000001,0.3783108600000009,4.57001591,0.040063,318.0,318.0,2224918.0,559127.0,0.019838777000000363,grid,65536,261120,2613252,2.0540154333777694
E,4e6c7bacaac99a89,8773,gpu-nearfar,gpu,0.0,warm,22.851529,22.4565454,0.3964950000000016,22.4180794,0.03976,3704.0,1281.0,267973.0,67255.0,0.0324840020000039,grid,65536,261120,2613252,83.65797822914995
E,4e6c7bacaac99a89,8939,delta-omp,cpu,0.0,warm,3.074805,3.074805,0.0,3.033677,0.0,0.0,1677.0,568430.0,71330.0,0.0003879999999996109,grid,65536,261120,2613252,5.336940344457541
E,4e6c7bacaac99a89,8939,dial,cpu,0.0,warm,1.634074,1.634074,0.0,1.620939,0.0,0.0,0.0,261120.0,65536.0,0.00018799999999985495,grid,65536,261120,2613252,6.207640165441177
E,4e6c7bacaac99a89,8939,dijkstra,cpu,0.0,warm,5.664705,5.664705,0.0,5.664332,0.0,0.0,0.0,261120.0,65536.0,0.0002099999999991553,grid,65536,261120,2613252,21.692447916666666
E,4e6c7bacaac99a89,8939,gpu-frontier,gpu,0.0,warm,6.430878,6.03339988,0.3830949600000002,5.99331188,0.040256,415.0,415.0,2952328.0,741326.0,0.018935122999999443,grid,65536,261120,2613252,2.0300291431033406
E,4e6c7bacaac99a89,8939,gpu-nearfar,gpu,0.0,warm,29.472989,29.0794349,0.39355409999999935,29.0384007,0.039863,4824.0,1651.0,267714.0,67189.0,0.030887196999998423,grid,65536,261120,2613252,108.46799457630158
E,4e6c7bacaac99a89,22996,delta-omp,cpu,0.0,warm,3.078818,3.078818,0.0,3.047021,0.0,0.0,1629.0,569442.0,71457.0,0.00045399999999995444,grid,65536,261120,2613252,5.350889116011815
E,4e6c7bacaac99a89,22996,dial,cpu,0.0,warm,1.689045,1.689045,0.0,1.674162,0.0,0.0,0.0,261120.0,65536.0,9.800000000015352e-05,grid,65536,261120,2613252,6.4114659926470585
E,4e6c7bacaac99a89,22996,dijkstra,cpu,0.0,warm,5.667557,5.667557,0.0,5.666818,0.0,0.0,0.0,261120.0,65536.0,0.00023999999999979593,grid,65536,261120,2613252,21.70196844362745
E,4e6c7bacaac99a89,22996,gpu-frontier,gpu,0.0,warm,6.234276,5.85821206,0.37580791999999974,5.81830406,0.040717,405.0,405.0,2507659.0,629804.0,0.01865817400000047,grid,65536,261120,2613252,2.320213418172088
E,4e6c7bacaac99a89,22996,gpu-nearfar,gpu,0.0,warm,29.392578,28.3541445,0.43678569999999795,28.3051205,0.048562,4658.0,1596.0,267887.0,67232.0,0.03199969799999636,grid,65536,261120,2613252,105.66067222373613
E,4e6c7bacaac99a89,29570,delta-omp,cpu,0.0,warm,3.030217,3.030217,0.0,3.000607,0.0,0.0,1690.0,568842.0,71383.0,0.0003769999999998497,grid,65536,261120,2613252,5.274939262572032
E,4e6c7bacaac99a89,29570,dial,cpu,0.0,warm,1.593317,1.593317,0.0,1.579601,0.0,0.0,0.0,261120.0,65536.0,0.00010600000000016152,grid,65536,261120,2613252,6.04932981004902
E,4e6c7bacaac99a89,29570,dijkstra,cpu,0.0,warm,5.55877,5.55877,0.0,5.558327,0.0,0.0,0.0,261120.0,65536.0,0.0002080000000006521,grid,65536,261120,2613252,21.286485140931372
E,4e6c7bacaac99a89,29570,gpu-frontier,gpu,0.0,warm,6.505659,6.125665870000001,0.37909906999999965,6.08473587,0.04093,423.0,423.0,2943277.0,738928.0,0.018959853000000138,grid,65536,261120,2613252,2.067333747384293
E,4e6c7bacaac99a89,29570,gpu-nearfar,gpu,0.0,warm,29.670442,29.2914703,0.38900669999999593,29.2520313,0.039687,4852.0,1663.0,268216.0,67315.0,0.030384200000000305,grid,65536,261120,2613252,109.06147023294658
E,4e6c7bacaac99a89,59726,delta-omp,cpu,0.0,warm,3.06643,3.06643,0.0,3.026275,0.0,0.0,1721.0,568852.0,71386.0,0.00022300000000052833,grid,65536,261120,2613252,5.319968990176707
E,4e6c7bacaac99a89,59726,dial,cpu,0.0,warm,1.635845,1.635845,0.0,1.618345,0.0,0.0,0.0,261120.0,65536.0,0.00023700000000004273,grid,65536,261120,2613252,6.197706035539215
E,4e6c7bacaac99a89,59726,dijkstra,cpu,0.0,warm,5.618857,5.618857,0.0,5.618404,0.0,0.0,0.0,261120.0,65536.0,0.00021500000000074238,grid,65536,261120,2613252,21.51655943627451
E,4e6c7bacaac99a89,59726,gpu-frontier,gpu,0.0,warm,6.779402,6.3910418799999995,0.3875649300000008,6.35075188,0.040595,442.0,442.0,3224295.0,809717.0,0.019065195999999673,grid,65536,261120,2613252,1.9696559651024488
E,4e6c7bacaac99a89,59726,gpu-nearfar,gpu,0.0,warm,30.292347,29.8851426,0.4002182000000012,29.8429756,0.042167,4948.0,1689.0,268020.0,67264.0,0.031211199000001244,grid,65536,261120,2613252,111.34607715842101
E,546ebf08dc181db3,88182,delta-omp,cpu,0.0,flushed,112.685124,112.685124,0.0,102.102535,0.0,0.0,152.0,74046080.0,4603520.0,0.0009199999999935926,uniform,4194304,33554386,301989524,1.3789053384054901
E,546ebf08dc181db3,88182,delta-omp,cpu,0.0,warm,113.402477,113.402477,0.0,102.715126,0.0,0.0,152.0,74045140.0,4603399.0,0.0006190000000003693,uniform,4194304,33554386,301989524,1.3871960536505163
E,546ebf08dc181db3,88182,dial,cpu,0.0,flushed,656.626978,656.626978,0.0,651.210955,0.0,0.0,0.0,33554380.0,4192884.0,0.0008849999999256397,uniform,4194304,33554386,301989524,19.407628899714435
E,546ebf08dc181db3,88182,dial,cpu,0.0,warm,653.899912,653.899912,0.0,648.571357,0.0,0.0,0.0,33554380.0,4192884.0,0.0004460000000108266,uniform,4194304,33554386,301989524,19.32896262723376
E,546ebf08dc181db3,88182,dijkstra,cpu,0.0,flushed,1756.21957,1756.21957,0.0,1755.65726,0.0,0.0,0.0,33554380.0,4192884.0,0.7048139999997147,uniform,4194304,33554386,301989524,52.32274475046179
E,546ebf08dc181db3,88182,dijkstra,cpu,0.0,warm,1755.14192,1755.14192,0.0,1754.47169,0.0,0.0,0.0,33554380.0,4192884.0,0.7178690000000643,uniform,4194304,33554386,301989524,52.28741195635264
E,546ebf08dc181db3,88182,gpu-frontier,gpu,0.0,flushed,65.852117,41.988785400000005,23.9332024,40.0433617,1.951644,34.0,34.0,127453593.0,15849842.0,0.023601499999998055,uniform,4194304,33554386,301989524,0.31417993606504285
E,546ebf08dc181db3,88182,gpu-frontier,gpu,0.0,warm,65.490295,41.9127789,23.674973399999992,39.9665909,1.946188,33.0,33.0,127405615.0,15845290.0,0.023255699999992885,uniform,4194304,33554386,301989524,0.3136956789541811
E,546ebf08dc181db3,88182,gpu-nearfar,gpu,0.0,flushed,44.267621,14.137690800000001,30.146441499999998,12.2580795,1.867451,448.0,153.0,35058687.0,4362662.0,5.357329,uniform,4194304,33554386,301989524,0.3496445688339669
E,546ebf08dc181db3,88182,gpu-nearfar,gpu,0.0,warm,43.915584,14.1892648,29.779063900000004,12.2723837,1.896401,448.0,153.0,35058874.0,4362632.0,5.250789200000007,uniform,4194304,33554386,301989524,0.3500507089874022
E,546ebf08dc181db3,561519,delta-omp,cpu,0.0,flushed,114.224143,114.224143,0.0,103.662065,0.0,0.0,147.0,74029088.0,4602774.0,0.0008920000000074424,uniform,4194304,33554386,301989524,1.4002882893816009
E,546ebf08dc181db3,561519,delta-omp,cpu,0.0,warm,111.726736,111.726736,0.0,101.142912,0.0,0.0,147.0,74029034.0,4602876.0,0.0008550000000013824,uniform,4194304,33554386,301989524,1.366260054129573
E,546ebf08dc181db3,561519,dial,cpu,0.0,flushed,656.152405,656.152405,0.0,650.742589,0.0,0.0,0.0,33554380.0,4192884.0,0.0008970000000090295,uniform,4194304,33554386,301989524,19.39367048355535
E,546ebf08dc181db3,561519,dial,cpu,0.0,warm,653.192984,653.192984,0.0,647.959449,0.0,0.0,0.0,33554380.0,4192884.0,0.0003990000000158034,uniform,4194304,33554386,301989524,19.310726319484967
E,546ebf08dc181db3,561519,dijkstra,cpu,0.0,flushed,1759.33347,1759.33347,0.0,1758.73187,0.0,0.0,0.0,33554380.0,4192884.0,0.6466470000002573,uniform,4194304,33554386,301989524,52.414375410900156
E,546ebf08dc181db3,561519,dijkstra,cpu,0.0,warm,1752.4958,1752.4958,0.0,1751.54101,0.0,0.0,0.0,33554380.0,4192884.0,0.6960159999998723,uniform,4194304,33554386,301989524,52.200070750822995
E,546ebf08dc181db3,561519,gpu-frontier,gpu,0.0,flushed,64.914061,40.9465602,23.9109542,39.0633278,1.857368,31.0,31.0,124352660.0,15466479.0,0.024793700000003582,uniform,4194304,33554386,301989524,0.3141334314842964
E,546ebf08dc181db3,561519,gpu-frontier,gpu,0.0,warm,66.825558,40.9759536,25.91236,39.0101776,1.965776,31.0,31.0,124381268.0,15469440.0,0.026229899999989925,uniform,4194304,33554386,301989524,0.31363386325986004
E,546ebf08dc181db3,561519,gpu-nearfar,gpu,0.0,flushed,44.04203,14.2025998,29.8304378,12.2600002,1.948984,438.0,152.0,35057164.0,4362284.0,5.322210699999999,uniform,4194304,33554386,301989524,0.3497145462194261
E,546ebf08dc181db3,561519,gpu-nearfar,gpu,0.0,warm,44.261082,14.192778,30.113692399999998,12.2253437,1.967984,438.0,152.0,35057620.0,4362345.0,5.4368763000000015,uniform,4194304,33554386,301989524,0.3487214391621565
E,546ebf08dc181db3,572132,delta-omp,cpu,0.0,flushed,112.815655,112.815655,0.0,102.256527,0.0,0.0,145.0,74025544.0,4602472.0,0.0009009999999989304,uniform,4194304,33554386,301989524,1.3813681261160338
E,546ebf08dc181db3,572132,delta-omp,cpu,0.0,warm,114.103896,114.103896,0.0,103.564686,0.0,0.0,145.0,74023540.0,4602423.0,0.0008219999999994343,uniform,4194304,33554386,301989524,1.3990777258153284
E,546ebf08dc181db3,572132,dial,cpu,0.0,flushed,658.571873,658.571873,0.0,653.193006,0.0,0.0,0.0,33554380.0,4192884.0,0.0008780000000569999,uniform,4194304,33554386,301989524,19.466698714147004
E,546ebf08dc181db3,572132,dial,cpu,0.0,warm,654.562784,654.562784,0.0,649.308502,0.0,0.0,0.0,33554380.0,4192884.0,0.0005889999999908468,uniform,4194304,33554386,301989524,19.35093129421554
E,546ebf08dc181db3,572132,dijkstra,cpu,0.0,flushed,1755.67374,1755.67374,0.0,1755.03143,0.0,0.0,0.0,33554380.0,4192884.0,0.6079290000000128,uniform,4194304,33554386,301989524,52.30409353413772
E,546ebf08dc181db3,572132,dijkstra,cpu,0.0,warm,1754.50175,1754.50175,0.0,1753.73189,0.0,0.0,0.0,33554380.0,4192884.0,0.7275959999999486,uniform,4194304,33554386,301989524,52.26536416408231
E,546ebf08dc181db3,572132,gpu-frontier,gpu,0.0,flushed,64.276853,40.379891799999996,23.955409700000004,38.513279,1.85838,33.0,33.0,122845930.0,15273444.0,0.024213800000012498,uniform,4194304,33554386,301989524,0.31350879105233687
E,546ebf08dc181db3,572132,gpu-frontier,gpu,0.0,warm,64.296509,40.5218094,23.972685999999996,38.5535049,1.871312,32.0,32.0,123015378.0,15294298.0,0.025248599999983412,uniform,4194304,33554386,301989524,0.3134039461310276
E,546ebf08dc181db3,572132,gpu-nearfar,gpu,0.0,flushed,43.923996,14.1872952,29.7367008,12.2200642,1.967231,428.0,151.0,35054537.0,4362199.0,5.299431599999998,uniform,4194304,33554386,301989524,0.34860150057038264
E,546ebf08dc181db3,572132,gpu-nearfar,gpu,0.0,warm,43.940469,14.1213781,29.834734799999996,12.1964159,1.906774,428.0,151.0,35054153.0,4362187.0,5.261726600000003,uniform,4194304,33554386,301989524,0.3479306973983939
E,546ebf08dc181db3,1471773,delta-omp,cpu,0.0,flushed,113.170671,113.170671,0.0,102.643897,0.0,0.0,152.0,74031790.0,4602649.0,0.000934999999984143,uniform,4194304,33554386,301989524,1.386484063130177
E,546ebf08dc181db3,1471773,delta-omp,cpu,0.0,warm,112.197707,112.197707,0.0,101.69892,0.0,0.0,152.0,74033672.0,4602793.0,0.000664000000000442,uniform,4194304,33554386,301989524,1.3736846660800508
E,546ebf08dc181db3,1471773,dial,cpu,0.0,flushed,655.92441,655.92441,0.0,650.56146,0.0,0.0,0.0,33554380.0,4192884.0,0.0008880000000317523,uniform,4194304,33554386,301989524,19.388272410338082
E,546ebf08dc181db3,1471773,dial,cpu,0.0,warm,652.751372,652.751372,0.0,647.390788,0.0,0.0,0.0,33554380.0,4192884.0,0.00047899999992750963,uniform,4194304,33554386,301989524,19.293778874769853
E,546ebf08dc181db3,1471773,dijkstra,cpu,0.0,flushed,1757.153,1757.153,0.0,1756.49439,0.0,0.0,0.0,33554380.0,4192884.0,0.6579759999999624,uniform,4194304,33554386,301989524,52.347693207265344
E,546ebf08dc181db3,1471773,dijkstra,cpu,0.0,warm,1754.84862,1754.84862,0.0,1754.14358,0.0,0.0,0.0,33554380.0,4192884.0,0.8054480000000694,uniform,4194304,33554386,301989524,52.27763350120014
E,546ebf08dc181db3,1471773,gpu-frontier,gpu,0.0,flushed,64.961253,41.1604541,23.93267130000001,39.1736336,1.932999,33.0,33.0,124851545.0,15531109.0,0.02521429999998759,uniform,4194304,33554386,301989524,0.31376170475103055
E,546ebf08dc181db3,1471773,gpu-frontier,gpu,0.0,warm,64.913485,40.9692907,23.84093759999999,39.1864967,1.805221,35.0,35.0,124981373.0,15548031.0,0.023855799999992655,uniform,4194304,33554386,301989524,0.3135386958823056
E,546ebf08dc181db3,1471773,gpu-nearfar,gpu,0.0,flushed,44.027719,14.2878461,29.7356299,12.3470078,1.942969,456.0,157.0,35054670.0,4362156.0,5.285656600000003,uniform,4194304,33554386,301989524,0.35222148147450827
E,546ebf08dc181db3,1471773,gpu-nearfar,gpu,0.0,warm,43.833418,14.2917396,29.541678400000002,12.3327684,1.940129,456.0,157.0,35054097.0,4362071.0,5.267599500000003,uniform,4194304,33554386,301989524,0.35182102679752386
E,546ebf08dc181db3,1892532,delta-omp,cpu,0.0,flushed,110.635583,110.635583,0.0,99.851232,0.0,0.0,147.0,74008346.0,4602031.0,0.0010160000000070113,uniform,4194304,33554386,301989524,1.3491888063543536
E,546ebf08dc181db3,1892532,delta-omp,cpu,0.0,warm,114.182705,114.182705,0.0,103.690163,0.0,0.0,147.0,74008508.0,4602088.0,0.0007390000000100372,uniform,4194304,33554386,301989524,1.4010573351917863
E,546ebf08dc181db3,1892532,dial,cpu,0.0,flushed,658.307957,658.307957,0.0,652.952834,0.0,0.0,0.0,33554380.0,4192884.0,0.0008080000000063592,uniform,4194304,33554386,301989524,19.45954101968208
E,546ebf08dc181db3,1892532,dial,cpu,0.0,warm,651.122146,651.122146,0.0,645.796548,0.0,0.0,0.0,33554380.0,4192884.0,0.0005289999999149586,uniform,4194304,33554386,301989524,19.24626674669596
E,546ebf08dc181db3,1892532,dijkstra,cpu,0.0,flushed,1755.03799,1755.03799,0.0,1754.4097,0.0,0.0,0.0,33554380.0,4192884.0,0.6276310000000649,uniform,4194304,33554386,301989524,52.2855645075248
E,546ebf08dc181db3,1892532,dijkstra,cpu,0.0,warm,1756.61391,1756.61391,0.0,1755.93828,0.0,0.0,0.0,33554380.0,4192884.0,0.7153160000000298,uniform,4194304,33554386,301989524,52.331119812078185
E,546ebf08dc181db3,1892532,gpu-frontier,gpu,0.0,flushed,66.107493,42.181623200000004,23.9258698,40.2452812,1.879252,34.0,34.0,128028052.0,15920799.0,0.02481570000000488,uniform,4194304,33554386,301989524,0.3143473681845913
E,546ebf08dc181db3,1892532,gpu-frontier,gpu,0.0,warm,66.018073,42.2149622,24.044556300000004,40.2175026,1.937976,34.0,34.0,128081164.0,15926881.0,0.025189400000002138,uniform,4194304,33554386,301989524,0.3140001335403229
E,546ebf08dc181db3,1892532,gpu-nearfar,gpu,0.0,flushed,44.148823,14.1195256,30.0046704,12.2506876,1.868838,442.0,154.0,35058351.0,4362581.0,5.288978299999997,uniform,4194304,33554386,301989524,0.3494370742080824
E,546ebf08dc181db3,1892532,gpu-nearfar,gpu,0.0,warm,43.906116,14.034340799999999,29.8819115,12.2445765,1.799653,440.0,153.0,35058507.0,4362623.0,5.252277100000001,uniform,4194304,33554386,301989524,0.34926120784322046
E,546ebf08dc181db3,3822512,delta-omp,cpu,0.0,flushed,114.169148,114.169148,0.0,103.594367,0.0,0.0,147.0,74015286.0,4602139.0,0.0009329999999891925,uniform,4194304,33554386,301989524,1.399634759230681
E,546ebf08dc181db3,3822512,delta-omp,cpu,0.0,warm,112.011948,112.011948,0.0,101.479783,0.0,0.0,147.0,74014150.0,4602016.0,0.0006340000000051305,uniform,4194304,33554386,301989524,1.371086244995045
E,546ebf08dc181db3,3822512,dial,cpu,0.0,flushed,657.472439,657.472439,0.0,652.09417,0.0,0.0,0.0,33554380.0,4192884.0,0.0008109999999987849,uniform,4194304,33554386,301989524,19.433950798673674
E,546ebf08dc181db3,3822512,dial,cpu,0.0,warm,653.045281,653.045281,0.0,647.672658,0.0,0.0,0.0,33554380.0,4192884.0,0.00047800000004372123,uniform,4194304,33554386,301989524,19.302179268399534
E,546ebf08dc181db3,3822512,dijkstra,cpu,0.0,flushed,1759.61373,1759.61373,0.0,1758.99493,0.0,0.0,0.0,33554380.0,4192884.0,0.6182349999999133,uniform,4194304,33554386,301989524,52.422215221976984
E,546ebf08dc181db3,3822512,dijkstra,cpu,0.0,warm,1756.26977,1756.26977,0.0,1755.34636,0.0,0.0,0.0,33554380.0,4192884.0,0.7295339999998305,uniform,4194304,33554386,301989524,52.31347919407243
E,546ebf08dc181db3,3822512,gpu-frontier,gpu,0.0,flushed,64.871355,40.932562,24.000783399999996,39.056385,1.876177,33.0,33.0,124636437.0,15486828.0,0.022861800000001153,uniform,4194304,33554386,301989524,0.3133624960732791
E,546ebf08dc181db3,3822512,gpu-frontier,gpu,0.0,warm,64.745614,40.9273277,23.834972500000006,39.0531845,1.831102,33.0,33.0,124586842.0,15479988.0,0.025488800000005085,uniform,4194304,33554386,301989524,0.3134615491738686
E,546ebf08dc181db3,3822512,gpu-nearfar,gpu,0.0,flushed,43.915122,14.1324904,29.713806599999998,12.3101444,1.794986,446.0,154.0,35054746.0,4362332.0,5.262894500000002,uniform,4194304,33554386,301989524,0.351169122720216
E,546ebf08dc181db3,3822512,gpu-nearfar,gpu,0.0,warm,43.878733,14.152051199999999,29.706111899999996,12.3112316,1.821459,446.0,154.0,35053788.0,4362230.0,5.2447181,uniform,4194304,33554386,301989524,0.35120973516471315
E,554446d8c7f8acde,44091,delta-omp,cpu,0.0,warm,46.102155,46.102155,0.0,40.933866,0.0,0.0,136.0,37012284.0,2301182.0,0.0006609999999938054,uniform,2097152,16777186,150994708,1.1059535261320268
E,554446d8c7f8acde,44091,dial,cpu,0.0,warm,265.731351,265.731351,0.0,263.198637,0.0,0.0,0.0,16777182.0,2096455.0,0.0003699999999753345,uniform,2097152,16777186,150994708,15.687893056175943
E,554446d8c7f8acde,44091,dijkstra,cpu,0.0,warm,733.22919,733.22919,0.0,733.227753,0.0,0.0,0.0,16777182.0,2096455.0,0.0010240000000294458,uniform,2097152,16777186,150994708,43.70386832544345
E,554446d8c7f8acde,44091,gpu-frontier,gpu,0.0,warm,24.744073,12.5302448,12.216638900000001,11.5700483,0.999409,31.0,31.0,65674777.0,8161273.0,0.022531540000002792,uniform,2097152,16777186,150994708,0.1761718703666097
E,554446d8c7f8acde,44091,gpu-nearfar,gpu,0.0,warm,21.410846,6.175225859999999,15.28170522,5.22995186,0.945274,420.0,145.0,17522378.0,2180660.0,2.6009686499999987,uniform,2097152,16777186,150994708,0.2984727221385134
E,554446d8c7f8acde,280759,delta-omp,cpu,0.0,warm,47.179799,47.179799,0.0,42.132967,0.0,0.0,140.0,37012624.0,2301229.0,0.0006500000000002615,uniform,2097152,16777186,150994708,1.1383404483832327
E,554446d8c7f8acde,280759,dial,cpu,0.0,warm,267.059678,267.059678,0.0,264.496619,0.0,0.0,0.0,16777182.0,2096455.0,0.0003669999999829088,uniform,2097152,16777186,150994708,15.765258968997296
E,554446d8c7f8acde,280759,dijkstra,cpu,0.0,warm,734.635907,734.635907,0.0,734.31284,0.0,0.0,0.0,16777182.0,2096455.0,0.3851349999999911,uniform,2097152,16777186,150994708,43.768544681699225
E,554446d8c7f8acde,280759,gpu-frontier,gpu,0.0,warm,26.816655,12.4606557,14.3559993,11.4543037,1.006352,31.0,31.0,65388946.0,8128744.0,0.03077474999999552,uniform,2097152,16777186,150994708,0.17517186620503106
E,554446d8c7f8acde,280759,gpu-nearfar,gpu,0.0,warm,21.571893,6.20569402,15.36228788,5.20761585,1.007294,412.0,141.0,17520750.0,2180358.0,2.62836914,uniform,2097152,16777186,150994708,0.2972256239030863
E,554446d8c7f8acde,286066,delta-omp,cpu,0.0,warm,46.603497,46.603497,0.0,41.494792,0.0,0.0,138.0,37019158.0,2301837.0,0.0005249999999961119,uniform,2097152,16777186,150994708,1.1209004807726852
E,554446d8c7f8acde,286066,dial,cpu,0.0,warm,267.238417,267.238417,0.0,264.656399,0.0,0.0,0.0,16777182.0,2096455.0,0.00035900000000310683,uniform,2097152,16777186,150994708,15.774782618439737
E,554446d8c7f8acde,286066,dijkstra,cpu,0.0,warm,733.972491,733.972491,0.0,733.970878,0.0,0.0,0.0,16777182.0,2096455.0,0.0007610000000113359,uniform,2097152,16777186,150994708,43.74816211685609
E,554446d8c7f8acde,286066,gpu-frontier,gpu,0.0,warm,24.118472,11.7775328,12.304289999999998,10.9298878,0.847645,31.0,31.0,62012309.0,7712263.0,0.02470373999999964,uniform,2097152,16777186,150994708,0.17625352089373095
E,554446d8c7f8acde,286066,gpu-nearfar,gpu,0.0,warm,21.247684,6.19402802,15.16006188,5.20963192,0.940364,422.0,144.0,17519860.0,2180441.0,2.612466610000002,uniform,2097152,16777186,150994708,0.29735579622211594
E,554446d8c7f8acde,735886,delta-omp,cpu,0.0,warm,45.36662,45.36662,0.0,40.442884,0.0,0.0,136.0,37012554.0,2301254.0,0.0005739999999931911,uniform,2097152,16777186,150994708,1.0926801754885653
E,554446d8c7f8acde,735886,dial,cpu,0.0,warm,265.619611,265.619611,0.0,262.969611,0.0,0.0,0.0,16777182.0,2096455.0,0.0004519999999956781,uniform,2097152,16777186,150994708,15.674242015136988
E,554446d8c7f8acde,735886,dijkstra,cpu,0.0,warm,734.015375,734.015375,0.0,734.013793,0.0,0.0,0.0,16777182.0,2096455.0,0.0009079999999812571,uniform,2097152,16777186,150994708,43.750720055370444
E,554446d8c7f8acde,735886,gpu-frontier,gpu,0.0,warm,24.227408,11.973819200000001,12.2046175,11.1309118,0.838652,31.0,31.0,63170974.0,7850687.0,0.024154639999999006,uniform,2097152,16777186,150994708,0.1762029472586571
E,554446d8c7f8acde,735886,gpu-nearfar,gpu,0.0,warm,21.080563,6.111873879999999,14.968689120000002,5.11449623,0.9941,402.0,140.0,17524303.0,2180786.0,2.556463299999997,uniform,2097152,16777186,150994708,0.2918516205751521
E,554446d8c7f8acde,946266,delta-omp,cpu,0.0,warm,46.236961,46.236961,0.0,41.269094,0.0,0.0,145.0,37019168.0,2301776.0,0.0006279999999918573,uniform,2097152,16777186,150994708,1.1148033905029957
E,554446d8c7f8acde,946266,dial,cpu,0.0,warm,266.827545,266.827545,0.0,264.086353,0.0,0.0,0.0,16777182.0,2096455.0,0.0005429999999364554,uniform,2097152,16777186,150994708,15.740805160246815
E,554446d8c7f8acde,946266,dijkstra,cpu,0.0,warm,733.6227,733.6227,0.0,733.621218,0.0,0.0,0.0,16777182.0,2096455.0,0.0009430000000065775,uniform,2097152,16777186,150994708,43.72732071452762
E,554446d8c7f8acde,946266,gpu-frontier,gpu,0.0,warm,23.749341,11.5312503,12.2269407,10.5859842,0.894481,31.0,31.0,59856451.0,7440356.0,0.02422703000000226,uniform,2097152,16777186,150994708,0.17685619550013082
E,554446d8c7f8acde,946266,gpu-nearfar,gpu,0.0,warm,21.366203,6.11516016,15.243705839999999,5.2596159,0.866584,428.0,147.0,17521291.0,2180415.0,2.6220127499999997,uniform,2097152,16777186,150994708,0.3001842672437779
E,554446d8c7f8acde,1911256,delta-omp,cpu,0.0,warm,44.818087,44.818087,0.0,39.727386,0.0,0.0,141.0,37015324.0,2301401.0,0.0006720000000015602,uniform,2097152,16777186,150994708,1.0732686278796317
E,554446d8c7f8acde,1911256,dial,cpu,0.0,warm,265.127516,265.127516,0.0,262.49518,0.0,0.0,0.0,16777182.0,2096455.0,0.0003829999999993561,uniform,2097152,16777186,150994708,15.645963666603842
E,554446d8c7f8acde,1911256,dijkstra,cpu,0.0,warm,734.062639,734.062639,0.0,734.06106,0.0,0.0,0.0,16777182.0,2096455.0,0.0008589999999912834,uniform,2097152,16777186,150994708,43.753537393824544
E,554446d8c7f8acde,1911256,gpu-frontier,gpu,0.0,warm,23.893388,11.7139338,12.2580366,10.7565441,0.893422,30.0,30.0,60879256.0,7571291.0,0.024450510000001202,uniform,2097152,16777186,150994708,0.17668652356723938
E,554446d8c7f8acde,1911256,gpu-nearfar,gpu,0.0,warm,21.322534,6.13878385,15.187665159999998,5.23731184,0.926464,420.0,147.0,17528457.0,2181269.0,2.6043232299999985,uniform,2097152,16777186,150994708,0.29878909706655865
E,7868820d38faf884,352728,delta-omp,cpu,0.0,warm,1655.19544,1655.19544,0.0,1634.07315,0.0,0.0,33244.0,146240126.0,18284445.0,0.0008029999999052961,grid,16777216,67092480,670957572,11.173904144475367
E,7868820d38faf884,352728,dial,cpu,0.0,warm,1551.20235,1551.20235,0.0,1540.57696,0.0,0.0,0.0,67092480.0,16777216.0,0.0006320000002233428,grid,16777216,67092480,670957572,22.961991567460316
E,7868820d38faf884,352728,dijkstra,cpu,0.0,warm,4391.91531,4391.91531,0.0,4391.87347,0.0,0.0,0.0,67092480.0,16777216.0,0.024915000000873988,grid,16777216,67092480,670957572,65.45999596378014
E,7868820d38faf884,352728,gpu-frontier,gpu,0.0,warm,9166.63502,9120.605897,46.24980199999845,9101.75,18.891938,6490.0,6490.0,10415817096.0,2604708846.0,0.10685209999792278,grid,16777216,67092480,670957572,0.873839269268213
E,7868820d38faf884,352728,gpu-nearfar,gpu,0.0,warm,676.91353,618.0979679999999,58.93709100000012,598.821655,19.004335,91816.0,34149.0,68799475.0,17204047.0,10.561833000000092,grid,16777216,67092480,670957572,8.703869542609155
E,7868820d38faf884,2246077,delta-omp,cpu,0.0,warm,1713.52212,1713.52212,0.0,1692.56176,0.0,0.0,35175.0,146257936.0,18286675.0,0.0006100000000515138,grid,16777216,67092480,670957572,11.57244390485587
E,7868820d38faf884,2246077,dial,cpu,0.0,warm,1535.03248,1535.03248,0.0,1524.54763,0.0,0.0,0.0,67092480.0,16777216.0,0.0005250000001524313,grid,16777216,67092480,670957572,22.723077608697725
E,7868820d38faf884,2246077,dijkstra,cpu,0.0,warm,4389.81677,4389.81677,0.0,4389.78759,0.0,0.0,0.0,67092480.0,16777216.0,0.021912000000156695,grid,16777216,67092480,670957572,65.4289063394288
E,7868820d38faf884,2246077,gpu-frontier,gpu,0.0,warm,9772.94435,9726.794519,46.147171000000526,9707.71387,19.076581,6963.0,6963.0,11053512915.0,2764178171.0,0.101444600000832,grid,16777216,67092480,670957572,0.8782469378423846
E,7868820d38faf884,2246077,gpu-nearfar,gpu,0.0,warm,705.830328,641.978104,64.666789,624.852112,16.340146,97068.0,36053.0,68800878.0,17204396.0,12.688219300000014,grid,16777216,67092480,670957572,9.082036889122257
E,7868820d38faf884,2288530,delta-omp,cpu,0.0,warm,975.562922,975.562922,0.0,954.454189,0.0,0.0,23524.0,146270360.0,18288223.0,0.0006689999999025531,grid,16777216,67092480,670957572,6.525274081502227
E,7868820d38faf884,2288530,dial,cpu,0.0,warm,1554.89695,1554.89695,0.0,1544.35655,0.0,0.0,0.0,67092480.0,16777216.0,0.0005260000000362197,grid,16777216,67092480,670957572,23.018325600723063
E,7868820d38faf884,2288530,dijkstra,cpu,0.0,warm,4592.31566,4592.31566,0.0,4592.27519,0.0,0.0,0.0,67092480.0,16777216.0,0.02211399999941932,grid,16777216,67092480,670957572,68.44694353227068
E,7868820d38faf884,2288530,gpu-frontier,gpu,0.0,warm,5857.11984,5810.763549,46.442455000000336,5791.84277,19.063142,4557.0,4557.0,6629983228.0,1658097319.0,0.07265740000002552,grid,16777216,67092480,670957572,0.8735833215293316
E,7868820d38faf884,2288530,gpu-nearfar,gpu,0.0,warm,511.489657,452.37239700000003,59.11725999999999,433.553284,18.960251,64630.0,24136.0,68796742.0,17203362.0,10.617724699999997,grid,16777216,67092480,670957572,6.301944996174383
E,7868820d38faf884,5887093,delta-omp,cpu,0.0,warm,1797.89042,1797.89042,0.0,1776.60948,0.0,0.0,39297.0,146241990.0,18284678.0,0.0007820000000720029,grid,16777216,67092480,670957572,12.148422487959854
E,7868820d38faf884,5887093,dial,cpu,0.0,warm,1543.60824,1543.60824,0.0,1532.95552,0.0,0.0,0.0,67092480.0,16777216.0,0.0005779999999049323,grid,16777216,67092480,670957572,22.848395528083028
E,7868820d38faf884,5887093,dijkstra,cpu,0.0,warm,4360.27233,4360.27233,0.0,4360.23384,0.0,0.0,0.0,67092480.0,16777216.0,0.01973699999962264,grid,16777216,67092480,670957572,64.98841360462454
E,7868820d38faf884,5887093,gpu-frontier,gpu,0.0,warm,11958.5272,11911.704619999999,47.6571410000015,11892.9551,18.74952,7872.0,7872.0,13503755100.0,3377019142.0,0.13520080000307644,grid,16777216,67092480,670957572,0.8807146613611202
E,7868820d38faf884,5887093,gpu-nearfar,gpu,0.0,warm,774.54025,715.645086,58.95368199999996,696.447693,19.197393,108716.0,40287.0,68796454.0,17203285.0,10.615068399999927,grid,16777216,67092480,670957572,10.123307997822097
E,7868820d38faf884,7570129,delta-omp,cpu,0.0,warm,1578.30428,1578.30428,0.0,1557.21725,0.0,0.0,30451.0,146260746.0,18287014.0,0.0008070000001225708,grid,16777216,67092480,670957572,10.646857017945198
E,7868820d38faf884,7570129,dial,cpu,0.0,warm,1543.98253,1543.98253,0.0,1533.28681,0.0,0.0,0.0,67092480.0,16777216.0,0.0005039999998643907,grid,16777216,67092480,670957572,22.853333339295254
E,7868820d38faf884,7570129,dijkstra,cpu,0.0,warm,4434.78334,4434.78334,0.0,4434.75644,0.0,0.0,0.0,67092480.0,16777216.0,0.018298999999387888,grid,16777216,67092480,670957572,66.09915805765415
E,7868820d38faf884,7570129,gpu-frontier,gpu,0.0,warm,8028.78929,7982.544769,46.31491499999993,7963.43848,19.006578,5869.0,5869.0,9106205724.0,2277236350.0,0.09609670000008919,grid,16777216,67092480,670957572,0.8745067618022112
E,7868820d38faf884,7570129,gpu-nearfar,gpu,0.0,warm,626.944916,567.939714,59.21814599999993,548.819824,18.945851,83946.0,31276.0,68800514.0,17204309.0,10.61410629999989,grid,16777216,67092480,670957572,7.976972730174661
E,7868820d38faf884,15290050,delta-omp,cpu,0.0,warm,966.34291,966.34291,0.0,945.207481,0.0,0.0,23225.0,146275088.0,18288835.0,0.0006659999999101274,grid,16777216,67092480,670957572,6.461848657373564
E,7868820d38faf884,15290050,dial,cpu,0.0,warm,1552.9564,1552.9564,0.0,1542.39445,0.0,0.0,0.0,67092480.0,16777216.0,0.0004959999998845888,grid,16777216,67092480,670957572,22.989080892523276
E,7868820d38faf884,15290050,dijkstra,cpu,0.0,warm,4599.35876,4599.35876,0.0,4599.32653,0.0,0.0,0.0,67092480.0,16777216.0,0.023535999999694468,grid,16777216,67092480,670957572,68.55204234513316
E,7868820d38faf884,15290050,gpu-frontier,gpu,0.0,warm,5887.57867,5841.325135,46.25353499999983,5822.51904,18.816841,4489.0,4489.0,6662489543.0,1666223652.0,0.07630439999957161,grid,16777216,67092480,670957572,0.873925430189602
E,7868820d38faf884,15290050,gpu-nearfar,gpu,0.0,warm,508.726351,449.279078,58.96420499999999,430.041504,19.315089,63948.0,23915.0,68795413.0,17203037.0,10.575908699999957,grid,16777216,67092480,670957572,6.251020020767954
E,b3591a002e8970cb,11022,delta-omp,cpu,0.0,warm,30.368399,30.368399,0.0,30.094145,0.0,0.0,5059.0,4565526.0,571517.0,0.00040900000000476666,grid,524288,2094080,20946948,6.591605217011139
E,b3591a002e8970cb,11022,dial,cpu,0.0,warm,16.729083,16.729083,0.0,16.564582,0.0,0.0,0.0,2094080.0,524288.0,0.00012699999999910005,grid,524288,2094080,20946948,7.910195408007336
E,b3591a002e8970cb,11022,dijkstra,cpu,0.0,warm,58.964102,58.964102,0.0,58.963228,0.0,0.0,0.0,2094080.0,524288.0,0.0005079999999964002,grid,524288,2094080,20946948,28.15710383557457
E,b3591a002e8970cb,11022,gpu-frontier,gpu,0.0,warm,29.563,27.4008218,2.151497499999998,27.1073608,0.293461,1119.0,1119.0,52899640.0,13249396.0,0.023769689999998178,grid,524288,2094080,20946948,0.5124299673873016
E,b3591a002e8970cb,11022,gpu-nearfar,gpu,0.0,warm,90.564722,87.9921873,2.5251281999999975,87.7140503,0.280187,14228.0,5063.0,2147923.0,537764.0,0.2722847200000018,grid,524288,2094080,20946948,40.83668283267137
E,b3591a002e8970cb,70189,delta-omp,cpu,0.0,warm,31.489897,31.489897,0.0,31.123872,0.0,0.0,5459.0,4561020.0,570950.0,0.00039200000000150226,grid,524288,2094080,20946948,6.823884131181183
E,b3591a002e8970cb,70189,dial,cpu,0.0,warm,16.678823,16.678823,0.0,16.434642,0.0,0.0,0.0,2094080.0,524288.0,0.00014200000000030855,grid,524288,2094080,20946948,7.8481442924816625
E,b3591a002e8970cb,70189,dijkstra,cpu,0.0,warm,58.667285,58.667285,0.0,58.666421,0.0,0.0,0.0,2094080.0,524288.0,0.00045899999999932106,grid,524288,2094080,20946948,28.015367607732273
E,b3591a002e8970cb,70189,gpu-frontier,gpu,0.0,warm,34.17204,32.0360431,2.135996900000002,31.7697601,0.266283,1203.0,1203.0,65293818.0,16348895.0,0.02433278000000172,grid,524288,2094080,20946948,0.48656612636743035
E,b3591a002e8970cb,70189,gpu-nearfar,gpu,0.0,warm,96.945602,94.4060903,2.549250999999998,94.1283493,0.296673,15296.0,5437.0,2148380.0,537880.0,0.28151604999999336,grid,524288,2094080,20946948,43.81364065016431
E,b3591a002e8970cb,71516,delta-omp,cpu,0.0,warm,30.168968,30.168968,0.0,29.77824,0.0,0.0,6065.0,4562166.0,571094.0,0.0004709999999974457,grid,524288,2094080,20946948,6.52721536217665
E,b3591a002e8970cb,71516,dial,cpu,0.0,warm,17.084282,17.084282,0.0,16.828621,0.0,0.0,0.0,2094080.0,524288.0,0.0001410000000028333,grid,524288,2094080,20946948,8.036283714089242
E,b3591a002e8970cb,71516,dijkstra,cpu,0.0,warm,58.021947,58.021947,0.0,58.021143,0.0,0.0,0.0,2094080.0,524288.0,0.0005410000000054538,grid,524288,2094080,20946948,27.70722369727995
E,b3591a002e8970cb,71516,gpu-frontier,gpu,0.0,warm,40.961233,38.8378587,2.1095685000000017,38.5763855,0.2644,1334.0,1334.0,87123310.0,21811308.0,0.024979279999996606,grid,524288,2094080,20946948,0.44277915405188345
E,b3591a002e8970cb,71516,gpu-nearfar,gpu,0.0,warm,108.179802,105.67408999999999,2.5020020000000045,105.37104,0.30305,17080.0,6059.0,2147959.0,537772.0,0.2647820199999984,grid,524288,2094080,20946948,49.05635535873822
E,b3591a002e8970cb,183971,delta-omp,cpu,0.0,warm,30.259724,30.259724,0.0,29.852885,0.0,0.0,6709.0,4565862.0,571558.0,0.0003430000000008704,grid,524288,2094080,20946948,6.538280175791559
E,b3591a002e8970cb,183971,dial,cpu,0.0,warm,16.693773,16.693773,0.0,16.538685,0.0,0.0,0.0,2094080.0,524288.0,0.00015500000000301384,grid,524288,2094080,20946948,7.897828640739609
E,b3591a002e8970cb,183971,dijkstra,cpu,0.0,warm,57.334274,57.334274,0.0,57.333087,0.0,0.0,0.0,2094080.0,524288.0,0.0005560000000031096,grid,524288,2094080,20946948,27.378651722952323
E,b3591a002e8970cb,183971,gpu-frontier,gpu,0.0,warm,43.598278,41.454770599999996,2.158847999999999,41.1972466,0.265372,1496.0,1496.0,89197179.0,22343383.0,0.024735140000004208,grid,524288,2094080,20946948,0.46186714716616767
E,b3591a002e8970cb,183971,gpu-nearfar,gpu,0.0,warm,118.285788,115.768228,2.517560000000003,115.476479,0.291749,18780.0,6631.0,2148121.0,537814.0,0.26839300999999693,grid,524288,2094080,20946948,53.756971325172096
E,b3591a002e8970cb,236566,delta-omp,cpu,0.0,warm,30.179523,30.179523,0.0,29.748223,0.0,0.0,6733.0,4562340.0,571118.0,0.00043200000000354066,grid,524288,2094080,20946948,6.520387125904689
E,b3591a002e8970cb,236566,dial,cpu,0.0,warm,16.504901,16.504901,0.0,16.350741,0.0,0.0,0.0,2094080.0,524288.0,0.00011700000000303135,grid,524288,2094080,20946948,7.808078487927873
E,b3591a002e8970cb,236566,dijkstra,cpu,0.0,warm,56.899462,56.899462,0.0,56.898655,0.0,0.0,0.0,2094080.0,524288.0,0.00039600000000206137,grid,524288,2094080,20946948,27.171194510238386
E,b3591a002e8970cb,236566,gpu-frontier,gpu,0.0,warm,49.456925,47.3489622,2.1216453999999985,47.0560303,0.277446,1462.0,1462.0,111492949.0,27911107.0,0.024934840000000236,grid,524288,2094080,20946948,0.42205386728088073
E,b3591a002e8970cb,236566,gpu-nearfar,gpu,0.0,warm,118.67081,116.15472,2.5001609999999914,115.859871,0.294849,18838.0,6666.0,2148052.0,537799.0,0.2687480399999913,grid,524288,2094080,20946948,53.93718168833902
E,b3591a002e8970cb,477814,delta-omp,cpu,0.0,warm,30.359336,30.359336,0.0,30.0211,0.0,0.0,5327.0,4560208.0,570848.0,0.00043199999999998795,grid,524288,2094080,20946948,6.583274271699888
E,b3591a002e8970cb,477814,dial,cpu,0.0,warm,17.084791,17.084791,0.0,16.829196,0.0,0.0,0.0,2094080.0,524288.0,0.00012299999999854094,grid,524288,2094080,20946948,8.036558297677262
E,b3591a002e8970cb,477814,dijkstra,cpu,0.0,warm,59.254241,59.254241,0.0,59.253286,0.0,0.0,0.0,2094080.0,524288.0,0.0004939999999962197,grid,524288,2094080,20946948,28.295617168398532
E,b3591a002e8970cb,477814,gpu-frontier,gpu,0.0,warm,32.136639,29.9334559,2.1565911,29.6819839,0.270753,1202.0,1202.0,58304213.0,14607442.0,0.024501180000001455,grid,524288,2094080,20946948,0.5090881494275551
E,b3591a002e8970cb,477814,gpu-nearfar,gpu,0.0,warm,95.334175,92.8141802,2.542942300000007,92.5207672,0.291962,15022.0,5332.0,2146756.0,537472.0,0.27832873000001257,grid,524288,2094080,20946948,43.09794275641945
E,b4ec2217bce11c78,5511,delta-omp,cpu,0.0,flushed,4.784086,4.784086,0.0,4.244962,0.0,0.0,115.0,4624316.0,287598.0,0.0007089999999996266,uniform,262144,2097108,18874020,0.9179653812585472
E,b4ec2217bce11c78,5511,delta-omp,cpu,0.0,warm,4.118483,4.118483,0.0,3.848177,0.0,0.0,115.0,4624074.0,287588.0,0.0005540000000001655,uniform,262144,2097108,18874020,0.8322048911846999
E,b4ec2217bce11c78,5511,dial,cpu,0.0,flushed,16.019342,16.019342,0.0,15.65807,0.0,0.0,0.0,2097108.0,262066.0,0.0005350000000010624,uniform,262144,2097108,18874020,7.466506255281082
E,b4ec2217bce11c78,5511,dial,cpu,0.0,warm,13.315678,13.315678,0.0,13.143117,0.0,0.0,0.0,2097108.0,262066.0,0.00019699999999822637,uniform,262144,2097108,18874020,6.267258052518039
E,b4ec2217bce11c78,5511,dijkstra,cpu,0.0,flushed,57.90614,57.90614,0.0,57.904507,0.0,0.0,0.0,2097108.0,262066.0,0.0009920000000036566,uniform,262144,2097108,18874020,27.61159987945304
E,b4ec2217bce11c78,5511,dijkstra,cpu,0.0,warm,51.38864,51.38864,0.0,51.387464,0.0,0.0,0.0,2097108.0,262066.0,0.0006249999999994316,uniform,262144,2097108,18874020,24.503966414700624
E,b4ec2217bce11c78,5511,gpu-frontier,gpu,0.0,flushed,3.093298,1.174742996,1.92975896,0.999487996,0.170404,26.0,26.0,6840682.0,851912.0,0.020055973000000282,uniform,262144,2097108,18874020,0.14610940780466042
E,b4ec2217bce11c78,5511,gpu-frontier,gpu,0.0,warm,2.97759,1.151660986,1.8259290140000002,0.997215986,0.157181,26.0,26.0,6844655.0,852240.0,0.020269065000000364,uniform,262144,2097108,18874020,0.1456926588703156
E,b4ec2217bce11c78,5511,gpu-nearfar,gpu,0.0,flushed,4.602871,2.32789195,2.30799207,2.14729595,0.169583,330.0,110.0,2190709.0,272649.0,0.30380008000000025,uniform,262144,2097108,18874020,0.9801831051043294
E,b4ec2217bce11c78,5511,gpu-nearfar,gpu,0.0,warm,4.523784,2.38414599,2.13670708,2.22300792,0.158014,332.0,111.0,2190217.0,272585.0,0.24267411000000028,uniform,262144,2097108,18874020,1.0149715393497538
E,b4ec2217bce11c78,35094,delta-omp,cpu,0.0,flushed,5.205429,5.205429,0.0,4.571984,0.0,0.0,112.0,4627164.0,287708.0,0.0007770000000002497,uniform,262144,2097108,18874020,0.9880747689081261
E,b4ec2217bce11c78,35094,delta-omp,cpu,0.0,warm,4.260646,4.260646,0.0,3.944769,0.0,0.0,112.0,4628426.0,287749.0,0.000460000000000349,uniform,262144,2097108,18874020,0.8522916862017454
E,b4ec2217bce11c78,35094,dial,cpu,0.0,flushed,13.747244,13.747244,0.0,13.392315,0.0,0.0,0.0,2097108.0,262066.0,0.00047200000000025,uniform,262144,2097108,18874020,6.386087411807117
E,b4ec2217bce11c78,35094,dial,cpu,0.0,warm,13.230289,13.230289,0.0,13.05147,0.0,0.0,0.0,2097108.0,262066.0,0.0001630000000023557,uniform,262144,2097108,18874020,6.22355644058389
E,b4ec2217bce11c78,35094,dijkstra,cpu,0.0,flushed,53.099506,53.099506,0.0,53.097912,0.0,0.0,0.0,2097108.0,262066.0,0.0009590000000017085,uniform,262144,2097108,18874020,25.319588690711207
E,b4ec2217bce11c78,35094,dijkstra,cpu,0.0,warm,51.51777,51.51777,0.0,51.516877,0.0,0.0,0.0,2097108.0,262066.0,0.0005430000000004043,uniform,262144,2097108,18874020,24.56567663658715
E,b4ec2217bce11c78,35094,gpu-frontier,gpu,0.0,flushed,3.107559,1.143053003,1.9645059970000003,0.976960003,0.166778,26.0,26.0,6835198.0,850391.0,0.020161957000000008,uniform,262144,2097108,18874020,0.1429307538713582
E,b4ec2217bce11c78,35094,gpu-frontier,gpu,0.0,warm,2.974243,1.163835022,1.8282690039999998,0.991872013,0.170683,26.0,26.0,6802469.0,846220.0,0.02192506399999994,uniform,262144,2097108,18874020,0.1458105892140045
E,b4ec2217bce11c78,35094,gpu-nearfar,gpu,0.0,flushed,4.679038,2.36840706,2.29822503,2.19580793,0.171839,334.0,112.0,2191454.0,272708.0,0.32466207000000047,uniform,262144,2097108,18874020,1.001986776815758
E,b4ec2217bce11c78,35094,gpu-nearfar,gpu,0.0,warm,4.56109,2.4101459100000002,2.15094409,2.24160004,0.164282,336.0,113.0,2191677.0,272723.0,0.24676205000000007,uniform,262144,2097108,18874020,1.0227784659874606
E,b4ec2217bce11c78,35758,delta-omp,cpu,0.0,flushed,5.277041,5.277041,0.0,4.624307,0.0,0.0,109.0,4628634.0,287804.0,0.0008770000000009048,uniform,262144,2097108,18874020,0.9990651669585454
E,b4ec2217bce11c78,35758,delta-omp,cpu,0.0,warm,4.311872,4.311872,0.0,3.947696,0.0,0.0,109.0,4628160.0,287755.0,0.0005369999999995656,uniform,262144,2097108,18874020,0.8529731037820646
E,b4ec2217bce11c78,35758,dial,cpu,0.0,flushed,15.388395,15.388395,0.0,15.08665,0.0,0.0,0.0,2097108.0,262066.0,0.0005029999999983659,uniform,262144,2097108,18874020,7.194026249482621
E,b4ec2217bce11c78,35758,dial,cpu,0.0,warm,13.329647,13.329647,0.0,13.200035,0.0,0.0,0.0,2097108.0,262066.0,0.00016899999999964166,uniform,262144,2097108,18874020,6.294399239333406
E,b4ec2217bce11c78,35758,dijkstra,cpu,0.0,flushed,52.811342,52.811342,0.0,52.810034,0.0,0.0,0.0,2097108.0,262066.0,0.0008370000000041955,uniform,262144,2097108,18874020,25.18231488316291
E,b4ec2217bce11c78,35758,dijkstra,cpu,0.0,warm,51.552362,51.552362,0.0,51.551392,0.0,0.0,0.0,2097108.0,262066.0,0.0005099999999984561,uniform,262144,2097108,18874020,24.58213501641308
E,b4ec2217bce11c78,35758,gpu-frontier,gpu,0.0,flushed,3.177174,1.160977006,2.0021860059999996,0.985184014,0.173357,26.0,26.0,6993295.0,869474.0,0.021178029999999737,uniform,262144,2097108,18874020,0.14087551204403645
E,b4ec2217bce11c78,35758,gpu-frontier,gpu,0.0,warm,2.986336,1.143639025,1.8414500250000003,0.997376025,0.146088,26.0,26.0,6999704.0,870132.0,0.021279010000000653,uniform,262144,2097108,18874020,0.14248831450587054
E,b4ec2217bce11c78,35758,gpu-nearfar,gpu,0.0,flushed,4.654986,2.35420692,2.2760879800000002,2.19375992,0.166998,336.0,111.0,2191314.0,272728.0,0.30501398999999996,uniform,262144,2097108,18874020,1.0011161887342481
E,b4ec2217bce11c78,35758,gpu-nearfar,gpu,0.0,warm,4.550377,2.37250497,2.1618850199999997,2.20959997,0.158316,336.0,111.0,2191440.0,272742.0,0.25407600999999946,uniform,262144,2097108,18874020,1.008286774905998
E,b4ec2217bce11c78,91985,delta-omp,cpu,0.0,flushed,5.164374,5.164374,0.0,4.60218,0.0,0.0,112.0,4625192.0,287590.0,0.0006999999999992568,uniform,262144,2097108,18874020,0.9950246389771494
E,b4ec2217bce11c78,91985,delta-omp,cpu,0.0,warm,4.307697,4.307697,0.0,4.017158,0.0,0.0,112.0,4624970.0,287586.0,0.0004770000000000607,uniform,262144,2097108,18874020,0.8685803367373194
E,b4ec2217bce11c78,91985,dial,cpu,0.0,flushed,15.894272,15.894272,0.0,15.527615,0.0,0.0,0.0,2097108.0,262066.0,0.00047499999999978115,uniform,262144,2097108,18874020,7.404299158650866
E,b4ec2217bce11c78,91985,dial,cpu,0.0,warm,13.192881,13.192881,0.0,13.065665,0.0,0.0,0.0,2097108.0,262066.0,0.0001469999999983429,uniform,262144,2097108,18874020,6.230325286060613
E,b4ec2217bce11c78,91985,dijkstra,cpu,0.0,flushed,58.387947,58.387947,0.0,58.386552,0.0,0.0,0.0,2097108.0,262066.0,0.0008470000000002642,uniform,262144,2097108,18874020,27.841461670071354
E,b4ec2217bce11c78,91985,dijkstra,cpu,0.0,warm,51.618135,51.618135,0.0,51.616926,0.0,0.0,0.0,2097108.0,262066.0,0.0004489999999961469,uniform,262144,2097108,18874020,24.613384718383603
E,b4ec2217bce11c78,91985,gpu-frontier,gpu,0.0,flushed,3.097739,1.17216098,1.92557802,1.00643206,0.166561,26.0,26.0,7182594.0,892835.0,0.019349959999999555,uniform,262144,2097108,18874020,0.14012097300780194
E,b4ec2217bce11c78,91985,gpu-frontier,gpu,0.0,warm,3.010119,1.16929598,1.84610694,1.01286399,0.156332,26.0,26.0,7215060.0,896919.0,0.020464049999999734,uniform,262144,2097108,18874020,0.1403819219798588
E,b4ec2217bce11c78,91985,gpu-nearfar,gpu,0.0,flushed,4.616369,2.38189204,2.22534397,2.21007991,0.172843,338.0,114.0,2191365.0,272680.0,0.29581504999999986,uniform,262144,2097108,18874020,1.0085402979421503
E,b4ec2217bce11c78,91985,gpu-nearfar,gpu,0.0,warm,4.575114,2.43364405,2.125115,2.26790404,0.160745,342.0,116.0,2191271.0,272674.0,0.2531339699999995,uniform,262144,2097108,18874020,1.0349719591962838
E,b4ec2217bce11c78,118283,delta-omp,cpu,0.0,flushed,4.879707,4.879707,0.0,4.394666,0.0,0.0,111.0,4625850.0,287591.0,0.0007239999999999469,uniform,262144,2097108,18874020,0.9500234551487835
E,b4ec2217bce11c78,118283,delta-omp,cpu,0.0,warm,4.297985,4.297985,0.0,3.965873,0.0,0.0,111.0,4625796.0,287585.0,0.0005259999999998044,uniform,262144,2097108,18874020,0.8573384991469576
E,b4ec2217bce11c78,118283,dial,cpu,0.0,flushed,13.880788,13.880788,0.0,13.515391,0.0,0.0,0.0,2097108.0,262066.0,0.0004860000000022069,uniform,262144,2097108,18874020,6.4447758532226285
E,b4ec2217bce11c78,118283,dial,cpu,0.0,warm,13.527417,13.527417,0.0,13.365178,0.0,0.0,0.0,2097108.0,262066.0,0.0001820000000005706,uniform,262144,2097108,18874020,6.373147210348728
E,b4ec2217bce11c78,118283,dijkstra,cpu,0.0,flushed,52.686982,52.686982,0.0,52.68564,0.0,0.0,0.0,2097108.0,262066.0,0.0008240000000014902,uniform,262144,2097108,18874020,25.122997957186755
E,b4ec2217bce11c78,118283,dijkstra,cpu,0.0,warm,51.386196,51.386196,0.0,51.385371,0.0,0.0,0.0,2097108.0,262066.0,0.0003990000000015925,uniform,262144,2097108,18874020,24.50296837358877
E,b4ec2217bce11c78,118283,gpu-frontier,gpu,0.0,flushed,3.072776,1.1023989790000002,1.9721479970000002,0.932767987,0.170655,24.0,24.0,6520848.0,810891.0,0.02095202599999979,uniform,262144,2097108,18874020,0.14304397020142165
E,b4ec2217bce11c78,118283,gpu-frontier,gpu,0.0,warm,2.918794,1.088105005,1.8211980260000002,0.933920026,0.150057,24.0,24.0,6551980.0,814709.0,0.021330955000000262,uniform,262144,2097108,18874020,0.14254012161209284
E,b4ec2217bce11c78,118283,gpu-nearfar,gpu,0.0,flushed,4.640828,2.3180739999999997,2.322754,2.1552,0.167363,332.0,111.0,2190247.0,272544.0,0.2893319400000003,uniform,262144,2097108,18874020,0.983998608376133
E,b4ec2217bce11c78,118283,gpu-nearfar,gpu,0.0,warm,4.504506,2.36119388,2.14092694,2.21171188,0.152423,332.0,111.0,2189518.0,272456.0,0.2531870500000002,uniform,262144,2097108,18874020,1.010136422719521
E,b4ec2217bce11c78,238907,delta-omp,cpu,0.0,flushed,4.785379,4.785379,0.0,4.224155,0.0,0.0,111.0,4627678.0,287765.0,0.0007359999999998479,uniform,262144,2097108,18874020,0.9128022736240508
E,b4ec2217bce11c78,238907,delta-omp,cpu,0.0,warm,4.132512,4.132512,0.0,3.844629,0.0,0.0,111.0,4627436.0,287745.0,0.0004409999999994696,uniform,262144,2097108,18874020,0.8308335328678776
E,b4ec2217bce11c78,238907,dial,cpu,0.0,flushed,13.677783,13.677783,0.0,13.335045,0.0,0.0,0.0,2097108.0,262066.0,0.0005269999999999442,uniform,262144,2097108,18874020,6.358778374790425
E,b4ec2217bce11c78,238907,dial,cpu,0.0,warm,13.10725,13.10725,0.0,12.904748,0.0,0.0,0.0,2097108.0,262066.0,0.000162999999998803,uniform,262144,2097108,18874020,6.153592471155515
E,b4ec2217bce11c78,238907,dijkstra,cpu,0.0,flushed,52.243837,52.243837,0.0,52.241967,0.0,0.0,0.0,2097108.0,262066.0,0.0008520000000018513,uniform,262144,2097108,18874020,24.911433745901498
E,b4ec2217bce11c78,238907,dijkstra,cpu,0.0,warm,51.7834,51.7834,0.0,51.782275,0.0,0.0,0.0,2097108.0,262066.0,0.000506999999998925,uniform,262144,2097108,18874020,24.692230919914472
E,b4ec2217bce11c78,238907,gpu-frontier,gpu,0.0,flushed,3.121891,1.1800450500000002,1.9322299600000001,1.00438404,0.165229,25.0,25.0,7193660.0,894183.0,0.0212599400000002,uniform,262144,2097108,18874020,0.13962072714028742
E,b4ec2217bce11c78,238907,gpu-frontier,gpu,0.0,warm,2.997974,1.17411704,1.827227,1.02099204,0.153125,26.0,26.0,7195237.0,894357.0,0.02078597999999987,uniform,262144,2097108,18874020,0.1418983196800884
E,b4ec2217bce11c78,238907,gpu-nearfar,gpu,0.0,flushed,4.643061,2.36614495,2.28208007,2.19711995,0.169025,332.0,113.0,2190405.0,272572.0,0.2847479900000005,uniform,262144,2097108,18874020,1.0030656202848331
E,b4ec2217bce11c78,238907,gpu-nearfar,gpu,0.0,warm,4.520772,2.39078205,2.16473804,2.23526406,0.15683,332.0,113.0,2190458.0,272579.0,0.2622329300000006,uniform,262144,2097108,18874020,1.0204551103011335
E,bdcb775028e8cf1e,22045,delta-omp,cpu,0.0,flushed,19.247651,19.247651,0.0,16.628271,0.0,0.0,126.0,18511520.0,1150951.0,0.0007479999999979725,uniform,1048576,8388572,75497188,0.8982661067270544
E,bdcb775028e8cf1e,22045,delta-omp,cpu,0.0,warm,18.858531,18.858531,0.0,16.671116,0.0,0.0,126.0,18511838.0,1150974.0,0.0006899999999951945,uniform,1048576,8388572,75497188,0.900565141073512
E,bdcb775028e8cf1e,22045,dial,cpu,0.0,flushed,101.14501,101.14501,0.0,99.794099,0.0,0.0,0.0,8388572.0,1048218.0,0.0007439999999974134,uniform,1048576,8388572,75497188,11.896434697109353
E,bdcb775028e8cf1e,22045,dial,cpu,0.0,warm,101.542257,101.542257,0.0,100.288898,0.0,0.0,0.0,8388572.0,1048218.0,0.00027599999999949887,uniform,1048576,8388572,75497188,11.955419587505478
E,bdcb775028e8cf1e,22045,dijkstra,cpu,0.0,flushed,313.974283,313.974283,0.0,313.972462,0.0,0.0,0.0,8388572.0,1048218.0,0.0011299999999891952,uniform,1048576,8388572,75497188,37.42859475963251
E,bdcb775028e8cf1e,22045,dijkstra,cpu,0.0,warm,310.674918,310.674918,0.0,310.673597,0.0,0.0,0.0,8388572.0,1048218.0,0.000831999999945765,uniform,1048576,8388572,75497188,37.03533771898245
E,bdcb775028e8cf1e,22045,gpu-frontier,gpu,0.0,flushed,10.945707,4.52108477,6.411488989999999,4.02048016,0.515357,30.0,30.0,29230571.0,3635452.0,0.02169585000000218,uniform,1048576,8388572,75497188,0.13754367507908075
E,bdcb775028e8cf1e,22045,gpu-frontier,gpu,0.0,warm,10.863673,4.5012041,6.416610779999999,4.00169611,0.502776,30.0,30.0,29191318.0,3631040.0,0.02332297999999966,uniform,1048576,8388572,75497188,0.13708514668642233
E,bdcb775028e8cf1e,22045,gpu-nearfar,gpu,0.0,flushed,11.953521,3.8952058899999997,8.052781110000002,3.38601589,0.514724,376.0,129.0,8766950.0,1090904.0,1.4260921700000022,uniform,1048576,8388572,75497188,0.38622507143305257
E,bdcb775028e8cf1e,22045,gpu-nearfar,gpu,0.0,warm,11.754896,3.8840139199999997,7.86891011,3.37222409,0.503779,376.0,129.0,8767277.0,1090927.0,1.2508318899999988,uniform,1048576,8388572,75497188,0.3846375664872913
E,bdcb775028e8cf1e,140379,delta-omp,cpu,0.0,flushed,19.988753,19.988753,0.0,17.426109,0.0,0.0,131.0,18518228.0,1151387.0,0.0007819999999973959,uniform,1048576,8388572,75497188,0.9410246487946903
E,bdcb775028e8cf1e,140379,delta-omp,cpu,0.0,warm,19.920816,19.920816,0.0,17.723636,0.0,0.0,131.0,18517280.0,1151332.0,0.0007880000000000109,uniform,1048576,8388572,75497188,0.9571403575471128
E,bdcb775028e8cf1e,140379,dial,cpu,0.0,flushed,101.60411,101.60411,0.0,100.235753,0.0,0.0,0.0,8388572.0,1048218.0,0.0006999999999948159,uniform,1048576,8388572,75497188,11.949084182623693
E,bdcb775028e8cf1e,140379,dial,cpu,0.0,warm,101.893745,101.893745,0.0,100.816766,0.0,0.0,0.0,8388572.0,1048218.0,0.0003600000000005821,uniform,1048576,8388572,75497188,12.018346626815624
E,bdcb775028e8cf1e,140379,dijkstra,cpu,0.0,flushed,314.201896,314.201896,0.0,314.199394,0.0,0.0,0.0,8388572.0,1048218.0,0.0018890000000055807,uniform,1048576,8388572,75497188,37.45564727822566
E,bdcb775028e8cf1e,140379,dijkstra,cpu,0.0,warm,311.455459,311.455459,0.0,311.453371,0.0,0.0,0.0,8388572.0,1048218.0,0.0010359999999991487,uniform,1048576,8388572,75497188,37.12829442245951
E,bdcb775028e8cf1e,140379,gpu-frontier,gpu,0.0,flushed,10.99727,4.537836199999999,6.459433800000001,4.07046413,0.468588,29.0,29.0,29974992.0,3727227.0,0.021049830000000824,uniform,1048576,8388572,75497188,0.13579533665930588
E,bdcb775028e8cf1e,140379,gpu-frontier,gpu,0.0,warm,10.944649,4.54363402,6.404867980000001,4.08444786,0.463365,29.0,29.0,30013617.0,3731930.0,0.024023060000001095,uniform,1048576,8388572,75497188,0.13608649234112635
E,bdcb775028e8cf1e,140379,gpu-nearfar,gpu,0.0,flushed,11.807459,3.95056901,7.856889989999999,3.43929601,0.514622,388.0,133.0,8766294.0,1090867.0,1.2826970000000006,uniform,1048576,8388572,75497188,0.3923318120519344
E,bdcb775028e8cf1e,140379,gpu-nearfar,gpu,0.0,warm,11.816466,3.9457409599999997,7.82526699,3.44902396,0.509764,388.0,133.0,8765824.0,1090811.0,1.2125199799999997,uniform,1048576,8388572,75497188,0.3934626065957975
E,bdcb775028e8cf1e,143033,delta-omp,cpu,0.0,flushed,20.545924,20.545924,0.0,17.818314,0.0,0.0,128.0,18512312.0,1151068.0,0.0009530000000026462,uniform,1048576,8388572,75497188,0.9625115436688837
E,bdcb775028e8cf1e,143033,delta-omp,cpu,0.0,warm,19.870724,19.870724,0.0,17.587389,0.0,0.0,128.0,18510584.0,1150962.0,0.0006079999999997199,uniform,1048576,8388572,75497188,0.9501261008296659
E,bdcb775028e8cf1e,143033,dial,cpu,0.0,flushed,103.44814,103.44814,0.0,102.065045,0.0,0.0,0.0,8388572.0,1048218.0,0.0008179999999953225,uniform,1048576,8388572,75497188,12.16715371817754
E,bdcb775028e8cf1e,143033,dial,cpu,0.0,warm,103.580769,103.580769,0.0,102.541266,0.0,0.0,0.0,8388572.0,1048218.0,0.0005230000000011614,uniform,1048576,8388572,75497188,12.223923928888016
E,bdcb775028e8cf1e,143033,dijkstra,cpu,0.0,flushed,314.242131,314.242131,0.0,314.240011,0.0,0.0,0.0,8388572.0,1048218.0,0.0016219999999407264,uniform,1048576,8388572,75497188,37.46048922271872
E,bdcb775028e8cf1e,143033,dijkstra,cpu,0.0,warm,312.512001,312.512001,0.0,312.510067,0.0,0.0,0.0,8388572.0,1048218.0,0.0011799999999766442,uniform,1048576,8388572,75497188,37.2542629424889
E,bdcb775028e8cf1e,143033,gpu-frontier,gpu,0.0,flushed,10.688837,4.32079704,6.3749499599999995,3.88489604,0.428991,27.0,27.0,28530262.0,3549430.0,0.021314809999999795,uniform,1048576,8388572,75497188,0.1361675556992782
E,bdcb775028e8cf1e,143033,gpu-frontier,gpu,0.0,warm,10.746963,4.30288688,6.434307939999999,3.87791991,0.421574,28.0,28.0,28524078.0,3548673.0,0.02298706999999922,uniform,1048576,8388572,75497188,0.1359525068610456
E,bdcb775028e8cf1e,143033,gpu-nearfar,gpu,0.0,flushed,11.775072,3.9370681000000003,7.86494811,3.43702412,0.505666,388.0,131.0,8758096.0,1089912.0,1.2794297300000004,uniform,1048576,8388572,75497188,0.3924396489830666
E,bdcb775028e8cf1e,143033,gpu-nearfar,gpu,0.0,warm,11.829527,3.96431507,7.87841299,3.44822407,0.521962,388.0,131.0,8758608.0,1089975.0,1.26652116,uniform,1048576,8388572,75497188,0.39369544452725824
E,bdcb775028e8cf1e,367943,delta-omp,cpu,0.0,flushed,19.318554,19.318554,0.0,16.863472,0.0,0.0,130.0,18512502.0,1150880.0,0.0007710000000002992,uniform,1048576,8388572,75497188,0.9109234397381835
E,bdcb775028e8cf1e,367943,delta-omp,cpu,0.0,warm,19.07066,19.07066,0.0,17.019447,0.0,0.0,130.0,18513900.0,1150926.0,0.0006729999999990355,uniform,1048576,8388572,75497188,0.9192794062839272
E,bdcb775028e8cf1e,367943,dial,cpu,0.0,flushed,101.499408,101.499408,0.0,100.136175,0.0,0.0,0.0,8388572.0,1048218.0,0.0006469999999865195,uniform,1048576,8388572,75497188,11.937213509045401
E,bdcb775028e8cf1e,367943,dial,cpu,0.0,warm,101.154058,101.154058,0.0,99.861419,0.0,0.0,0.0,8388572.0,1048218.0,0.0003659999999996444,uniform,1048576,8388572,75497188,11.90445990092235
E,bdcb775028e8cf1e,367943,dijkstra,cpu,0.0,flushed,313.760782,313.760782,0.0,313.758651,0.0,0.0,0.0,8388572.0,1048218.0,0.0013639999999668362,uniform,1048576,8388572,75497188,37.403106392840165
E,bdcb775028e8cf1e,367943,dijkstra,cpu,0.0,warm,310.660846,310.660846,0.0,310.658966,0.0,0.0,0.0,8388572.0,1048218.0,0.000942999999949734,uniform,1048576,8388572,75497188,37.03359356038191
E,bdcb775028e8cf1e,367943,gpu-frontier,gpu,0.0,flushed,10.807205,4.39384409,6.38362501,3.96796799,0.440501,30.0,30.0,28932779.0,3598769.0,0.021940749999998843,uniform,1048576,8388572,75497188,0.1371443783537005
E,bdcb775028e8cf1e,367943,gpu-frontier,gpu,0.0,warm,10.811755,4.37297195,6.43878305,3.95343995,0.41706,30.0,30.0,28865831.0,3590224.0,0.023187209999997904,uniform,1048576,8388572,75497188,0.13695915942970774
E,bdcb775028e8cf1e,367943,gpu-nearfar,gpu,0.0,flushed,11.795646,3.96575797,7.84924205,3.44284797,0.514276,384.0,131.0,8762794.0,1090475.0,1.2812318199999986,uniform,1048576,8388572,75497188,0.39289386125019027
E,bdcb775028e8cf1e,367943,gpu-nearfar,gpu,0.0,warm,11.796661,3.90947406,7.892241010000001,3.39987206,0.509602,384.0,131.0,8762681.0,1090482.0,1.2995588799999993,uniform,1048576,8388572,75497188,0.3879945030522052
E,bdcb775028e8cf1e,473133,delta-omp,cpu,0.0,flushed,19.629941,19.629941,0.0,17.086707,0.0,0.0,133.0,18515792.0,1151206.0,0.0008300000000005525,uniform,1048576,8388572,75497188,0.9228180463465997
E,bdcb775028e8cf1e,473133,delta-omp,cpu,0.0,warm,19.272672,19.272672,0.0,17.064771,0.0,0.0,133.0,18515374.0,1151184.0,0.0006280000000025154,uniform,1048576,8388572,75497188,0.9216541345586646
E,bdcb775028e8cf1e,473133,dial,cpu,0.0,flushed,101.361521,101.361521,0.0,100.014318,0.0,0.0,0.0,8388572.0,1048218.0,0.0006440000000083046,uniform,1048576,8388572,75497188,11.922686960307427
E,bdcb775028e8cf1e,473133,dial,cpu,0.0,warm,101.161492,101.161492,0.0,100.022394,0.0,0.0,0.0,8388572.0,1048218.0,0.000461000000001377,uniform,1048576,8388572,75497188,11.923649698661464
E,bdcb775028e8cf1e,473133,dijkstra,cpu,0.0,flushed,313.670135,313.670135,0.0,313.667937,0.0,0.0,0.0,8388572.0,1048218.0,0.0015380000000391192,uniform,1048576,8388572,75497188,37.39229239493921
E,bdcb775028e8cf1e,473133,dijkstra,cpu,0.0,warm,309.71843,309.71843,0.0,309.716664,0.0,0.0,0.0,8388572.0,1048218.0,0.0013879999999630854,uniform,1048576,8388572,75497188,36.921261926344556
E,bdcb775028e8cf1e,473133,gpu-frontier,gpu,0.0,flushed,10.940748,4.57348077,6.37023079,4.10713577,0.466345,29.0,29.0,30138816.0,3746177.0,0.020908459999997575,uniform,1048576,8388572,75497188,0.13627395880448653
E,bdcb775028e8cf1e,473133,gpu-frontier,gpu,0.0,warm,10.954088,4.59661003,6.429045149999999,4.10304022,0.501647,29.0,29.0,30175057.0,3750712.0,0.023807130000001564,uniform,1048576,8388572,75497188,0.13597456402485006
E,bdcb775028e8cf1e,473133,gpu-nearfar,gpu,0.0,flushed,11.873679,3.95382201,7.9198569899999995,3.46560001,0.488222,388.0,133.0,8764214.0,1090506.0,1.3315779299999981,uniform,1048576,8388572,75497188,0.3954262196244866
E,bdcb775028e8cf1e,473133,gpu-nearfar,gpu,0.0,warm,11.82892,3.95695491,7.88893491,3.44732809,0.492221,388.0,133.0,8764603.0,1090555.0,1.2758082800000015,uniform,1048576,8388572,75497188,0.39332392921847115
E,bdcb775028e8cf1e,955628,delta-omp,cpu,0.0,flushed,19.353346,19.353346,0.0,16.671439,0.0,0.0,132.0,18504904.0,1150645.0,0.0007959999999975764,uniform,1048576,8388572,75497188,0.9009200480045721
E,bdcb775028e8cf1e,955628,delta-omp,cpu,0.0,warm,19.250684,19.250684,0.0,16.79674,0.0,0.0,132.0,18504770.0,1150640.0,0.0007470000000004973,uniform,1048576,8388572,75497188,0.907697853040054
E,bdcb775028e8cf1e,955628,dial,cpu,0.0,flushed,101.616446,101.616446,0.0,100.254575,0.0,0.0,0.0,8388572.0,1048218.0,0.000664000000000442,uniform,1048576,8388572,75497188,11.95132794950082
E,bdcb775028e8cf1e,955628,dial,cpu,0.0,warm,102.109466,102.109466,0.0,100.889737,0.0,0.0,0.0,8388572.0,1048218.0,0.000354999999998995,uniform,1048576,8388572,75497188,12.027045485214884
E,bdcb775028e8cf1e,955628,dijkstra,cpu,0.0,flushed,314.042483,314.042483,0.0,314.040601,0.0,0.0,0.0,8388572.0,1048218.0,0.001584999999977299,uniform,1048576,8388572,75497188,37.43671759627264
E,bdcb775028e8cf1e,955628,dijkstra,cpu,0.0,warm,311.501114,311.501114,0.0,311.499761,0.0,0.0,0.0,8388572.0,1048218.0,0.0008520000000089567,uniform,1048576,8388572,75497188,37.13382456513457
E,bdcb775028e8cf1e,955628,gpu-frontier,gpu,0.0,flushed,10.872964,4.47575516,6.40304599,4.02233601,0.443037,30.0,30.0,29480181.0,3665131.0,0.020581129999998282,uniform,1048576,8388572,75497188,0.136442039144875
E,bdcb775028e8cf1e,955628,gpu-frontier,gpu,0.0,warm,10.901612,4.48578487,6.408320789999999,4.0487361,0.421625,30.0,30.0,29602511.0,3680192.0,0.02374406000000029,uniform,1048576,8388572,75497188,0.136770022651119
E,bdcb775028e8cf1e,955628,gpu-nearfar,gpu,0.0,flushed,11.885856,4.01917609,7.893434940000001,3.50172806,0.503944,390.0,134.0,8763352.0,1090560.0,1.281927989999998,uniform,1048576,8388572,75497188,0.39958774450689644
E,bdcb775028e8cf1e,955628,gpu-nearfar,gpu,0.0,warm,11.857172,3.9928141,7.88806211,3.4862721,0.496762,390.0,134.0,8763588.0,1090577.0,1.2756843300000007,uniform,1048576,8388572,75497188,0.39781332714408757
E,c66701076edbaf96,22045,delta-omp,cpu,0.0,warm,83.45873,83.45873,0.0,82.548411,0.0,0.0,5140.0,9134028.0,1142861.0,0.00063200000001018,grid,1048576,4190208,41910276,9.037459815100194
E,c66701076edbaf96,22045,dial,cpu,0.0,warm,46.777277,46.777277,0.0,46.222617,0.0,0.0,0.0,4190208.0,1048576.0,0.0004080000000072914,grid,1048576,4190208,41910276,11.031103229243035
E,c66701076edbaf96,22045,dijkstra,cpu,0.0,warm,160.894395,160.894395,0.0,160.892505,0.0,0.0,0.0,4190208.0,1048576.0,0.0012830000000008113,grid,1048576,4190208,41910276,38.397259754169724
E,c66701076edbaf96,22045,gpu-frontier,gpu,0.0,warm,46.033401,42.2142302,3.793664799999995,41.7239342,0.49299,1103.0,1103.0,106897622.0,26763214.0,0.024341759999998658,grid,1048576,4190208,41910276,0.39031676682199723
E,c66701076edbaf96,22045,gpu-nearfar,gpu,0.0,warm,93.501582,89.0055012,4.546275499999993,88.5129242,0.498248,14348.0,5193.0,4297178.0,1075336.0,0.5834295899999944,grid,1048576,4190208,41910276,20.597918959838296
E,c66701076edbaf96,140379,delta-omp,cpu,0.0,warm,82.618417,82.618417,0.0,81.739171,0.0,0.0,7092.0,9129504.0,1142294.0,0.000641000000001668,grid,1048576,4190208,41910276,8.953298120029302
E,c66701076edbaf96,140379,dial,cpu,0.0,warm,47.098515,47.098515,0.0,46.574862,0.0,0.0,0.0,4190208.0,1048576.0,0.0003750000000053433,grid,1048576,4190208,41910276,11.11516707523827
E,c66701076edbaf96,140379,dijkstra,cpu,0.0,warm,155.676247,155.676247,0.0,155.673981,0.0,0.0,0.0,4190208.0,1048576.0,0.001228000000025986,grid,1048576,4190208,41910276,37.15185045706561
E,c66701076edbaf96,140379,gpu-frontier,gpu,0.0,warm,65.03722,61.2564907,3.7807293000000044,60.8008957,0.455595,1571.0,1571.0,158078846.0,39565918.0,0.024446499999996263,grid,1048576,4190208,41910276,0.38462385852690245
E,c66701076edbaf96,140379,gpu-nearfar,gpu,0.0,warm,127.309653,122.805941,4.521901,122.28595,0.518225,19904.0,7131.0,4296874.0,1075263.0,0.5619320999999928,grid,1048576,4190208,41910276,28.45928225961478
E,c66701076edbaf96,143033,delta-omp,cpu,0.0,warm,82.046637,82.046637,0.0,80.922196,0.0,0.0,7722.0,9131836.0,1142586.0,0.0007180000000062137,grid,1048576,4190208,41910276,8.861547228837662
E,c66701076edbaf96,143033,dial,cpu,0.0,warm,47.45156,47.45156,0.0,46.947913,0.0,0.0,0.0,4190208.0,1048576.0,0.0004639999999938027,grid,1048576,4190208,41910276,11.204196307200025
E,c66701076edbaf96,143033,dijkstra,cpu,0.0,warm,155.10746,155.10746,0.0,155.105482,0.0,0.0,0.0,4190208.0,1048576.0,0.0015020000000163236,grid,1048576,4190208,41910276,37.016177239888805
E,c66701076edbaf96,143033,gpu-frontier,gpu,0.0,warm,70.703583,66.8757791,3.827803899999992,66.4269791,0.45336,1680.0,1680.0,174101674.0,43574218.0,0.025142360000003805,grid,1048576,4190208,41910276,0.3815413004012816
E,c66701076edbaf96,143033,gpu-nearfar,gpu,0.0,warm,138.314051,133.778758,4.511680999999982,133.277344,0.503702,21708.0,7785.0,4296987.0,1075285.0,0.5642861000000039,grid,1048576,4190208,41910276,31.016464327213463
E,c66701076edbaf96,367943,delta-omp,cpu,0.0,warm,83.770596,83.770596,0.0,82.849626,0.0,0.0,8543.0,9132908.0,1142725.0,0.0007550000000122736,grid,1048576,4190208,41910276,9.071549390402268
E,c66701076edbaf96,367943,dial,cpu,0.0,warm,47.154659,47.154659,0.0,46.678038,0.0,0.0,0.0,4190208.0,1048576.0,0.0005000000000023874,grid,1048576,4190208,41910276,11.13979019657258
E,c66701076edbaf96,367943,dijkstra,cpu,0.0,warm,152.674634,152.674634,0.0,152.672721,0.0,0.0,0.0,4190208.0,1048576.0,0.0010920000000282926,grid,1048576,4190208,41910276,36.4355948439791
E,c66701076edbaf96,367943,gpu-frontier,gpu,0.0,warm,79.918579,76.14324450000001,3.8402515999999878,75.6476135,0.495631,1892.0,1892.0,197006325.0,49309627.0,0.024712309999998183,grid,1048576,4190208,41910276,0.38398570959587214
E,c66701076edbaf96,367943,gpu-nearfar,gpu,0.0,warm,152.118544,147.48263599999999,4.615418000000005,146.970947,0.501285,23936.0,8551.0,4297277.0,1075360.0,0.571871079999994,grid,1048576,4190208,41910276,34.20094794913151
E,c66701076edbaf96,473133,delta-omp,cpu,0.0,warm,84.101902,84.101902,0.0,83.154824,0.0,0.0,7484.0,9134186.0,1142883.0,0.0007480000000015252,grid,1048576,4190208,41910276,9.103692874219991
E,c66701076edbaf96,473133,dial,cpu,0.0,warm,47.013303,47.013303,0.0,46.512917,0.0,0.0,0.0,4190208.0,1048576.0,0.0004119999999971924,grid,1048576,4190208,41910276,11.100383799563172
E,c66701076edbaf96,473133,dijkstra,cpu,0.0,warm,154.340826,154.340826,0.0,154.339099,0.0,0.0,0.0,4190208.0,1048576.0,0.001125000000001819,grid,1048576,4190208,41910276,36.833278682108386
E,c66701076edbaf96,473133,gpu-frontier,gpu,0.0,warm,72.518831,68.7141241,3.8047068999999993,68.2648621,0.454498,1604.0,1604.0,181680974.0,45471742.0,0.023912010000003647,grid,1048576,4190208,41910276,0.3757402913306707
E,c66701076edbaf96,473133,gpu-nearfar,gpu,0.0,warm,133.777062,129.214706,4.563826000000006,128.705338,0.509368,20910.0,7512.0,4298321.0,1075622.0,0.5503289800000175,grid,1048576,4190208,41910276,29.943165715171112
E,c66701076edbaf96,955628,delta-omp,cpu,0.0,warm,81.786008,81.786008,0.0,80.832417,0.0,0.0,8309.0,9131810.0,1142591.0,0.0008000000000123464,grid,1048576,4190208,41910276,8.851741002057642
E,c66701076edbaf96,955628,dial,cpu,0.0,warm,47.323127,47.323127,0.0,46.741011,0.0,0.0,0.0,4190208.0,1048576.0,0.00033899999999675856,grid,1048576,4190208,41910276,11.154818806130866
E,c66701076edbaf96,955628,dijkstra,cpu,0.0,warm,152.907084,152.907084,0.0,152.905441,0.0,0.0,0.0,4190208.0,1048576.0,0.0010249999999984993,grid,1048576,4190208,41910276,36.49113385302114
E,c66701076edbaf96,955628,gpu-frontier,gpu,0.0,warm,77.569105,73.7359027,3.8016936000000072,73.2468796,0.500428,1833.0,1833.0,191433921.0,47915434.0,0.022869660000012004,grid,1048576,4190208,41910276,0.3826222605553798
E,c66701076edbaf96,955628,gpu-nearfar,gpu,0.0,warm,147.964655,143.38831900000002,4.551725000000005,142.89241,0.497041,23312.0,8337.0,4297526.0,1075423.0,0.5605081200000086,grid,1048576,4190208,41910276,33.249923327979864
E,c78d951a42d42613,176364,delta-omp,cpu,0.0,warm,1208.74239,1208.74239,0.0,1198.2205,0.0,0.0,28745.0,73114006.0,9142571.0,0.0006969999999455467,grid,8388608,33542144,335446020,16.38838528420943
E,c78d951a42d42613,176364,dial,cpu,0.0,warm,724.695011,724.695011,0.0,719.465736,0.0,0.0,0.0,33542144.0,8388608.0,0.00042800000005627226,grid,8388608,33542144,335446020,21.449604891088654
E,c78d951a42d42613,176364,dijkstra,cpu,0.0,warm,1995.32224,1995.32224,0.0,1995.29432,0.0,0.0,0.0,33542144.0,8388608.0,0.016873999999916123,grid,8388608,33542144,335446020,59.48618907604714
E,c78d951a42d42613,176364,gpu-frontier,gpu,0.0,warm,3679.93823,3654.202515,25.735715000000255,3644.98706,9.470689,5849.0,5849.0,4852625143.0,1213784173.0,0.05423849999988306,grid,8388608,33542144,335446020,0.7511371582571055
E,c78d951a42d42613,176364,gpu-nearfar,gpu,0.0,warm,538.951579,505.900552,33.05102700000003,496.311432,9.58912,79560.0,29199.0,34396845.0,8602348.0,5.358577600000103,grid,8388608,33542144,335446020,14.428981262671039
E,c78d951a42d42613,1123038,delta-omp,cpu,0.0,warm,947.084279,947.084279,0.0,936.579456,0.0,0.0,19496.0,73112608.0,9142398.0,0.0006819999999834181,grid,8388608,33542144,335446020,12.810095024923745
E,c78d951a42d42613,1123038,dial,cpu,0.0,warm,732.767965,732.767965,0.0,727.496161,0.0,0.0,0.0,33542144.0,8388608.0,0.0004130000000941436,grid,8388608,33542144,335446020,21.689017881504533
E,c78d951a42d42613,1123038,dijkstra,cpu,0.0,warm,2056.8242,2056.8242,0.0,2056.79349,0.0,0.0,0.0,33542144.0,8388608.0,0.02230199999985416,grid,8388608,33542144,335446020,61.31967861088427
E,c78d951a42d42613,1123038,gpu-frontier,gpu,0.0,warm,2528.24503,2501.963996,25.816298000000188,2492.27905,9.684946,3829.0,3829.0,3293848790.0,823834042.0,0.045434100000420585,grid,8388608,33542144,335446020,0.7566464670650531
E,c78d951a42d42613,1123038,gpu-nearfar,gpu,0.0,warm,383.226492,350.315613,32.89667800000001,341.144928,9.445495,53852.0,19935.0,34396282.0,8602211.0,5.2847609000000375,grid,8388608,33542144,335446020,9.918075680388945
E,c78d951a42d42613,1144265,delta-omp,cpu,0.0,warm,1190.09575,1190.09575,0.0,1179.62233,0.0,0.0,25753.0,73097806.0,9140550.0,0.000604999999723077,grid,8388608,33542144,335446020,16.137588725987207
E,c78d951a42d42613,1144265,dial,cpu,0.0,warm,725.454877,725.454877,0.0,720.074411,0.0,0.0,0.0,33542144.0,8388608.0,0.00044999999988704076,grid,8388608,33542144,335446020,21.467751465141884
E,c78d951a42d42613,1144265,dijkstra,cpu,0.0,warm,2010.28922,2010.28922,0.0,2010.24689,0.0,0.0,0.0,33542144.0,8388608.0,0.015679999999974825,grid,8388608,33542144,335446020,59.9319736388944
E,c78d951a42d42613,1144265,gpu-frontier,gpu,0.0,warm,3201.69311,3175.6599530000003,25.867330999999922,3166.16431,9.511557,5208.0,5208.0,4219351325.0,1055319115.0,0.051424199999473785,grid,8388608,33542144,335446020,0.7503912488254341
E,c78d951a42d42613,1144265,gpu-nearfar,gpu,0.0,warm,490.001662,454.847053,33.10465900000003,445.295044,9.507746,71288.0,26251.0,34394718.0,8601820.0,5.365123399999959,grid,8388608,33542144,335446020,12.94661127909233
E,c78d951a42d42613,2943546,delta-omp,cpu,0.0,warm,1190.03378,1190.03378,0.0,1179.40016,0.0,0.0,26005.0,73096714.0,9140407.0,0.0007040000000415603,grid,8388608,33542144,335446020,16.134790409319905
E,c78d951a42d42613,2943546,dial,cpu,0.0,warm,723.827178,723.827178,0.0,718.492623,0.0,0.0,0.0,33542144.0,8388608.0,0.0003420000000460277,grid,8388608,33542144,335446020,21.42059323935882
E,c78d951a42d42613,2943546,dijkstra,cpu,0.0,warm,2009.55237,2009.55237,0.0,2009.52191,0.0,0.0,0.0,33542144.0,8388608.0,0.016769000000067535,grid,8388608,33542144,335446020,59.91035963592548
E,c78d951a42d42613,2943546,gpu-frontier,gpu,0.0,warm,3016.22939,2990.4268309999998,25.864630000000034,2980.93066,9.473944,5248.0,5248.0,3996363155.0,999617331.0,0.050223799999912444,grid,8388608,33542144,335446020,0.7459108555413553
E,c78d951a42d42613,2943546,gpu-nearfar,gpu,0.0,warm,493.083167,460.254781,32.99728099999999,450.443909,9.817621,71904.0,26443.0,34389316.0,8600463.0,5.328558699999974,grid,8388608,33542144,335446020,13.098367789577438
E,c78d951a42d42613,3785064,delta-omp,cpu,0.0,warm,1216.59276,1216.59276,0.0,1205.76856,0.0,0.0,29341.0,73096112.0,9140333.0,0.000854000000117594,grid,8388608,33542144,335446020,16.495659304013323
E,c78d951a42d42613,3785064,dial,cpu,0.0,warm,728.913755,728.913755,0.0,723.624282,0.0,0.0,0.0,33542144.0,8388608.0,0.0005210000000488435,grid,8388608,33542144,335446020,21.57358462237834
E,c78d951a42d42613,3785064,dijkstra,cpu,0.0,warm,1989.38834,1989.38834,0.0,1989.36037,0.0,0.0,0.0,33542144.0,8388608.0,0.020172999999886088,grid,8388608,33542144,335446020,59.30927879863613
E,c78d951a42d42613,3785064,gpu-frontier,gpu,0.0,warm,5122.35666,5096.511274,25.7746589999997,5087.12842,9.382854,5783.0,5783.0,6589428432.0,1647924306.0,0.0655507999990732,grid,8388608,33542144,335446020,0.7720136082358167
E,c78d951a42d42613,3785064,gpu-nearfar,gpu,0.0,warm,548.813947,514.988821,33.825125999999955,505.432739,9.489165,81058.0,29790.0,34395534.0,8602017.0,5.323101800000131,grid,8388608,33542144,335446020,14.694719930791015
E,c78d951a42d42613,7645025,delta-omp,cpu,0.0,warm,1193.68723,1193.68723,0.0,1183.14593,0.0,0.0,24776.0,73109102.0,9141961.0,0.0008480000001327426,grid,8388608,33542144,335446020,16.18329178766277
E,c78d951a42d42613,7645025,dial,cpu,0.0,warm,722.26598,722.26598,0.0,716.989504,0.0,0.0,0.0,33542144.0,8388608.0,0.00036800000009407086,grid,8388608,33542144,335446020,21.37578039137868
E,c78d951a42d42613,7645025,dijkstra,cpu,0.0,warm,2016.80333,2016.80333,0.0,2016.77437,0.0,0.0,0.0,33542144.0,8388608.0,0.018401999999923646,grid,8388608,33542144,335446020,60.126578968833954
E,c78d951a42d42613,7645025,gpu-frontier,gpu,0.0,warm,2931.28202,2905.57327,25.881456999999955,2895.99683,9.57644,5015.0,5015.0,3876285618.0,969511205.0,0.04761469999994006,grid,8388608,33542144,335446020,0.7471061514538787
E,c78d951a42d42613,7645025,gpu-nearfar,gpu,0.0,warm,471.077183,438.114428,32.962755000000016,428.270538,9.84389,68442.0,25216.0,34392787.0,8601336.0,5.289245900000026,grid,8388608,33542144,335446020,12.45233595055847
E,ce56415c0a35d9b5,11022,delta-omp,cpu,0.0,warm,8.311816,8.311816,0.0,7.490574,0.0,0.0,129.0,9248564.0,575162.0,0.0006509999999995131,uniform,524288,4194278,37748532,0.8099175180060385
E,ce56415c0a35d9b5,11022,dial,cpu,0.0,warm,35.799386,35.799386,0.0,35.256244,0.0,0.0,0.0,4194278.0,524097.0,0.00036700000000422506,uniform,524288,4194278,37748532,8.405795705482564
E,ce56415c0a35d9b5,11022,dijkstra,cpu,0.0,warm,122.860339,122.860339,0.0,122.859068,0.0,0.0,0.0,4194278.0,524097.0,0.000759999999985439,uniform,524288,4194278,37748532,29.29206600039387
E,ce56415c0a35d9b5,11022,gpu-frontier,gpu,0.0,warm,6.040395,2.55363205,3.4811000300000003,2.26246405,0.288897,28.0,28.0,15284887.0,1901162.0,0.02269885999999932,uniform,524288,4194278,37748532,0.14801967786873402
E,ce56415c0a35d9b5,11022,gpu-nearfar,gpu,0.0,warm,7.255886,3.0702120699999997,4.15188705,2.80249596,0.289848,376.0,129.0,4386818.0,545849.0,0.5669221100000001,uniform,524288,4194278,37748532,0.6388448210069348
E,ce56415c0a35d9b5,70189,delta-omp,cpu,0.0,warm,8.643363,8.643363,0.0,7.792354,0.0,0.0,125.0,9254892.0,575404.0,0.0008590000000001652,uniform,524288,4194278,37748532,0.8419713595793447
E,ce56415c0a35d9b5,70189,dial,cpu,0.0,warm,35.032428,35.032428,0.0,34.598403,0.0,0.0,0.0,4194278.0,524097.0,0.00038099999999730016,uniform,524288,4194278,37748532,8.248953216739567
E,ce56415c0a35d9b5,70189,dijkstra,cpu,0.0,warm,122.270693,122.270693,0.0,122.256725,0.0,0.0,0.0,4194278.0,524097.0,0.0008459999999956835,uniform,524288,4194278,37748532,29.14845534797646
E,ce56415c0a35d9b5,70189,gpu-frontier,gpu,0.0,warm,5.999334,2.5464650900000003,3.4743801199999997,2.26947188,0.278532,30.0,30.0,15275789.0,1899346.0,0.024680029999999853,uniform,524288,4194278,37748532,0.14856658991558475
E,ce56415c0a35d9b5,70189,gpu-nearfar,gpu,0.0,warm,7.096032,3.00965006,4.0601671,2.7378881,0.29427,366.0,124.0,4386301.0,545771.0,0.5310140900000002,uniform,524288,4194278,37748532,0.6241906563183877
E,ce56415c0a35d9b5,71516,delta-omp,cpu,0.0,warm,8.535744,8.535744,0.0,7.572453,0.0,0.0,120.0,9247712.0,574980.0,0.0006070000000004683,uniform,524288,4194278,37748532,0.8188461102594891
E,ce56415c0a35d9b5,71516,dial,cpu,0.0,warm,34.553592,34.553592,0.0,34.125087,0.0,0.0,0.0,4194278.0,524097.0,0.000438000000002603,uniform,524288,4194278,37748532,8.136105189021805
E,ce56415c0a35d9b5,71516,dijkstra,cpu,0.0,warm,121.756275,121.756275,0.0,121.75476,0.0,0.0,0.0,4194278.0,524097.0,0.000793000000001598,uniform,524288,4194278,37748532,29.028776824044566
E,ce56415c0a35d9b5,71516,gpu-frontier,gpu,0.0,warm,6.117049,2.5508159200000002,3.5389650399999995,2.28252792,0.256677,29.0,29.0,15448554.0,1921949.0,0.024433050000000733,uniform,524288,4194278,37748532,0.14775026322851964
E,ce56415c0a35d9b5,71516,gpu-nearfar,gpu,0.0,warm,7.180852,2.95113396,4.25429006,2.66492796,0.287381,352.0,121.0,4382798.0,545433.0,0.5642081499999998,uniform,524288,4194278,37748532,0.608042615698921
E,ce56415c0a35d9b5,183971,delta-omp,cpu,0.0,warm,8.419408,8.419408,0.0,7.677078,0.0,0.0,117.0,9253802.0,575242.0,0.0006209999999988725,uniform,524288,4194278,37748532,0.8296133848552195
E,ce56415c0a35d9b5,183971,dial,cpu,0.0,warm,34.934385,34.934385,0.0,34.497103,0.0,0.0,0.0,4194278.0,524097.0,0.0004099999999951365,uniform,524288,4194278,37748532,8.224801264961455
E,ce56415c0a35d9b5,183971,dijkstra,cpu,0.0,warm,122.042431,122.042431,0.0,122.040353,0.0,0.0,0.0,4194278.0,524097.0,0.0011179999999910706,uniform,524288,4194278,37748532,29.096867923394683
E,ce56415c0a35d9b5,183971,gpu-frontier,gpu,0.0,warm,5.894387,2.4016881,3.4946359800000004,2.1400001,0.251144,27.0,27.0,14575431.0,1813203.0,0.02313206000000001,uniform,524288,4194278,37748532,0.14682242329575024
E,ce56415c0a35d9b5,183971,gpu-nearfar,gpu,0.0,warm,6.994951,2.8773979,4.08388903,2.5823679,0.29503,342.0,116.0,4382391.0,545270.0,0.5701071399999993,uniform,524288,4194278,37748532,0.5892600409228661
E,ce56415c0a35d9b5,236566,delta-omp,cpu,0.0,warm,8.441894,8.441894,0.0,7.677633,0.0,0.0,121.0,9256654.0,575374.0,0.0006339999999998014,uniform,524288,4194278,37748532,0.829417735609433
E,ce56415c0a35d9b5,236566,dial,cpu,0.0,warm,34.762149,34.762149,0.0,34.312243,0.0,0.0,0.0,4194278.0,524097.0,0.000618000000002894,uniform,524288,4194278,37748532,8.18072693321711
E,ce56415c0a35d9b5,236566,dijkstra,cpu,0.0,warm,121.801737,121.801737,0.0,121.800733,0.0,0.0,0.0,4194278.0,524097.0,0.0007289999999926522,uniform,524288,4194278,37748532,29.03973770932685
E,ce56415c0a35d9b5,236566,gpu-frontier,gpu,0.0,warm,5.86116,2.4072001100000002,3.4539598899999997,2.1440959,0.266377,29.0,29.0,14373762.0,1788280.0,0.02385501000000012,uniform,524288,4194278,37748532,0.14916734394238612
E,ce56415c0a35d9b5,236566,gpu-nearfar,gpu,0.0,warm,7.162967,3.0072700500000002,4.155696949999999,2.73395205,0.266302,368.0,123.0,4384371.0,545567.0,0.5681350000000007,uniform,524288,4194278,37748532,0.623567679377498
E,ce56415c0a35d9b5,477814,delta-omp,cpu,0.0,warm,8.253081,8.253081,0.0,7.354353,0.0,0.0,115.0,9251448.0,575228.0,0.0007739999999998304,uniform,524288,4194278,37748532,0.7949407487346846
E,ce56415c0a35d9b5,477814,dial,cpu,0.0,warm,35.083546,35.083546,0.0,34.594532,0.0,0.0,0.0,4194278.0,524097.0,0.0004559999999997899,uniform,524288,4194278,37748532,8.248030292698767
E,ce56415c0a35d9b5,477814,dijkstra,cpu,0.0,warm,124.564134,124.564134,0.0,124.562296,0.0,0.0,0.0,4194278.0,524097.0,0.0010850000000033333,uniform,524288,4194278,37748532,29.698149717305338
E,ce56415c0a35d9b5,477814,gpu-frontier,gpu,0.0,warm,5.855934,2.38030704,3.4701370500000004,2.10847998,0.260837,26.0,26.0,14359106.0,1786152.0,0.024157969999999196,uniform,524288,4194278,37748532,0.1468392238346872
E,ce56415c0a35d9b5,477814,gpu-nearfar,gpu,0.0,warm,7.066322,2.9327691000000002,4.1335529,2.65273595,0.284257,360.0,121.0,4383455.0,545458.0,0.5347520000000001,uniform,524288,4194278,37748532,0.6051701112478627
E,e886722795e73a74,44091,delta-omp,cpu,0.0,warm,222.278487,222.278487,0.0,219.75321,0.0,0.0,13543.0,18272636.0,2285750.0,0.0006319999999959691,grid,2097152,8382464,83836932,12.026355146569985
E,e886722795e73a74,44091,dial,cpu,0.0,warm,136.764205,136.764205,0.0,135.541879,0.0,0.0,0.0,8382464.0,2097152.0,0.00030900000001565786,grid,2097152,8382464,83836932,16.169694137666443
E,e886722795e73a74,44091,dijkstra,cpu,0.0,warm,399.621603,399.621603,0.0,399.620372,0.0,0.0,0.0,8382464.0,2097152.0,0.001136999999971522,grid,2097152,8382464,83836932,47.673377660792816
E,e886722795e73a74,44091,gpu-frontier,gpu,0.0,warm,262.720714,255.85364099999998,6.8144690000000026,254.845825,1.007816,2763.0,2763.0,826938181.0,206872031.0,0.02531408000004376,grid,2097152,8382464,83836932,0.3081800198073089
E,e886722795e73a74,44091,gpu-nearfar,gpu,0.0,warm,241.410693,232.745452,8.665241000000009,231.742172,1.00728,37550.0,13582.0,8596903.0,2150798.0,1.3166591700000083,grid,2097152,8382464,83836932,26.95647165031407
E,e886722795e73a74,280759,delta-omp,cpu,0.0,warm,226.751899,226.751899,0.0,224.526888,0.0,0.0,9765.0,18274934.0,2286033.0,0.0006569999999896936,grid,2097152,8382464,83836932,12.286057394242846
E,e886722795e73a74,280759,dial,cpu,0.0,warm,137.727554,137.727554,0.0,136.487737,0.0,0.0,0.0,8382464.0,2097152.0,0.0002709999999979118,grid,2097152,8382464,83836932,16.282531842665833
E,e886722795e73a74,280759,dijkstra,cpu,0.0,warm,407.680069,407.680069,0.0,407.678178,0.0,0.0,0.0,8382464.0,2097152.0,0.0010889999999790234,grid,2097152,8382464,83836932,48.63464704411495
E,e886722795e73a74,280759,gpu-frontier,gpu,0.0,warm,146.065171,139.110576,6.954430000000002,138.219421,0.892704,2001.0,2001.0,422556046.0,105729794.0,0.023996129999972027,grid,2097152,8382464,83836932,0.327103167280205
E,e886722795e73a74,280759,gpu-nearfar,gpu,0.0,warm,177.579683,169.140729,8.461667999999975,168.125702,1.032936,27184.0,9875.0,8597275.0,2150886.0,1.2413288099999704,grid,2097152,8382464,83836932,19.555696659697404
E,e886722795e73a74,286066,delta-omp,cpu,0.0,warm,224.220237,224.220237,0.0,221.977761,0.0,0.0,12271.0,18266226.0,2284944.0,0.0005519999999989977,grid,2097152,8382464,83836932,12.152360372635266
E,e886722795e73a74,286066,dial,cpu,0.0,warm,139.758992,139.758992,0.0,138.564887,0.0,0.0,0.0,8382464.0,2097152.0,0.0003839999999968313,grid,2097152,8382464,83836932,16.530328910449242
E,e886722795e73a74,286066,dijkstra,cpu,0.0,warm,404.418956,404.418956,0.0,404.417006,0.0,0.0,0.0,8382464.0,2097152.0,0.0012199999999893407,grid,2097152,8382464,83836932,48.245600100400075
E,e886722795e73a74,286066,gpu-frontier,gpu,0.0,warm,184.177282,177.18974799999998,7.031187999999986,176.193954,0.965009,2613.0,2613.0,537747115.0,134568903.0,0.024970910000007507,grid,2097152,8382464,83836932,0.32765206745925546
E,e886722795e73a74,286066,gpu-nearfar,gpu,0.0,warm,220.242368,211.619041,8.623326999999989,210.590561,1.01201,34148.0,12343.0,8598114.0,2151093.0,1.300752889999984,grid,2097152,8382464,83836932,24.492645829073677
E,e886722795e73a74,735886,delta-omp,cpu,0.0,warm,222.265779,222.265779,0.0,219.904636,0.0,0.0,13593.0,18267892.0,2285152.0,0.0006089999999971951,grid,2097152,8382464,83836932,12.037767466547317
E,e886722795e73a74,735886,dial,cpu,0.0,warm,135.288182,135.288182,0.0,134.151536,0.0,0.0,0.0,8382464.0,2097152.0,0.00036400000001890476,grid,2097152,8382464,83836932,16.003830854507697
E,e886722795e73a74,735886,dijkstra,cpu,0.0,warm,398.870828,398.870828,0.0,398.868729,0.0,0.0,0.0,8382464.0,2097152.0,0.0013670000000161053,grid,2097152,8382464,83836932,47.58370915759376
E,e886722795e73a74,735886,gpu-frontier,gpu,0.0,warm,260.733448,253.737549,6.994525999999979,252.73671,1.000839,2732.0,2732.0,809937803.0,202620930.0,0.025843150000014248,grid,2097152,8382464,83836932,0.31204459041653104
E,e886722795e73a74,735886,gpu-nearfar,gpu,0.0,warm,241.481679,232.898008,8.63542000000001,231.893509,1.007762,37672.0,13611.0,8596948.0,2150803.0,1.3221759500000019,grid,2097152,8382464,83836932,26.973934121737155
E,e886722795e73a74,946266,delta-omp,cpu,0.0,warm,223.185023,223.185023,0.0,220.47003,0.0,0.0,13580.0,18274334.0,2285966.0,0.0006350000000168166,grid,2097152,8382464,83836932,12.064463197400244
E,e886722795e73a74,946266,dial,cpu,0.0,warm,135.459482,135.459482,0.0,134.258515,0.0,0.0,0.0,8382464.0,2097152.0,0.00031100000001060835,grid,2097152,8382464,83836932,16.016593092436782
E,e886722795e73a74,946266,dijkstra,cpu,0.0,warm,398.832969,398.832969,0.0,398.83102,0.0,0.0,0.0,8382464.0,2097152.0,0.0011620000000220898,grid,2097152,8382464,83836932,47.579210599651844
E,e886722795e73a74,946266,gpu-frontier,gpu,0.0,warm,236.062897,229.024736,7.005094000000014,227.99472,1.029961,2853.0,2853.0,713025738.0,178395999.0,0.025290159999997286,grid,2097152,8382464,83836932,0.3197566481113477
E,e886722795e73a74,946266,gpu-nearfar,gpu,0.0,warm,243.562346,234.66760299999999,8.616030999999992,233.663681,1.003638,37862.0,13666.0,8597175.0,2150862.0,1.2883738399999913,grid,2097152,8382464,83836932,27.1791234911468
E,e886722795e73a74,1911256,delta-omp,cpu,0.0,warm,224.663078,224.663078,0.0,222.197183,0.0,0.0,11290.0,18266476.0,2284980.0,0.0007610000000113359,grid,2097152,8382464,83836932,12.16420633076681
E,e886722795e73a74,1911256,dial,cpu,0.0,warm,134.90723,134.90723,0.0,133.634793,0.0,0.0,0.0,8382464.0,2097152.0,0.000509999999962929,grid,2097152,8382464,83836932,15.942185137926032
E,e886722795e73a74,1911256,dijkstra,cpu,0.0,warm,408.645281,408.645281,0.0,408.643385,0.0,0.0,0.0,8382464.0,2097152.0,0.0013889999999605607,grid,2097152,8382464,83836932,48.74979302028616
E,e886722795e73a74,1911256,gpu-frontier,gpu,0.0,warm,182.226936,175.260849,6.9660869999999875,174.352386,0.924711,2315.0,2315.0,543490732.0,135977934.0,0.025010789999981853,grid,2097152,8382464,83836932,0.32080102885728695
E,e886722795e73a74,1911256,gpu-nearfar,gpu,0.0,warm,202.467318,193.87154800000002,8.625383000000028,192.868286,1.012566,31230.0,11318.0,8595501.0,2150443.0,1.2715401199999974,grid,2097152,8382464,83836932,22.438283236777007
