run_id,graph_id,source,solver,device,mode,session,query_index,rep,warmup,instrumented,order_pos,cache_state,threads,counters_on,delta_used,wall_ms,prep_ms,alloc_ms,h2d_ms,solve_ms,d2h_ms,free_ms,kernel_ms,iterations,sync_rounds,host_syncs,parallel_phases,serial_phases,vertices_expanded,edges_touched,mismatches,dist_hash,gpu_clock_mhz_measured,gpu_foreign_procs,load1
20260927T200206Z-0624,a02119d6d84fde7d,12612,dial,cpu,resident,,0,-1,1,0,0,warm,24,1,0,99.957597,0,1.358364,0,98.598302,0,0.00018,,2632,0,0,0,0,1048496,8355840,0,28bdae51db7991a6,,0,3.94
20260927T200206Z-0624,a02119d6d84fde7d,12612,delta-omp,cpu,resident,,0,-1,1,0,0,warm,24,1,12,44.621003,0,2.289253,0,42.330863,0,0.00018,,224,1269,0,403,866,1151557,18396784,0,28bdae51db7991a6,,0,3.94
20260927T200206Z-0624,a02119d6d84fde7d,12612,gpu-frontier,gpu,resident,,0,-1,1,0,0,warm,0,1,0,19.721103,0,0.338132,4.40201616,12.5900803,0.569665,1.796227,,304,304,304,0,0,8737389,69310321,0,28bdae51db7991a6,2511.16068,0,3.94
20260927T200206Z-0624,a02119d6d84fde7d,12612,gpu-nearfar,gpu,resident,,0,-1,1,0,0,warm,0,1,12,31.053852,0,0.280064,4.41385603,22.576704,0.556027,1.922888,,1337,1337,3568,0,0,1092705,8727335,0,28bdae51db7991a6,2508.60087,0,3.94
20260927T200206Z-0624,a02119d6d84fde7d,12612,dial,cpu,resident,s0,0,0,0,0,0,warm,24,1,0,99.038183,0,1.336876,0,97.700796,0,0,,2632,0,0,0,0,1048496,8355840,0,28bdae51db7991a6,,0,2.44
20260927T200206Z-0624,a02119d6d84fde7d,583477,dial,cpu,resident,s0,1,0,0,0,0,warm,24,1,0,99.907319,0,1.201673,0,98.705119,0,0,,2649,0,0,0,0,1048496,8355840,0,8968d07a93769c87,,0,2.44
20260927T200206Z-0624,a02119d6d84fde7d,587775,dial,cpu,resident,s0,2,0,0,0,0,warm,24,1,0,99.940623,0,1.194957,0,98.745179,0,0,,2647,0,0,0,0,1048496,8355840,0,c3357c46101bc7ed,,0,2.44
20260927T200206Z-0624,a02119d6d84fde7d,457329,dial,cpu,resident,s0,3,0,0,0,0,warm,24,1,0,99.769419,0,1.199603,0,98.569497,0,0,,2671,0,0,0,0,1048496,8355840,0,da60d169724ebe65,,0,2.44
20260927T200206Z-0624,a02119d6d84fde7d,284703,dial,cpu,resident,s0,4,0,0,0,0,warm,24,1,0,99.999399,0,1.204575,0,98.794406,0,0,,2645,0,0,0,0,1048496,8355840,0,e711fafca6bfd4d7,,0,2.44
20260927T200206Z-0624,a02119d6d84fde7d,83249,dial,cpu,resident,s0,5,0,0,0,0,warm,24,1,0,99.426151,0,1.208931,0,98.21696,0,0,,2643,0,0,0,0,1048496,8355840,0,4e52248775f10ee5,,0,2.44
20260927T200206Z-0624,a02119d6d84fde7d,590008,dial,cpu,resident,s0,6,0,0,0,0,warm,24,1,0,99.759371,0,1.18377,0,98.575345,0,0,,2652,0,0,0,0,1048496,8355840,0,8ccb9846f0ee1fda,,0,2.33
20260927T200206Z-0624,a02119d6d84fde7d,764305,dial,cpu,resident,s0,7,0,0,0,0,warm,24,1,0,100.50053,0,1.225077,0,99.275233,0,0,,2662,0,0,0,0,1048496,8355840,0,6e0bb1106251602f,,0,2.33
20260927T200206Z-0624,a02119d6d84fde7d,299143,dial,cpu,resident,s0,8,0,0,0,0,warm,24,1,0,100.816929,0,1.233512,0,99.583247,0,0,,2664,0,0,0,0,1048496,8355840,0,3a6af29ba834619f,,0,2.33
20260927T200206Z-0624,a02119d6d84fde7d,101624,dial,cpu,resident,s0,9,0,0,0,0,warm,24,1,0,100.690622,0,1.270586,0,99.419861,0,0,,2646,0,0,0,0,1048496,8355840,0,824098ec8ac7de79,,0,2.33
20260927T200206Z-0624,a02119d6d84fde7d,341320,dial,cpu,resident,s0,10,0,0,0,0,warm,24,1,0,99.867338,0,1.164746,0,98.702353,0,0,,2626,0,0,0,0,1048496,8355840,0,b0ba4213988f452b,,0,2.33
20260927T200206Z-0624,a02119d6d84fde7d,16014,dial,cpu,resident,s0,11,0,0,0,0,warm,24,1,0,99.55104,0,1.186737,0,98.363992,0,0,,2653,0,0,0,0,1048496,8355840,0,a00bd5f109b6340e,,0,2.33
20260927T200206Z-0624,a02119d6d84fde7d,474855,dial,cpu,resident,s0,12,0,0,0,0,warm,24,1,0,99.916185,0,1.203158,0,98.712615,0,0,,2658,0,0,0,0,1048496,8355840,0,028d9427e762a866,,0,2.33
20260927T200206Z-0624,a02119d6d84fde7d,780517,dial,cpu,resident,s0,13,0,0,0,0,warm,24,1,0,100.121541,0,1.18206,0,98.93918,0,0,,2662,0,0,0,0,1048496,8355840,0,f57cb7273e76c9b5,,0,2.33
20260927T200206Z-0624,a02119d6d84fde7d,948113,dial,cpu,resident,s0,14,0,0,0,0,warm,24,1,0,100.329554,0,1.22638,0,99.102705,0,0,,2651,0,0,0,0,1048496,8355840,0,1937c9c045d04233,,0,2.33
20260927T200206Z-0624,a02119d6d84fde7d,618424,dial,cpu,resident,s0,15,0,0,0,0,warm,24,1,0,102.202965,0,1.188335,0,101.014043,0,0,,2669,0,0,0,0,1048496,8355840,0,7256939aaa048106,,0,2.33
20260927T200206Z-0624,a02119d6d84fde7d,826214,dial,cpu,resident,s0,16,0,0,0,0,warm,24,1,0,100.074252,0,1.210091,0,98.863924,0,0,,2658,0,0,0,0,1048496,8355840,0,b27f0a39a9b0e982,,0,2.33
20260927T200206Z-0624,a02119d6d84fde7d,406369,dial,cpu,resident,s0,17,0,0,0,0,warm,24,1,0,100.788251,0,1.216866,0,99.571026,0,0,,2641,0,0,0,0,1048496,8355840,0,5a0bc74ecd575f16,,0,2.33
20260927T200206Z-0624,a02119d6d84fde7d,963197,dial,cpu,resident,s0,18,0,0,0,0,warm,24,1,0,105.00607,0,1.229327,0,103.776487,0,0,,2662,0,0,0,0,1048496,8355840,0,fbb9405d847378bc,,0,2.33
20260927T200206Z-0624,a02119d6d84fde7d,71507,dial,cpu,resident,s0,19,0,0,0,0,warm,24,1,0,101.104137,0,1.206953,0,99.896881,0,0,,2658,0,0,0,0,1048496,8355840,0,702d6d5587c052d1,,0,2.33
20260927T200206Z-0624,a02119d6d84fde7d,544495,dial,cpu,resident,s0,20,0,0,0,0,warm,24,1,0,99.352448,0,1.198953,0,98.153151,0,0,,2665,0,0,0,0,1048496,8355840,0,e48611890b9253a5,,0,2.33
20260927T200206Z-0624,a02119d6d84fde7d,74604,dial,cpu,resident,s0,21,0,0,0,0,warm,24,1,0,99.717176,0,1.206122,0,98.510751,0,0,,2650,0,0,0,0,1048496,8355840,0,685cee8f92989b3f,,0,2.33
20260927T200206Z-0624,a02119d6d84fde7d,498463,dial,cpu,resident,s0,22,0,0,0,0,warm,24,1,0,99.195394,0,1.342176,0,97.852936,0,0,,2647,0,0,0,0,1048496,8355840,0,6039eae81483ac7b,,0,2.33
20260927T200206Z-0624,a02119d6d84fde7d,532500,dial,cpu,resident,s0,23,0,0,0,0,warm,24,1,0,100.050567,0,1.211761,0,98.838571,0,0,,2649,0,0,0,0,1048496,8355840,0,6c4a508dceefca06,,0,2.33
20260927T200206Z-0624,a02119d6d84fde7d,594991,dial,cpu,resident,s0,24,0,0,0,0,warm,24,1,0,99.777446,0,1.213,0,98.563954,0,0,,2656,0,0,0,0,1048496,8355840,0,8c5ea2cc267ed78e,,0,2.33
20260927T200206Z-0624,a02119d6d84fde7d,67444,dial,cpu,resident,s0,25,0,0,0,0,warm,24,1,0,100.103203,0,1.226316,0,98.876511,0,0,,2640,0,0,0,0,1048496,8355840,0,e6b21197edb81682,,0,2.33
20260927T200206Z-0624,a02119d6d84fde7d,848826,dial,cpu,resident,s0,26,0,0,0,0,warm,24,1,0,99.75023,0,1.20266,0,98.5472,0,0,,2653,0,0,0,0,1048496,8355840,0,7fc02cf236211190,,0,2.33
20260927T200206Z-0624,a02119d6d84fde7d,696864,dial,cpu,resident,s0,27,0,0,0,0,warm,24,1,0,99.779748,0,1.193468,0,98.58572,0,0,,2652,0,0,0,0,1048496,8355840,0,1f5ae3f04977baeb,,0,2.33
20260927T200206Z-0624,a02119d6d84fde7d,809315,dial,cpu,resident,s0,28,0,0,0,0,warm,24,1,0,101.807002,0,1.204353,0,100.602113,0,0,,2625,0,0,0,0,1048496,8355840,0,ae4946ccd75238cd,,0,2.33
20260927T200206Z-0624,a02119d6d84fde7d,888073,dial,cpu,resident,s0,29,0,0,0,0,warm,24,1,0,101.432783,0,1.229622,0,100.202839,0,0,,2657,0,0,0,0,1048496,8355840,0,242dd6e21c631498,,0,2.33
20260927T200206Z-0624,a02119d6d84fde7d,120977,dial,cpu,resident,s0,30,0,0,0,0,warm,24,1,0,99.73441,0,1.240169,0,98.493974,0,0,,2668,0,0,0,0,1048496,8355840,0,61978cef1982d278,,0,2.33
20260927T200206Z-0624,a02119d6d84fde7d,227134,dial,cpu,resident,s0,31,0,0,0,0,warm,24,1,0,99.363699,0,1.223107,0,98.140235,0,0,,2648,0,0,0,0,1048496,8355840,0,8bb075d498e81ac3,,0,2.33
20260927T200206Z-0624,a02119d6d84fde7d,828516,dial,cpu,resident,s0,32,0,0,0,0,warm,24,1,0,100.055476,0,1.186873,0,98.868291,0,0,,2639,0,0,0,0,1048496,8355840,0,a80260e3dc7e7c05,,0,2.33
20260927T200206Z-0624,a02119d6d84fde7d,599128,dial,cpu,resident,s0,33,0,0,0,0,warm,24,1,0,99.758007,0,1.200076,0,98.557642,0,0,,2649,0,0,0,0,1048496,8355840,0,adee1a46fbe8f4a1,,0,2.33
20260927T200206Z-0624,a02119d6d84fde7d,962318,dial,cpu,resident,s0,34,0,0,0,0,warm,24,1,0,99.600887,0,1.184571,0,98.416041,0,0,,2643,0,0,0,0,1048496,8355840,0,4cceca57322c2505,,0,2.33
20260927T200206Z-0624,a02119d6d84fde7d,865743,dial,cpu,resident,s0,35,0,0,0,0,warm,24,1,0,99.446291,0,1.191462,0,98.254453,0,0,,2631,0,0,0,0,1048496,8355840,0,7bbfc1f62785203a,,0,2.33
20260927T200206Z-0624,a02119d6d84fde7d,638838,dial,cpu,resident,s0,36,0,0,0,0,warm,24,1,0,99.851673,0,1.222983,0,98.628415,0,0,,2634,0,0,0,0,1048496,8355840,0,dde4ea3c97190154,,0,2.33
20260927T200206Z-0624,a02119d6d84fde7d,789396,dial,cpu,resident,s0,37,0,0,0,0,warm,24,1,0,100.212643,0,1.172994,0,99.039272,0,0,,2625,0,0,0,0,1048496,8355840,0,0f83afd66fff968b,,0,2.33
20260927T200206Z-0624,a02119d6d84fde7d,787247,dial,cpu,resident,s0,38,0,0,0,0,warm,24,1,0,104.802589,0,1.222351,0,103.579863,0,0,,2638,0,0,0,0,1048496,8355840,0,343a6af165e40ea0,,0,2.33
20260927T200206Z-0624,a02119d6d84fde7d,643171,dial,cpu,resident,s0,39,0,0,0,0,warm,24,1,0,102.632126,0,1.214916,0,101.416879,0,0,,2638,0,0,0,0,1048496,8355840,0,ebe49471cf26a366,,0,2.33
20260927T200206Z-0624,a02119d6d84fde7d,742209,dial,cpu,resident,s0,40,0,0,0,0,warm,24,1,0,99.891195,0,1.226101,0,98.664746,0,0,,2630,0,0,0,0,1048496,8355840,0,2e6086bf9f9c0969,,0,2.33
20260927T200206Z-0624,a02119d6d84fde7d,98309,dial,cpu,resident,s0,41,0,0,0,0,warm,24,1,0,99.594771,0,1.24415,0,98.350346,0,0,,2638,0,0,0,0,1048496,8355840,0,f74896e8208dc1fe,,0,2.33
20260927T200206Z-0624,a02119d6d84fde7d,809671,dial,cpu,resident,s0,42,0,0,0,0,warm,24,1,0,99.733356,0,1.181265,0,98.551797,0,0,,2652,0,0,0,0,1048496,8355840,0,b75fe77907620429,,0,2.33
20260927T200206Z-0624,a02119d6d84fde7d,682755,dial,cpu,resident,s0,43,0,0,0,0,warm,24,1,0,99.552938,0,1.194254,0,98.358354,0,0,,2656,0,0,0,0,1048496,8355840,0,5aea28dc8118708f,,0,2.33
20260927T200206Z-0624,a02119d6d84fde7d,866488,dial,cpu,resident,s0,44,0,0,0,0,warm,24,1,0,100.085408,0,1.222153,0,98.862985,0,0,,2627,0,0,0,0,1048496,8355840,0,2ca945dc09e333f5,,0,2.33
20260927T200206Z-0624,a02119d6d84fde7d,107501,dial,cpu,resident,s0,45,0,0,0,0,warm,24,1,0,99.808451,0,1.243863,0,98.56432,0,0,,2617,0,0,0,0,1048496,8355840,0,525802c16d3dd706,,0,2.33
20260927T200206Z-0624,a02119d6d84fde7d,719239,dial,cpu,resident,s0,46,0,0,0,0,warm,24,1,0,100.036806,0,1.167868,0,98.868581,0,0,,2643,0,0,0,0,1048496,8355840,0,5fe141d595255199,,0,2.33
20260927T200206Z-0624,a02119d6d84fde7d,970577,dial,cpu,resident,s0,47,0,0,0,0,warm,24,1,0,99.889025,0,1.204398,0,98.684373,0,0,,2631,0,0,0,0,1048496,8355840,0,a43fbb6fe42a36c5,,0,2.33
20260927T200206Z-0624,a02119d6d84fde7d,519236,dial,cpu,resident,s0,48,0,0,0,0,warm,24,1,0,99.843917,0,1.195437,0,98.648163,0,0,,2648,0,0,0,0,1048496,8355840,0,41f25342e055cad8,,0,2.33
20260927T200206Z-0624,a02119d6d84fde7d,638059,dial,cpu,resident,s0,49,0,0,0,0,warm,24,1,0,101.468648,0,1.212063,0,100.256295,0,0,,2637,0,0,0,0,1048496,8355840,0,65a0deeb6c0dd865,,0,2.33
20260927T200206Z-0624,a02119d6d84fde7d,121166,dial,cpu,resident,s0,50,0,0,0,0,warm,24,1,0,99.713637,0,1.188313,0,98.524996,0,0,,2639,0,0,0,0,1048496,8355840,0,ae4f21cdc3e83665,,0,2.33
20260927T200206Z-0624,a02119d6d84fde7d,613670,dial,cpu,resident,s0,51,0,0,0,0,warm,24,1,0,99.778575,0,1.214247,0,98.564046,0,0,,2659,0,0,0,0,1048496,8355840,0,4e3b565a51b0291d,,0,2.33
20260927T200206Z-0624,a02119d6d84fde7d,70006,dial,cpu,resident,s0,52,0,0,0,0,warm,24,1,0,99.438668,0,1.225847,0,98.212542,0,0,,2647,0,0,0,0,1048496,8355840,0,9b9e4e7fa671f322,,0,2.33
20260927T200206Z-0624,a02119d6d84fde7d,74793,dial,cpu,resident,s0,53,0,0,0,0,warm,24,1,0,99.669753,0,1.178485,0,98.490938,0,0,,2620,0,0,0,0,1048496,8355840,0,ecf2eedd6dd9cfb8,,0,2.33
20260927T200206Z-0624,a02119d6d84fde7d,733218,dial,cpu,resident,s0,54,0,0,0,0,warm,24,1,0,99.69335,0,1.219788,0,98.473278,0,0,,2657,0,0,0,0,1048496,8355840,0,3678dc385e71ccef,,0,2.33
20260927T200206Z-0624,a02119d6d84fde7d,152853,dial,cpu,resident,s0,55,0,0,0,0,warm,24,1,0,99.543857,0,1.224117,0,98.319594,0,0,,2632,0,0,0,0,1048496,8355840,0,06befad1b58e791b,,0,2.33
20260927T200206Z-0624,a02119d6d84fde7d,533256,dial,cpu,resident,s0,56,0,0,0,0,warm,24,1,0,99.928626,0,1.195174,0,98.733112,0,0,,2649,0,0,0,0,1048496,8355840,0,de6a85be3831195e,,0,2.22
20260927T200206Z-0624,a02119d6d84fde7d,297117,dial,cpu,resident,s0,57,0,0,0,0,warm,24,1,0,99.993378,0,1.187631,0,98.805361,0,0,,2673,0,0,0,0,1048496,8355840,0,22aa6d8bb71af2da,,0,2.22
20260927T200206Z-0624,a02119d6d84fde7d,900482,dial,cpu,resident,s0,58,0,0,0,0,warm,24,1,0,103.509675,0,1.199705,0,102.309602,0,0,,2655,0,0,0,0,1048496,8355840,0,e5b584d12adce633,,0,2.22
20260927T200206Z-0624,a02119d6d84fde7d,951617,dial,cpu,resident,s0,59,0,0,0,0,warm,24,1,0,101.82083,0,1.228161,0,100.592331,0,0,,2653,0,0,0,0,1048496,8355840,0,0520e2b524dbc735,,0,2.22
20260927T200206Z-0624,a02119d6d84fde7d,329606,dial,cpu,resident,s0,60,0,0,0,0,warm,24,1,0,99.687285,0,1.186528,0,98.500352,0,0,,2653,0,0,0,0,1048496,8355840,0,936869a3a01e1ec8,,0,2.22
20260927T200206Z-0624,a02119d6d84fde7d,818843,dial,cpu,resident,s0,61,0,0,0,0,warm,24,1,0,100.193563,0,1.190992,0,99.002259,0,0,,2651,0,0,0,0,1048496,8355840,0,52282c7c008cd16f,,0,2.22
20260927T200206Z-0624,a02119d6d84fde7d,924064,dial,cpu,resident,s0,62,0,0,0,0,warm,24,1,0,99.783595,0,1.20904,0,98.573989,0,0,,2614,0,0,0,0,1048496,8355840,0,ce26a1db90a68c18,,0,2.22
20260927T200206Z-0624,a02119d6d84fde7d,442646,dial,cpu,resident,s0,63,0,0,0,0,warm,24,1,0,99.684881,0,1.174211,0,98.510416,0,0,,2656,0,0,0,0,1048496,8355840,0,f61df11d33686108,,0,2.22
20260927T200206Z-0624,a02119d6d84fde7d,933032,dial,cpu,resident,s0,64,0,0,0,0,warm,24,1,0,99.658395,0,1.217541,0,98.440571,0,0,,2642,0,0,0,0,1048496,8355840,0,4dcf4e02a288d19c,,0,2.22
20260927T200206Z-0624,a02119d6d84fde7d,340699,dial,cpu,resident,s0,65,0,0,0,0,warm,24,1,0,99.684812,0,1.18549,0,98.49903,0,0,,2658,0,0,0,0,1048496,8355840,0,48532874b2b9d0d2,,0,2.22
20260927T200206Z-0624,a02119d6d84fde7d,196865,dial,cpu,resident,s0,66,0,0,0,0,warm,24,1,0,99.913594,0,1.208491,0,98.704821,0,0,,2654,0,0,0,0,1048496,8355840,0,e44d3db783fbdadd,,0,2.22
20260927T200206Z-0624,a02119d6d84fde7d,422576,dial,cpu,resident,s0,67,0,0,0,0,warm,24,1,0,99.866478,0,1.221016,0,98.645183,0,0,,2654,0,0,0,0,1048496,8355840,0,4d948852be51cda0,,0,2.22
20260927T200206Z-0624,a02119d6d84fde7d,199973,dial,cpu,resident,s0,68,0,0,0,0,warm,24,1,0,99.51785,0,1.175717,0,98.341928,0,0,,2633,0,0,0,0,1048496,8355840,0,15b0e80fbc151e38,,0,2.22
20260927T200206Z-0624,a02119d6d84fde7d,775044,dial,cpu,resident,s0,69,0,0,0,0,warm,24,1,0,101.802866,0,1.233231,0,100.569389,0,0,,2640,0,0,0,0,1048496,8355840,0,cb1446d88a2be850,,0,2.22
20260927T200206Z-0624,a02119d6d84fde7d,626100,dial,cpu,resident,s0,70,0,0,0,0,warm,24,1,0,99.704567,0,1.182211,0,98.521952,0,0,,2656,0,0,0,0,1048496,8355840,0,3faba6d5b060898c,,0,2.22
20260927T200206Z-0624,a02119d6d84fde7d,257641,dial,cpu,resident,s0,71,0,0,0,0,warm,24,1,0,99.983764,0,1.186154,0,98.797301,0,0,,2643,0,0,0,0,1048496,8355840,0,a978bbf71a2b658f,,0,2.22
20260927T200206Z-0624,a02119d6d84fde7d,617297,dial,cpu,resident,s0,72,0,0,0,0,warm,24,1,0,99.677678,0,1.180483,0,98.496925,0,0,,2654,0,0,0,0,1048496,8355840,0,3fb7729b73b5db0f,,0,2.22
20260927T200206Z-0624,a02119d6d84fde7d,563755,dial,cpu,resident,s0,73,0,0,0,0,warm,24,1,0,99.842819,0,1.163973,0,98.678544,0,0,,2633,0,0,0,0,1048496,8355840,0,742e1e4a72ddaece,,0,2.22
20260927T200206Z-0624,a02119d6d84fde7d,87865,dial,cpu,resident,s0,74,0,0,0,0,warm,24,1,0,99.992322,0,1.206655,0,98.785409,0,0,,2664,0,0,0,0,1048496,8355840,0,73627407399df493,,0,2.22
20260927T200206Z-0624,a02119d6d84fde7d,71898,dial,cpu,resident,s0,75,0,0,0,0,warm,24,1,0,99.932743,0,1.20085,0,98.731558,0,0,,2647,0,0,0,0,1048496,8355840,0,1bd55c95765ebb70,,0,2.22
20260927T200206Z-0624,a02119d6d84fde7d,847158,dial,cpu,resident,s0,76,0,0,0,0,warm,24,1,0,99.806114,0,1.213855,0,98.592039,0,0,,2656,0,0,0,0,1048496,8355840,0,f84814ba52a3fddb,,0,2.22
20260927T200206Z-0624,a02119d6d84fde7d,934069,dial,cpu,resident,s0,77,0,0,0,0,warm,24,1,0,99.785474,0,1.198997,0,98.586276,0,0,,2608,0,0,0,0,1048496,8355840,0,3fce213adbd918e5,,0,2.22
20260927T200206Z-0624,a02119d6d84fde7d,666677,dial,cpu,resident,s0,78,0,0,0,0,warm,24,1,0,104.302345,0,1.209786,0,103.091995,0,0,,2630,0,0,0,0,1048496,8355840,0,9eb243abea190fd7,,0,2.22
20260927T200206Z-0624,a02119d6d84fde7d,709223,dial,cpu,resident,s0,79,0,0,0,0,warm,24,1,0,103.600684,0,1.222801,0,102.377268,0,0,,2648,0,0,0,0,1048496,8355840,0,7c91801c56145383,,0,2.22
20260927T200206Z-0624,a02119d6d84fde7d,497308,dial,cpu,resident,s0,80,0,0,0,0,warm,24,1,0,99.961434,0,1.235794,0,98.725193,0,0,,2651,0,0,0,0,1048496,8355840,0,12fa6679e1d7c1dd,,0,2.22
20260927T200206Z-0624,a02119d6d84fde7d,354623,dial,cpu,resident,s0,81,0,0,0,0,warm,24,1,0,99.915793,0,1.23136,0,98.684092,0,0,,2622,0,0,0,0,1048496,8355840,0,38aa81bd9bda3307,,0,2.22
20260927T200206Z-0624,a02119d6d84fde7d,997813,dial,cpu,resident,s0,82,0,0,0,0,warm,24,1,0,99.75981,0,1.176675,0,98.582697,0,0,,2666,0,0,0,0,1048496,8355840,0,cd72e1e1ae5946fd,,0,2.22
20260927T200206Z-0624,a02119d6d84fde7d,886524,dial,cpu,resident,s0,83,0,0,0,0,warm,24,1,0,99.945875,0,1.214769,0,98.730828,0,0,,2639,0,0,0,0,1048496,8355840,0,1e8eed6faf744f5d,,0,2.22
20260927T200206Z-0624,a02119d6d84fde7d,26760,dial,cpu,resident,s0,84,0,0,0,0,warm,24,1,0,99.701079,0,1.191973,0,98.508784,0,0,,2639,0,0,0,0,1048496,8355840,0,47842c3440e845d2,,0,2.22
20260927T200206Z-0624,a02119d6d84fde7d,914247,dial,cpu,resident,s0,85,0,0,0,0,warm,24,1,0,99.76801,0,1.219815,0,98.547923,0,0,,2638,0,0,0,0,1048496,8355840,0,02ff3d571c234946,,0,2.22
20260927T200206Z-0624,a02119d6d84fde7d,743152,dial,cpu,resident,s0,86,0,0,0,0,warm,24,1,0,100.185718,0,1.195883,0,98.989486,0,0,,2649,0,0,0,0,1048496,8355840,0,487cb6841969b9a7,,0,2.22
20260927T200206Z-0624,a02119d6d84fde7d,1012998,dial,cpu,resident,s0,87,0,0,0,0,warm,24,1,0,99.657561,0,1.172047,0,98.485328,0,0,,2647,0,0,0,0,1048496,8355840,0,d2569ce76bc72320,,0,2.22
20260927T200206Z-0624,a02119d6d84fde7d,382778,dial,cpu,resident,s0,88,0,0,0,0,warm,24,1,0,100.071111,0,1.257735,0,98.813135,0,0,,2653,0,0,0,0,1048496,8355840,0,4363f1642bf9ca8b,,0,2.22
20260927T200206Z-0624,a02119d6d84fde7d,385604,dial,cpu,resident,s0,89,0,0,0,0,warm,24,1,0,100.268859,0,1.195181,0,99.073456,0,0,,2625,0,0,0,0,1048496,8355840,0,2f834d6f19a7075f,,0,2.22
20260927T200206Z-0624,a02119d6d84fde7d,40272,dial,cpu,resident,s0,90,0,0,0,0,warm,24,1,0,101.321659,0,1.244404,0,100.077007,0,0,,2642,0,0,0,0,1048496,8355840,0,033d42e0e845d7e5,,0,2.22
20260927T200206Z-0624,a02119d6d84fde7d,70075,dial,cpu,resident,s0,91,0,0,0,0,warm,24,1,0,100.360312,0,1.205518,0,99.154501,0,0,,2661,0,0,0,0,1048496,8355840,0,0e609080489e53c9,,0,2.22
20260927T200206Z-0624,a02119d6d84fde7d,733041,dial,cpu,resident,s0,92,0,0,0,0,warm,24,1,0,100.165632,0,1.218529,0,98.946776,0,0,,2657,0,0,0,0,1048496,8355840,0,3643fcf2fc535160,,0,2.22
20260927T200206Z-0624,a02119d6d84fde7d,405276,dial,cpu,resident,s0,93,0,0,0,0,warm,24,1,0,100.062917,0,1.195693,0,98.866871,0,0,,2646,0,0,0,0,1048496,8355840,0,fd1e692198445bb9,,0,2.22
20260927T200206Z-0624,a02119d6d84fde7d,167751,dial,cpu,resident,s0,94,0,0,0,0,warm,24,1,0,100.23071,0,1.239804,0,98.990593,0,0,,2637,0,0,0,0,1048496,8355840,0,a9f30ead5b83afef,,0,2.22
20260927T200206Z-0624,a02119d6d84fde7d,140065,dial,cpu,resident,s0,95,0,0,0,0,warm,24,1,0,99.593002,0,1.163069,0,98.429641,0,0,,2657,0,0,0,0,1048496,8355840,0,c963d08625067b4f,,0,2.22
20260927T200206Z-0624,a02119d6d84fde7d,729933,dial,cpu,resident,s0,96,0,0,0,0,warm,24,1,0,100.028824,0,1.235074,0,98.793457,0,0,,2653,0,0,0,0,1048496,8355840,0,7dcf2dfe66bf4fdd,,0,2.22
20260927T200206Z-0624,a02119d6d84fde7d,755777,dial,cpu,resident,s0,97,0,0,0,0,warm,24,1,0,100.579466,0,1.338868,0,99.240097,0,0,,2644,0,0,0,0,1048496,8355840,0,7f0d5a5b7ea2447b,,0,2.22
20260927T200206Z-0624,a02119d6d84fde7d,374017,dial,cpu,resident,s0,98,0,0,0,0,warm,24,1,0,104.048553,0,1.237123,0,102.811169,0,0,,2644,0,0,0,0,1048496,8355840,0,d10a072229bfa198,,0,2.22
20260927T200206Z-0624,a02119d6d84fde7d,523181,dial,cpu,resident,s0,99,0,0,0,0,warm,24,1,0,103.233517,0,1.271652,0,101.961562,0,0,,2629,0,0,0,0,1048496,8355840,0,0516a7edf2d4942e,,0,2.22
20260927T200206Z-0624,a02119d6d84fde7d,971309,dial,cpu,resident,s0,100,0,0,0,0,warm,24,1,0,99.931352,0,1.239565,0,98.691324,0,0,,2647,0,0,0,0,1048496,8355840,0,31284766928f478b,,0,2.22
20260927T200206Z-0624,a02119d6d84fde7d,881280,dial,cpu,resident,s0,101,0,0,0,0,warm,24,1,0,101.656417,0,1.212686,0,100.443122,0,0,,2643,0,0,0,0,1048496,8355840,0,105ad01f64cd1e6d,,0,2.22
20260927T200206Z-0624,a02119d6d84fde7d,608349,dial,cpu,resident,s0,102,0,0,0,0,warm,24,1,0,100.034048,0,1.18696,0,98.846788,0,0,,2644,0,0,0,0,1048496,8355840,0,0ee13460b9253d30,,0,2.22
20260927T200206Z-0624,a02119d6d84fde7d,1008613,dial,cpu,resident,s0,103,0,0,0,0,warm,24,1,0,100.10098,0,1.210519,0,98.890002,0,0,,2635,0,0,0,0,1048496,8355840,0,125d1a176c793bd5,,0,2.22
20260927T200206Z-0624,a02119d6d84fde7d,1045308,dial,cpu,resident,s0,104,0,0,0,0,warm,24,1,0,99.736998,0,1.243569,0,98.49319,0,0,,2638,0,0,0,0,1048496,8355840,0,0cb884375ad7b6c6,,0,2.22
20260927T200206Z-0624,a02119d6d84fde7d,730296,dial,cpu,resident,s0,105,0,0,0,0,warm,24,1,0,99.614398,0,1.173107,0,98.440973,0,0,,2646,0,0,0,0,1048496,8355840,0,4167dbc6d1d656ac,,0,2.12
20260927T200206Z-0624,a02119d6d84fde7d,850921,dial,cpu,resident,s0,106,0,0,0,0,warm,24,1,0,99.925047,0,1.21499,0,98.709738,0,0,,2644,0,0,0,0,1048496,8355840,0,904d09fd99ea42dc,,0,2.12
20260927T200206Z-0624,a02119d6d84fde7d,285373,dial,cpu,resident,s0,107,0,0,0,0,warm,24,1,0,99.51044,0,1.184841,0,98.325061,0,0,,2653,0,0,0,0,1048496,8355840,0,ed27ad9f0a7ac75e,,0,2.12
20260927T200206Z-0624,a02119d6d84fde7d,1003836,dial,cpu,resident,s0,108,0,0,0,0,warm,24,1,0,99.764219,0,1.208433,0,98.555292,0,0,,2651,0,0,0,0,1048496,8355840,0,df72732439acd0dc,,0,2.12
20260927T200206Z-0624,a02119d6d84fde7d,743148,dial,cpu,resident,s0,109,0,0,0,0,warm,24,1,0,100.061975,0,1.228712,0,98.832774,0,0,,2651,0,0,0,0,1048496,8355840,0,b589d741a7aaf99b,,0,2.12
20260927T200206Z-0624,a02119d6d84fde7d,784929,dial,cpu,resident,s0,110,0,0,0,0,warm,24,1,0,99.784093,0,1.204253,0,98.579542,0,0,,2641,0,0,0,0,1048496,8355840,0,6f82fbf133989e60,,0,2.12
20260927T200206Z-0624,a02119d6d84fde7d,952239,dial,cpu,resident,s0,111,0,0,0,0,warm,24,1,0,101.359867,0,1.190091,0,100.169348,0,0,,2640,0,0,0,0,1048496,8355840,0,ce3ab83ef0811b21,,0,2.12
20260927T200206Z-0624,a02119d6d84fde7d,230809,dial,cpu,resident,s0,112,0,0,0,0,warm,24,1,0,99.935729,0,1.212115,0,98.723221,0,0,,2640,0,0,0,0,1048496,8355840,0,bee4d5e4fca68824,,0,2.12
20260927T200206Z-0624,a02119d6d84fde7d,781082,dial,cpu,resident,s0,113,0,0,0,0,warm,24,1,0,99.82564,0,1.202366,0,98.622915,0,0,,2661,0,0,0,0,1048496,8355840,0,bc52de9104847a97,,0,2.12
20260927T200206Z-0624,a02119d6d84fde7d,324361,dial,cpu,resident,s0,114,0,0,0,0,warm,24,1,0,101.422068,0,1.211686,0,100.210028,0,0,,2637,0,0,0,0,1048496,8355840,0,d9137775fce42dcc,,0,2.12
20260927T200206Z-0624,a02119d6d84fde7d,354973,dial,cpu,resident,s0,115,0,0,0,0,warm,24,1,0,101.518632,0,1.218814,0,100.299455,0,0,,2634,0,0,0,0,1048496,8355840,0,f648ab01e576a9e2,,0,2.12
20260927T200206Z-0624,a02119d6d84fde7d,1031021,dial,cpu,resident,s0,116,0,0,0,0,warm,24,1,0,99.213133,0,1.166256,0,98.046504,0,0,,2647,0,0,0,0,1048496,8355840,0,adf917acf700104b,,0,2.12
20260927T200206Z-0624,a02119d6d84fde7d,776462,dial,cpu,resident,s0,117,0,0,0,0,warm,24,1,0,99.662496,0,1.231303,0,98.430906,0,0,,2651,0,0,0,0,1048496,8355840,0,020d64c57708be11,,0,2.12
20260927T200206Z-0624,a02119d6d84fde7d,878795,dial,cpu,resident,s0,118,0,0,0,0,warm,24,1,0,103.097104,0,1.165745,0,101.930915,0,0,,2638,0,0,0,0,1048496,8355840,0,53f5a4ff9505386f,,0,2.12
20260927T200206Z-0624,a02119d6d84fde7d,877605,dial,cpu,resident,s0,119,0,0,0,0,warm,24,1,0,102.948624,0,1.270428,0,101.677806,0,0,,2656,0,0,0,0,1048496,8355840,0,e71921242e30ce07,,0,2.12
20260927T200206Z-0624,a02119d6d84fde7d,449316,dial,cpu,resident,s0,120,0,0,0,0,warm,24,1,0,99.941015,0,1.226235,0,98.714251,0,0,,2629,0,0,0,0,1048496,8355840,0,f41dc9fe270f1384,,0,2.12
20260927T200206Z-0624,a02119d6d84fde7d,756923,dial,cpu,resident,s0,121,0,0,0,0,warm,24,1,0,101.179171,0,1.224385,0,99.954352,0,0,,2633,0,0,0,0,1048496,8355840,0,730d81ca459c7d39,,0,2.12
20260927T200206Z-0624,a02119d6d84fde7d,340776,dial,cpu,resident,s0,122,0,0,0,0,warm,24,1,0,100.09634,0,1.232019,0,98.863961,0,0,,2652,0,0,0,0,1048496,8355840,0,2a9e0229dc6d7231,,0,2.12
20260927T200206Z-0624,a02119d6d84fde7d,91142,dial,cpu,resident,s0,123,0,0,0,0,warm,24,1,0,99.893567,0,1.209617,0,98.683521,0,0,,2662,0,0,0,0,1048496,8355840,0,80a11b9737c68068,,0,2.12
20260927T200206Z-0624,a02119d6d84fde7d,419442,dial,cpu,resident,s0,124,0,0,0,0,warm,24,1,0,99.940828,0,1.185004,0,98.755467,0,0,,2647,0,0,0,0,1048496,8355840,0,dfb110aeb00a09e5,,0,2.12
20260927T200206Z-0624,a02119d6d84fde7d,338937,dial,cpu,resident,s0,125,0,0,0,0,warm,24,1,0,100.107942,0,1.207417,0,98.900094,0,0,,2614,0,0,0,0,1048496,8355840,0,ec976827ae29462d,,0,2.12
20260927T200206Z-0624,a02119d6d84fde7d,449658,dial,cpu,resident,s0,126,0,0,0,0,warm,24,1,0,99.603802,0,1.235442,0,98.368115,0,0,,2621,0,0,0,0,1048496,8355840,0,4b2b26a5c1210c90,,0,2.12
20260927T200206Z-0624,a02119d6d84fde7d,151978,dial,cpu,resident,s0,127,0,0,0,0,warm,24,1,0,99.725158,0,1.209874,0,98.514562,0,0.000249,,2642,0,0,0,0,1048496,8355840,0,556e29d1d3b563fe,,0,2.12
20260927T200206Z-0624,a02119d6d84fde7d,12612,delta-omp,cpu,resident,s0,0,0,0,0,1,warm,24,1,12,38.823597,0,2.259085,0,36.56388,0,0,,224,1267,0,403,864,1151520,18395864,0,28bdae51db7991a6,,0,2.12
20260927T200206Z-0624,a02119d6d84fde7d,583477,delta-omp,cpu,resident,s0,1,0,0,0,1,warm,24,1,12,39.662449,0,2.615334,0,37.046361,0,0,,225,1278,0,406,872,1152254,18409640,0,8968d07a93769c87,,0,2.12
20260927T200206Z-0624,a02119d6d84fde7d,587775,delta-omp,cpu,resident,s0,2,0,0,0,1,warm,24,1,12,37.049124,0,2.515782,0,34.532905,0,0,,227,1292,0,404,888,1151875,18402364,0,c3357c46101bc7ed,,0,2.12
20260927T200206Z-0624,a02119d6d84fde7d,457329,delta-omp,cpu,resident,s0,3,0,0,0,1,warm,24,1,12,36.225743,0,2.26926,0,33.955583,0,0,,228,1271,0,409,862,1152287,18410766,0,da60d169724ebe65,,0,2.12
20260927T200206Z-0624,a02119d6d84fde7d,284703,delta-omp,cpu,resident,s0,4,0,0,0,1,warm,24,1,12,36.10553,0,2.250825,0,33.854243,0,0,,225,1276,0,406,870,1152045,18405724,0,e711fafca6bfd4d7,,0,2.12
20260927T200206Z-0624,a02119d6d84fde7d,83249,delta-omp,cpu,resident,s0,5,0,0,0,1,warm,24,1,12,36.201338,0,2.248823,0,33.952024,0,0,,225,1263,0,405,858,1152285,18410450,0,4e52248775f10ee5,,0,2.12
20260927T200206Z-0624,a02119d6d84fde7d,590008,delta-omp,cpu,resident,s0,6,0,0,0,1,warm,24,1,12,36.439216,0,2.244118,0,34.194615,0,0,,227,1279,0,406,873,1152015,18405400,0,8ccb9846f0ee1fda,,0,2.12
20260927T200206Z-0624,a02119d6d84fde7d,764305,delta-omp,cpu,resident,s0,7,0,0,0,1,warm,24,1,12,36.431731,0,2.259279,0,34.171976,0,0,,227,1283,0,408,875,1152433,18413350,0,6e0bb1106251602f,,0,2.12
20260927T200206Z-0624,a02119d6d84fde7d,299143,delta-omp,cpu,resident,s0,8,0,0,0,1,warm,24,1,12,36.389268,0,2.220761,0,34.168127,0,0,,226,1294,0,408,886,1152342,18410664,0,3a6af29ba834619f,,0,2.12
20260927T200206Z-0624,a02119d6d84fde7d,101624,delta-omp,cpu,resident,s0,9,0,0,0,1,warm,24,1,12,36.591053,0,2.250122,0,34.340502,0,0,,225,1283,0,406,877,1151660,18401566,0,824098ec8ac7de79,,0,2.12
20260927T200206Z-0624,a02119d6d84fde7d,341320,delta-omp,cpu,resident,s0,10,0,0,0,1,warm,24,1,12,36.284412,0,2.36845,0,33.915593,0,0,,224,1254,0,402,852,1151997,18406680,0,b0ba4213988f452b,,0,2.12
20260927T200206Z-0624,a02119d6d84fde7d,16014,delta-omp,cpu,resident,s0,11,0,0,0,1,warm,24,1,12,36.580793,0,2.267163,0,34.31324,0,0,,227,1282,0,406,876,1152485,18414088,0,a00bd5f109b6340e,,0,2.12
20260927T200206Z-0624,a02119d6d84fde7d,474855,delta-omp,cpu,resident,s0,12,0,0,0,1,warm,24,1,12,36.321094,0,2.25127,0,34.069497,0,0,,228,1284,0,408,876,1152156,18408414,0,028d9427e762a866,,0,2.12
20260927T200206Z-0624,a02119d6d84fde7d,780517,delta-omp,cpu,resident,s0,13,0,0,0,1,warm,24,1,12,36.378846,0,2.267338,0,34.111111,0,0,,226,1285,0,407,878,1152176,18409426,0,f57cb7273e76c9b5,,0,2.12
20260927T200206Z-0624,a02119d6d84fde7d,948113,delta-omp,cpu,resident,s0,14,0,0,0,1,warm,24,1,12,36.485733,0,2.269326,0,34.21599,0,0,,227,1270,0,406,864,1152123,18405512,0,1937c9c045d04233,,0,2.12
20260927T200206Z-0624,a02119d6d84fde7d,618424,delta-omp,cpu,resident,s0,15,0,0,0,1,warm,24,1,12,36.265701,0,2.24897,0,34.016221,0,0,,228,1286,0,409,877,1151962,18405816,0,7256939aaa048106,,0,2.12
20260927T200206Z-0624,a02119d6d84fde7d,826214,delta-omp,cpu,resident,s0,16,0,0,0,1,warm,24,1,12,36.222705,0,2.264248,0,33.957826,0,0,,227,1282,0,407,875,1152082,18407924,0,b27f0a39a9b0e982,,0,2.12
20260927T200206Z-0624,a02119d6d84fde7d,406369,delta-omp,cpu,resident,s0,17,0,0,0,1,warm,24,1,12,36.492255,0,2.25457,0,34.237272,0,0,,224,1270,0,404,866,1151536,18396944,0,5a0bc74ecd575f16,,0,2.12
20260927T200206Z-0624,a02119d6d84fde7d,963197,delta-omp,cpu,resident,s0,18,0,0,0,1,warm,24,1,12,36.368591,0,2.245664,0,34.122247,0,0,,225,1268,0,407,861,1152499,18412734,0,fbb9405d847378bc,,0,2.12
20260927T200206Z-0624,a02119d6d84fde7d,71507,delta-omp,cpu,resident,s0,19,0,0,0,1,warm,24,1,12,36.397916,0,2.225419,0,34.172089,0,0,,226,1286,0,407,879,1151784,18402574,0,702d6d5587c052d1,,0,2.12
20260927T200206Z-0624,a02119d6d84fde7d,544495,delta-omp,cpu,resident,s0,20,0,0,0,1,warm,24,1,12,36.278382,0,2.256944,0,34.021015,0,0,,226,1260,0,408,852,1152065,18407484,0,e48611890b9253a5,,0,2.12
20260927T200206Z-0624,a02119d6d84fde7d,74604,delta-omp,cpu,resident,s0,21,0,0,0,1,warm,24,1,12,36.030701,0,2.252326,0,33.77798,0,0,,225,1264,0,407,857,1152358,18411122,0,685cee8f92989b3f,,0,2.12
20260927T200206Z-0624,a02119d6d84fde7d,498463,delta-omp,cpu,resident,s0,22,0,0,0,1,warm,24,1,12,36.559808,0,2.257571,0,34.301906,0,0,,227,1291,0,404,887,1152327,18411648,0,6039eae81483ac7b,,0,2.12
20260927T200206Z-0624,a02119d6d84fde7d,532500,delta-omp,cpu,resident,s0,23,0,0,0,1,warm,24,1,12,36.455279,0,2.252022,0,34.20266,0,0,,227,1281,0,406,875,1152041,18405028,0,6c4a508dceefca06,,0,2.12
20260927T200206Z-0624,a02119d6d84fde7d,594991,delta-omp,cpu,resident,s0,24,0,0,0,1,warm,24,1,12,36.487399,0,2.254914,0,34.232168,0,0,,228,1282,0,406,876,1152618,18415918,0,8c5ea2cc267ed78e,,0,2.12
20260927T200206Z-0624,a02119d6d84fde7d,67444,delta-omp,cpu,resident,s0,25,0,0,0,1,warm,24,1,12,36.339685,0,2.238466,0,34.100661,0,0,,225,1269,0,404,865,1152315,18411968,0,e6b21197edb81682,,0,2.12
20260927T200206Z-0624,a02119d6d84fde7d,848826,delta-omp,cpu,resident,s0,26,0,0,0,1,warm,24,1,12,36.172565,0,2.257091,0,33.915091,0,0,,226,1281,0,405,876,1152131,18409186,0,7fc02cf236211190,,0,2.12
20260927T200206Z-0624,a02119d6d84fde7d,696864,delta-omp,cpu,resident,s0,27,0,0,0,1,warm,24,1,12,36.382071,0,2.247282,0,34.133914,0,0,,225,1272,0,407,865,1151958,18403866,0,1f5ae3f04977baeb,,0,2.12
20260927T200206Z-0624,a02119d6d84fde7d,809315,delta-omp,cpu,resident,s0,28,0,0,0,1,warm,24,1,12,36.33845,0,2.272951,0,34.064593,0,0,,223,1254,0,402,852,1152174,18408234,0,ae4946ccd75238cd,,0,2.12
20260927T200206Z-0624,a02119d6d84fde7d,888073,delta-omp,cpu,resident,s0,29,0,0,0,1,warm,24,1,12,37.130363,0,2.234236,0,34.895438,0,0,,227,1286,0,407,879,1151682,18398198,0,242dd6e21c631498,,0,2.12
20260927T200206Z-0624,a02119d6d84fde7d,120977,delta-omp,cpu,resident,s0,30,0,0,0,1,warm,24,1,12,36.937542,0,2.302271,0,34.634624,0,0,,228,1280,0,407,873,1152519,18414024,0,61978cef1982d278,,0,2.12
20260927T200206Z-0624,a02119d6d84fde7d,227134,delta-omp,cpu,resident,s0,31,0,0,0,1,warm,24,1,12,36.667165,0,2.237352,0,34.429438,0,0,,227,1280,0,406,874,1151693,18402056,0,8bb075d498e81ac3,,0,2.12
20260927T200206Z-0624,a02119d6d84fde7d,828516,delta-omp,cpu,resident,s0,32,0,0,0,1,warm,24,1,12,36.307846,0,2.255799,0,34.051621,0,0,,224,1280,0,403,877,1151773,18402740,0,a80260e3dc7e7c05,,0,2.12
20260927T200206Z-0624,a02119d6d84fde7d,599128,delta-omp,cpu,resident,s0,33,0,0,0,1,warm,24,1,12,36.195721,0,2.267224,0,33.92811,0,0,,226,1272,0,407,865,1151603,18401022,0,adee1a46fbe8f4a1,,0,2.12
20260927T200206Z-0624,a02119d6d84fde7d,962318,delta-omp,cpu,resident,s0,34,0,0,0,1,warm,24,1,12,36.552875,0,2.252,0,34.300437,0,0,,225,1274,0,405,869,1152261,18409656,0,4cceca57322c2505,,0,2.12
20260927T200206Z-0624,a02119d6d84fde7d,865743,delta-omp,cpu,resident,s0,35,0,0,0,1,warm,24,1,12,36.646594,0,2.237874,0,34.408308,0,0,,223,1264,0,404,860,1151951,18405016,0,7bbfc1f62785203a,,0,2.12
20260927T200206Z-0624,a02119d6d84fde7d,638838,delta-omp,cpu,resident,s0,36,0,0,0,1,warm,24,1,12,36.643322,0,2.238099,0,34.404793,0,0,,225,1262,0,403,859,1152152,18407522,0,dde4ea3c97190154,,0,2.12
20260927T200206Z-0624,a02119d6d84fde7d,789396,delta-omp,cpu,resident,s0,37,0,0,0,1,warm,24,1,12,36.574429,0,2.261003,0,34.312939,0,0,,223,1285,0,402,883,1151987,18403464,0,0f83afd66fff968b,,0,2.12
20260927T200206Z-0624,a02119d6d84fde7d,787247,delta-omp,cpu,resident,s0,38,0,0,0,1,warm,24,1,12,36.650704,0,2.250619,0,34.399554,0,0,,224,1269,0,404,865,1151805,18401526,0,343a6af165e40ea0,,0,2.12
20260927T200206Z-0624,a02119d6d84fde7d,643171,delta-omp,cpu,resident,s0,39,0,0,0,1,warm,24,1,12,36.708602,0,2.255492,0,34.452637,0,0,,225,1280,0,404,876,1151911,18404040,0,ebe49471cf26a366,,0,2.12
20260927T200206Z-0624,a02119d6d84fde7d,742209,delta-omp,cpu,resident,s0,40,0,0,0,1,warm,24,1,12,36.824311,0,2.263384,0,34.560378,0,0,,224,1261,0,403,858,1152104,18406800,0,2e6086bf9f9c0969,,0,2.12
20260927T200206Z-0624,a02119d6d84fde7d,98309,delta-omp,cpu,resident,s0,41,0,0,0,1,warm,24,1,12,36.651783,0,2.269317,0,34.381931,0,0,,224,1286,0,404,882,1151972,18404244,0,f74896e8208dc1fe,,0,2.12
20260927T200206Z-0624,a02119d6d84fde7d,809671,delta-omp,cpu,resident,s0,42,0,0,0,1,warm,24,1,12,37.536229,0,2.290642,0,35.244671,0,0,,227,1274,0,407,867,1152332,18411192,0,b75fe77907620429,,0,2.12
20260927T200206Z-0624,a02119d6d84fde7d,682755,delta-omp,cpu,resident,s0,43,0,0,0,1,warm,24,1,12,36.922336,0,2.297818,0,34.623796,0,0,,226,1287,0,406,881,1152376,18412282,0,5aea28dc8118708f,,0,2.12
20260927T200206Z-0624,a02119d6d84fde7d,866488,delta-omp,cpu,resident,s0,44,0,0,0,1,warm,24,1,12,36.896324,0,2.234346,0,34.66132,0,0,,225,1269,0,402,867,1152064,18404982,0,2ca945dc09e333f5,,0,2.12
20260927T200206Z-0624,a02119d6d84fde7d,107501,delta-omp,cpu,resident,s0,45,0,0,0,1,warm,24,1,12,36.601528,0,2.268885,0,34.331961,0,0,,223,1258,0,401,857,1152166,18408266,0,525802c16d3dd706,,0,2.12
20260927T200206Z-0624,a02119d6d84fde7d,719239,delta-omp,cpu,resident,s0,46,0,0,0,1,warm,24,1,12,36.766123,0,2.236159,0,34.529593,0,0,,224,1271,0,403,868,1151714,18399996,0,5fe141d595255199,,0,2.12
20260927T200206Z-0624,a02119d6d84fde7d,970577,delta-omp,cpu,resident,s0,47,0,0,0,1,warm,24,1,12,36.647623,0,2.260326,0,34.386961,0,0,,224,1280,0,403,877,1152403,18410862,0,a43fbb6fe42a36c5,,0,2.12
20260927T200206Z-0624,a02119d6d84fde7d,519236,delta-omp,cpu,resident,s0,48,0,0,0,1,warm,24,1,12,36.445168,0,2.267002,0,34.177703,0,0,,225,1279,0,405,874,1151880,18403628,0,41f25342e055cad8,,0,2.12
20260927T200206Z-0624,a02119d6d84fde7d,638059,delta-omp,cpu,resident,s0,49,0,0,0,1,warm,24,1,12,36.457595,0,2.260685,0,34.196527,0,0,,226,1269,0,404,865,1152419,18412776,0,65a0deeb6c0dd865,,0,2.12
20260927T200206Z-0624,a02119d6d84fde7d,121166,delta-omp,cpu,resident,s0,50,0,0,0,1,warm,24,1,12,36.686833,0,2.248612,0,34.43784,0,0,,224,1269,0,403,866,1151995,18405160,0,ae4f21cdc3e83665,,0,2.12
20260927T200206Z-0624,a02119d6d84fde7d,613670,delta-omp,cpu,resident,s0,51,0,0,0,1,warm,24,1,12,36.579387,0,2.257102,0,34.321894,0,0,,229,1284,0,408,876,1152235,18411682,0,4e3b565a51b0291d,,0,2.12
20260927T200206Z-0624,a02119d6d84fde7d,70006,delta-omp,cpu,resident,s0,52,0,0,0,1,warm,24,1,12,36.554812,0,2.257721,0,34.296595,0,0,,227,1268,0,405,863,1152209,18409836,0,9b9e4e7fa671f322,,0,2.12
20260927T200206Z-0624,a02119d6d84fde7d,74793,delta-omp,cpu,resident,s0,53,0,0,0,1,warm,24,1,12,36.543154,0,2.238637,0,34.303983,0,0,,223,1271,0,401,870,1152100,18406826,0,ecf2eedd6dd9cfb8,,0,2.12
20260927T200206Z-0624,a02119d6d84fde7d,733218,delta-omp,cpu,resident,s0,54,0,0,0,1,warm,24,1,12,36.696444,0,2.260444,0,34.435598,0,0,,226,1260,0,407,853,1152001,18407096,0,3678dc385e71ccef,,0,2.12
20260927T200206Z-0624,a02119d6d84fde7d,152853,delta-omp,cpu,resident,s0,55,0,0,0,1,warm,24,1,12,36.793377,0,2.247291,0,34.545533,0,0,,224,1253,0,403,850,1152143,18409048,0,06befad1b58e791b,,0,2.12
20260927T200206Z-0624,a02119d6d84fde7d,533256,delta-omp,cpu,resident,s0,56,0,0,0,1,warm,24,1,12,36.625532,0,2.319017,0,34.305983,0,0,,225,1276,0,406,870,1152329,18410422,0,de6a85be3831195e,,0,2.12
20260927T200206Z-0624,a02119d6d84fde7d,297117,delta-omp,cpu,resident,s0,57,0,0,0,1,warm,24,1,12,36.547341,0,2.294628,0,34.25218,0,0,,228,1277,0,409,868,1151566,18400056,0,22aa6d8bb71af2da,,0,2.12
20260927T200206Z-0624,a02119d6d84fde7d,900482,delta-omp,cpu,resident,s0,58,0,0,0,1,warm,24,1,12,36.812811,0,2.263763,0,34.54857,0,0,,227,1267,0,407,860,1152397,18410076,0,e5b584d12adce633,,0,2.12
20260927T200206Z-0624,a02119d6d84fde7d,951617,delta-omp,cpu,resident,s0,59,0,0,0,1,warm,24,1,12,36.470551,0,2.244688,0,34.225551,0,0,,226,1267,0,406,861,1152050,18406528,0,0520e2b524dbc735,,0,2.12
20260927T200206Z-0624,a02119d6d84fde7d,329606,delta-omp,cpu,resident,s0,60,0,0,0,1,warm,24,1,12,36.546606,0,2.243777,0,34.302262,0,0,,226,1287,0,407,880,1152155,18408718,0,936869a3a01e1ec8,,0,2.12
20260927T200206Z-0624,a02119d6d84fde7d,818843,delta-omp,cpu,resident,s0,61,0,0,0,1,warm,24,1,12,36.378091,0,2.270925,0,34.106701,0,0,,226,1274,0,407,867,1152282,18409952,0,52282c7c008cd16f,,0,2.12
20260927T200206Z-0624,a02119d6d84fde7d,924064,delta-omp,cpu,resident,s0,62,0,0,0,1,warm,24,1,12,36.349512,0,2.333959,0,34.015035,0,0,,223,1263,0,401,862,1151453,18396944,0,ce26a1db90a68c18,,0,2.12
20260927T200206Z-0624,a02119d6d84fde7d,442646,delta-omp,cpu,resident,s0,63,0,0,0,1,warm,24,1,12,36.177473,0,2.247047,0,33.930107,0,0,,228,1291,0,407,884,1152306,18411158,0,f61df11d33686108,,0,2.12
20260927T200206Z-0624,a02119d6d84fde7d,933032,delta-omp,cpu,resident,s0,64,0,0,0,1,warm,24,1,12,36.298319,0,2.24999,0,34.04788,0,0,,227,1270,0,404,866,1151731,18401416,0,4dcf4e02a288d19c,,0,2.12
20260927T200206Z-0624,a02119d6d84fde7d,340699,delta-omp,cpu,resident,s0,65,0,0,0,1,warm,24,1,12,36.498948,0,2.251706,0,34.246649,0,0,,227,1289,0,406,883,1151859,18403076,0,48532874b2b9d0d2,,0,2.12
20260927T200206Z-0624,a02119d6d84fde7d,196865,delta-omp,cpu,resident,s0,66,0,0,0,1,warm,24,1,12,36.79042,0,2.26033,0,34.529591,0,0,,225,1285,0,404,881,1151575,18398486,0,e44d3db783fbdadd,,0,2.12
20260927T200206Z-0624,a02119d6d84fde7d,422576,delta-omp,cpu,resident,s0,67,0,0,0,1,warm,24,1,12,36.571604,0,2.251692,0,34.319562,0,0,,226,1270,0,406,864,1152110,18406084,0,4d948852be51cda0,,0,2.12
20260927T200206Z-0624,a02119d6d84fde7d,199973,delta-omp,cpu,resident,s0,68,0,0,0,1,warm,24,1,12,36.717383,0,2.254107,0,34.462652,0,0,,225,1264,0,402,862,1151549,18398194,0,15b0e80fbc151e38,,0,2.12
20260927T200206Z-0624,a02119d6d84fde7d,775044,delta-omp,cpu,resident,s0,69,0,0,0,1,warm,24,1,12,36.90791,0,2.258459,0,34.648978,0,0,,223,1271,0,403,868,1152059,18406694,0,cb1446d88a2be850,,0,2.12
20260927T200206Z-0624,a02119d6d84fde7d,626100,delta-omp,cpu,resident,s0,70,0,0,0,1,warm,24,1,12,37.746881,0,2.716486,0,35.029524,0,0,,225,1274,0,407,867,1152459,18411328,0,3faba6d5b060898c,,0,2.12
20260927T200206Z-0624,a02119d6d84fde7d,257641,delta-omp,cpu,resident,s0,71,0,0,0,1,warm,24,1,12,36.475654,0,2.233845,0,34.241242,0,0,,226,1271,0,405,866,1151373,18394004,0,a978bbf71a2b658f,,0,2.12
20260927T200206Z-0624,a02119d6d84fde7d,617297,delta-omp,cpu,resident,s0,72,0,0,0,1,warm,24,1,12,36.462932,0,2.261074,0,34.201297,0,0,,227,1271,0,407,864,1152169,18408864,0,3fb7729b73b5db0f,,0,3.87
20260927T200206Z-0624,a02119d6d84fde7d,563755,delta-omp,cpu,resident,s0,73,0,0,0,1,warm,24,1,12,36.723456,0,2.254289,0,34.468773,0,0,,225,1275,0,403,872,1151971,18404404,0,742e1e4a72ddaece,,0,3.87
20260927T200206Z-0624,a02119d6d84fde7d,87865,delta-omp,cpu,resident,s0,74,0,0,0,1,warm,24,1,12,36.695955,0,2.235517,0,34.46005,0,0,,228,1284,0,408,876,1152139,18408456,0,73627407399df493,,0,3.87
20260927T200206Z-0624,a02119d6d84fde7d,71898,delta-omp,cpu,resident,s0,75,0,0,0,1,warm,24,1,12,36.639201,0,2.25203,0,34.386738,0,0,,227,1279,0,406,873,1152294,18408100,0,1bd55c95765ebb70,,0,3.87
20260927T200206Z-0624,a02119d6d84fde7d,847158,delta-omp,cpu,resident,s0,76,0,0,0,1,warm,24,1,12,36.332744,0,2.267998,0,34.064302,0,0,,227,1282,0,408,874,1151667,18400800,0,f84814ba52a3fddb,,0,3.87
20260927T200206Z-0624,a02119d6d84fde7d,934069,delta-omp,cpu,resident,s0,77,0,0,0,1,warm,24,1,12,36.554416,0,2.255985,0,34.298132,0,0,,222,1270,0,399,871,1151738,18399946,0,3fce213adbd918e5,,0,3.87
20260927T200206Z-0624,a02119d6d84fde7d,666677,delta-omp,cpu,resident,s0,78,0,0,0,1,warm,24,1,12,36.584742,0,2.265709,0,34.318525,0,0,,225,1273,0,402,871,1152138,18408114,0,9eb243abea190fd7,,0,3.87
20260927T200206Z-0624,a02119d6d84fde7d,709223,delta-omp,cpu,resident,s0,79,0,0,0,1,warm,24,1,12,36.83132,0,2.260435,0,34.570474,0,0,,224,1287,0,406,881,1152099,18407460,0,7c91801c56145383,,0,3.87
20260927T200206Z-0624,a02119d6d84fde7d,497308,delta-omp,cpu,resident,s0,80,0,0,0,1,warm,24,1,12,36.840681,0,2.26248,0,34.577691,0,0,,226,1272,0,406,866,1152172,18408488,0,12fa6679e1d7c1dd,,0,3.87
20260927T200206Z-0624,a02119d6d84fde7d,354623,delta-omp,cpu,resident,s0,81,0,0,0,1,warm,24,1,12,36.659075,0,2.268766,0,34.389896,0,0,,224,1248,0,401,847,1152112,18409026,0,38aa81bd9bda3307,,0,3.87
20260927T200206Z-0624,a02119d6d84fde7d,997813,delta-omp,cpu,resident,s0,82,0,0,0,1,warm,24,1,12,36.790636,0,2.266317,0,34.524042,0,0,,228,1288,0,408,880,1152377,18412112,0,cd72e1e1ae5946fd,,0,3.87
20260927T200206Z-0624,a02119d6d84fde7d,886524,delta-omp,cpu,resident,s0,83,0,0,0,1,warm,24,1,12,38.630851,0,2.267619,0,36.362657,0,0,,224,1275,0,404,871,1152223,18409300,0,1e8eed6faf744f5d,,0,3.87
20260927T200206Z-0624,a02119d6d84fde7d,26760,delta-omp,cpu,resident,s0,84,0,0,0,1,warm,24,1,12,39.050017,0,2.549752,0,36.499613,0,0,,226,1257,0,403,854,1151941,18404550,0,47842c3440e845d2,,0,3.87
20260927T200206Z-0624,a02119d6d84fde7d,914247,delta-omp,cpu,resident,s0,85,0,0,0,1,warm,24,1,12,36.784493,0,2.298872,0,34.484871,0,0,,225,1282,0,403,879,1152217,18408894,0,02ff3d571c234946,,0,3.87
20260927T200206Z-0624,a02119d6d84fde7d,743152,delta-omp,cpu,resident,s0,86,0,0,0,1,warm,24,1,12,36.682852,0,2.283605,0,34.398835,0,0,,227,1280,0,406,874,1152223,18408734,0,487cb6841969b9a7,,0,3.87
20260927T200206Z-0624,a02119d6d84fde7d,1012998,delta-omp,cpu,resident,s0,87,0,0,0,1,warm,24,1,12,36.555388,0,2.251408,0,34.303455,0,0,,225,1273,0,406,867,1151809,18400556,0,d2569ce76bc72320,,0,3.87
20260927T200206Z-0624,a02119d6d84fde7d,382778,delta-omp,cpu,resident,s0,88,0,0,0,1,warm,24,1,12,36.553728,0,2.247411,0,34.305803,0,0,,227,1271,0,406,865,1151572,18401608,0,4363f1642bf9ca8b,,0,3.87
20260927T200206Z-0624,a02119d6d84fde7d,385604,delta-omp,cpu,resident,s0,89,0,0,0,1,warm,24,1,12,36.886827,0,2.250752,0,34.635605,0,0,,225,1255,0,401,854,1152066,18405034,0,2f834d6f19a7075f,,0,3.87
20260927T200206Z-0624,a02119d6d84fde7d,40272,delta-omp,cpu,resident,s0,90,0,0,0,1,warm,24,1,12,36.69722,0,2.273214,0,34.423454,0,0,,224,1274,0,405,869,1152031,18407242,0,033d42e0e845d7e5,,0,3.87
20260927T200206Z-0624,a02119d6d84fde7d,70075,delta-omp,cpu,resident,s0,91,0,0,0,1,warm,24,1,12,36.82805,0,2.276633,0,34.551022,0,0,,228,1277,0,406,871,1151989,18405362,0,0e609080489e53c9,,0,3.87
20260927T200206Z-0624,a02119d6d84fde7d,733041,delta-omp,cpu,resident,s0,92,0,0,0,1,warm,24,1,12,36.637877,0,2.291078,0,34.3464,0,0,,226,1276,0,407,869,1152257,18410094,0,3643fcf2fc535160,,0,3.87
20260927T200206Z-0624,a02119d6d84fde7d,405276,delta-omp,cpu,resident,s0,93,0,0,0,1,warm,24,1,12,36.649755,0,2.247558,0,34.401683,0,0,,225,1286,0,405,881,1152160,18407224,0,fd1e692198445bb9,,0,3.87
20260927T200206Z-0624,a02119d6d84fde7d,167751,delta-omp,cpu,resident,s0,94,0,0,0,1,warm,24,1,12,36.520069,0,2.271002,0,34.248719,0,0,,226,1281,0,405,876,1151838,18402692,0,a9f30ead5b83afef,,0,3.87
20260927T200206Z-0624,a02119d6d84fde7d,140065,delta-omp,cpu,resident,s0,95,0,0,0,1,warm,24,1,12,36.626271,0,2.260977,0,34.365067,0,0,,226,1275,0,407,868,1151799,18401820,0,c963d08625067b4f,,0,3.87
20260927T200206Z-0624,a02119d6d84fde7d,729933,delta-omp,cpu,resident,s0,96,0,0,0,1,warm,24,1,12,36.627974,0,2.288232,0,34.339161,0,0,,228,1261,0,406,855,1151886,18401930,0,7dcf2dfe66bf4fdd,,0,3.87
20260927T200206Z-0624,a02119d6d84fde7d,755777,delta-omp,cpu,resident,s0,97,0,0,0,1,warm,24,1,12,37.024557,0,2.287441,0,34.736838,0,0,,227,1276,0,405,871,1152133,18409276,0,7f0d5a5b7ea2447b,,0,3.87
20260927T200206Z-0624,a02119d6d84fde7d,374017,delta-omp,cpu,resident,s0,98,0,0,0,1,warm,24,1,12,36.954634,0,2.419609,0,34.534447,0,0,,226,1266,0,405,861,1151822,18404078,0,d10a072229bfa198,,0,3.87
20260927T200206Z-0624,a02119d6d84fde7d,523181,delta-omp,cpu,resident,s0,99,0,0,0,1,warm,24,1,12,36.958011,0,2.253491,0,34.703646,0,0,,224,1256,0,402,854,1152217,18408400,0,0516a7edf2d4942e,,0,3.87
20260927T200206Z-0624,a02119d6d84fde7d,971309,delta-omp,cpu,resident,s0,100,0,0,0,1,warm,24,1,12,37.152543,0,2.284657,0,34.867383,0,0,,226,1263,0,404,859,1152223,18408506,0,31284766928f478b,,0,3.87
20260927T200206Z-0624,a02119d6d84fde7d,881280,delta-omp,cpu,resident,s0,101,0,0,0,1,warm,24,1,12,37.182044,0,2.271051,0,34.910577,0,0,,225,1265,0,405,860,1151859,18403712,0,105ad01f64cd1e6d,,0,3.87
20260927T200206Z-0624,a02119d6d84fde7d,608349,delta-omp,cpu,resident,s0,102,0,0,0,1,warm,24,1,12,36.958584,0,2.26467,0,34.693433,0,0,,226,1279,0,404,875,1152458,18412754,0,0ee13460b9253d30,,0,3.87
20260927T200206Z-0624,a02119d6d84fde7d,1008613,delta-omp,cpu,resident,s0,103,0,0,0,1,warm,24,1,12,36.892139,0,2.259211,0,34.632426,0,0,,224,1265,0,404,861,1151797,18401538,0,125d1a176c793bd5,,0,3.87
20260927T200206Z-0624,a02119d6d84fde7d,1045308,delta-omp,cpu,resident,s0,104,0,0,0,1,warm,24,1,12,36.905275,0,2.268011,0,34.636835,0,0,,226,1268,0,403,865,1152230,18409094,0,0cb884375ad7b6c6,,0,3.87
20260927T200206Z-0624,a02119d6d84fde7d,730296,delta-omp,cpu,resident,s0,105,0,0,0,1,warm,24,1,12,36.878808,0,2.261507,0,34.616934,0,0,,227,1275,0,405,870,1151848,18403246,0,4167dbc6d1d656ac,,0,3.87
20260927T200206Z-0624,a02119d6d84fde7d,850921,delta-omp,cpu,resident,s0,106,0,0,0,1,warm,24,1,12,36.905194,0,2.277708,0,34.626927,0,0,,225,1280,0,405,875,1151951,18405436,0,904d09fd99ea42dc,,0,3.87
20260927T200206Z-0624,a02119d6d84fde7d,285373,delta-omp,cpu,resident,s0,107,0,0,0,1,warm,24,1,12,36.831026,0,2.274116,0,34.556682,0,0,,228,1275,0,408,867,1152176,18407614,0,ed27ad9f0a7ac75e,,0,3.87
20260927T200206Z-0624,a02119d6d84fde7d,1003836,delta-omp,cpu,resident,s0,108,0,0,0,1,warm,24,1,12,37.223031,0,2.27017,0,34.952591,0,0,,226,1283,0,406,877,1151932,18404212,0,df72732439acd0dc,,0,3.87
20260927T200206Z-0624,a02119d6d84fde7d,743148,delta-omp,cpu,resident,s0,109,0,0,0,1,warm,24,1,12,36.890425,0,2.278044,0,34.611931,0,0,,225,1263,0,407,856,1152161,18407512,0,b589d741a7aaf99b,,0,3.87
20260927T200206Z-0624,a02119d6d84fde7d,784929,delta-omp,cpu,resident,s0,110,0,0,0,1,warm,24,1,12,36.93997,0,2.27281,0,34.666669,0,0,,225,1271,0,405,866,1152163,18407280,0,6f82fbf133989e60,,0,3.87
20260927T200206Z-0624,a02119d6d84fde7d,952239,delta-omp,cpu,resident,s0,111,0,0,0,1,warm,24,1,12,36.55511,0,2.271475,0,34.283097,0,0,,226,1275,0,405,870,1152321,18410486,0,ce3ab83ef0811b21,,0,3.87
20260927T200206Z-0624,a02119d6d84fde7d,230809,delta-omp,cpu,resident,s0,112,0,0,0,1,warm,24,1,12,36.884729,0,2.31703,0,34.567147,0,0,,225,1266,0,405,861,1152144,18405820,0,bee4d5e4fca68824,,0,3.87
20260927T200206Z-0624,a02119d6d84fde7d,781082,delta-omp,cpu,resident,s0,113,0,0,0,1,warm,24,1,12,36.654371,0,2.278681,0,34.375491,0,0,,228,1288,0,407,881,1151636,18398524,0,bc52de9104847a97,,0,3.87
20260927T200206Z-0624,a02119d6d84fde7d,324361,delta-omp,cpu,resident,s0,114,0,0,0,1,warm,24,1,12,37.007737,0,2.283232,0,34.723959,0,0,,224,1269,0,404,865,1152224,18409400,0,d9137775fce42dcc,,0,3.87
20260927T200206Z-0624,a02119d6d84fde7d,354973,delta-omp,cpu,resident,s0,115,0,0,0,1,warm,24,1,12,36.762701,0,2.277837,0,34.484318,0,0,,225,1258,0,404,854,1151889,18403456,0,f648ab01e576a9e2,,0,3.87
20260927T200206Z-0624,a02119d6d84fde7d,1031021,delta-omp,cpu,resident,s0,116,0,0,0,1,warm,24,1,12,36.781706,0,2.247296,0,34.534125,0,0,,228,1285,0,406,879,1152028,18406460,0,adf917acf700104b,,0,3.87
20260927T200206Z-0624,a02119d6d84fde7d,776462,delta-omp,cpu,resident,s0,117,0,0,0,1,warm,24,1,12,37.092552,0,2.272929,0,34.818934,0,0,,226,1257,0,406,851,1152132,18407626,0,020d64c57708be11,,0,3.87
20260927T200206Z-0624,a02119d6d84fde7d,878795,delta-omp,cpu,resident,s0,118,0,0,0,1,warm,24,1,12,36.816443,0,2.275785,0,34.540332,0,0,,226,1279,0,404,875,1151974,18405640,0,53f5a4ff9505386f,,0,3.87
20260927T200206Z-0624,a02119d6d84fde7d,877605,delta-omp,cpu,resident,s0,119,0,0,0,1,warm,24,1,12,36.834591,0,2.276224,0,34.557976,0,0,,226,1273,0,407,866,1151801,18402806,0,e71921242e30ce07,,0,3.87
20260927T200206Z-0624,a02119d6d84fde7d,449316,delta-omp,cpu,resident,s0,120,0,0,0,1,warm,24,1,12,36.604888,0,2.264916,0,34.339401,0,0,,225,1280,0,403,877,1151712,18399728,0,f41dc9fe270f1384,,0,3.87
20260927T200206Z-0624,a02119d6d84fde7d,756923,delta-omp,cpu,resident,s0,121,0,0,0,1,warm,24,1,12,36.821756,0,2.275246,0,34.546052,0,0,,223,1267,0,403,864,1151621,18399290,0,730d81ca459c7d39,,0,3.87
20260927T200206Z-0624,a02119d6d84fde7d,340776,delta-omp,cpu,resident,s0,122,0,0,0,1,warm,24,1,12,37.082509,0,2.247763,0,34.834338,0,0,,226,1271,0,405,866,1152200,18408668,0,2a9e0229dc6d7231,,0,3.87
20260927T200206Z-0624,a02119d6d84fde7d,91142,delta-omp,cpu,resident,s0,123,0,0,0,1,warm,24,1,12,36.797911,0,2.268762,0,34.528844,0,0,,227,1275,0,407,868,1152229,18410252,0,80a11b9737c68068,,0,3.87
20260927T200206Z-0624,a02119d6d84fde7d,419442,delta-omp,cpu,resident,s0,124,0,0,0,1,warm,24,1,12,36.975898,0,2.287596,0,34.687798,0,0,,225,1269,0,405,864,1152244,18409520,0,dfb110aeb00a09e5,,0,3.87
20260927T200206Z-0624,a02119d6d84fde7d,338937,delta-omp,cpu,resident,s0,125,0,0,0,1,warm,24,1,12,37.111343,0,2.257302,0,34.853427,0,0,,223,1252,0,400,852,1152164,18408666,0,ec976827ae29462d,,0,3.87
20260927T200206Z-0624,a02119d6d84fde7d,449658,delta-omp,cpu,resident,s0,126,0,0,0,1,warm,24,1,12,37.121465,0,2.305637,0,34.815379,0,0,,224,1259,0,402,857,1151841,18400734,0,4b2b26a5c1210c90,,0,3.87
20260927T200206Z-0624,a02119d6d84fde7d,151978,delta-omp,cpu,resident,s0,127,0,0,0,1,warm,24,1,12,37.349184,0,2.282863,0,35.065812,0,0.000179,,223,1273,0,405,868,1152326,18411658,0,556e29d1d3b563fe,,0,3.87
20260927T200206Z-0624,a02119d6d84fde7d,12612,gpu-frontier,gpu,resident,s0,0,0,0,0,2,warm,0,1,0,18.082315,0,0.286253,4.56115198,12.6618242,0.549725,0,,304,304,304,0,0,8737389,69310321,0,28bdae51db7991a6,2511.16068,0,3.87
20260927T200206Z-0624,a02119d6d84fde7d,583477,gpu-frontier,gpu,resident,s0,1,0,0,0,2,warm,0,1,0,13.625198,0,0,0,13.1153917,0.496976,0,,312,312,312,0,0,9072585,71977818,0,8968d07a93769c87,2511.56107,0,3.87
20260927T200206Z-0624,a02119d6d84fde7d,587775,gpu-frontier,gpu,resident,s0,2,0,0,0,2,warm,0,1,0,12.383746,0,0,0,11.8783035,0.491096,0,,308,308,308,0,0,8014253,63540130,0,c3357c46101bc7ed,2513.72573,0,3.87
20260927T200206Z-0624,a02119d6d84fde7d,457329,gpu-frontier,gpu,resident,s0,3,0,0,0,2,warm,0,1,0,13.310113,0,0,0,12.8358078,0.461384,0,,309,309,309,0,0,8936540,70883071,0,da60d169724ebe65,2511.40084,0,3.87
20260927T200206Z-0624,a02119d6d84fde7d,284703,gpu-frontier,gpu,resident,s0,4,0,0,0,2,warm,0,1,0,14.715009,0,0,0,14.2706556,0.431826,0,,310,310,310,0,0,10249655,81374701,0,e711fafca6bfd4d7,2511.40084,0,3.87
20260927T200206Z-0624,a02119d6d84fde7d,83249,gpu-frontier,gpu,resident,s0,5,0,0,0,2,warm,0,1,0,14.528792,0,0,0,14.0888319,0.426615,0,,310,310,310,0,0,10013135,79494118,0,4e52248775f10ee5,2511.32088,0,3.87
20260927T200206Z-0624,a02119d6d84fde7d,590008,gpu-frontier,gpu,resident,s0,6,0,0,0,2,warm,0,1,0,13.659147,0,0,0,13.2178564,0.427907,0,,306,306,306,0,0,9284770,73687998,0,8ccb9846f0ee1fda,2511.40084,0,3.87
20260927T200206Z-0624,a02119d6d84fde7d,764305,gpu-frontier,gpu,resident,s0,7,0,0,0,2,warm,0,1,0,13.374687,0,0,0,12.9383364,0.42409,0,,310,310,310,0,0,8987767,71298898,0,6e0bb1106251602f,2513.32465,0,3.87
20260927T200206Z-0624,a02119d6d84fde7d,299143,gpu-frontier,gpu,resident,s0,8,0,0,0,2,warm,0,1,0,13.1563,0,0,0,12.7223358,0.420976,0,,313,313,313,0,0,8812490,69905849,0,3a6af29ba834619f,2513.72573,0,3.87
20260927T200206Z-0624,a02119d6d84fde7d,101624,gpu-frontier,gpu,resident,s0,9,0,0,0,2,warm,0,1,0,12.054035,0,0,0,11.6174078,0.424161,0,,303,303,303,0,0,7919852,62778012,0,824098ec8ac7de79,2512.9237,0,3.87
20260927T200206Z-0624,a02119d6d84fde7d,341320,gpu-frontier,gpu,resident,s0,10,0,0,0,2,warm,0,1,0,13.295159,0,0,0,12.8559036,0.426361,0,,308,308,308,0,0,9008402,71451390,0,b0ba4213988f452b,2511.88159,0,3.87
20260927T200206Z-0624,a02119d6d84fde7d,16014,gpu-frontier,gpu,resident,s0,11,0,0,0,2,warm,0,1,0,14.731236,0,0,0,14.2857924,0.432395,0,,310,310,310,0,0,10343886,82125218,0,a00bd5f109b6340e,2511.96159,0,3.87
20260927T200206Z-0624,a02119d6d84fde7d,474855,gpu-frontier,gpu,resident,s0,12,0,0,0,2,warm,0,1,0,15.128567,0,0,0,14.6860476,0.428984,0,,314,314,314,0,0,10647510,84528625,0,028d9427e762a866,2513.72573,0,3.87
20260927T200206Z-0624,a02119d6d84fde7d,780517,gpu-frontier,gpu,resident,s0,13,0,0,0,2,warm,0,1,0,11.877351,0,0,0,11.320672,0.542305,0,,302,302,302,0,0,7389551,58566820,0,f57cb7273e76c9b5,2513.72573,0,3.87
20260927T200206Z-0624,a02119d6d84fde7d,948113,gpu-frontier,gpu,resident,s0,14,0,0,0,2,warm,0,1,0,11.191208,0,0,0,10.6575041,0.511624,0,,305,305,305,0,0,7482415,59292026,0,1937c9c045d04233,2513.40474,0,3.87
20260927T200206Z-0624,a02119d6d84fde7d,618424,gpu-frontier,gpu,resident,s0,15,0,0,0,2,warm,0,1,0,11.307723,0,0,0,10.8061762,0.488853,0,,304,304,304,0,0,7828529,62062387,0,7256939aaa048106,2513.72573,0,3.87
20260927T200206Z-0624,a02119d6d84fde7d,826214,gpu-frontier,gpu,resident,s0,16,0,0,0,2,warm,0,1,0,14.201571,0,0,0,13.7490559,0.439274,0,,312,312,312,0,0,10808593,85829583,0,b27f0a39a9b0e982,2512.7633,0,3.87
20260927T200206Z-0624,a02119d6d84fde7d,406369,gpu-frontier,gpu,resident,s0,17,0,0,0,2,warm,0,1,0,11.379079,0,0,0,10.9310083,0.432543,0,,312,312,312,0,0,7667731,60775756,0,5a0bc74ecd575f16,2511.16068,0,3.87
20260927T200206Z-0624,a02119d6d84fde7d,963197,gpu-frontier,gpu,resident,s0,18,0,0,0,2,warm,0,1,0,12.949036,0,0,0,12.4071999,0.529527,0,,308,308,308,0,0,9397427,74577210,0,fbb9405d847378bc,2511.72132,0,3.87
20260927T200206Z-0624,a02119d6d84fde7d,71507,gpu-frontier,gpu,resident,s0,19,0,0,0,2,warm,0,1,0,12.613465,0,0,0,12.0406084,0.553028,0,,309,309,309,0,0,9025146,71604472,0,702d6d5587c052d1,2512.12189,0,3.87
20260927T200206Z-0624,a02119d6d84fde7d,544495,gpu-frontier,gpu,resident,s0,20,0,0,0,2,warm,0,1,0,12.584516,0,0,0,12.0227203,0.548233,0,,306,306,306,0,0,9176428,72793923,0,e48611890b9253a5,2513.48513,0,3.87
20260927T200206Z-0624,a02119d6d84fde7d,74604,gpu-frontier,gpu,resident,s0,21,0,0,0,2,warm,0,1,0,13.56741,0,0,0,13.0608644,0.493388,0,,312,312,312,0,0,10005354,79408579,0,685cee8f92989b3f,2512.04188,0,3.87
20260927T200206Z-0624,a02119d6d84fde7d,498463,gpu-frontier,gpu,resident,s0,22,0,0,0,2,warm,0,1,0,13.030309,0,0,0,12.5254402,0.491707,0,,308,308,308,0,0,9545423,75760505,0,6039eae81483ac7b,2513.72573,0,3.87
20260927T200206Z-0624,a02119d6d84fde7d,532500,gpu-frontier,gpu,resident,s0,23,0,0,0,2,warm,0,1,0,12.014546,0,0,0,11.5392962,0.461055,0,,308,308,308,0,0,8641220,68531768,0,6c4a508dceefca06,2513.72573,0,3.87
20260927T200206Z-0624,a02119d6d84fde7d,594991,gpu-frontier,gpu,resident,s0,24,0,0,0,2,warm,0,1,0,11.274162,0,0,0,10.8102083,0.450693,0,,304,304,304,0,0,7697325,61015830,0,8c5ea2cc267ed78e,2513.72573,0,3.87
20260927T200206Z-0624,a02119d6d84fde7d,67444,gpu-frontier,gpu,resident,s0,25,0,0,0,2,warm,0,1,0,11.674805,0,0,0,11.1970882,0.464429,0,,307,307,307,0,0,7869729,62373212,0,e6b21197edb81682,2511.56107,0,3.87
20260927T200206Z-0624,a02119d6d84fde7d,848826,gpu-frontier,gpu,resident,s0,26,0,0,0,2,warm,0,1,0,13.321766,0,0,0,12.8694401,0.438936,0,,316,316,316,0,0,9502146,75405809,0,7fc02cf236211190,2512.12189,0,3.87
20260927T200206Z-0624,a02119d6d84fde7d,696864,gpu-frontier,gpu,resident,s0,27,0,0,0,2,warm,0,1,0,13.580772,0,0,0,13.1479359,0.421182,0,,310,310,310,0,0,9852922,78207835,0,1f5ae3f04977baeb,2513.72573,0,3.87
20260927T200206Z-0624,a02119d6d84fde7d,809315,gpu-frontier,gpu,resident,s0,28,0,0,0,2,warm,0,1,0,12.106811,0,0,0,11.6365118,0.457814,0,,306,306,306,0,0,8414943,66735115,0,ae4946ccd75238cd,2513.48513,0,3.87
20260927T200206Z-0624,a02119d6d84fde7d,888073,gpu-frontier,gpu,resident,s0,29,0,0,0,2,warm,0,1,0,12.014154,0,0,0,11.5719681,0.429169,0,,304,304,304,0,0,8333285,66098504,0,242dd6e21c631498,2513.72573,0,3.87
20260927T200206Z-0624,a02119d6d84fde7d,120977,gpu-frontier,gpu,resident,s0,30,0,0,0,2,warm,0,1,0,13.271037,0,0,0,12.8315516,0.426762,0,,312,312,312,0,0,9613763,76298508,0,61978cef1982d278,2511.72132,0,3.87
20260927T200206Z-0624,a02119d6d84fde7d,227134,gpu-frontier,gpu,resident,s0,31,0,0,0,2,warm,0,1,0,12.357623,0,0,0,11.9181118,0.426183,0,,309,309,309,0,0,8672678,68790527,0,8bb075d498e81ac3,2513.72573,0,3.87
20260927T200206Z-0624,a02119d6d84fde7d,828516,gpu-frontier,gpu,resident,s0,32,0,0,0,2,warm,0,1,0,14.311474,0,0,0,13.875104,0.423061,0,,312,312,312,0,0,10458216,83032530,0,a80260e3dc7e7c05,2512.12189,0,3.87
20260927T200206Z-0624,a02119d6d84fde7d,599128,gpu-frontier,gpu,resident,s0,33,0,0,0,2,warm,0,1,0,10.97819,0,0,0,10.5345278,0.430974,0,,300,300,300,0,0,7254731,57482528,0,adee1a46fbe8f4a1,2512.04188,0,3.87
20260927T200206Z-0624,a02119d6d84fde7d,962318,gpu-frontier,gpu,resident,s0,34,0,0,0,2,warm,0,1,0,11.911649,0,0,0,11.4666557,0.43256,0,,310,310,310,0,0,8166108,64747096,0,4cceca57322c2505,2513.72573,0,3.87
20260927T200206Z-0624,a02119d6d84fde7d,865743,gpu-frontier,gpu,resident,s0,35,0,0,0,2,warm,0,1,0,13.547702,0,0,0,13.0948162,0.439089,0,,308,308,308,0,0,9861668,78252049,0,7bbfc1f62785203a,2513.1642,0,3.87
20260927T200206Z-0624,a02119d6d84fde7d,638838,gpu-frontier,gpu,resident,s0,36,0,0,0,2,warm,0,1,0,11.159078,0,0,0,10.7231035,0.421998,0,,312,312,312,0,0,7497235,59417014,0,dde4ea3c97190154,2513.72573,0,3.87
20260927T200206Z-0624,a02119d6d84fde7d,789396,gpu-frontier,gpu,resident,s0,37,0,0,0,2,warm,0,1,0,12.525268,0,0,0,12.0892801,0.423145,0,,308,308,308,0,0,9105292,72236272,0,0f83afd66fff968b,2513.72573,0,3.87
20260927T200206Z-0624,a02119d6d84fde7d,787247,gpu-frontier,gpu,resident,s0,38,0,0,0,2,warm,0,1,0,10.80663,0,0,0,10.3780479,0.415033,0,,306,306,306,0,0,7329917,58076414,0,343a6af165e40ea0,2513.32465,0,3.87
20260927T200206Z-0624,a02119d6d84fde7d,643171,gpu-frontier,gpu,resident,s0,39,0,0,0,2,warm,0,1,0,11.215379,0,0,0,10.765152,0.437236,0,,304,304,304,0,0,7666950,60773902,0,ebe49471cf26a366,2513.72573,0,3.87
20260927T200206Z-0624,a02119d6d84fde7d,742209,gpu-frontier,gpu,resident,s0,40,0,0,0,2,warm,0,1,0,11.362656,0,0,0,10.9258556,0.424369,0,,310,310,310,0,0,7977192,63245074,0,2e6086bf9f9c0969,2513.72573,0,3.87
20260927T200206Z-0624,a02119d6d84fde7d,98309,gpu-frontier,gpu,resident,s0,41,0,0,0,2,warm,0,1,0,12.201069,0,0,0,11.7573757,0.432375,0,,310,310,310,0,0,8768279,69560792,0,f74896e8208dc1fe,2513.72573,0,3.87
20260927T200206Z-0624,a02119d6d84fde7d,809671,gpu-frontier,gpu,resident,s0,42,0,0,0,2,warm,0,1,0,10.170989,0,0,0,9.73590374,0.422419,0,,310,310,310,0,0,6820443,54015974,0,b75fe77907620429,2512.04188,0,3.87
20260927T200206Z-0624,a02119d6d84fde7d,682755,gpu-frontier,gpu,resident,s0,43,0,0,0,2,warm,0,1,0,10.958448,0,0,0,10.5213118,0.424295,0,,302,302,302,0,0,7527928,59676416,0,5aea28dc8118708f,2513.72573,0,3.87
20260927T200206Z-0624,a02119d6d84fde7d,866488,gpu-frontier,gpu,resident,s0,44,0,0,0,2,warm,0,1,0,11.00601,0,0,0,10.5727043,0.420376,0,,308,308,308,0,0,7470109,59191273,0,2ca945dc09e333f5,2513.56522,0,3.87
20260927T200206Z-0624,a02119d6d84fde7d,107501,gpu-frontier,gpu,resident,s0,45,0,0,0,2,warm,0,1,0,12.014507,0,0,0,11.5833921,0.418348,0,,306,306,306,0,0,8615713,68338521,0,525802c16d3dd706,2513.72573,0,3.87
20260927T200206Z-0624,a02119d6d84fde7d,719239,gpu-frontier,gpu,resident,s0,46,0,0,0,2,warm,0,1,0,12.464928,0,0,0,12.0368958,0.415577,0,,308,308,308,0,0,8974406,71195300,0,5fe141d595255199,2514.20737,0,3.87
20260927T200206Z-0624,a02119d6d84fde7d,970577,gpu-frontier,gpu,resident,s0,47,0,0,0,2,warm,0,1,0,12.352302,0,0,0,11.9098883,0.42987,0,,309,309,309,0,0,8845071,70167474,0,a43fbb6fe42a36c5,2513.72573,0,3.87
20260927T200206Z-0624,a02119d6d84fde7d,519236,gpu-frontier,gpu,resident,s0,48,0,0,0,2,warm,0,1,0,13.29473,0,0,0,12.8561916,0.426103,0,,312,312,312,0,0,9803929,77810029,0,41f25342e055cad8,2511.16068,0,3.87
20260927T200206Z-0624,a02119d6d84fde7d,638059,gpu-frontier,gpu,resident,s0,49,0,0,0,2,warm,0,1,0,13.766284,0,0,0,13.3250561,0.427904,0,,310,310,310,0,0,10244514,81334821,0,65a0deeb6c0dd865,2513.72573,0,3.87
20260927T200206Z-0624,a02119d6d84fde7d,121166,gpu-frontier,gpu,resident,s0,50,0,0,0,2,warm,0,1,0,14.168678,0,0,0,13.7357759,0.420176,0,,310,310,310,0,0,10624840,84363637,0,ae4f21cdc3e83665,2513.72573,0,3.87
20260927T200206Z-0624,a02119d6d84fde7d,613670,gpu-frontier,gpu,resident,s0,51,0,0,0,2,warm,0,1,0,11.710923,0,0,0,11.2782078,0.418556,0,,305,305,305,0,0,8116784,64363867,0,4e3b565a51b0291d,2511.16068,0,3.87
20260927T200206Z-0624,a02119d6d84fde7d,70006,gpu-frontier,gpu,resident,s0,52,0,0,0,2,warm,0,1,0,13.434361,0,0,0,13.0016317,0.420091,0,,318,318,318,0,0,9866265,78303494,0,9b9e4e7fa671f322,2513.72573,0,3.87
20260927T200206Z-0624,a02119d6d84fde7d,74793,gpu-frontier,gpu,resident,s0,53,0,0,0,2,warm,0,1,0,13.113072,0,0,0,12.630784,0.46819,0,,309,309,309,0,0,9454321,75017825,0,ecf2eedd6dd9cfb8,2514.20737,0,3.87
20260927T200206Z-0624,a02119d6d84fde7d,733218,gpu-frontier,gpu,resident,s0,54,0,0,0,2,warm,0,1,0,13.395725,0,0,0,12.9637756,0.419852,0,,314,314,314,0,0,9870539,78342228,0,3678dc385e71ccef,2513.40474,0,3.87
20260927T200206Z-0624,a02119d6d84fde7d,152853,gpu-frontier,gpu,resident,s0,55,0,0,0,2,warm,0,1,0,11.988292,0,0,0,11.5476799,0.427179,0,,306,306,306,0,0,8523698,67607405,0,06befad1b58e791b,2513.72573,0,3.87
20260927T200206Z-0624,a02119d6d84fde7d,533256,gpu-frontier,gpu,resident,s0,56,0,0,0,2,warm,0,1,0,13.375088,0,0,0,12.9074879,0.45357,0,,306,306,306,0,0,9774288,77588183,0,de6a85be3831195e,2513.80584,0,3.87
20260927T200206Z-0624,a02119d6d84fde7d,297117,gpu-frontier,gpu,resident,s0,57,0,0,0,2,warm,0,1,0,11.544255,0,0,0,11.101984,0.42936,0,,307,307,307,0,0,7997366,63401758,0,22aa6d8bb71af2da,2511.16068,0,3.87
20260927T200206Z-0624,a02119d6d84fde7d,900482,gpu-frontier,gpu,resident,s0,58,0,0,0,2,warm,0,1,0,13.46602,0,0,0,13.0231361,0.429465,0,,308,308,308,0,0,9962840,79070185,0,e5b584d12adce633,2513.72573,0,3.87
20260927T200206Z-0624,a02119d6d84fde7d,951617,gpu-frontier,gpu,resident,s0,59,0,0,0,2,warm,0,1,0,12.443643,0,0,0,11.9754238,0.455091,0,,309,309,309,0,0,8858064,70276783,0,0520e2b524dbc735,2513.72573,0,3.87
20260927T200206Z-0624,a02119d6d84fde7d,329606,gpu-frontier,gpu,resident,s0,60,0,0,0,2,warm,0,1,0,11.762093,0,0,0,11.3189116,0.43026,0,,306,306,306,0,0,8391401,66551677,0,936869a3a01e1ec8,2511.72132,0,3.87
20260927T200206Z-0624,a02119d6d84fde7d,818843,gpu-frontier,gpu,resident,s0,61,0,0,0,2,warm,0,1,0,12.01475,0,0,0,11.5740805,0.427275,0,,306,306,306,0,0,8610246,68301129,0,52282c7c008cd16f,2511.16068,0,3.87
20260927T200206Z-0624,a02119d6d84fde7d,924064,gpu-frontier,gpu,resident,s0,62,0,0,0,2,warm,0,1,0,12.454201,0,0,0,12.0133762,0.427445,0,,308,308,308,0,0,9017356,71519986,0,ce26a1db90a68c18,2511.40084,0,3.87
20260927T200206Z-0624,a02119d6d84fde7d,442646,gpu-frontier,gpu,resident,s0,63,0,0,0,2,warm,0,1,0,12.854432,0,0,0,12.4015036,0.439711,0,,310,310,310,0,0,9386183,74481030,0,f61df11d33686108,2511.72132,0,3.87
20260927T200206Z-0624,a02119d6d84fde7d,933032,gpu-frontier,gpu,resident,s0,64,0,0,0,2,warm,0,1,0,11.974643,0,0,0,11.5422716,0.419056,0,,303,303,303,0,0,8649871,68615417,0,4dcf4e02a288d19c,2511.32088,0,3.87
20260927T200206Z-0624,a02119d6d84fde7d,340699,gpu-frontier,gpu,resident,s0,65,0,0,0,2,warm,0,1,0,13.596062,0,0,0,13.1562243,0.425979,0,,312,312,312,0,0,10281760,81620513,0,48532874b2b9d0d2,2511.56107,0,3.87
20260927T200206Z-0624,a02119d6d84fde7d,196865,gpu-frontier,gpu,resident,s0,66,0,0,0,2,warm,0,1,0,12.962474,0,0,0,12.5223036,0.426927,0,,316,316,316,0,0,9507978,75452110,0,e44d3db783fbdadd,2513.72573,0,3.87
20260927T200206Z-0624,a02119d6d84fde7d,422576,gpu-frontier,gpu,resident,s0,67,0,0,0,2,warm,0,1,0,12.806785,0,0,0,12.368288,0.425871,0,,306,306,306,0,0,9382274,74451610,0,4d948852be51cda0,2513.72573,0,3.87
20260927T200206Z-0624,a02119d6d84fde7d,199973,gpu-frontier,gpu,resident,s0,68,0,0,0,2,warm,0,1,0,12.838253,0,0,0,12.3954239,0.429114,0,,308,308,308,0,0,9367391,74338590,0,15b0e80fbc151e38,2512.2022,0,3.87
20260927T200206Z-0624,a02119d6d84fde7d,775044,gpu-frontier,gpu,resident,s0,69,0,0,0,2,warm,0,1,0,14.109291,0,0,0,13.6395197,0.456286,0,,310,310,310,0,0,10615990,84298863,0,cb1446d88a2be850,2513.72573,0,3.87
20260927T200206Z-0624,a02119d6d84fde7d,626100,gpu-frontier,gpu,resident,s0,70,0,0,0,2,warm,0,1,0,10.363147,0,0,0,9.91228771,0.437584,0,,302,302,302,0,0,6767516,53595599,0,3faba6d5b060898c,2513.40474,0,3.87
20260927T200206Z-0624,a02119d6d84fde7d,257641,gpu-frontier,gpu,resident,s0,71,0,0,0,2,warm,0,1,0,12.302454,0,0,0,11.8617601,0.427919,0,,311,311,311,0,0,8772860,69591149,0,a978bbf71a2b658f,2514.36796,0,3.87
20260927T200206Z-0624,a02119d6d84fde7d,617297,gpu-frontier,gpu,resident,s0,72,0,0,0,2,warm,0,1,0,14.215686,0,0,0,13.76336,0.439969,0,,314,314,314,0,0,10661080,84660741,0,3fb7729b73b5db0f,2513.72573,0,3.87
20260927T200206Z-0624,a02119d6d84fde7d,563755,gpu-frontier,gpu,resident,s0,73,0,0,0,2,warm,0,1,0,12.275565,0,0,0,11.8342075,0.429279,0,,306,306,306,0,0,8863183,70300777,0,742e1e4a72ddaece,2513.72573,0,3.87
20260927T200206Z-0624,a02119d6d84fde7d,87865,gpu-frontier,gpu,resident,s0,74,0,0,0,2,warm,0,1,0,12.933194,0,0,0,12.4956799,0.424333,0,,312,312,312,0,0,9438557,74888793,0,73627407399df493,2511.16068,0,3.87
20260927T200206Z-0624,a02119d6d84fde7d,71898,gpu-frontier,gpu,resident,s0,75,0,0,0,2,warm,0,1,0,11.749334,0,0,0,11.3110723,0.42284,0,,303,303,303,0,0,8411010,66682974,0,1bd55c95765ebb70,2511.24093,0,3.87
20260927T200206Z-0624,a02119d6d84fde7d,847158,gpu-frontier,gpu,resident,s0,76,0,0,0,2,warm,0,1,0,12.424569,0,0,0,11.9878721,0.424379,0,,310,310,310,0,0,8912772,70692069,0,f84814ba52a3fddb,2513.72573,0,3.87
20260927T200206Z-0624,a02119d6d84fde7d,934069,gpu-frontier,gpu,resident,s0,77,0,0,0,2,warm,0,1,0,12.948236,0,0,0,12.5151043,0.419542,0,,308,308,308,0,0,9484840,75269298,0,3fce213adbd918e5,2513.72573,0,3.87
20260927T200206Z-0624,a02119d6d84fde7d,666677,gpu-frontier,gpu,resident,s0,78,0,0,0,2,warm,0,1,0,12.908992,0,0,0,12.4680958,0.427264,0,,308,308,308,0,0,9442166,74931862,0,9eb243abea190fd7,2513.72573,0,3.87
20260927T200206Z-0624,a02119d6d84fde7d,709223,gpu-frontier,gpu,resident,s0,79,0,0,0,2,warm,0,1,0,11.162125,0,0,0,10.7252798,0.423817,0,,302,302,302,0,0,7642252,60585665,0,7c91801c56145383,2513.72573,0,3.87
20260927T200206Z-0624,a02119d6d84fde7d,497308,gpu-frontier,gpu,resident,s0,80,0,0,0,2,warm,0,1,0,12.715584,0,0,0,12.2847042,0.417394,0,,311,311,311,0,0,9326869,74004205,0,12fa6679e1d7c1dd,2513.32465,0,3.87
20260927T200206Z-0624,a02119d6d84fde7d,354623,gpu-frontier,gpu,resident,s0,81,0,0,0,2,warm,0,1,0,11.283209,0,0,0,10.8039684,0.466097,0,,312,312,312,0,0,7518704,59584409,0,38aa81bd9bda3307,2513.72573,0,3.87
20260927T200206Z-0624,a02119d6d84fde7d,997813,gpu-frontier,gpu,resident,s0,82,0,0,0,2,warm,0,1,0,10.767579,0,0,0,10.2766399,0.478266,0,,302,302,302,0,0,7358725,58321854,0,cd72e1e1ae5946fd,2511.8016,0,3.87
20260927T200206Z-0624,a02119d6d84fde7d,886524,gpu-frontier,gpu,resident,s0,83,0,0,0,2,warm,0,1,0,12.729829,0,0,0,12.1548157,0.561298,0,,309,309,309,0,0,9064999,71912872,0,1e8eed6faf744f5d,2514.36796,0,3.87
20260927T200206Z-0624,a02119d6d84fde7d,26760,gpu-frontier,gpu,resident,s0,84,0,0,0,2,warm,0,1,0,12.1529,0,0,0,11.6262398,0.514245,0,,314,314,314,0,0,8340133,66142504,0,47842c3440e845d2,2512.9237,0,3.87
20260927T200206Z-0624,a02119d6d84fde7d,914247,gpu-frontier,gpu,resident,s0,85,0,0,0,2,warm,0,1,0,11.69128,0,0,0,11.2126398,0.464194,0,,306,306,306,0,0,8149756,64614075,0,02ff3d571c234946,2513.72573,0,3.87
20260927T200206Z-0624,a02119d6d84fde7d,743152,gpu-frontier,gpu,resident,s0,86,0,0,0,2,warm,0,1,0,12.672408,0,0,0,12.2224321,0.435095,0,,308,308,308,0,0,9109107,72275698,0,487cb6841969b9a7,2514.28751,0,3.87
20260927T200206Z-0624,a02119d6d84fde7d,1012998,gpu-frontier,gpu,resident,s0,87,0,0,0,2,warm,0,1,0,13.032937,0,0,0,12.5837765,0.437081,0,,306,306,306,0,0,9624993,76395115,0,d2569ce76bc72320,2513.40474,0,3.87
20260927T200206Z-0624,a02119d6d84fde7d,382778,gpu-frontier,gpu,resident,s0,88,0,0,0,2,warm,0,1,0,11.948038,0,0,0,11.5094404,0.425603,0,,306,306,306,0,0,8483975,67269620,0,4363f1642bf9ca8b,2513.72573,0,3.87
20260927T200206Z-0624,a02119d6d84fde7d,385604,gpu-frontier,gpu,resident,s0,89,0,0,0,2,warm,0,1,0,12.57864,0,0,0,12.1313276,0.433013,0,,308,308,308,0,0,9058176,71861681,0,2f834d6f19a7075f,2513.72573,0,3.87
20260927T200206Z-0624,a02119d6d84fde7d,40272,gpu-frontier,gpu,resident,s0,90,0,0,0,2,warm,0,1,0,10.427519,0,0,0,9.99094391,0.426025,0,,303,303,303,0,0,7017380,55586269,0,033d42e0e845d7e5,2513.72573,0,3.87
20260927T200206Z-0624,a02119d6d84fde7d,70075,gpu-frontier,gpu,resident,s0,91,0,0,0,2,warm,0,1,0,11.325821,0,0,0,10.8777599,0.435644,0,,312,312,312,0,0,7697059,61005214,0,0e609080489e53c9,2513.72573,0,3.87
20260927T200206Z-0624,a02119d6d84fde7d,733041,gpu-frontier,gpu,resident,s0,92,0,0,0,2,warm,0,1,0,12.894132,0,0,0,12.4466877,0.434421,0,,312,312,312,0,0,9371907,74372068,0,3643fcf2fc535160,2513.24427,0,3.87
20260927T200206Z-0624,a02119d6d84fde7d,405276,gpu-frontier,gpu,resident,s0,93,0,0,0,2,warm,0,1,0,13.144545,0,0,0,12.7021437,0.42953,0,,308,308,308,0,0,9709305,77070429,0,fd1e692198445bb9,2512.7633,0,3.87
20260927T200206Z-0624,a02119d6d84fde7d,167751,gpu-frontier,gpu,resident,s0,94,0,0,0,2,warm,0,1,0,11.99439,0,0,0,11.5577602,0.425676,0,,309,309,309,0,0,8329426,66048611,0,a9f30ead5b83afef,2511.40084,0,3.87
20260927T200206Z-0624,a02119d6d84fde7d,140065,gpu-frontier,gpu,resident,s0,95,0,0,0,2,warm,0,1,0,13.623651,0,0,0,13.1817284,0.429524,0,,313,313,313,0,0,9969124,79114768,0,c963d08625067b4f,2513.72573,0,3.87
20260927T200206Z-0624,a02119d6d84fde7d,729933,gpu-frontier,gpu,resident,s0,96,0,0,0,2,warm,0,1,0,11.816829,0,0,0,11.3806076,0.423227,0,,307,307,307,0,0,8240200,65346850,0,7dcf2dfe66bf4fdd,2513.72573,0,3.87
20260927T200206Z-0624,a02119d6d84fde7d,755777,gpu-frontier,gpu,resident,s0,97,0,0,0,2,warm,0,1,0,11.485294,0,0,0,11.0391359,0.432847,0,,304,304,304,0,0,7932603,62882866,0,7f0d5a5b7ea2447b,2513.72573,0,3.87
20260927T200206Z-0624,a02119d6d84fde7d,374017,gpu-frontier,gpu,resident,s0,98,0,0,0,2,warm,0,1,0,12.167968,0,0,0,11.730752,0.423739,0,,309,309,309,0,0,8553154,67834362,0,d10a072229bfa198,2513.72573,0,3.87
20260927T200206Z-0624,a02119d6d84fde7d,523181,gpu-frontier,gpu,resident,s0,99,0,0,0,2,warm,0,1,0,12.915419,0,0,0,12.4721279,0.431312,0,,316,316,316,0,0,9224013,73191198,0,0516a7edf2d4942e,2513.72573,0,3.87
20260927T200206Z-0624,a02119d6d84fde7d,971309,gpu-frontier,gpu,resident,s0,100,0,0,0,2,warm,0,1,0,13.106112,0,0,0,12.6421757,0.453532,0,,312,312,312,0,0,9496793,75364604,0,31284766928f478b,2511.56107,0,3.87
20260927T200206Z-0624,a02119d6d84fde7d,881280,gpu-frontier,gpu,resident,s0,101,0,0,0,2,warm,0,1,0,13.015991,0,0,0,12.55616,0.447632,0,,316,316,316,0,0,9343969,74141799,0,105ad01f64cd1e6d,2513.72573,0,3.87
20260927T200206Z-0624,a02119d6d84fde7d,608349,gpu-frontier,gpu,resident,s0,102,0,0,0,2,warm,0,1,0,14.27921,0,0,0,13.8043203,0.463355,0,,312,312,312,0,0,10720399,85120818,0,0ee13460b9253d30,2513.24427,0,3.87
20260927T200206Z-0624,a02119d6d84fde7d,1008613,gpu-frontier,gpu,resident,s0,103,0,0,0,2,warm,0,1,0,11.539336,0,0,0,11.0709438,0.454919,0,,307,307,307,0,0,7852888,62248881,0,125d1a176c793bd5,2513.72573,0,3.87
20260927T200206Z-0624,a02119d6d84fde7d,1045308,gpu-frontier,gpu,resident,s0,104,0,0,0,2,warm,0,1,0,12.168506,0,0,0,11.7308159,0.42417,0,,304,304,304,0,0,8762380,69509295,0,0cb884375ad7b6c6,2513.72573,0,3.87
20260927T200206Z-0624,a02119d6d84fde7d,730296,gpu-frontier,gpu,resident,s0,105,0,0,0,2,warm,0,1,0,12.089943,0,0,0,11.6275196,0.45005,0,,306,306,306,0,0,8582944,68076816,0,4167dbc6d1d656ac,2513.72573,0,3.87
20260927T200206Z-0624,a02119d6d84fde7d,850921,gpu-frontier,gpu,resident,s0,106,0,0,0,2,warm,0,1,0,13.030331,0,0,0,12.5898876,0.428061,0,,311,311,311,0,0,9596843,76162878,0,904d09fd99ea42dc,2513.40474,0,3.87
20260927T200206Z-0624,a02119d6d84fde7d,285373,gpu-frontier,gpu,resident,s0,107,0,0,0,2,warm,0,1,0,12.165838,0,0,0,11.7020483,0.451599,0,,314,314,314,0,0,8662681,68702480,0,ed27ad9f0a7ac75e,2513.56522,0,3.87
20260927T200206Z-0624,a02119d6d84fde7d,1003836,gpu-frontier,gpu,resident,s0,108,0,0,0,2,warm,0,1,0,12.187889,0,0,0,11.7422075,0.430713,0,,306,306,306,0,0,8766058,69547180,0,df72732439acd0dc,2511.40084,0,3.87
20260927T200206Z-0624,a02119d6d84fde7d,743148,gpu-frontier,gpu,resident,s0,109,0,0,0,2,warm,0,1,0,11.92269,0,0,0,11.4777918,0.431717,0,,304,304,304,0,0,8515006,67553242,0,b589d741a7aaf99b,2511.88159,0,3.87
20260927T200206Z-0624,a02119d6d84fde7d,784929,gpu-frontier,gpu,resident,s0,110,0,0,0,2,warm,0,1,0,12.407744,0,0,0,11.9621439,0.432336,0,,306,306,306,0,0,9045707,71779915,0,6f82fbf133989e60,2513.72573,0,3.87
20260927T200206Z-0624,a02119d6d84fde7d,952239,gpu-frontier,gpu,resident,s0,111,0,0,0,2,warm,0,1,0,12.538054,0,0,0,12.0717764,0.452995,0,,308,308,308,0,0,9082938,72062843,0,ce3ab83ef0811b21,2514.0468,0,3.87
20260927T200206Z-0624,a02119d6d84fde7d,230809,gpu-frontier,gpu,resident,s0,112,0,0,0,2,warm,0,1,0,12.212635,0,0,0,11.7644796,0.43484,0,,312,312,312,0,0,8806112,69844178,0,bee4d5e4fca68824,2511.72132,0,3.87
20260927T200206Z-0624,a02119d6d84fde7d,781082,gpu-frontier,gpu,resident,s0,113,0,0,0,2,warm,0,1,0,11.296496,0,0,0,10.8325119,0.450588,0,,312,312,312,0,0,7546849,59811766,0,bc52de9104847a97,2513.72573,0,3.87
20260927T200206Z-0624,a02119d6d84fde7d,324361,gpu-frontier,gpu,resident,s0,114,0,0,0,2,warm,0,1,0,12.995944,0,0,0,12.5560961,0.426552,0,,311,311,311,0,0,9592793,76127629,0,d9137775fce42dcc,2511.16068,0,3.87
20260927T200206Z-0624,a02119d6d84fde7d,354973,gpu-frontier,gpu,resident,s0,115,0,0,0,2,warm,0,1,0,13.842617,0,0,0,13.3739204,0.455094,0,,310,310,310,0,0,10430101,82813329,0,f648ab01e576a9e2,2513.72573,0,3.87
20260927T200206Z-0624,a02119d6d84fde7d,1031021,gpu-frontier,gpu,resident,s0,116,0,0,0,2,warm,0,1,0,12.507699,0,0,0,12.0401917,0.454777,0,,312,312,312,0,0,8981137,71253163,0,adf917acf700104b,2513.72573,0,3.87
20260927T200206Z-0624,a02119d6d84fde7d,776462,gpu-frontier,gpu,resident,s0,117,0,0,0,2,warm,0,1,0,12.810257,0,0,0,12.3657284,0.432234,0,,310,310,310,0,0,9331187,74041606,0,020d64c57708be11,2513.72573,0,3.87
20260927T200206Z-0624,a02119d6d84fde7d,878795,gpu-frontier,gpu,resident,s0,118,0,0,0,2,warm,0,1,0,11.830581,0,0,0,11.3866558,0.430533,0,,308,308,308,0,0,8284912,65697720,0,53f5a4ff9505386f,2513.72573,0,3.87
20260927T200206Z-0624,a02119d6d84fde7d,877605,gpu-frontier,gpu,resident,s0,119,0,0,0,2,warm,0,1,0,12.370914,0,0,0,11.9375038,0.41992,0,,306,306,306,0,0,8933691,70884017,0,e71921242e30ce07,2513.72573,0,3.87
20260927T200206Z-0624,a02119d6d84fde7d,449316,gpu-frontier,gpu,resident,s0,120,0,0,0,2,warm,0,1,0,12.437068,0,0,0,12.0038404,0.420659,0,,308,308,308,0,0,8913377,70709067,0,f41dc9fe270f1384,2514.44811,0,3.87
20260927T200206Z-0624,a02119d6d84fde7d,756923,gpu-frontier,gpu,resident,s0,121,0,0,0,2,warm,0,1,0,11.293712,0,0,0,10.8571844,0.423439,0,,308,308,308,0,0,7785722,61713205,0,730d81ca459c7d39,2513.72573,0,3.87
20260927T200206Z-0624,a02119d6d84fde7d,340776,gpu-frontier,gpu,resident,s0,122,0,0,0,2,warm,0,1,0,12.841931,0,0,0,12.4055357,0.422969,0,,311,311,311,0,0,9463491,75095324,0,2a9e0229dc6d7231,2513.72573,0,3.87
20260927T200206Z-0624,a02119d6d84fde7d,91142,gpu-frontier,gpu,resident,s0,123,0,0,0,2,warm,0,1,0,11.155322,0,0,0,10.7240963,0.418637,0,,305,305,305,0,0,7728239,61260165,0,80a11b9737c68068,2511.96159,0,3.87
20260927T200206Z-0624,a02119d6d84fde7d,419442,gpu-frontier,gpu,resident,s0,124,0,0,0,2,warm,0,1,0,11.96957,0,0,0,11.4789762,0.477037,0,,304,304,304,0,0,8401459,66629562,0,dfb110aeb00a09e5,2512.04188,0,3.87
20260927T200206Z-0624,a02119d6d84fde7d,338937,gpu-frontier,gpu,resident,s0,125,0,0,0,2,warm,0,1,0,12.955558,0,0,0,12.4721279,0.470548,0,,308,308,308,0,0,9449251,74988658,0,ec976827ae29462d,2513.72573,0,3.87
20260927T200206Z-0624,a02119d6d84fde7d,449658,gpu-frontier,gpu,resident,s0,126,0,0,0,2,warm,0,1,0,11.548427,0,0,0,11.0975676,0.438091,0,,308,308,308,0,0,8004548,63454520,0,4b2b26a5c1210c90,2513.88626,0,3.87
20260927T200206Z-0624,a02119d6d84fde7d,151978,gpu-frontier,gpu,resident,s0,127,0,0,0,2,warm,0,1,0,13.88034,0,0,0,11.8117123,0.426304,1.627101,,310,310,310,0,0,8734910,69281648,0,556e29d1d3b563fe,2514.36796,0,3.87
20260927T200206Z-0624,a02119d6d84fde7d,12612,gpu-nearfar,gpu,resident,s0,0,0,0,0,3,warm,0,1,12,28.554895,0,0.278498,4.42748785,21.9815369,0.557555,0,,1323,1323,3540,0,0,1092231,8723376,0,28bdae51db7991a6,2511.8016,0,3.87
20260927T200206Z-0624,a02119d6d84fde7d,583477,gpu-nearfar,gpu,resident,s0,1,0,0,0,3,warm,0,1,12,23.825771,0,0,0,22.2861767,0.508745,0,,1336,1336,3570,0,0,1092646,8727024,0,8968d07a93769c87,2513.72573,0,3.87
20260927T200206Z-0624,a02119d6d84fde7d,587775,gpu-nearfar,gpu,resident,s0,2,0,0,0,3,warm,0,1,12,24.049113,0,0,0,22.4776649,0.496199,0,,1353,1353,3612,0,0,1093129,8731276,0,c3357c46101bc7ed,2513.72573,0,3.87
20260927T200206Z-0624,a02119d6d84fde7d,457329,gpu-nearfar,gpu,resident,s0,3,0,0,0,3,warm,0,1,12,24.134931,0,0,0,22.5599365,0.4993,0,,1358,1358,3626,0,0,1093281,8732280,0,da60d169724ebe65,2513.72573,0,3.87
20260927T200206Z-0624,a02119d6d84fde7d,284703,gpu-nearfar,gpu,resident,s0,4,0,0,0,3,warm,0,1,12,24.282861,0,0,0,22.4861431,0.552701,0,,1352,1352,3602,0,0,1093046,8730040,0,e711fafca6bfd4d7,2513.72573,0,3.87
20260927T200206Z-0624,a02119d6d84fde7d,83249,gpu-nearfar,gpu,resident,s0,5,0,0,0,3,warm,0,1,12,25.125063,0,0,0,23.1021767,0.546031,0,,1359,1359,3616,0,0,1093471,8734485,0,4e52248775f10ee5,2513.56522,0,3.87
20260927T200206Z-0624,a02119d6d84fde7d,590008,gpu-nearfar,gpu,resident,s0,6,0,0,0,3,warm,0,1,12,24.484527,0,0,0,22.5408325,0.521575,0,,1337,1337,3580,0,0,1093449,8733695,0,8ccb9846f0ee1fda,2513.72573,0,3.87
20260927T200206Z-0624,a02119d6d84fde7d,764305,gpu-nearfar,gpu,resident,s0,7,0,0,0,3,warm,0,1,12,24.856557,0,0,0,23.0651207,0.519027,0,,1377,1377,3660,0,0,1093623,8735335,0,6e0bb1106251602f,2511.72132,0,3.87
20260927T200206Z-0624,a02119d6d84fde7d,299143,gpu-nearfar,gpu,resident,s0,8,0,0,0,3,warm,0,1,12,24.072694,0,0,0,22.3157768,0.535172,0,,1323,1323,3548,0,0,1093651,8735556,0,3a6af29ba834619f,2508.92063,0,3.87
20260927T200206Z-0624,a02119d6d84fde7d,101624,gpu-nearfar,gpu,resident,s0,9,0,0,0,3,warm,0,1,12,24.851841,0,0,0,22.9580154,0.564417,0,,1334,1334,3566,0,0,1092626,8726796,0,824098ec8ac7de79,2509.24048,0,3.87
20260927T200206Z-0624,a02119d6d84fde7d,341320,gpu-nearfar,gpu,resident,s0,10,0,0,0,3,warm,0,1,12,24.257514,0,0,0,22.4540482,0.509423,0,,1332,1332,3562,0,0,1092892,8729174,0,b0ba4213988f452b,2511.16068,0,3.87
20260927T200206Z-0624,a02119d6d84fde7d,16014,gpu-nearfar,gpu,resident,s0,11,0,0,0,3,warm,0,1,12,24.441724,0,0,0,22.6782722,0.506876,0,,1357,1357,3624,0,0,1093798,8736943,0,a00bd5f109b6340e,2511.16068,0,3.87
20260927T200206Z-0624,a02119d6d84fde7d,474855,gpu-nearfar,gpu,resident,s0,12,0,0,0,3,warm,0,1,12,24.440134,0,0,0,22.7297287,0.501123,0,,1350,1350,3610,0,0,1093123,8731101,0,028d9427e762a866,2511.16068,0,3.87
20260927T200206Z-0624,a02119d6d84fde7d,780517,gpu-nearfar,gpu,resident,s0,13,0,0,0,3,warm,0,1,12,24.512923,0,0,0,22.8251209,0.511621,0,,1364,1364,3634,0,0,1092997,8730239,0,f57cb7273e76c9b5,2508.60087,0,3.87
20260927T200206Z-0624,a02119d6d84fde7d,948113,gpu-nearfar,gpu,resident,s0,14,0,0,0,3,warm,0,1,12,24.231836,0,0,0,22.5350075,0.506446,0,,1340,1340,3586,0,0,1092868,8728699,0,1937c9c045d04233,2511.16068,0,3.87
20260927T200206Z-0624,a02119d6d84fde7d,618424,gpu-nearfar,gpu,resident,s0,15,0,0,0,3,warm,0,1,12,24.542288,0,0,0,22.8726406,0.506426,0,,1368,1368,3646,0,0,1093815,8737045,0,7256939aaa048106,2509.56011,0,3.87
20260927T200206Z-0624,a02119d6d84fde7d,826214,gpu-nearfar,gpu,resident,s0,16,0,0,0,3,warm,0,1,12,24.146733,0,0,0,22.4324474,0.495313,0,,1341,1341,3588,0,0,1092942,8729836,0,b27f0a39a9b0e982,2509.56011,0,3.87
20260927T200206Z-0624,a02119d6d84fde7d,406369,gpu-nearfar,gpu,resident,s0,17,0,0,0,3,warm,0,1,12,23.970882,0,0,0,22.3095036,0.499911,0,,1333,1333,3560,0,0,1093094,8730480,0,5a0bc74ecd575f16,2508.60087,0,3.87
20260927T200206Z-0624,a02119d6d84fde7d,963197,gpu-nearfar,gpu,resident,s0,18,0,0,0,3,warm,0,1,12,24.370221,0,0,0,22.6958084,0.511014,0,,1358,1358,3614,0,0,1093317,8732645,0,fbb9405d847378bc,2509.00044,0,3.87
20260927T200206Z-0624,a02119d6d84fde7d,71507,gpu-nearfar,gpu,resident,s0,19,0,0,0,3,warm,0,1,12,24.37818,0,0,0,22.7196808,0.510303,0,,1357,1357,3616,0,0,1093274,8732251,0,702d6d5587c052d1,2508.60087,0,3.87
20260927T200206Z-0624,a02119d6d84fde7d,544495,gpu-nearfar,gpu,resident,s0,20,0,0,0,3,warm,0,1,12,23.772784,0,0,0,22.1366405,0.49628,0,,1319,1319,3540,0,0,1092856,8729080,0,e48611890b9253a5,2508.76074,0,3.87
20260927T200206Z-0624,a02119d6d84fde7d,74604,gpu-nearfar,gpu,resident,s0,21,0,0,0,3,warm,0,1,12,24.567973,0,0,0,22.9126072,0.505875,0,,1375,1375,3648,0,0,1094474,8742746,0,685cee8f92989b3f,2508.68095,0,3.64
20260927T200206Z-0624,a02119d6d84fde7d,498463,gpu-nearfar,gpu,resident,s0,22,0,0,0,3,warm,0,1,12,24.306475,0,0,0,22.6485119,0.498923,0,,1355,1355,3620,0,0,1094211,8740293,0,6039eae81483ac7b,2508.60087,0,3.64
20260927T200206Z-0624,a02119d6d84fde7d,532500,gpu-nearfar,gpu,resident,s0,23,0,0,0,3,warm,0,1,12,24.250112,0,0,0,22.598175,0.510681,0,,1349,1349,3604,0,0,1093351,8732500,0,6c4a508dceefca06,2506.44502,0,3.64
20260927T200206Z-0624,a02119d6d84fde7d,594991,gpu-nearfar,gpu,resident,s0,24,0,0,0,3,warm,0,1,12,24.441941,0,0,0,22.7911682,0.509153,0,,1359,1359,3628,0,0,1093701,8736308,0,8c5ea2cc267ed78e,2508.60087,0,3.64
20260927T200206Z-0624,a02119d6d84fde7d,67444,gpu-nearfar,gpu,resident,s0,25,0,0,0,3,warm,0,1,12,24.486412,0,0,0,22.8061752,0.526811,0,,1361,1361,3624,0,0,1093652,8734905,0,e6b21197edb81682,2508.92063,0,3.64
20260927T200206Z-0624,a02119d6d84fde7d,848826,gpu-nearfar,gpu,resident,s0,26,0,0,0,3,warm,0,1,12,24.386527,0,0,0,22.7329922,0.505541,0,,1355,1355,3612,0,0,1093014,8730264,0,7fc02cf236211190,2508.60087,0,3.64
20260927T200206Z-0624,a02119d6d84fde7d,696864,gpu-nearfar,gpu,resident,s0,27,0,0,0,3,warm,0,1,12,24.398739,0,0,0,22.7385921,0.497086,0,,1361,1361,3620,0,0,1093323,8732730,0,1f5ae3f04977baeb,2510.68021,0,3.64
20260927T200206Z-0624,a02119d6d84fde7d,809315,gpu-nearfar,gpu,resident,s0,28,0,0,0,3,warm,0,1,12,23.968763,0,0,0,22.3002872,0.501754,0,,1328,1328,3546,0,0,1092986,8729762,0,ae4946ccd75238cd,2509.16036,0,3.64
20260927T200206Z-0624,a02119d6d84fde7d,888073,gpu-nearfar,gpu,resident,s0,29,0,0,0,3,warm,0,1,12,24.707046,0,0,0,23.0335999,0.511556,0,,1378,1378,3666,0,0,1093461,8733756,0,242dd6e21c631498,2511.16068,0,3.64
20260927T200206Z-0624,a02119d6d84fde7d,120977,gpu-nearfar,gpu,resident,s0,30,0,0,0,3,warm,0,1,12,24.607188,0,0,0,22.9514236,0.499336,0,,1374,1374,3662,0,0,1093583,8735253,0,61978cef1982d278,2508.76074,0,3.64
20260927T200206Z-0624,a02119d6d84fde7d,227134,gpu-nearfar,gpu,resident,s0,31,0,0,0,3,warm,0,1,12,24.251921,0,0,0,22.5681591,0.497626,0,,1345,1345,3600,0,0,1093455,8734037,0,8bb075d498e81ac3,2508.60087,0,3.64
20260927T200206Z-0624,a02119d6d84fde7d,828516,gpu-nearfar,gpu,resident,s0,32,0,0,0,3,warm,0,1,12,24.010168,0,0,0,22.3402557,0.497853,0,,1335,1335,3564,0,0,1093052,8730469,0,a80260e3dc7e7c05,2511.16068,0,3.64
20260927T200206Z-0624,a02119d6d84fde7d,599128,gpu-nearfar,gpu,resident,s0,33,0,0,0,3,warm,0,1,12,24.200428,0,0,0,22.5468807,0.508123,0,,1350,1350,3606,0,0,1093221,8731850,0,adee1a46fbe8f4a1,2508.60087,0,3.64
20260927T200206Z-0624,a02119d6d84fde7d,962318,gpu-nearfar,gpu,resident,s0,34,0,0,0,3,warm,0,1,12,24.273735,0,0,0,22.6314564,0.503715,0,,1352,1352,3602,0,0,1093706,8736282,0,4cceca57322c2505,2509.40044,0,3.64
20260927T200206Z-0624,a02119d6d84fde7d,865743,gpu-nearfar,gpu,resident,s0,35,0,0,0,3,warm,0,1,12,24.066008,0,0,0,22.4011841,0.504126,0,,1333,1333,3556,0,0,1092668,8727451,0,7bbfc1f62785203a,2509.00044,0,3.64
20260927T200206Z-0624,a02119d6d84fde7d,638838,gpu-nearfar,gpu,resident,s0,36,0,0,0,3,warm,0,1,12,24.093474,0,0,0,22.4538231,0.492908,0,,1338,1338,3574,0,0,1093198,8731944,0,dde4ea3c97190154,2508.60087,0,3.64
20260927T200206Z-0624,a02119d6d84fde7d,789396,gpu-nearfar,gpu,resident,s0,37,0,0,0,3,warm,0,1,12,23.885597,0,0,0,22.2337608,0.50935,0,,1329,1329,3548,0,0,1092942,8729471,0,0f83afd66fff968b,2509.24048,0,3.64
20260927T200206Z-0624,a02119d6d84fde7d,787247,gpu-nearfar,gpu,resident,s0,38,0,0,0,3,warm,0,1,12,24.006955,0,0,0,22.3770561,0.495437,0,,1334,1334,3562,0,0,1093218,8732184,0,343a6af165e40ea0,2508.60087,0,3.64
20260927T200206Z-0624,a02119d6d84fde7d,643171,gpu-nearfar,gpu,resident,s0,39,0,0,0,3,warm,0,1,12,24.222867,0,0,0,22.5532799,0.500737,0,,1349,1349,3596,0,0,1093356,8732782,0,ebe49471cf26a366,2508.52109,0,3.64
20260927T200206Z-0624,a02119d6d84fde7d,742209,gpu-nearfar,gpu,resident,s0,40,0,0,0,3,warm,0,1,12,23.715974,0,0,0,22.0779209,0.489182,0,,1317,1317,3528,0,0,1092758,8728137,0,2e6086bf9f9c0969,2509.48027,0,3.64
20260927T200206Z-0624,a02119d6d84fde7d,98309,gpu-nearfar,gpu,resident,s0,41,0,0,0,3,warm,0,1,12,24.167589,0,0,0,22.5072327,0.502467,0,,1342,1342,3578,0,0,1093604,8735283,0,f74896e8208dc1fe,2508.60087,0,3.64
20260927T200206Z-0624,a02119d6d84fde7d,809671,gpu-nearfar,gpu,resident,s0,42,0,0,0,3,warm,0,1,12,24.558702,0,0,0,22.8413754,0.50241,0,,1361,1361,3628,0,0,1093448,8733930,0,b75fe77907620429,2508.60087,0,3.64
20260927T200206Z-0624,a02119d6d84fde7d,682755,gpu-nearfar,gpu,resident,s0,43,0,0,0,3,warm,0,1,12,25.252575,0,0,0,23.5532169,0.528042,0,,1372,1372,3650,0,0,1094406,8741949,0,5aea28dc8118708f,2511.16068,0,3.64
20260927T200206Z-0624,a02119d6d84fde7d,866488,gpu-nearfar,gpu,resident,s0,44,0,0,0,3,warm,0,1,12,24.845452,0,0,0,22.9732475,0.528852,0,,1347,1347,3592,0,0,1093138,8731096,0,2ca945dc09e333f5,2508.60087,0,3.64
20260927T200206Z-0624,a02119d6d84fde7d,107501,gpu-nearfar,gpu,resident,s0,45,0,0,0,3,warm,0,1,12,24.2619,0,0,0,22.4773769,0.50495,0,,1337,1337,3564,0,0,1092917,8729458,0,525802c16d3dd706,2508.60087,0,3.64
20260927T200206Z-0624,a02119d6d84fde7d,719239,gpu-nearfar,gpu,resident,s0,46,0,0,0,3,warm,0,1,12,24.068451,0,0,0,22.3475838,0.49928,0,,1330,1330,3554,0,0,1093105,8730901,0,5fe141d595255199,2508.60087,0,3.64
20260927T200206Z-0624,a02119d6d84fde7d,970577,gpu-nearfar,gpu,resident,s0,47,0,0,0,3,warm,0,1,12,24.284518,0,0,0,22.5766716,0.50488,0,,1347,1347,3588,0,0,1093468,8734461,0,a43fbb6fe42a36c5,2508.60087,0,3.64
20260927T200206Z-0624,a02119d6d84fde7d,519236,gpu-nearfar,gpu,resident,s0,48,0,0,0,3,warm,0,1,12,24.002054,0,0,0,22.2910404,0.508059,0,,1332,1332,3562,0,0,1093404,8733553,0,41f25342e055cad8,2509.56011,0,3.64
20260927T200206Z-0624,a02119d6d84fde7d,638059,gpu-nearfar,gpu,resident,s0,49,0,0,0,3,warm,0,1,12,24.455304,0,0,0,22.8061123,0.497825,0,,1364,1364,3630,0,0,1092991,8730477,0,65a0deeb6c0dd865,2511.16068,0,3.64
20260927T200206Z-0624,a02119d6d84fde7d,121166,gpu-nearfar,gpu,resident,s0,50,0,0,0,3,warm,0,1,12,23.780314,0,0,0,22.146656,0.496076,0,,1322,1322,3534,0,0,1092962,8729835,0,ae4f21cdc3e83665,2506.76424,0,3.64
20260927T200206Z-0624,a02119d6d84fde7d,613670,gpu-nearfar,gpu,resident,s0,51,0,0,0,3,warm,0,1,12,24.43505,0,0,0,22.7296638,0.507647,0,,1359,1359,3632,0,0,1092807,8729081,0,4e3b565a51b0291d,2508.92063,0,3.64
20260927T200206Z-0624,a02119d6d84fde7d,70006,gpu-nearfar,gpu,resident,s0,52,0,0,0,3,warm,0,1,12,24.325193,0,0,0,22.6413116,0.503783,0,,1351,1351,3608,0,0,1092809,8728800,0,9b9e4e7fa671f322,2508.60087,0,3.64
20260927T200206Z-0624,a02119d6d84fde7d,74793,gpu-nearfar,gpu,resident,s0,53,0,0,0,3,warm,0,1,12,24.224342,0,0,0,22.6107845,0.491519,0,,1355,1355,3600,0,0,1093409,8733315,0,ecf2eedd6dd9cfb8,2508.60087,0,3.64
20260927T200206Z-0624,a02119d6d84fde7d,733218,gpu-nearfar,gpu,resident,s0,54,0,0,0,3,warm,0,1,12,24.47146,0,0,0,22.7643528,0.523233,0,,1359,1359,3620,0,0,1093035,8730351,0,3678dc385e71ccef,2508.60087,0,3.64
20260927T200206Z-0624,a02119d6d84fde7d,152853,gpu-nearfar,gpu,resident,s0,55,0,0,0,3,warm,0,1,12,23.823653,0,0,0,22.1827831,0.507139,0,,1324,1324,3542,0,0,1093200,8731807,0,06befad1b58e791b,2509.00044,0,3.64
20260927T200206Z-0624,a02119d6d84fde7d,533256,gpu-nearfar,gpu,resident,s0,56,0,0,0,3,warm,0,1,12,24.171295,0,0,0,22.5257282,0.522572,0,,1330,1330,3558,0,0,1093029,8730023,0,de6a85be3831195e,2508.60087,0,3.64
20260927T200206Z-0624,a02119d6d84fde7d,297117,gpu-nearfar,gpu,resident,s0,57,0,0,0,3,warm,0,1,12,25.266783,0,0,0,23.4739838,0.533472,0,,1367,1367,3644,0,0,1093359,8732819,0,22aa6d8bb71af2da,2510.68021,0,3.64
20260927T200206Z-0624,a02119d6d84fde7d,900482,gpu-nearfar,gpu,resident,s0,58,0,0,0,3,warm,0,1,12,24.644718,0,0,0,22.8471355,0.516229,0,,1363,1363,3632,0,0,1093792,8736281,0,e5b584d12adce633,2510.6003,0,3.64
20260927T200206Z-0624,a02119d6d84fde7d,951617,gpu-nearfar,gpu,resident,s0,59,0,0,0,3,warm,0,1,12,24.03991,0,0,0,22.2768631,0.507978,0,,1326,1326,3554,0,0,1092636,8727434,0,0520e2b524dbc735,2509.16036,0,3.64
20260927T200206Z-0624,a02119d6d84fde7d,329606,gpu-nearfar,gpu,resident,s0,60,0,0,0,3,warm,0,1,12,24.468048,0,0,0,22.7423363,0.513437,0,,1353,1353,3604,0,0,1093213,8731429,0,936869a3a01e1ec8,2510.52039,0,3.64
20260927T200206Z-0624,a02119d6d84fde7d,818843,gpu-nearfar,gpu,resident,s0,61,0,0,0,3,warm,0,1,12,24.455052,0,0,0,22.7938232,0.491885,0,,1363,1363,3628,0,0,1093387,8733822,0,52282c7c008cd16f,2509.00044,0,3.64
20260927T200206Z-0624,a02119d6d84fde7d,924064,gpu-nearfar,gpu,resident,s0,62,0,0,0,3,warm,0,1,12,23.91514,0,0,0,22.240736,0.491557,0,,1327,1327,3544,0,0,1093171,8731907,0,ce26a1db90a68c18,2510.44019,0,3.64
20260927T200206Z-0624,a02119d6d84fde7d,442646,gpu-nearfar,gpu,resident,s0,63,0,0,0,3,warm,0,1,12,24.463998,0,0,0,22.7522888,0.527365,0,,1354,1354,3618,0,0,1092842,8728837,0,f61df11d33686108,2508.60087,0,3.64
20260927T200206Z-0624,a02119d6d84fde7d,933032,gpu-nearfar,gpu,resident,s0,64,0,0,0,3,warm,0,1,12,24.211005,0,0,0,22.53792,0.495605,0,,1341,1341,3588,0,0,1093031,8730303,0,4dcf4e02a288d19c,2508.44102,0,3.64
20260927T200206Z-0624,a02119d6d84fde7d,340699,gpu-nearfar,gpu,resident,s0,65,0,0,0,3,warm,0,1,12,24.265492,0,0,0,22.5778561,0.499264,0,,1344,1344,3594,0,0,1093241,8732461,0,48532874b2b9d0d2,2510.44019,0,3.64
20260927T200206Z-0624,a02119d6d84fde7d,196865,gpu-nearfar,gpu,resident,s0,66,0,0,0,3,warm,0,1,12,24.56831,0,0,0,22.9127998,0.496525,0,,1373,1373,3644,0,0,1093385,8733312,0,e44d3db783fbdadd,2511.16068,0,3.64
20260927T200206Z-0624,a02119d6d84fde7d,422576,gpu-nearfar,gpu,resident,s0,67,0,0,0,3,warm,0,1,12,24.192719,0,0,0,22.5095673,0.498196,0,,1344,1344,3590,0,0,1093113,8731426,0,4d948852be51cda0,2509.16036,0,3.64
20260927T200206Z-0624,a02119d6d84fde7d,199973,gpu-nearfar,gpu,resident,s0,68,0,0,0,3,warm,0,1,12,24.494439,0,0,0,22.8389111,0.498555,0,,1370,1370,3638,0,0,1093621,8734828,0,15b0e80fbc151e38,2508.60087,0,3.64
20260927T200206Z-0624,a02119d6d84fde7d,775044,gpu-nearfar,gpu,resident,s0,69,0,0,0,3,warm,0,1,12,24.058477,0,0,0,22.4136639,0.501658,0,,1334,1334,3558,0,0,1092747,8728125,0,cb1446d88a2be850,2508.44102,0,3.64
20260927T200206Z-0624,a02119d6d84fde7d,626100,gpu-nearfar,gpu,resident,s0,70,0,0,0,3,warm,0,1,12,24.198658,0,0,0,22.5226231,0.518636,0,,1346,1346,3590,0,0,1092938,8729642,0,3faba6d5b060898c,2511.16068,0,3.64
20260927T200206Z-0624,a02119d6d84fde7d,257641,gpu-nearfar,gpu,resident,s0,71,0,0,0,3,warm,0,1,12,24.327753,0,0,0,22.6702404,0.501487,0,,1356,1356,3618,0,0,1092984,8729979,0,a978bbf71a2b658f,2508.60087,0,3.64
20260927T200206Z-0624,a02119d6d84fde7d,617297,gpu-nearfar,gpu,resident,s0,72,0,0,0,3,warm,0,1,12,24.861764,0,0,0,23.152544,0.530449,0,,1350,1350,3606,0,0,1093026,8729887,0,3fb7729b73b5db0f,2508.76074,0,3.64
20260927T200206Z-0624,a02119d6d84fde7d,563755,gpu-nearfar,gpu,resident,s0,73,0,0,0,3,warm,0,1,12,24.415559,0,0,0,22.5340157,0.572046,0,,1325,1325,3548,0,0,1092526,8726009,0,742e1e4a72ddaece,2508.60087,0,3.64
20260927T200206Z-0624,a02119d6d84fde7d,87865,gpu-nearfar,gpu,resident,s0,74,0,0,0,3,warm,0,1,12,25.504894,0,0,0,23.4608955,0.568374,0,,1355,1355,3624,0,0,1093284,8732379,0,73627407399df493,2509.32031,0,3.64
20260927T200206Z-0624,a02119d6d84fde7d,71898,gpu-nearfar,gpu,resident,s0,75,0,0,0,3,warm,0,1,12,24.581501,0,0,0,22.7007999,0.524404,0,,1336,1336,3578,0,0,1093171,8731355,0,1bd55c95765ebb70,2508.60087,0,3.64
20260927T200206Z-0624,a02119d6d84fde7d,847158,gpu-nearfar,gpu,resident,s0,76,0,0,0,3,warm,0,1,12,24.686533,0,0,0,22.872736,0.538731,0,,1368,1368,3642,0,0,1093123,8731018,0,f84814ba52a3fddb,2510.6003,0,3.64
20260927T200206Z-0624,a02119d6d84fde7d,934069,gpu-nearfar,gpu,resident,s0,77,0,0,0,3,warm,0,1,12,24.354479,0,0,0,22.6076794,0.513387,0,,1348,1348,3582,0,0,1093503,8733768,0,3fce213adbd918e5,2508.60087,0,3.64
20260927T200206Z-0624,a02119d6d84fde7d,666677,gpu-nearfar,gpu,resident,s0,78,0,0,0,3,warm,0,1,12,24.966002,0,0,0,23.2035198,0.527294,0,,1345,1345,3588,0,0,1093271,8732488,0,9eb243abea190fd7,2509.32031,0,3.64
20260927T200206Z-0624,a02119d6d84fde7d,709223,gpu-nearfar,gpu,resident,s0,79,0,0,0,3,warm,0,1,12,24.93825,0,0,0,23.0817928,0.525775,0,,1354,1354,3602,0,0,1093889,8737435,0,7c91801c56145383,2508.60087,0,3.64
20260927T200206Z-0624,a02119d6d84fde7d,497308,gpu-nearfar,gpu,resident,s0,80,0,0,0,3,warm,0,1,12,24.312855,0,0,0,22.5254402,0.508517,0,,1340,1340,3586,0,0,1093682,8735833,0,12fa6679e1d7c1dd,2509.32031,0,3.64
20260927T200206Z-0624,a02119d6d84fde7d,354623,gpu-nearfar,gpu,resident,s0,81,0,0,0,3,warm,0,1,12,23.74972,0,0,0,22.0382729,0.499158,0,,1312,1312,3518,0,0,1093549,8735389,0,38aa81bd9bda3307,2510.68021,0,3.64
20260927T200206Z-0624,a02119d6d84fde7d,997813,gpu-nearfar,gpu,resident,s0,82,0,0,0,3,warm,0,1,12,24.553334,0,0,0,22.8490887,0.503838,0,,1361,1361,3632,0,0,1093538,8734449,0,cd72e1e1ae5946fd,2509.00044,0,3.64
20260927T200206Z-0624,a02119d6d84fde7d,886524,gpu-nearfar,gpu,resident,s0,83,0,0,0,3,warm,0,1,12,24.470229,0,0,0,22.7887039,0.504602,0,,1367,1367,3628,0,0,1093694,8735734,0,1e8eed6faf744f5d,2508.60087,0,3.64
20260927T200206Z-0624,a02119d6d84fde7d,26760,gpu-nearfar,gpu,resident,s0,84,0,0,0,3,warm,0,1,12,24.169571,0,0,0,22.5125446,0.494634,0,,1339,1339,3584,0,0,1093322,8733401,0,47842c3440e845d2,2508.60087,0,3.64
20260927T200206Z-0624,a02119d6d84fde7d,914247,gpu-nearfar,gpu,resident,s0,85,0,0,0,3,warm,0,1,12,24.028323,0,0,0,22.3570557,0.512157,0,,1335,1335,3572,0,0,1092945,8729182,0,02ff3d571c234946,2508.60087,0,3.64
20260927T200206Z-0624,a02119d6d84fde7d,743152,gpu-nearfar,gpu,resident,s0,86,0,0,0,3,warm,0,1,12,24.359274,0,0,0,22.7087994,0.494163,0,,1356,1356,3618,0,0,1093524,8734210,0,487cb6841969b9a7,2511.08074,0,3.64
20260927T200206Z-0624,a02119d6d84fde7d,1012998,gpu-nearfar,gpu,resident,s0,87,0,0,0,3,warm,0,1,12,24.135576,0,0,0,22.4971848,0.491618,0,,1346,1346,3590,0,0,1092571,8726410,0,d2569ce76bc72320,2509.40044,0,3.64
20260927T200206Z-0624,a02119d6d84fde7d,382778,gpu-nearfar,gpu,resident,s0,88,0,0,0,3,warm,0,1,12,24.351646,0,0,0,22.7003841,0.495137,0,,1352,1352,3610,0,0,1093037,8730196,0,4363f1642bf9ca8b,2509.08055,0,3.64
20260927T200206Z-0624,a02119d6d84fde7d,385604,gpu-nearfar,gpu,resident,s0,89,0,0,0,3,warm,0,1,12,24.022249,0,0,0,22.3834248,0.489129,0,,1336,1336,3570,0,0,1093381,8733091,0,2f834d6f19a7075f,2508.76074,0,3.64
20260927T200206Z-0624,a02119d6d84fde7d,40272,gpu-nearfar,gpu,resident,s0,90,0,0,0,3,warm,0,1,12,24.509764,0,0,0,22.8880005,0.495357,0,,1374,1374,3638,0,0,1093410,8732877,0,033d42e0e845d7e5,2508.60087,0,3.64
20260927T200206Z-0624,a02119d6d84fde7d,70075,gpu-nearfar,gpu,resident,s0,91,0,0,0,3,warm,0,1,12,24.292559,0,0,0,22.6078072,0.500711,0,,1350,1350,3606,0,0,1093190,8731879,0,0e609080489e53c9,2509.00044,0,3.64
20260927T200206Z-0624,a02119d6d84fde7d,733041,gpu-nearfar,gpu,resident,s0,92,0,0,0,3,warm,0,1,12,24.250241,0,0,0,22.6045113,0.503344,0,,1347,1347,3600,0,0,1092845,8728850,0,3643fcf2fc535160,2509.16036,0,3.64
20260927T200206Z-0624,a02119d6d84fde7d,405276,gpu-nearfar,gpu,resident,s0,93,0,0,0,3,warm,0,1,12,24.41863,0,0,0,22.7470398,0.508537,0,,1358,1358,3614,0,0,1093256,8732357,0,fd1e692198445bb9,2509.08055,0,3.64
20260927T200206Z-0624,a02119d6d84fde7d,167751,gpu-nearfar,gpu,resident,s0,94,0,0,0,3,warm,0,1,12,23.821274,0,0,0,22.1610565,0.501388,0,,1322,1322,3546,0,0,1092943,8729545,0,a9f30ead5b83afef,2508.60087,0,3.64
20260927T200206Z-0624,a02119d6d84fde7d,140065,gpu-nearfar,gpu,resident,s0,95,0,0,0,3,warm,0,1,12,24.148021,0,0,0,22.4697609,0.495002,0,,1339,1339,3580,0,0,1092604,8726284,0,c963d08625067b4f,2509.32031,0,3.64
20260927T200206Z-0624,a02119d6d84fde7d,729933,gpu-nearfar,gpu,resident,s0,96,0,0,0,3,warm,0,1,12,24.310089,0,0,0,22.5880966,0.505404,0,,1348,1348,3606,0,0,1093653,8735766,0,7dcf2dfe66bf4fdd,2510.12004,0,3.64
20260927T200206Z-0624,a02119d6d84fde7d,755777,gpu-nearfar,gpu,resident,s0,97,0,0,0,3,warm,0,1,12,24.415121,0,0,0,22.7510395,0.500334,0,,1356,1356,3622,0,0,1093643,8735596,0,7f0d5a5b7ea2447b,2509.00044,0,3.64
20260927T200206Z-0624,a02119d6d84fde7d,374017,gpu-nearfar,gpu,resident,s0,98,0,0,0,3,warm,0,1,12,24.188981,0,0,0,22.5145912,0.496102,0,,1346,1346,3594,0,0,1093457,8733991,0,d10a072229bfa198,2509.16036,0,3.64
20260927T200206Z-0624,a02119d6d84fde7d,523181,gpu-nearfar,gpu,resident,s0,99,0,0,0,3,warm,0,1,12,23.98341,0,0,0,22.3251209,0.50459,0,,1332,1332,3558,0,0,1092875,8729021,0,0516a7edf2d4942e,2508.84054,0,3.64
20260927T200206Z-0624,a02119d6d84fde7d,971309,gpu-nearfar,gpu,resident,s0,100,0,0,0,3,warm,0,1,12,24.2665,0,0,0,22.6371517,0.490346,0,,1353,1353,3608,0,0,1093484,8733635,0,31284766928f478b,2511.16068,0,3.64
20260927T200206Z-0624,a02119d6d84fde7d,881280,gpu-nearfar,gpu,resident,s0,101,0,0,0,3,warm,0,1,12,24.044088,0,0,0,22.4049911,0.48965,0,,1339,1339,3576,0,0,1093254,8731872,0,105ad01f64cd1e6d,2508.76074,0,3.64
20260927T200206Z-0624,a02119d6d84fde7d,608349,gpu-nearfar,gpu,resident,s0,102,0,0,0,3,warm,0,1,12,24.707124,0,0,0,23.0469112,0.511635,0,,1375,1375,3652,0,0,1094055,8738816,0,0ee13460b9253d30,2509.16036,0,3.64
20260927T200206Z-0624,a02119d6d84fde7d,1008613,gpu-nearfar,gpu,resident,s0,103,0,0,0,3,warm,0,1,12,24.246791,0,0,0,22.3485126,0.548984,0,,1326,1326,3546,0,0,1093461,8733460,0,125d1a176c793bd5,2509.00044,0,3.64
20260927T200206Z-0624,a02119d6d84fde7d,1045308,gpu-nearfar,gpu,resident,s0,104,0,0,0,3,warm,0,1,12,24.494633,0,0,0,22.6675529,0.523433,0,,1341,1341,3580,0,0,1092934,8729375,0,0cb884375ad7b6c6,2508.76074,0,3.64
20260927T200206Z-0624,a02119d6d84fde7d,730296,gpu-nearfar,gpu,resident,s0,105,0,0,0,3,warm,0,1,12,25.383201,0,0,0,23.5069122,0.539823,0,,1359,1359,3624,0,0,1093409,8733219,0,4167dbc6d1d656ac,2509.16036,0,3.64
20260927T200206Z-0624,a02119d6d84fde7d,850921,gpu-nearfar,gpu,resident,s0,106,0,0,0,3,warm,0,1,12,25.293235,0,0,0,23.4607353,0.528903,0,,1355,1355,3608,0,0,1093236,8732152,0,904d09fd99ea42dc,2510.20022,0,3.64
20260927T200206Z-0624,a02119d6d84fde7d,285373,gpu-nearfar,gpu,resident,s0,107,0,0,0,3,warm,0,1,12,25.156496,0,0,0,23.3090553,0.534623,0,,1376,1376,3662,0,0,1093266,8732343,0,ed27ad9f0a7ac75e,2506.60462,0,3.64
20260927T200206Z-0624,a02119d6d84fde7d,1003836,gpu-nearfar,gpu,resident,s0,108,0,0,0,3,warm,0,1,12,24.644066,0,0,0,22.8551998,0.504115,0,,1358,1358,3618,0,0,1093452,8733473,0,df72732439acd0dc,2509.08055,0,3.64
20260927T200206Z-0624,a02119d6d84fde7d,743148,gpu-nearfar,gpu,resident,s0,109,0,0,0,3,warm,0,1,12,24.755983,0,0,0,22.9917126,0.504831,0,,1378,1378,3654,0,0,1093497,8734374,0,b589d741a7aaf99b,2506.44502,0,3.64
20260927T200206Z-0624,a02119d6d84fde7d,784929,gpu-nearfar,gpu,resident,s0,110,0,0,0,3,warm,0,1,12,24.574897,0,0,0,22.8748798,0.501405,0,,1364,1364,3626,0,0,1093636,8735845,0,6f82fbf133989e60,2508.76074,0,3.64
20260927T200206Z-0624,a02119d6d84fde7d,952239,gpu-nearfar,gpu,resident,s0,111,0,0,0,3,warm,0,1,12,24.066045,0,0,0,22.3456955,0.515236,0,,1325,1325,3552,0,0,1092895,8729823,0,ce3ab83ef0811b21,2508.84054,0,3.64
20260927T200206Z-0624,a02119d6d84fde7d,230809,gpu-nearfar,gpu,resident,s0,112,0,0,0,3,warm,0,1,12,24.184488,0,0,0,22.4950085,0.496025,0,,1341,1341,3580,0,0,1092950,8729425,0,bee4d5e4fca68824,2509.00044,0,3.64
20260927T200206Z-0624,a02119d6d84fde7d,781082,gpu-nearfar,gpu,resident,s0,113,0,0,0,3,warm,0,1,12,25.105407,0,0,0,23.3953609,0.524171,0,,1361,1361,3632,0,0,1093195,8731663,0,bc52de9104847a97,2511.16068,0,3.64
20260927T200206Z-0624,a02119d6d84fde7d,324361,gpu-nearfar,gpu,resident,s0,114,0,0,0,3,warm,0,1,12,24.346516,0,0,0,22.4637127,0.513249,0,,1322,1322,3538,0,0,1093031,8730781,0,d9137775fce42dcc,2509.08055,0,3.64
20260927T200206Z-0624,a02119d6d84fde7d,354973,gpu-nearfar,gpu,resident,s0,115,0,0,0,3,warm,0,1,12,24.401456,0,0,0,22.6189442,0.514609,0,,1351,1351,3600,0,0,1093140,8731059,0,f648ab01e576a9e2,2511.16068,0,3.64
20260927T200206Z-0624,a02119d6d84fde7d,1031021,gpu-nearfar,gpu,resident,s0,116,0,0,0,3,warm,0,1,12,24.643896,0,0,0,22.8767357,0.509269,0,,1368,1368,3646,0,0,1093405,8733296,0,adf917acf700104b,2510.44019,0,3.64
20260927T200206Z-0624,a02119d6d84fde7d,776462,gpu-nearfar,gpu,resident,s0,117,0,0,0,3,warm,0,1,12,24.458184,0,0,0,22.746336,0.512238,0,,1356,1356,3614,0,0,1093137,8731400,0,020d64c57708be11,2511.16068,0,3.64
20260927T200206Z-0624,a02119d6d84fde7d,878795,gpu-nearfar,gpu,resident,s0,118,0,0,0,3,warm,0,1,12,24.012598,0,0,0,22.3099194,0.498867,0,,1329,1329,3560,0,0,1093063,8731073,0,53f5a4ff9505386f,2508.60087,0,3.64
20260927T200206Z-0624,a02119d6d84fde7d,877605,gpu-nearfar,gpu,resident,s0,119,0,0,0,3,warm,0,1,12,24.372768,0,0,0,22.6524792,0.505608,0,,1343,1343,3592,0,0,1093199,8731845,0,e71921242e30ce07,2508.92063,0,3.64
20260927T200206Z-0624,a02119d6d84fde7d,449316,gpu-nearfar,gpu,resident,s0,120,0,0,0,3,warm,0,1,12,23.961365,0,0,0,22.2609921,0.501271,0,,1323,1323,3544,0,0,1092893,8729001,0,f41dc9fe270f1384,2509.24048,0,3.64
20260927T200206Z-0624,a02119d6d84fde7d,756923,gpu-nearfar,gpu,resident,s0,121,0,0,0,3,warm,0,1,12,24.189407,0,0,0,22.5194874,0.494575,0,,1344,1344,3578,0,0,1093457,8734210,0,730d81ca459c7d39,2508.60087,0,3.64
20260927T200206Z-0624,a02119d6d84fde7d,340776,gpu-nearfar,gpu,resident,s0,122,0,0,0,3,warm,0,1,12,24.445916,0,0,0,22.8063679,0.500746,0,,1360,1360,3622,0,0,1093499,8734469,0,2a9e0229dc6d7231,2509.08055,0,3.64
20260927T200206Z-0624,a02119d6d84fde7d,91142,gpu-nearfar,gpu,resident,s0,123,0,0,0,3,warm,0,1,12,24.797162,0,0,0,23.1399994,0.517176,0,,1382,1382,3670,0,0,1093722,8735857,0,80a11b9737c68068,2509.40044,0,3.64
20260927T200206Z-0624,a02119d6d84fde7d,419442,gpu-nearfar,gpu,resident,s0,124,0,0,0,3,warm,0,1,12,24.464249,0,0,0,22.8297596,0.503649,0,,1369,1369,3636,0,0,1093941,8737678,0,dfb110aeb00a09e5,2511.16068,0,3.64
20260927T200206Z-0624,a02119d6d84fde7d,338937,gpu-nearfar,gpu,resident,s0,125,0,0,0,3,warm,0,1,12,23.918587,0,0,0,22.2845764,0.508249,0,,1333,1333,3560,0,0,1093335,8732979,0,ec976827ae29462d,2510.68021,0,3.64
20260927T200206Z-0624,a02119d6d84fde7d,449658,gpu-nearfar,gpu,resident,s0,126,0,0,0,3,warm,0,1,12,24.039198,0,0,0,22.4004803,0.503917,0,,1337,1337,3568,0,0,1092954,8729603,0,4b2b26a5c1210c90,2508.76074,0,3.64
20260927T200206Z-0624,a02119d6d84fde7d,151978,gpu-nearfar,gpu,resident,s0,127,0,0,0,3,warm,0,1,12,26.418439,0,0,0,22.8288631,0.511516,1.940413,,1365,1365,3620,0,0,1093977,8738381,0,556e29d1d3b563fe,2510.6003,0,3.64
20260927T200206Z-0624,a02119d6d84fde7d,12612,delta-omp,cpu,resident,s1,0,1,0,0,0,warm,24,1,12,36.135271,0,2.159314,0,33.975315,0,0,,224,1267,0,403,864,1151600,18397000,0,28bdae51db7991a6,,0,3.64
20260927T200206Z-0624,a02119d6d84fde7d,583477,delta-omp,cpu,resident,s1,1,1,0,0,0,warm,24,1,12,36.298977,0,2.245866,0,34.052534,0,0,,225,1276,0,406,870,1152208,18409250,0,8968d07a93769c87,,0,3.64
20260927T200206Z-0624,a02119d6d84fde7d,587775,delta-omp,cpu,resident,s1,2,1,0,0,0,warm,24,1,12,36.48634,0,2.257925,0,34.227806,0,0,,227,1296,0,404,892,1151718,18399368,0,c3357c46101bc7ed,,0,3.64
20260927T200206Z-0624,a02119d6d84fde7d,457329,delta-omp,cpu,resident,s1,3,1,0,0,0,warm,24,1,12,36.125966,0,2.268824,0,33.85639,0,0,,228,1272,0,409,863,1152373,18411798,0,da60d169724ebe65,,0,3.64
20260927T200206Z-0624,a02119d6d84fde7d,284703,delta-omp,cpu,resident,s1,4,1,0,0,0,warm,24,1,12,36.027522,0,2.251607,0,33.775655,0,0,,225,1275,0,406,869,1152135,18407508,0,e711fafca6bfd4d7,,0,3.64
20260927T200206Z-0624,a02119d6d84fde7d,83249,delta-omp,cpu,resident,s1,5,1,0,0,0,warm,24,1,12,35.982012,0,2.248177,0,33.733256,0,0,,225,1263,0,405,858,1152397,18412144,0,4e52248775f10ee5,,0,3.64
20260927T200206Z-0624,a02119d6d84fde7d,590008,delta-omp,cpu,resident,s1,6,1,0,0,0,warm,24,1,12,36.550689,0,2.250482,0,34.299801,0,0,,227,1277,0,406,871,1152219,18408236,0,8ccb9846f0ee1fda,,0,3.64
20260927T200206Z-0624,a02119d6d84fde7d,764305,delta-omp,cpu,resident,s1,7,1,0,0,0,warm,24,1,12,36.457234,0,2.267017,0,34.189902,0,0,,227,1281,0,408,873,1152523,18415084,0,6e0bb1106251602f,,0,3.64
20260927T200206Z-0624,a02119d6d84fde7d,299143,delta-omp,cpu,resident,s1,8,1,0,0,0,warm,24,1,12,36.6746,0,2.262809,0,34.411416,0,0,,226,1292,0,408,884,1152356,18410520,0,3a6af29ba834619f,,0,3.64
20260927T200206Z-0624,a02119d6d84fde7d,101624,delta-omp,cpu,resident,s1,9,1,0,0,0,warm,24,1,12,36.376985,0,2.255953,0,34.120585,0,0,,225,1285,0,406,879,1151616,18400570,0,824098ec8ac7de79,,0,3.64
20260927T200206Z-0624,a02119d6d84fde7d,341320,delta-omp,cpu,resident,s1,10,1,0,0,0,warm,24,1,12,36.40133,0,2.244964,0,34.15588,0,0,,224,1255,0,402,853,1151796,18403310,0,b0ba4213988f452b,,0,3.64
20260927T200206Z-0624,a02119d6d84fde7d,16014,delta-omp,cpu,resident,s1,11,1,0,0,0,warm,24,1,12,37.815764,0,2.431086,0,35.38394,0,0,,227,1284,0,406,878,1152515,18414398,0,a00bd5f109b6340e,,0,3.64
20260927T200206Z-0624,a02119d6d84fde7d,474855,delta-omp,cpu,resident,s1,12,1,0,0,0,warm,24,1,12,36.539746,0,2.281602,0,34.257313,0,0,,228,1282,0,408,874,1152133,18407958,0,028d9427e762a866,,0,3.64
20260927T200206Z-0624,a02119d6d84fde7d,780517,delta-omp,cpu,resident,s1,13,1,0,0,0,warm,24,1,12,36.269381,0,2.234191,0,34.034675,0,0,,226,1284,0,407,877,1152311,18411786,0,f57cb7273e76c9b5,,0,3.64
20260927T200206Z-0624,a02119d6d84fde7d,948113,delta-omp,cpu,resident,s1,14,1,0,0,0,warm,24,1,12,36.416925,0,2.257213,0,34.159121,0,0,,227,1269,0,406,863,1152178,18405892,0,1937c9c045d04233,,0,3.64
20260927T200206Z-0624,a02119d6d84fde7d,618424,delta-omp,cpu,resident,s1,15,1,0,0,0,warm,24,1,12,36.311336,0,2.265818,0,34.04506,0,0,,228,1285,0,409,876,1152004,18406988,0,7256939aaa048106,,0,3.64
20260927T200206Z-0624,a02119d6d84fde7d,826214,delta-omp,cpu,resident,s1,16,1,0,0,0,warm,24,1,12,37.406621,0,2.267263,0,35.138707,0,0,,227,1282,0,407,875,1152143,18408490,0,b27f0a39a9b0e982,,0,3.64
20260927T200206Z-0624,a02119d6d84fde7d,406369,delta-omp,cpu,resident,s1,17,1,0,0,0,warm,24,1,12,36.628922,0,2.271154,0,34.357075,0,0,,224,1269,0,404,865,1151851,18402274,0,5a0bc74ecd575f16,,0,3.64
20260927T200206Z-0624,a02119d6d84fde7d,963197,delta-omp,cpu,resident,s1,18,1,0,0,0,warm,24,1,12,36.380988,0,2.263546,0,34.116711,0,0,,225,1270,0,407,863,1152516,18413626,0,fbb9405d847378bc,,0,3.64
20260927T200206Z-0624,a02119d6d84fde7d,71507,delta-omp,cpu,resident,s1,19,1,0,0,0,warm,24,1,12,36.334016,0,2.268224,0,34.065144,0,0,,226,1286,0,407,879,1151714,18400878,0,702d6d5587c052d1,,0,3.64
20260927T200206Z-0624,a02119d6d84fde7d,544495,delta-omp,cpu,resident,s1,20,1,0,0,0,warm,24,1,12,36.21893,0,2.235849,0,33.982664,0,0,,226,1261,0,408,853,1151958,18406394,0,e48611890b9253a5,,0,3.64
20260927T200206Z-0624,a02119d6d84fde7d,74604,delta-omp,cpu,resident,s1,21,1,0,0,0,warm,24,1,12,35.90213,0,2.250462,0,33.651211,0,0,,225,1263,0,407,856,1152493,18413562,0,685cee8f92989b3f,,0,3.64
20260927T200206Z-0624,a02119d6d84fde7d,498463,delta-omp,cpu,resident,s1,22,1,0,0,0,warm,24,1,12,36.52977,0,2.254621,0,34.274829,0,0,,227,1290,0,404,886,1152299,18411046,0,6039eae81483ac7b,,0,3.64
20260927T200206Z-0624,a02119d6d84fde7d,532500,delta-omp,cpu,resident,s1,23,1,0,0,0,warm,24,1,12,36.30265,0,2.260992,0,34.041233,0,0,,227,1279,0,406,873,1151972,18403392,0,6c4a508dceefca06,,0,3.64
20260927T200206Z-0624,a02119d6d84fde7d,594991,delta-omp,cpu,resident,s1,24,1,0,0,0,warm,24,1,12,36.50582,0,2.226683,0,34.278674,0,0,,228,1284,0,406,878,1152584,18415374,0,8c5ea2cc267ed78e,,0,3.64
20260927T200206Z-0624,a02119d6d84fde7d,67444,delta-omp,cpu,resident,s1,25,1,0,0,0,warm,24,1,12,36.305215,0,2.266101,0,34.038429,0,0,,225,1269,0,404,865,1152135,18409666,0,e6b21197edb81682,,0,3.64
20260927T200206Z-0624,a02119d6d84fde7d,848826,delta-omp,cpu,resident,s1,26,1,0,0,0,warm,24,1,12,36.236704,0,2.26038,0,33.975767,0,0,,226,1280,0,405,875,1151941,18405654,0,7fc02cf236211190,,0,3.64
20260927T200206Z-0624,a02119d6d84fde7d,696864,delta-omp,cpu,resident,s1,27,1,0,0,0,warm,24,1,12,36.343816,0,2.237541,0,34.10589,0,0,,225,1277,0,406,871,1151965,18404600,0,1f5ae3f04977baeb,,0,3.64
20260927T200206Z-0624,a02119d6d84fde7d,809315,delta-omp,cpu,resident,s1,28,1,0,0,0,warm,24,1,12,36.379449,0,2.251761,0,34.127345,0,0,,223,1255,0,402,853,1152252,18409434,0,ae4946ccd75238cd,,0,3.64
20260927T200206Z-0624,a02119d6d84fde7d,888073,delta-omp,cpu,resident,s1,29,1,0,0,0,warm,24,1,12,36.279349,0,2.245968,0,34.032863,0,0,,227,1285,0,407,878,1151701,18399050,0,242dd6e21c631498,,0,3.64
20260927T200206Z-0624,a02119d6d84fde7d,120977,delta-omp,cpu,resident,s1,30,1,0,0,0,warm,24,1,12,36.595723,0,2.265819,0,34.329331,0,0,,228,1278,0,408,870,1152494,18413762,0,61978cef1982d278,,0,3.64
20260927T200206Z-0624,a02119d6d84fde7d,227134,delta-omp,cpu,resident,s1,31,1,0,0,0,warm,24,1,12,36.360942,0,2.255305,0,34.10528,0,0,,227,1282,0,406,876,1151602,18400438,0,8bb075d498e81ac3,,0,3.64
20260927T200206Z-0624,a02119d6d84fde7d,828516,delta-omp,cpu,resident,s1,32,1,0,0,0,warm,24,1,12,36.718689,0,2.265992,0,34.452288,0,0,,224,1280,0,403,877,1152000,18406536,0,a80260e3dc7e7c05,,0,3.64
20260927T200206Z-0624,a02119d6d84fde7d,599128,delta-omp,cpu,resident,s1,33,1,0,0,0,warm,24,1,12,36.27514,0,2.261484,0,34.013406,0,0,,226,1273,0,407,866,1151527,18399630,0,adee1a46fbe8f4a1,,0,3.64
20260927T200206Z-0624,a02119d6d84fde7d,962318,delta-omp,cpu,resident,s1,34,1,0,0,0,warm,24,1,12,36.610627,0,2.256323,0,34.353745,0,0,,225,1274,0,405,869,1152175,18407900,0,4cceca57322c2505,,0,3.64
20260927T200206Z-0624,a02119d6d84fde7d,865743,delta-omp,cpu,resident,s1,35,1,0,0,0,warm,24,1,12,36.678971,0,2.265551,0,34.412897,0,0,,223,1263,0,404,859,1151880,18404006,0,7bbfc1f62785203a,,0,3.64
20260927T200206Z-0624,a02119d6d84fde7d,638838,delta-omp,cpu,resident,s1,36,1,0,0,0,warm,24,1,12,36.600853,0,2.255741,0,34.344632,0,0,,225,1261,0,403,858,1152088,18405922,0,dde4ea3c97190154,,0,3.64
20260927T200206Z-0624,a02119d6d84fde7d,789396,delta-omp,cpu,resident,s1,37,1,0,0,0,warm,24,1,12,36.515995,0,2.242998,0,34.272588,0,0,,223,1281,0,402,879,1152114,18405218,0,0f83afd66fff968b,,0,3.64
20260927T200206Z-0624,a02119d6d84fde7d,787247,delta-omp,cpu,resident,s1,38,1,0,0,0,warm,24,1,12,36.564811,0,2.257383,0,34.30717,0,0,,224,1271,0,404,867,1151762,18400532,0,343a6af165e40ea0,,0,3.64
20260927T200206Z-0624,a02119d6d84fde7d,643171,delta-omp,cpu,resident,s1,39,1,0,0,0,warm,24,1,12,36.601859,0,2.267829,0,34.333681,0,0,,225,1280,0,404,876,1151752,18401868,0,ebe49471cf26a366,,0,3.64
20260927T200206Z-0624,a02119d6d84fde7d,742209,delta-omp,cpu,resident,s1,40,1,0,0,0,warm,24,1,12,36.751206,0,2.261251,0,34.489411,0,0,,224,1261,0,403,858,1152117,18407238,0,2e6086bf9f9c0969,,0,3.64
20260927T200206Z-0624,a02119d6d84fde7d,98309,delta-omp,cpu,resident,s1,41,1,0,0,0,warm,24,1,12,36.599426,0,2.259063,0,34.340081,0,0,,224,1285,0,404,881,1152076,18406532,0,f74896e8208dc1fe,,0,3.64
20260927T200206Z-0624,a02119d6d84fde7d,809671,delta-omp,cpu,resident,s1,42,1,0,0,0,warm,24,1,12,36.345378,0,2.258756,0,34.086126,0,0,,227,1270,0,407,863,1152546,18414476,0,b75fe77907620429,,0,3.64
20260927T200206Z-0624,a02119d6d84fde7d,682755,delta-omp,cpu,resident,s1,43,1,0,0,0,warm,24,1,12,36.945418,0,2.258439,0,34.686552,0,0,,226,1290,0,406,884,1152412,18412766,0,5aea28dc8118708f,,0,3.64
20260927T200206Z-0624,a02119d6d84fde7d,866488,delta-omp,cpu,resident,s1,44,1,0,0,0,warm,24,1,12,36.788912,0,2.256429,0,34.532008,0,0,,225,1269,0,403,866,1152127,18406870,0,2ca945dc09e333f5,,0,3.64
20260927T200206Z-0624,a02119d6d84fde7d,107501,delta-omp,cpu,resident,s1,45,1,0,0,0,warm,24,1,12,36.560746,0,2.262116,0,34.298158,0,0,,223,1256,0,401,855,1152122,18406932,0,525802c16d3dd706,,0,3.64
20260927T200206Z-0624,a02119d6d84fde7d,719239,delta-omp,cpu,resident,s1,46,1,0,0,0,warm,24,1,12,36.761906,0,2.255194,0,34.506201,0,0,,224,1270,0,403,867,1151660,18398532,0,5fe141d595255199,,0,3.64
20260927T200206Z-0624,a02119d6d84fde7d,970577,delta-omp,cpu,resident,s1,47,1,0,0,0,warm,24,1,12,36.636769,0,2.260336,0,34.375965,0,0,,224,1276,0,403,873,1152126,18406972,0,a43fbb6fe42a36c5,,0,3.64
20260927T200206Z-0624,a02119d6d84fde7d,519236,delta-omp,cpu,resident,s1,48,1,0,0,0,warm,24,1,12,36.701274,0,2.263435,0,34.437425,0,0,,225,1282,0,405,877,1151811,18402630,0,41f25342e055cad8,,0,3.64
20260927T200206Z-0624,a02119d6d84fde7d,638059,delta-omp,cpu,resident,s1,49,1,0,0,0,warm,24,1,12,36.58191,0,2.252775,0,34.32866,0,0,,226,1268,0,404,864,1152389,18411110,0,65a0deeb6c0dd865,,0,3.64
20260927T200206Z-0624,a02119d6d84fde7d,121166,delta-omp,cpu,resident,s1,50,1,0,0,0,warm,24,1,12,36.76007,0,2.259961,0,34.499723,0,0,,224,1268,0,403,865,1152016,18405218,0,ae4f21cdc3e83665,,0,5.27
20260927T200206Z-0624,a02119d6d84fde7d,613670,delta-omp,cpu,resident,s1,51,1,0,0,0,warm,24,1,12,36.535271,0,2.273458,0,34.261358,0,0,,229,1284,0,408,876,1152123,18410048,0,4e3b565a51b0291d,,0,5.27
20260927T200206Z-0624,a02119d6d84fde7d,70006,delta-omp,cpu,resident,s1,52,1,0,0,0,warm,24,1,12,36.504816,0,2.258835,0,34.245683,0,0,,227,1270,0,405,865,1152303,18411294,0,9b9e4e7fa671f322,,0,5.27
20260927T200206Z-0624,a02119d6d84fde7d,74793,delta-omp,cpu,resident,s1,53,1,0,0,0,warm,24,1,12,36.579868,0,2.262038,0,34.317212,0,0,,223,1271,0,401,870,1152014,18404986,0,ecf2eedd6dd9cfb8,,0,5.27
20260927T200206Z-0624,a02119d6d84fde7d,733218,delta-omp,cpu,resident,s1,54,1,0,0,0,warm,24,1,12,36.541578,0,2.255671,0,34.285563,0,0,,226,1260,0,407,853,1151962,18406726,0,3678dc385e71ccef,,0,5.27
20260927T200206Z-0624,a02119d6d84fde7d,152853,delta-omp,cpu,resident,s1,55,1,0,0,0,warm,24,1,12,36.544963,0,2.269905,0,34.274645,0,0,,224,1251,0,403,848,1152202,18409304,0,06befad1b58e791b,,0,5.27
20260927T200206Z-0624,a02119d6d84fde7d,533256,delta-omp,cpu,resident,s1,56,1,0,0,0,warm,24,1,12,36.652643,0,2.291826,0,34.360377,0,0,,225,1278,0,406,872,1152483,18412622,0,de6a85be3831195e,,0,5.27
20260927T200206Z-0624,a02119d6d84fde7d,297117,delta-omp,cpu,resident,s1,57,1,0,0,0,warm,24,1,12,36.49117,0,2.300338,0,34.19047,0,0,,228,1275,0,409,866,1151586,18399904,0,22aa6d8bb71af2da,,0,5.27
20260927T200206Z-0624,a02119d6d84fde7d,900482,delta-omp,cpu,resident,s1,58,1,0,0,0,warm,24,1,12,36.679686,0,2.235842,0,34.443519,0,0,,227,1268,0,407,861,1152526,18412120,0,e5b584d12adce633,,0,5.27
20260927T200206Z-0624,a02119d6d84fde7d,951617,delta-omp,cpu,resident,s1,59,1,0,0,0,warm,24,1,12,36.310112,0,2.259128,0,34.050393,0,0,,226,1267,0,406,861,1151993,18405204,0,0520e2b524dbc735,,0,5.27
20260927T200206Z-0624,a02119d6d84fde7d,329606,delta-omp,cpu,resident,s1,60,1,0,0,0,warm,24,1,12,36.669858,0,2.260976,0,34.408609,0,0,,226,1287,0,407,880,1152133,18407686,0,936869a3a01e1ec8,,0,5.27
20260927T200206Z-0624,a02119d6d84fde7d,818843,delta-omp,cpu,resident,s1,61,1,0,0,0,warm,24,1,12,36.512183,0,2.255534,0,34.255823,0,0,,226,1276,0,407,869,1152218,18408704,0,52282c7c008cd16f,,0,5.27
20260927T200206Z-0624,a02119d6d84fde7d,924064,delta-omp,cpu,resident,s1,62,1,0,0,0,warm,24,1,12,36.109135,0,2.254498,0,33.853929,0,0,,223,1263,0,401,862,1151561,18397848,0,ce26a1db90a68c18,,0,5.27
20260927T200206Z-0624,a02119d6d84fde7d,442646,delta-omp,cpu,resident,s1,63,1,0,0,0,warm,24,1,12,36.131892,0,2.265755,0,33.86568,0,0,,228,1290,0,407,883,1152320,18411176,0,f61df11d33686108,,0,5.27
20260927T200206Z-0624,a02119d6d84fde7d,933032,delta-omp,cpu,resident,s1,64,1,0,0,0,warm,24,1,12,36.482236,0,2.256225,0,34.225506,0,0,,227,1268,0,404,864,1151776,18402230,0,4dcf4e02a288d19c,,0,5.27
20260927T200206Z-0624,a02119d6d84fde7d,340699,delta-omp,cpu,resident,s1,65,1,0,0,0,warm,24,1,12,37.386213,0,2.446066,0,34.939481,0,0,,227,1288,0,406,882,1151817,18402638,0,48532874b2b9d0d2,,0,5.27
20260927T200206Z-0624,a02119d6d84fde7d,196865,delta-omp,cpu,resident,s1,66,1,0,0,0,warm,24,1,12,37.226478,0,2.307312,0,34.918413,0,0,,225,1284,0,404,880,1151761,18401678,0,e44d3db783fbdadd,,0,5.27
20260927T200206Z-0624,a02119d6d84fde7d,422576,delta-omp,cpu,resident,s1,67,1,0,0,0,warm,24,1,12,36.703033,0,2.28286,0,34.419576,0,0,,226,1272,0,406,866,1151988,18403624,0,4d948852be51cda0,,0,5.27
20260927T200206Z-0624,a02119d6d84fde7d,199973,delta-omp,cpu,resident,s1,68,1,0,0,0,warm,24,1,12,36.615837,0,2.241798,0,34.373586,0,0,,225,1264,0,402,862,1151665,18399826,0,15b0e80fbc151e38,,0,5.27
20260927T200206Z-0624,a02119d6d84fde7d,775044,delta-omp,cpu,resident,s1,69,1,0,0,0,warm,24,1,12,36.775608,0,2.233923,0,34.54123,0,0,,223,1272,0,403,869,1152089,18407414,0,cb1446d88a2be850,,0,5.27
20260927T200206Z-0624,a02119d6d84fde7d,626100,delta-omp,cpu,resident,s1,70,1,0,0,0,warm,24,1,12,36.483795,0,2.311001,0,34.172267,0,0,,225,1275,0,407,868,1152312,18408568,0,3faba6d5b060898c,,0,5.27
20260927T200206Z-0624,a02119d6d84fde7d,257641,delta-omp,cpu,resident,s1,71,1,0,0,0,warm,24,1,12,36.511854,0,2.257359,0,34.254055,0,0,,226,1270,0,405,865,1151288,18393216,0,a978bbf71a2b658f,,0,5.27
20260927T200206Z-0624,a02119d6d84fde7d,617297,delta-omp,cpu,resident,s1,72,1,0,0,0,warm,24,1,12,36.380367,0,2.263865,0,34.116114,0,0,,227,1272,0,407,865,1152240,18410714,0,3fb7729b73b5db0f,,0,5.27
20260927T200206Z-0624,a02119d6d84fde7d,563755,delta-omp,cpu,resident,s1,73,1,0,0,0,warm,24,1,12,36.547699,0,2.269337,0,34.277727,0,0,,225,1275,0,403,872,1152106,18406636,0,742e1e4a72ddaece,,0,5.27
20260927T200206Z-0624,a02119d6d84fde7d,87865,delta-omp,cpu,resident,s1,74,1,0,0,0,warm,24,1,12,36.736072,0,2.265821,0,34.469902,0,0,,228,1284,0,408,876,1152022,18405824,0,73627407399df493,,0,5.27
20260927T200206Z-0624,a02119d6d84fde7d,71898,delta-omp,cpu,resident,s1,75,1,0,0,0,warm,24,1,12,36.62478,0,2.276221,0,34.348319,0,0,,227,1277,0,406,871,1152316,18408922,0,1bd55c95765ebb70,,0,5.27
20260927T200206Z-0624,a02119d6d84fde7d,847158,delta-omp,cpu,resident,s1,76,1,0,0,0,warm,24,1,12,36.444826,0,2.266818,0,34.177608,0,0,,227,1281,0,408,873,1151684,18400584,0,f84814ba52a3fddb,,0,5.27
20260927T200206Z-0624,a02119d6d84fde7d,934069,delta-omp,cpu,resident,s1,77,1,0,0,0,warm,24,1,12,36.541483,0,2.235482,0,34.305647,0,0,,222,1271,0,399,872,1151895,18403028,0,3fce213adbd918e5,,0,5.27
20260927T200206Z-0624,a02119d6d84fde7d,666677,delta-omp,cpu,resident,s1,78,1,0,0,0,warm,24,1,12,36.62388,0,2.257506,0,34.365874,0,0,,225,1272,0,402,870,1152006,18406250,0,9eb243abea190fd7,,0,5.27
20260927T200206Z-0624,a02119d6d84fde7d,709223,delta-omp,cpu,resident,s1,79,1,0,0,0,warm,24,1,12,36.837468,0,2.283144,0,34.553926,0,0,,224,1287,0,406,881,1152082,18407670,0,7c91801c56145383,,0,5.27
20260927T200206Z-0624,a02119d6d84fde7d,497308,delta-omp,cpu,resident,s1,80,1,0,0,0,warm,24,1,12,36.744633,0,2.278697,0,34.465535,0,0,,226,1272,0,406,866,1152052,18406686,0,12fa6679e1d7c1dd,,0,5.27
20260927T200206Z-0624,a02119d6d84fde7d,354623,delta-omp,cpu,resident,s1,81,1,0,0,0,warm,24,1,12,36.806219,0,2.285115,0,34.520669,0,0,,224,1249,0,401,848,1152171,18409802,0,38aa81bd9bda3307,,0,5.27
20260927T200206Z-0624,a02119d6d84fde7d,997813,delta-omp,cpu,resident,s1,82,1,0,0,0,warm,24,1,12,36.761159,0,2.245329,0,34.51531,0,0,,228,1286,0,408,878,1152438,18412792,0,cd72e1e1ae5946fd,,0,5.27
20260927T200206Z-0624,a02119d6d84fde7d,886524,delta-omp,cpu,resident,s1,83,1,0,0,0,warm,24,1,12,36.767235,0,2.239957,0,34.526853,0,0,,224,1273,0,405,868,1152246,18409884,0,1e8eed6faf744f5d,,0,5.27
20260927T200206Z-0624,a02119d6d84fde7d,26760,delta-omp,cpu,resident,s1,84,1,0,0,0,warm,24,1,12,38.446427,0,2.300181,0,36.14555,0,0,,226,1258,0,403,855,1151920,18404086,0,47842c3440e845d2,,0,5.27
20260927T200206Z-0624,a02119d6d84fde7d,914247,delta-omp,cpu,resident,s1,85,1,0,0,0,warm,24,1,12,36.837197,0,2.296603,0,34.539894,0,0,,225,1283,0,403,880,1152071,18406000,0,02ff3d571c234946,,0,5.27
20260927T200206Z-0624,a02119d6d84fde7d,743152,delta-omp,cpu,resident,s1,86,1,0,0,0,warm,24,1,12,36.811057,0,2.270318,0,34.540344,0,0,,227,1277,0,406,871,1152119,18406486,0,487cb6841969b9a7,,0,5.27
20260927T200206Z-0624,a02119d6d84fde7d,1012998,delta-omp,cpu,resident,s1,87,1,0,0,0,warm,24,1,12,36.770709,0,2.270628,0,34.499638,0,0,,225,1272,0,406,866,1151674,18398918,0,d2569ce76bc72320,,0,5.27
20260927T200206Z-0624,a02119d6d84fde7d,382778,delta-omp,cpu,resident,s1,88,1,0,0,0,warm,24,1,12,36.955639,0,2.309401,0,34.64588,0,0,,227,1273,0,406,867,1151627,18402320,0,4363f1642bf9ca8b,,0,5.27
20260927T200206Z-0624,a02119d6d84fde7d,385604,delta-omp,cpu,resident,s1,89,1,0,0,0,warm,24,1,12,37.018892,0,2.263978,0,34.754588,0,0,,225,1258,0,401,857,1152186,18406826,0,2f834d6f19a7075f,,0,5.27
20260927T200206Z-0624,a02119d6d84fde7d,40272,delta-omp,cpu,resident,s1,90,1,0,0,0,warm,24,1,12,36.788872,0,2.274765,0,34.513737,0,0,,224,1273,0,405,868,1151996,18406468,0,033d42e0e845d7e5,,0,5.27
20260927T200206Z-0624,a02119d6d84fde7d,70075,delta-omp,cpu,resident,s1,91,1,0,0,0,warm,24,1,12,36.872644,0,2.286317,0,34.585904,0,0,,228,1272,0,406,866,1151770,18402024,0,0e609080489e53c9,,0,5.27
20260927T200206Z-0624,a02119d6d84fde7d,733041,delta-omp,cpu,resident,s1,92,1,0,0,0,warm,24,1,12,36.773662,0,2.260982,0,34.512079,0,0,,226,1278,0,407,871,1152341,18411414,0,3643fcf2fc535160,,0,5.27
20260927T200206Z-0624,a02119d6d84fde7d,405276,delta-omp,cpu,resident,s1,93,1,0,0,0,warm,24,1,12,36.820665,0,2.268904,0,34.551193,0,0,,225,1291,0,405,886,1152206,18407636,0,fd1e692198445bb9,,0,5.27
20260927T200206Z-0624,a02119d6d84fde7d,167751,delta-omp,cpu,resident,s1,94,1,0,0,0,warm,24,1,12,36.620014,0,2.273793,0,34.345936,0,0,,226,1283,0,405,878,1151963,18405408,0,a9f30ead5b83afef,,0,5.27
20260927T200206Z-0624,a02119d6d84fde7d,140065,delta-omp,cpu,resident,s1,95,1,0,0,0,warm,24,1,12,36.780465,0,2.275747,0,34.504177,0,0,,226,1275,0,407,868,1151636,18399234,0,c963d08625067b4f,,0,5.27
20260927T200206Z-0624,a02119d6d84fde7d,729933,delta-omp,cpu,resident,s1,96,1,0,0,0,warm,24,1,12,36.688814,0,2.286454,0,34.401817,0,0,,228,1267,0,406,861,1151860,18401462,0,7dcf2dfe66bf4fdd,,0,5.27
20260927T200206Z-0624,a02119d6d84fde7d,755777,delta-omp,cpu,resident,s1,97,1,0,0,0,warm,24,1,12,37.145774,0,2.247211,0,34.898149,0,0,,227,1273,0,405,868,1152141,18409688,0,7f0d5a5b7ea2447b,,0,5.27
20260927T200206Z-0624,a02119d6d84fde7d,374017,delta-omp,cpu,resident,s1,98,1,0,0,0,warm,24,1,12,36.740889,0,2.307464,0,34.43288,0,0,,226,1264,0,405,859,1151646,18400988,0,d10a072229bfa198,,0,5.27
20260927T200206Z-0624,a02119d6d84fde7d,523181,delta-omp,cpu,resident,s1,99,1,0,0,0,warm,24,1,12,37.170121,0,2.283631,0,34.886087,0,0,,224,1257,0,402,855,1152220,18408548,0,0516a7edf2d4942e,,0,5.27
20260927T200206Z-0624,a02119d6d84fde7d,971309,delta-omp,cpu,resident,s1,100,1,0,0,0,warm,24,1,12,37.034378,0,2.283514,0,34.750471,0,0,,226,1265,0,404,861,1152285,18409864,0,31284766928f478b,,0,5.27
20260927T200206Z-0624,a02119d6d84fde7d,881280,delta-omp,cpu,resident,s1,101,1,0,0,0,warm,24,1,12,37.201869,0,2.288324,0,34.913208,0,0,,225,1267,0,405,862,1152063,18407468,0,105ad01f64cd1e6d,,0,5.27
20260927T200206Z-0624,a02119d6d84fde7d,608349,delta-omp,cpu,resident,s1,102,1,0,0,0,warm,24,1,12,37.074214,0,2.277269,0,34.796302,0,0,,226,1278,0,404,874,1152387,18411576,0,0ee13460b9253d30,,0,5.27
20260927T200206Z-0624,a02119d6d84fde7d,1008613,delta-omp,cpu,resident,s1,103,1,0,0,0,warm,24,1,12,36.747174,0,2.265186,0,34.48176,0,0,,224,1265,0,404,861,1151809,18402086,0,125d1a176c793bd5,,0,5.27
20260927T200206Z-0624,a02119d6d84fde7d,1045308,delta-omp,cpu,resident,s1,104,1,0,0,0,warm,24,1,12,36.830083,0,2.262678,0,34.567038,0,0,,226,1269,0,403,866,1152124,18406960,0,0cb884375ad7b6c6,,0,5.27
20260927T200206Z-0624,a02119d6d84fde7d,730296,delta-omp,cpu,resident,s1,105,1,0,0,0,warm,24,1,12,37.136583,0,2.290634,0,34.84549,0,0,,227,1274,0,405,869,1151940,18404776,0,4167dbc6d1d656ac,,0,5.27
20260927T200206Z-0624,a02119d6d84fde7d,850921,delta-omp,cpu,resident,s1,106,1,0,0,0,warm,24,1,12,37.064698,0,2.269894,0,34.794403,0,0,,225,1280,0,405,875,1151894,18404846,0,904d09fd99ea42dc,,0,5.27
20260927T200206Z-0624,a02119d6d84fde7d,285373,delta-omp,cpu,resident,s1,107,1,0,0,0,warm,24,1,12,36.882801,0,2.281913,0,34.600658,0,0,,228,1276,0,408,868,1152151,18406972,0,ed27ad9f0a7ac75e,,0,5.27
20260927T200206Z-0624,a02119d6d84fde7d,1003836,delta-omp,cpu,resident,s1,108,1,0,0,0,warm,24,1,12,37.049939,0,2.26116,0,34.78823,0,0,,226,1286,0,406,880,1152088,18406570,0,df72732439acd0dc,,0,5.27
20260927T200206Z-0624,a02119d6d84fde7d,743148,delta-omp,cpu,resident,s1,109,1,0,0,0,warm,24,1,12,36.831802,0,2.268881,0,34.562403,0,0,,225,1263,0,407,856,1152154,18407796,0,b589d741a7aaf99b,,0,5.27
20260927T200206Z-0624,a02119d6d84fde7d,784929,delta-omp,cpu,resident,s1,110,1,0,0,0,warm,24,1,12,36.943938,0,2.247164,0,34.69634,0,0,,225,1274,0,405,869,1151995,18404248,0,6f82fbf133989e60,,0,5.27
20260927T200206Z-0624,a02119d6d84fde7d,952239,delta-omp,cpu,resident,s1,111,1,0,0,0,warm,24,1,12,36.743562,0,2.272911,0,34.470199,0,0,,226,1279,0,405,874,1152240,18409120,0,ce3ab83ef0811b21,,0,5.27
20260927T200206Z-0624,a02119d6d84fde7d,230809,delta-omp,cpu,resident,s1,112,1,0,0,0,warm,24,1,12,37.222172,0,2.445786,0,34.775962,0,0,,225,1267,0,405,862,1152016,18404326,0,bee4d5e4fca68824,,0,5.27
20260927T200206Z-0624,a02119d6d84fde7d,781082,delta-omp,cpu,resident,s1,113,1,0,0,0,warm,24,1,12,36.725178,0,2.285874,0,34.438905,0,0,,228,1286,0,407,879,1151771,18401064,0,bc52de9104847a97,,0,5.27
20260927T200206Z-0624,a02119d6d84fde7d,324361,delta-omp,cpu,resident,s1,114,1,0,0,0,warm,24,1,12,37.453497,0,2.269199,0,35.183812,0,0,,224,1268,0,404,864,1152329,18412436,0,d9137775fce42dcc,,0,5.27
20260927T200206Z-0624,a02119d6d84fde7d,354973,delta-omp,cpu,resident,s1,115,1,0,0,0,warm,24,1,12,36.991369,0,2.341706,0,34.649173,0,0,,225,1262,0,404,858,1151985,18405452,0,f648ab01e576a9e2,,0,5.27
20260927T200206Z-0624,a02119d6d84fde7d,1031021,delta-omp,cpu,resident,s1,116,1,0,0,0,warm,24,1,12,36.9787,0,2.291081,0,34.687127,0,0,,228,1283,0,406,877,1152162,18408432,0,adf917acf700104b,,0,5.27
20260927T200206Z-0624,a02119d6d84fde7d,776462,delta-omp,cpu,resident,s1,117,1,0,0,0,warm,24,1,12,37.143549,0,2.2859,0,34.857081,0,0,,226,1258,0,406,852,1152119,18406868,0,020d64c57708be11,,0,5.27
20260927T200206Z-0624,a02119d6d84fde7d,878795,delta-omp,cpu,resident,s1,118,1,0,0,0,warm,24,1,12,38.292262,0,2.273051,0,36.018548,0,0,,226,1280,0,404,876,1152222,18410094,0,53f5a4ff9505386f,,0,5.27
20260927T200206Z-0624,a02119d6d84fde7d,877605,delta-omp,cpu,resident,s1,119,1,0,0,0,warm,24,1,12,38.564675,0,2.301672,0,36.262183,0,0,,226,1272,0,407,865,1151925,18405002,0,e71921242e30ce07,,0,5.27
20260927T200206Z-0624,a02119d6d84fde7d,449316,delta-omp,cpu,resident,s1,120,1,0,0,0,warm,24,1,12,37.108375,0,2.408174,0,34.699473,0,0,,225,1281,0,403,878,1151628,18398828,0,f41dc9fe270f1384,,0,5.27
20260927T200206Z-0624,a02119d6d84fde7d,756923,delta-omp,cpu,resident,s1,121,1,0,0,0,warm,24,1,12,36.802709,0,2.271131,0,34.530902,0,0,,223,1268,0,403,865,1151520,18398350,0,730d81ca459c7d39,,0,5.27
20260927T200206Z-0624,a02119d6d84fde7d,340776,delta-omp,cpu,resident,s1,122,1,0,0,0,warm,24,1,12,37.242747,0,2.276066,0,34.966135,0,0,,226,1271,0,405,866,1152220,18409180,0,2a9e0229dc6d7231,,0,5.27
20260927T200206Z-0624,a02119d6d84fde7d,91142,delta-omp,cpu,resident,s1,123,1,0,0,0,warm,24,1,12,36.906313,0,2.27831,0,34.627527,0,0,,227,1273,0,407,866,1152225,18409360,0,80a11b9737c68068,,0,5.27
20260927T200206Z-0624,a02119d6d84fde7d,419442,delta-omp,cpu,resident,s1,124,1,0,0,0,warm,24,1,12,37.020884,0,2.255937,0,34.764533,0,0,,225,1272,0,405,867,1152404,18412066,0,dfb110aeb00a09e5,,0,5.27
20260927T200206Z-0624,a02119d6d84fde7d,338937,delta-omp,cpu,resident,s1,125,1,0,0,0,warm,24,1,12,37.108791,0,2.267432,0,34.840945,0,0,,223,1250,0,400,850,1151912,18404258,0,ec976827ae29462d,,0,5.27
20260927T200206Z-0624,a02119d6d84fde7d,449658,delta-omp,cpu,resident,s1,126,1,0,0,0,warm,24,1,12,36.886898,0,2.286908,0,34.599599,0,0,,224,1260,0,402,858,1151853,18400002,0,4b2b26a5c1210c90,,0,5.27
20260927T200206Z-0624,a02119d6d84fde7d,151978,delta-omp,cpu,resident,s1,127,1,0,0,0,warm,24,1,12,37.266056,0,2.282779,0,34.982685,0,0.000171,,223,1273,0,405,868,1152283,18410988,0,556e29d1d3b563fe,,0,5.27
20260927T200206Z-0624,a02119d6d84fde7d,12612,gpu-frontier,gpu,resident,s1,0,1,0,0,1,warm,0,1,0,17.660969,0,0.30196,4.34492779,12.5275517,0.459368,0,,304,304,304,0,0,8737389,69310321,0,28bdae51db7991a6,2508.60087,0,5.27
20260927T200206Z-0624,a02119d6d84fde7d,583477,gpu-frontier,gpu,resident,s1,1,1,0,0,1,warm,0,1,0,13.568373,0,0,0,13.0436478,0.510263,0,,312,312,312,0,0,9072585,71977818,0,8968d07a93769c87,2509.24048,0,5.27
20260927T200206Z-0624,a02119d6d84fde7d,587775,gpu-frontier,gpu,resident,s1,2,1,0,0,1,warm,0,1,0,12.348727,0,0,0,11.859808,0.475498,0,,308,308,308,0,0,8014253,63540130,0,c3357c46101bc7ed,2508.92063,0,5.27
20260927T200206Z-0624,a02119d6d84fde7d,457329,gpu-frontier,gpu,resident,s1,3,1,0,0,1,warm,0,1,0,13.365672,0,0,0,12.8881598,0.463658,0,,309,309,309,0,0,8936540,70883071,0,da60d169724ebe65,2509.16036,0,5.27
20260927T200206Z-0624,a02119d6d84fde7d,284703,gpu-frontier,gpu,resident,s1,4,1,0,0,1,warm,0,1,0,14.706513,0,0,0,14.2478724,0.444205,0,,310,310,310,0,0,10249655,81374701,0,e711fafca6bfd4d7,2509.24048,0,5.27
20260927T200206Z-0624,a02119d6d84fde7d,83249,gpu-frontier,gpu,resident,s1,5,1,0,0,1,warm,0,1,0,14.524472,0,0,0,14.0830078,0.428721,0,,310,310,310,0,0,10013135,79494118,0,4e52248775f10ee5,2511.32088,0,5.27
20260927T200206Z-0624,a02119d6d84fde7d,590008,gpu-frontier,gpu,resident,s1,6,1,0,0,1,warm,0,1,0,13.675751,0,0,0,13.2340479,0.429418,0,,306,306,306,0,0,9284770,73687998,0,8ccb9846f0ee1fda,2508.60087,0,5.27
20260927T200206Z-0624,a02119d6d84fde7d,764305,gpu-frontier,gpu,resident,s1,7,1,0,0,1,warm,0,1,0,13.411994,0,0,0,12.9695044,0.42892,0,,310,310,310,0,0,8987767,71298898,0,6e0bb1106251602f,2511.16068,0,5.27
20260927T200206Z-0624,a02119d6d84fde7d,299143,gpu-frontier,gpu,resident,s1,8,1,0,0,1,warm,0,1,0,13.135264,0,0,0,12.695488,0.426561,0,,313,313,313,0,0,8812490,69905849,0,3a6af29ba834619f,2508.68095,0,5.27
20260927T200206Z-0624,a02119d6d84fde7d,101624,gpu-frontier,gpu,resident,s1,9,1,0,0,1,warm,0,1,0,12.061906,0,0,0,11.6232643,0.425256,0,,303,303,303,0,0,7919852,62778012,0,824098ec8ac7de79,2510.20022,0,5.27
20260927T200206Z-0624,a02119d6d84fde7d,341320,gpu-frontier,gpu,resident,s1,10,1,0,0,1,warm,0,1,0,13.324196,0,0,0,12.8850555,0.425405,0,,308,308,308,0,0,9008402,71451390,0,b0ba4213988f452b,2508.76074,0,5.27
20260927T200206Z-0624,a02119d6d84fde7d,16014,gpu-frontier,gpu,resident,s1,11,1,0,0,1,warm,0,1,0,14.759949,0,0,0,14.3306236,0.416646,0,,310,310,310,0,0,10343886,82125218,0,a00bd5f109b6340e,2509.00044,0,5.27
20260927T200206Z-0624,a02119d6d84fde7d,474855,gpu-frontier,gpu,resident,s1,12,1,0,0,1,warm,0,1,0,15.111986,0,0,0,14.6708479,0.42786,0,,314,314,314,0,0,10647510,84528625,0,028d9427e762a866,2508.60087,0,5.27
20260927T200206Z-0624,a02119d6d84fde7d,780517,gpu-frontier,gpu,resident,s1,13,1,0,0,1,warm,0,1,0,11.687734,0,0,0,11.2516804,0.422932,0,,302,302,302,0,0,7389551,58566820,0,f57cb7273e76c9b5,2509.00044,0,5.27
20260927T200206Z-0624,a02119d6d84fde7d,948113,gpu-frontier,gpu,resident,s1,14,1,0,0,1,warm,0,1,0,10.962832,0,0,0,10.5224323,0.427299,0,,305,305,305,0,0,7482415,59292026,0,1937c9c045d04233,2513.72573,0,5.27
20260927T200206Z-0624,a02119d6d84fde7d,618424,gpu-frontier,gpu,resident,s1,15,1,0,0,1,warm,0,1,0,11.283256,0,0,0,10.7895679,0.480394,0,,304,304,304,0,0,7828529,62062387,0,7256939aaa048106,2512.2022,0,5.27
20260927T200206Z-0624,a02119d6d84fde7d,826214,gpu-frontier,gpu,resident,s1,16,1,0,0,1,warm,0,1,0,14.144,0,0,0,13.7065916,0.422798,0,,312,312,312,0,0,10808593,85829583,0,b27f0a39a9b0e982,2513.72573,0,5.27
20260927T200206Z-0624,a02119d6d84fde7d,406369,gpu-frontier,gpu,resident,s1,17,1,0,0,1,warm,0,1,0,11.345414,0,0,0,10.9104958,0.422585,0,,312,312,312,0,0,7667731,60775756,0,5a0bc74ecd575f16,2513.72573,0,5.27
20260927T200206Z-0624,a02119d6d84fde7d,963197,gpu-frontier,gpu,resident,s1,18,1,0,0,1,warm,0,1,0,12.804374,0,0,0,12.3676157,0.423425,0,,308,308,308,0,0,9397427,74577210,0,fbb9405d847378bc,2513.72573,0,5.27
20260927T200206Z-0624,a02119d6d84fde7d,71507,gpu-frontier,gpu,resident,s1,19,1,0,0,1,warm,0,1,0,12.533609,0,0,0,12.091136,0.429762,0,,309,309,309,0,0,9025146,71604472,0,702d6d5587c052d1,2513.72573,0,5.27
20260927T200206Z-0624,a02119d6d84fde7d,544495,gpu-frontier,gpu,resident,s1,20,1,0,0,1,warm,0,1,0,12.578209,0,0,0,12.1280317,0.438154,0,,306,306,306,0,0,9176428,72793923,0,e48611890b9253a5,2512.2022,0,5.27
20260927T200206Z-0624,a02119d6d84fde7d,74604,gpu-frontier,gpu,resident,s1,21,1,0,0,1,warm,0,1,0,13.510259,0,0,0,13.0364799,0.461483,0,,312,312,312,0,0,10005354,79408579,0,685cee8f92989b3f,2513.72573,0,5.27
20260927T200206Z-0624,a02119d6d84fde7d,498463,gpu-frontier,gpu,resident,s1,22,1,0,0,1,warm,0,1,0,12.95433,0,0,0,12.503808,0.437099,0,,308,308,308,0,0,9545423,75760505,0,6039eae81483ac7b,2513.72573,0,5.27
20260927T200206Z-0624,a02119d6d84fde7d,532500,gpu-frontier,gpu,resident,s1,23,1,0,0,1,warm,0,1,0,12.04365,0,0,0,11.6014404,0.426952,0,,308,308,308,0,0,8641220,68531768,0,6c4a508dceefca06,2513.72573,0,5.27
20260927T200206Z-0624,a02119d6d84fde7d,594991,gpu-frontier,gpu,resident,s1,24,1,0,0,1,warm,0,1,0,11.327417,0,0,0,10.7984324,0.514896,0,,304,304,304,0,0,7697325,61015830,0,8c5ea2cc267ed78e,2514.28751,0,5.27
20260927T200206Z-0624,a02119d6d84fde7d,67444,gpu-frontier,gpu,resident,s1,25,1,0,0,1,warm,0,1,0,11.510515,0,0,0,11.0108156,0.486574,0,,307,307,307,0,0,7869729,62373212,0,e6b21197edb81682,2513.72573,0,5.27
20260927T200206Z-0624,a02119d6d84fde7d,848826,gpu-frontier,gpu,resident,s1,26,1,0,0,1,warm,0,1,0,13.113385,0,0,0,12.6267519,0.471676,0,,316,316,316,0,0,9502146,75405809,0,7fc02cf236211190,2513.72573,0,5.27
20260927T200206Z-0624,a02119d6d84fde7d,696864,gpu-frontier,gpu,resident,s1,27,1,0,0,1,warm,0,1,0,13.34987,0,0,0,12.8899202,0.443557,0,,310,310,310,0,0,9852922,78207835,0,1f5ae3f04977baeb,2513.72573,0,5.27
20260927T200206Z-0624,a02119d6d84fde7d,809315,gpu-frontier,gpu,resident,s1,28,1,0,0,1,warm,0,1,0,11.877758,0,0,0,11.4050236,0.46031,0,,306,306,306,0,0,8414943,66735115,0,ae4946ccd75238cd,2513.72573,0,5.27
20260927T200206Z-0624,a02119d6d84fde7d,888073,gpu-frontier,gpu,resident,s1,29,1,0,0,1,warm,0,1,0,11.930931,0,0,0,11.4838724,0.435512,0,,304,304,304,0,0,8333285,66098504,0,242dd6e21c631498,2513.72573,0,5.27
20260927T200206Z-0624,a02119d6d84fde7d,120977,gpu-frontier,gpu,resident,s1,30,1,0,0,1,warm,0,1,0,13.027412,0,0,0,12.5847359,0.429092,0,,312,312,312,0,0,9613763,76298508,0,61978cef1982d278,2513.72573,0,5.27
20260927T200206Z-0624,a02119d6d84fde7d,227134,gpu-frontier,gpu,resident,s1,31,1,0,0,1,warm,0,1,0,12.121769,0,0,0,11.6816645,0.427424,0,,309,309,309,0,0,8672678,68790527,0,8bb075d498e81ac3,2513.72573,0,5.27
20260927T200206Z-0624,a02119d6d84fde7d,828516,gpu-frontier,gpu,resident,s1,32,1,0,0,1,warm,0,1,0,13.812476,0,0,0,13.368288,0.431656,0,,312,312,312,0,0,10458216,83032530,0,a80260e3dc7e7c05,2513.72573,0,5.27
20260927T200206Z-0624,a02119d6d84fde7d,599128,gpu-frontier,gpu,resident,s1,33,1,0,0,1,warm,0,1,0,10.745973,0,0,0,10.3014717,0.430957,0,,300,300,300,0,0,7254731,57482528,0,adee1a46fbe8f4a1,2513.48513,0,5.27
20260927T200206Z-0624,a02119d6d84fde7d,962318,gpu-frontier,gpu,resident,s1,34,1,0,0,1,warm,0,1,0,11.700051,0,0,0,11.2640324,0.424027,0,,310,310,310,0,0,8166108,64747096,0,4cceca57322c2505,2511.88159,0,5.27
20260927T200206Z-0624,a02119d6d84fde7d,865743,gpu-frontier,gpu,resident,s1,35,1,0,0,1,warm,0,1,0,13.220719,0,0,0,12.791584,0.416689,0,,308,308,308,0,0,9861668,78252049,0,7bbfc1f62785203a,2512.04188,0,5.27
20260927T200206Z-0624,a02119d6d84fde7d,638838,gpu-frontier,gpu,resident,s1,36,1,0,0,1,warm,0,1,0,11.069084,0,0,0,10.6168318,0.439317,0,,312,312,312,0,0,7497235,59417014,0,dde4ea3c97190154,2513.72573,0,5.27
20260927T200206Z-0624,a02119d6d84fde7d,789396,gpu-frontier,gpu,resident,s1,37,1,0,0,1,warm,0,1,0,12.556326,0,0,0,12.1045122,0.436978,0,,308,308,308,0,0,9105292,72236272,0,0f83afd66fff968b,2513.72573,0,5.27
20260927T200206Z-0624,a02119d6d84fde7d,787247,gpu-frontier,gpu,resident,s1,38,1,0,0,1,warm,0,1,0,10.918861,0,0,0,10.4712324,0.434721,0,,306,306,306,0,0,7329917,58076414,0,343a6af165e40ea0,2513.96638,0,5.27
20260927T200206Z-0624,a02119d6d84fde7d,643171,gpu-frontier,gpu,resident,s1,39,1,0,0,1,warm,0,1,0,11.220214,0,0,0,10.7805758,0.427055,0,,304,304,304,0,0,7666950,60773902,0,ebe49471cf26a366,2513.32465,0,5.27
20260927T200206Z-0624,a02119d6d84fde7d,742209,gpu-frontier,gpu,resident,s1,40,1,0,0,1,warm,0,1,0,11.407554,0,0,0,10.9618883,0.432914,0,,310,310,310,0,0,7977192,63245074,0,2e6086bf9f9c0969,2512.12189,0,5.27
20260927T200206Z-0624,a02119d6d84fde7d,98309,gpu-frontier,gpu,resident,s1,41,1,0,0,1,warm,0,1,0,12.235904,0,0,0,11.797184,0.425689,0,,310,310,310,0,0,8768279,69560792,0,f74896e8208dc1fe,2514.28751,0,5.27
20260927T200206Z-0624,a02119d6d84fde7d,809671,gpu-frontier,gpu,resident,s1,42,1,0,0,1,warm,0,1,0,10.206868,0,0,0,9.77295971,0.421628,0,,310,310,310,0,0,6820443,54015974,0,b75fe77907620429,2513.72573,0,5.27
20260927T200206Z-0624,a02119d6d84fde7d,682755,gpu-frontier,gpu,resident,s1,43,1,0,0,1,warm,0,1,0,10.992567,0,0,0,10.5533438,0.426813,0,,302,302,302,0,0,7527928,59676416,0,5aea28dc8118708f,2511.96159,0,5.27
20260927T200206Z-0624,a02119d6d84fde7d,866488,gpu-frontier,gpu,resident,s1,44,1,0,0,1,warm,0,1,0,11.030195,0,0,0,10.5961285,0.42093,0,,308,308,308,0,0,7470109,59191273,0,2ca945dc09e333f5,2512.04188,0,5.27
20260927T200206Z-0624,a02119d6d84fde7d,107501,gpu-frontier,gpu,resident,s1,45,1,0,0,1,warm,0,1,0,12.049243,0,0,0,11.6078396,0.428282,0,,306,306,306,0,0,8615713,68338521,0,525802c16d3dd706,2514.0468,0,5.27
20260927T200206Z-0624,a02119d6d84fde7d,719239,gpu-frontier,gpu,resident,s1,46,1,0,0,1,warm,0,1,0,12.501616,0,0,0,12.0637121,0.42526,0,,308,308,308,0,0,8974406,71195300,0,5fe141d595255199,2511.88159,0,5.27
20260927T200206Z-0624,a02119d6d84fde7d,970577,gpu-frontier,gpu,resident,s1,47,1,0,0,1,warm,0,1,0,12.351406,0,0,0,11.919136,0.418818,0,,309,309,309,0,0,8845071,70167474,0,a43fbb6fe42a36c5,2511.88159,0,5.27
20260927T200206Z-0624,a02119d6d84fde7d,519236,gpu-frontier,gpu,resident,s1,48,1,0,0,1,warm,0,1,0,13.315754,0,0,0,12.8766079,0.424725,0,,312,312,312,0,0,9803929,77810029,0,41f25342e055cad8,2512.04188,0,5.27
20260927T200206Z-0624,a02119d6d84fde7d,638059,gpu-frontier,gpu,resident,s1,49,1,0,0,1,warm,0,1,0,13.686705,0,0,0,13.2544317,0.420398,0,,310,310,310,0,0,10244514,81334821,0,65a0deeb6c0dd865,2511.96159,0,5.27
20260927T200206Z-0624,a02119d6d84fde7d,121166,gpu-frontier,gpu,resident,s1,50,1,0,0,1,warm,0,1,0,14.148499,0,0,0,13.7084484,0.427433,0,,310,310,310,0,0,10624840,84363637,0,ae4f21cdc3e83665,2513.72573,0,5.27
20260927T200206Z-0624,a02119d6d84fde7d,613670,gpu-frontier,gpu,resident,s1,51,1,0,0,1,warm,0,1,0,11.729984,0,0,0,11.2854404,0.429892,0,,305,305,305,0,0,8116784,64363867,0,4e3b565a51b0291d,2513.72573,0,5.27
20260927T200206Z-0624,a02119d6d84fde7d,70006,gpu-frontier,gpu,resident,s1,52,1,0,0,1,warm,0,1,0,13.414486,0,0,0,12.9697285,0.430801,0,,318,318,318,0,0,9866265,78303494,0,9b9e4e7fa671f322,2513.80584,0,5.27
20260927T200206Z-0624,a02119d6d84fde7d,74793,gpu-frontier,gpu,resident,s1,53,1,0,0,1,warm,0,1,0,13.071286,0,0,0,12.5980482,0.456383,0,,309,309,309,0,0,9454321,75017825,0,ecf2eedd6dd9cfb8,2513.72573,0,5.27
20260927T200206Z-0624,a02119d6d84fde7d,733218,gpu-frontier,gpu,resident,s1,54,1,0,0,1,warm,0,1,0,13.410856,0,0,0,12.9410877,0.451738,0,,314,314,314,0,0,9870539,78342228,0,3678dc385e71ccef,2513.80584,0,5.27
20260927T200206Z-0624,a02119d6d84fde7d,152853,gpu-frontier,gpu,resident,s1,55,1,0,0,1,warm,0,1,0,11.961522,0,0,0,11.5259838,0.421657,0,,306,306,306,0,0,8523698,67607405,0,06befad1b58e791b,2512.2022,0,5.27
20260927T200206Z-0624,a02119d6d84fde7d,533256,gpu-frontier,gpu,resident,s1,56,1,0,0,1,warm,0,1,0,13.288983,0,0,0,12.820384,0.455743,0,,306,306,306,0,0,9774288,77588183,0,de6a85be3831195e,2513.00376,0,5.27
20260927T200206Z-0624,a02119d6d84fde7d,297117,gpu-frontier,gpu,resident,s1,57,1,0,0,1,warm,0,1,0,11.540122,0,0,0,11.0908155,0.429935,0,,307,307,307,0,0,7997366,63401758,0,22aa6d8bb71af2da,2513.72573,0,5.27
20260927T200206Z-0624,a02119d6d84fde7d,900482,gpu-frontier,gpu,resident,s1,58,1,0,0,1,warm,0,1,0,13.453838,0,0,0,12.9922562,0.448595,0,,308,308,308,0,0,9962840,79070185,0,e5b584d12adce633,2513.72573,0,5.27
20260927T200206Z-0624,a02119d6d84fde7d,951617,gpu-frontier,gpu,resident,s1,59,1,0,0,1,warm,0,1,0,12.387996,0,0,0,11.9376001,0.437271,0,,309,309,309,0,0,8858064,70276783,0,0520e2b524dbc735,2513.24427,0,5.27
20260927T200206Z-0624,a02119d6d84fde7d,329606,gpu-frontier,gpu,resident,s1,60,1,0,0,1,warm,0,1,0,11.743193,0,0,0,11.29984,0.43156,0,,306,306,306,0,0,8391401,66551677,0,936869a3a01e1ec8,2513.72573,0,5.27
20260927T200206Z-0624,a02119d6d84fde7d,818843,gpu-frontier,gpu,resident,s1,61,1,0,0,1,warm,0,1,0,12.031382,0,0,0,11.5923843,0.425965,0,,306,306,306,0,0,8610246,68301129,0,52282c7c008cd16f,2513.72573,0,5.27
20260927T200206Z-0624,a02119d6d84fde7d,924064,gpu-frontier,gpu,resident,s1,62,1,0,0,1,warm,0,1,0,12.441294,0,0,0,12.0000324,0.428445,0,,308,308,308,0,0,9017356,71519986,0,ce26a1db90a68c18,2513.72573,0,5.27
20260927T200206Z-0624,a02119d6d84fde7d,442646,gpu-frontier,gpu,resident,s1,63,1,0,0,1,warm,0,1,0,12.90643,0,0,0,12.4648962,0.428919,0,,310,310,310,0,0,9386183,74481030,0,f61df11d33686108,2513.72573,0,5.27
20260927T200206Z-0624,a02119d6d84fde7d,933032,gpu-frontier,gpu,resident,s1,64,1,0,0,1,warm,0,1,0,12.008159,0,0,0,11.5698881,0.42527,0,,303,303,303,0,0,8649871,68615417,0,4dcf4e02a288d19c,2513.72573,0,5.27
20260927T200206Z-0624,a02119d6d84fde7d,340699,gpu-frontier,gpu,resident,s1,65,1,0,0,1,warm,0,1,0,13.640468,0,0,0,13.2083521,0.420476,0,,312,312,312,0,0,10281760,81620513,0,48532874b2b9d0d2,2512.04188,0,5.27
20260927T200206Z-0624,a02119d6d84fde7d,196865,gpu-frontier,gpu,resident,s1,66,1,0,0,1,warm,0,1,0,12.990542,0,0,0,12.5563517,0.421398,0,,316,316,316,0,0,9507978,75452110,0,e44d3db783fbdadd,2511.72132,0,5.27
20260927T200206Z-0624,a02119d6d84fde7d,422576,gpu-frontier,gpu,resident,s1,67,1,0,0,1,warm,0,1,0,12.840682,0,0,0,12.4035835,0.424262,0,,306,306,306,0,0,9382274,74451610,0,4d948852be51cda0,2513.72573,0,5.27
20260927T200206Z-0624,a02119d6d84fde7d,199973,gpu-frontier,gpu,resident,s1,68,1,0,0,1,warm,0,1,0,12.864781,0,0,0,12.4330559,0.418846,0,,308,308,308,0,0,9367391,74338590,0,15b0e80fbc151e38,2513.96638,0,5.27
20260927T200206Z-0624,a02119d6d84fde7d,775044,gpu-frontier,gpu,resident,s1,69,1,0,0,1,warm,0,1,0,14.11781,0,0,0,13.6686716,0.435106,0,,310,310,310,0,0,10615990,84298863,0,cb1446d88a2be850,2513.72573,0,5.27
20260927T200206Z-0624,a02119d6d84fde7d,626100,gpu-frontier,gpu,resident,s1,70,1,0,0,1,warm,0,1,0,10.370408,0,0,0,9.93158436,0.426644,0,,302,302,302,0,0,6767516,53595599,0,3faba6d5b060898c,2514.44811,0,5.27
20260927T200206Z-0624,a02119d6d84fde7d,257641,gpu-frontier,gpu,resident,s1,71,1,0,0,1,warm,0,1,0,12.322408,0,0,0,11.883296,0.425644,0,,311,311,311,0,0,8772860,69591149,0,a978bbf71a2b658f,2513.72573,0,5.27
20260927T200206Z-0624,a02119d6d84fde7d,617297,gpu-frontier,gpu,resident,s1,72,1,0,0,1,warm,0,1,0,14.115961,0,0,0,13.6834564,0.419142,0,,314,314,314,0,0,10661080,84660741,0,3fb7729b73b5db0f,2513.72573,0,5.27
20260927T200206Z-0624,a02119d6d84fde7d,563755,gpu-frontier,gpu,resident,s1,73,1,0,0,1,warm,0,1,0,12.413869,0,0,0,11.976512,0.424315,0,,306,306,306,0,0,8863183,70300777,0,742e1e4a72ddaece,2513.32465,0,5.27
20260927T200206Z-0624,a02119d6d84fde7d,87865,gpu-frontier,gpu,resident,s1,74,1,0,0,1,warm,0,1,0,12.961537,0,0,0,12.5304642,0.418063,0,,312,312,312,0,0,9438557,74888793,0,73627407399df493,2513.72573,0,5.27
20260927T200206Z-0624,a02119d6d84fde7d,71898,gpu-frontier,gpu,resident,s1,75,1,0,0,1,warm,0,1,0,11.789135,0,0,0,11.3518724,0.424626,0,,303,303,303,0,0,8411010,66682974,0,1bd55c95765ebb70,2513.32465,0,5.27
20260927T200206Z-0624,a02119d6d84fde7d,847158,gpu-frontier,gpu,resident,s1,76,1,0,0,1,warm,0,1,0,12.43933,0,0,0,12.003808,0.422714,0,,310,310,310,0,0,8912772,70692069,0,f84814ba52a3fddb,2511.96159,0,5.27
20260927T200206Z-0624,a02119d6d84fde7d,934069,gpu-frontier,gpu,resident,s1,77,1,0,0,1,warm,0,1,0,12.969298,0,0,0,12.5367041,0.419582,0,,308,308,308,0,0,9484840,75269298,0,3fce213adbd918e5,2513.72573,0,5.27
20260927T200206Z-0624,a02119d6d84fde7d,666677,gpu-frontier,gpu,resident,s1,78,1,0,0,1,warm,0,1,0,12.960584,0,0,0,12.5182076,0.42946,0,,308,308,308,0,0,9442166,74931862,0,9eb243abea190fd7,2513.72573,0,5.27
20260927T200206Z-0624,a02119d6d84fde7d,709223,gpu-frontier,gpu,resident,s1,79,1,0,0,1,warm,0,1,0,11.203096,0,0,0,10.7446718,0.444254,0,,302,302,302,0,0,7642252,60585665,0,7c91801c56145383,2512.04188,0,5.27
20260927T200206Z-0624,a02119d6d84fde7d,497308,gpu-frontier,gpu,resident,s1,80,1,0,0,1,warm,0,1,0,12.796747,0,0,0,12.3499203,0.433867,0,,311,311,311,0,0,9326869,74004205,0,12fa6679e1d7c1dd,2511.64134,0,5.27
20260927T200206Z-0624,a02119d6d84fde7d,354623,gpu-frontier,gpu,resident,s1,81,1,0,0,1,warm,0,1,0,11.222359,0,0,0,10.7835836,0.426216,0,,312,312,312,0,0,7518704,59584409,0,38aa81bd9bda3307,2513.72573,0,5.27
20260927T200206Z-0624,a02119d6d84fde7d,997813,gpu-frontier,gpu,resident,s1,82,1,0,0,1,warm,0,1,0,10.729478,0,0,0,10.2919998,0.424213,0,,302,302,302,0,0,7358725,58321854,0,cd72e1e1ae5946fd,2513.72573,0,5.27
20260927T200206Z-0624,a02119d6d84fde7d,886524,gpu-frontier,gpu,resident,s1,83,1,0,0,1,warm,0,1,0,12.574551,0,0,0,12.1097918,0.451898,0,,309,309,309,0,0,9064999,71912872,0,1e8eed6faf744f5d,2514.12694,0,5.27
20260927T200206Z-0624,a02119d6d84fde7d,26760,gpu-frontier,gpu,resident,s1,84,1,0,0,1,warm,0,1,0,12.103355,0,0,0,11.5766077,0.513695,0,,314,314,314,0,0,8340133,66142504,0,47842c3440e845d2,2513.72573,0,5.27
20260927T200206Z-0624,a02119d6d84fde7d,914247,gpu-frontier,gpu,resident,s1,85,1,0,0,1,warm,0,1,0,11.772302,0,0,0,11.2322559,0.525894,0,,306,306,306,0,0,8149756,64614075,0,02ff3d571c234946,2513.24427,0,5.27
20260927T200206Z-0624,a02119d6d84fde7d,743152,gpu-frontier,gpu,resident,s1,86,1,0,0,1,warm,0,1,0,12.680915,0,0,0,12.1823683,0.482208,0,,308,308,308,0,0,9109107,72275698,0,487cb6841969b9a7,2513.72573,0,5.27
20260927T200206Z-0624,a02119d6d84fde7d,1012998,gpu-frontier,gpu,resident,s1,87,1,0,0,1,warm,0,1,0,13.010543,0,0,0,12.5623035,0.433197,0,,306,306,306,0,0,9624993,76395115,0,d2569ce76bc72320,2513.72573,0,5.27
20260927T200206Z-0624,a02119d6d84fde7d,382778,gpu-frontier,gpu,resident,s1,88,1,0,0,1,warm,0,1,0,12.002885,0,0,0,11.538208,0.451861,0,,306,306,306,0,0,8483975,67269620,0,4363f1642bf9ca8b,2513.72573,0,5.27
20260927T200206Z-0624,a02119d6d84fde7d,385604,gpu-frontier,gpu,resident,s1,89,1,0,0,1,warm,0,1,0,12.714892,0,0,0,12.2042561,0.496668,0,,308,308,308,0,0,9058176,71861681,0,2f834d6f19a7075f,2513.72573,0,5.27
20260927T200206Z-0624,a02119d6d84fde7d,40272,gpu-frontier,gpu,resident,s1,90,1,0,0,1,warm,0,1,0,10.466548,0,0,0,10.005024,0.44794,0,,303,303,303,0,0,7017380,55586269,0,033d42e0e845d7e5,2513.24427,0,5.27
20260927T200206Z-0624,a02119d6d84fde7d,70075,gpu-frontier,gpu,resident,s1,91,1,0,0,1,warm,0,1,0,11.300869,0,0,0,10.8481283,0.43929,0,,312,312,312,0,0,7697059,61005214,0,0e609080489e53c9,2513.80584,0,5.27
20260927T200206Z-0624,a02119d6d84fde7d,733041,gpu-frontier,gpu,resident,s1,92,1,0,0,1,warm,0,1,0,12.963619,0,0,0,12.5180159,0.430498,0,,312,312,312,0,0,9371907,74372068,0,3643fcf2fc535160,2511.88159,0,5.27
20260927T200206Z-0624,a02119d6d84fde7d,405276,gpu-frontier,gpu,resident,s1,93,1,0,0,1,warm,0,1,0,13.092432,0,0,0,12.6545277,0.425579,0,,308,308,308,0,0,9709305,77070429,0,fd1e692198445bb9,2513.72573,0,5.27
20260927T200206Z-0624,a02119d6d84fde7d,167751,gpu-frontier,gpu,resident,s1,94,1,0,0,1,warm,0,1,0,11.910722,0,0,0,11.4737282,0.423933,0,,309,309,309,0,0,8329426,66048611,0,a9f30ead5b83afef,2513.72573,0,5.27
20260927T200206Z-0624,a02119d6d84fde7d,140065,gpu-frontier,gpu,resident,s1,95,1,0,0,1,warm,0,1,0,13.7726,0,0,0,13.201664,0.55612,0,,313,313,313,0,0,9969124,79114768,0,c963d08625067b4f,2513.72573,0,5.27
20260927T200206Z-0624,a02119d6d84fde7d,729933,gpu-frontier,gpu,resident,s1,96,1,0,0,1,warm,0,1,0,11.874851,0,0,0,11.3048325,0.549363,0,,307,307,307,0,0,8240200,65346850,0,7dcf2dfe66bf4fdd,2513.72573,0,5.27
20260927T200206Z-0624,a02119d6d84fde7d,755777,gpu-frontier,gpu,resident,s1,97,1,0,0,1,warm,0,1,0,11.56749,0,0,0,10.9915199,0.555768,0,,304,304,304,0,0,7932603,62882866,0,7f0d5a5b7ea2447b,2513.72573,0,5.27
20260927T200206Z-0624,a02119d6d84fde7d,374017,gpu-frontier,gpu,resident,s1,98,1,0,0,1,warm,0,1,0,12.210357,0,0,0,11.6301756,0.560108,0,,309,309,309,0,0,8553154,67834362,0,d10a072229bfa198,2513.72573,0,5.27
20260927T200206Z-0624,a02119d6d84fde7d,523181,gpu-frontier,gpu,resident,s1,99,1,0,0,1,warm,0,1,0,12.932946,0,0,0,12.4209604,0.497176,0,,316,316,316,0,0,9224013,73191198,0,0516a7edf2d4942e,2511.8016,0,5.27
20260927T200206Z-0624,a02119d6d84fde7d,971309,gpu-frontier,gpu,resident,s1,100,1,0,0,1,warm,0,1,0,13.011851,0,0,0,12.549984,0.448056,0,,312,312,312,0,0,9496793,75364604,0,31284766928f478b,2513.80584,0,5.27
20260927T200206Z-0624,a02119d6d84fde7d,881280,gpu-frontier,gpu,resident,s1,101,1,0,0,1,warm,0,1,0,12.907485,0,0,0,12.462944,0.431595,0,,316,316,316,0,0,9343969,74141799,0,105ad01f64cd1e6d,2514.20737,0,5.27
20260927T200206Z-0624,a02119d6d84fde7d,608349,gpu-frontier,gpu,resident,s1,102,1,0,0,1,warm,0,1,0,14.130852,0,0,0,13.6866236,0.431452,0,,312,312,312,0,0,10720399,85120818,0,0ee13460b9253d30,2513.24427,0,5.27
20260927T200206Z-0624,a02119d6d84fde7d,1008613,gpu-frontier,gpu,resident,s1,103,1,0,0,1,warm,0,1,0,11.426392,0,0,0,10.9884157,0.423368,0,,307,307,307,0,0,7852888,62248881,0,125d1a176c793bd5,2514.20737,0,5.27
20260927T200206Z-0624,a02119d6d84fde7d,1045308,gpu-frontier,gpu,resident,s1,104,1,0,0,1,warm,0,1,0,12.157957,0,0,0,11.6959038,0.449813,0,,304,304,304,0,0,8762380,69509295,0,0cb884375ad7b6c6,2513.72573,0,5.27
20260927T200206Z-0624,a02119d6d84fde7d,730296,gpu-frontier,gpu,resident,s1,105,1,0,0,1,warm,0,1,0,12.011342,0,0,0,11.5697603,0.428392,0,,306,306,306,0,0,8582944,68076816,0,4167dbc6d1d656ac,2514.36796,0,5.27
20260927T200206Z-0624,a02119d6d84fde7d,850921,gpu-frontier,gpu,resident,s1,106,1,0,0,1,warm,0,1,0,13.314634,0,0,0,12.8736,0.428414,0,,311,311,311,0,0,9596843,76162878,0,904d09fd99ea42dc,2513.72573,0,5.27
20260927T200206Z-0624,a02119d6d84fde7d,285373,gpu-frontier,gpu,resident,s1,107,1,0,0,1,warm,0,1,0,12.423019,0,0,0,11.9703035,0.439866,0,,314,314,314,0,0,8662681,68702480,0,ed27ad9f0a7ac75e,2513.72573,0,5.27
20260927T200206Z-0624,a02119d6d84fde7d,1003836,gpu-frontier,gpu,resident,s1,108,1,0,0,1,warm,0,1,0,12.444365,0,0,0,11.9877758,0.443555,0,,306,306,306,0,0,8766058,69547180,0,df72732439acd0dc,2511.88159,0,5.27
20260927T200206Z-0624,a02119d6d84fde7d,743148,gpu-frontier,gpu,resident,s1,109,1,0,0,1,warm,0,1,0,12.139331,0,0,0,11.6898241,0.436321,0,,304,304,304,0,0,8515006,67553242,0,b589d741a7aaf99b,2512.04188,0,5.27
20260927T200206Z-0624,a02119d6d84fde7d,784929,gpu-frontier,gpu,resident,s1,110,1,0,0,1,warm,0,1,0,12.650612,0,0,0,12.213728,0.424157,0,,306,306,306,0,0,9045707,71779915,0,6f82fbf133989e60,2512.12189,0,5.27
20260927T200206Z-0624,a02119d6d84fde7d,952239,gpu-frontier,gpu,resident,s1,111,1,0,0,1,warm,0,1,0,12.846547,0,0,0,12.4045439,0.4287,0,,308,308,308,0,0,9082938,72062843,0,ce3ab83ef0811b21,2513.72573,0,5.27
20260927T200206Z-0624,a02119d6d84fde7d,230809,gpu-frontier,gpu,resident,s1,112,1,0,0,1,warm,0,1,0,12.595781,0,0,0,12.1311045,0.451504,0,,312,312,312,0,0,8806112,69844178,0,bee4d5e4fca68824,2513.96638,0,5.27
20260927T200206Z-0624,a02119d6d84fde7d,781082,gpu-frontier,gpu,resident,s1,113,1,0,0,1,warm,0,1,0,11.447448,0,0,0,10.9996481,0.434467,0,,312,312,312,0,0,7546849,59811766,0,bc52de9104847a97,2513.72573,0,5.27
20260927T200206Z-0624,a02119d6d84fde7d,324361,gpu-frontier,gpu,resident,s1,114,1,0,0,1,warm,0,1,0,13.414132,0,0,0,12.945344,0.455962,0,,311,311,311,0,0,9592793,76127629,0,d9137775fce42dcc,2513.72573,0,5.27
20260927T200206Z-0624,a02119d6d84fde7d,354973,gpu-frontier,gpu,resident,s1,115,1,0,0,1,warm,0,1,0,14.165357,0,0,0,13.7258244,0.42661,0,,310,310,310,0,0,10430101,82813329,0,f648ab01e576a9e2,2512.04188,0,5.27
20260927T200206Z-0624,a02119d6d84fde7d,1031021,gpu-frontier,gpu,resident,s1,116,1,0,0,1,warm,0,1,0,12.820811,0,0,0,12.3708162,0.437924,0,,312,312,312,0,0,8981137,71253163,0,adf917acf700104b,2511.88159,0,5.27
20260927T200206Z-0624,a02119d6d84fde7d,776462,gpu-frontier,gpu,resident,s1,117,1,0,0,1,warm,0,1,0,12.818779,0,0,0,12.3747845,0.430846,0,,310,310,310,0,0,9331187,74041606,0,020d64c57708be11,2512.04188,0,5.27
20260927T200206Z-0624,a02119d6d84fde7d,878795,gpu-frontier,gpu,resident,s1,118,1,0,0,1,warm,0,1,0,11.775176,0,0,0,11.3355198,0.42709,0,,308,308,308,0,0,8284912,65697720,0,53f5a4ff9505386f,2513.72573,0,4.93
20260927T200206Z-0624,a02119d6d84fde7d,877605,gpu-frontier,gpu,resident,s1,119,1,0,0,1,warm,0,1,0,12.387475,0,0,0,11.9418564,0.432822,0,,306,306,306,0,0,8933691,70884017,0,e71921242e30ce07,2511.8016,0,4.93
20260927T200206Z-0624,a02119d6d84fde7d,449316,gpu-frontier,gpu,resident,s1,120,1,0,0,1,warm,0,1,0,12.403409,0,0,0,11.9652157,0.424837,0,,308,308,308,0,0,8913377,70709067,0,f41dc9fe270f1384,2513.48513,0,4.93
20260927T200206Z-0624,a02119d6d84fde7d,756923,gpu-frontier,gpu,resident,s1,121,1,0,0,1,warm,0,1,0,11.286096,0,0,0,10.8512964,0.422641,0,,308,308,308,0,0,7785722,61713205,0,730d81ca459c7d39,2514.0468,0,4.93
20260927T200206Z-0624,a02119d6d84fde7d,340776,gpu-frontier,gpu,resident,s1,122,1,0,0,1,warm,0,1,0,12.863601,0,0,0,12.4259844,0.424518,0,,311,311,311,0,0,9463491,75095324,0,2a9e0229dc6d7231,2512.2022,0,4.93
20260927T200206Z-0624,a02119d6d84fde7d,91142,gpu-frontier,gpu,resident,s1,123,1,0,0,1,warm,0,1,0,11.184254,0,0,0,10.7457275,0.42625,0,,305,305,305,0,0,7728239,61260165,0,80a11b9737c68068,2513.72573,0,4.93
20260927T200206Z-0624,a02119d6d84fde7d,419442,gpu-frontier,gpu,resident,s1,124,1,0,0,1,warm,0,1,0,11.83904,0,0,0,11.4081278,0.418918,0,,304,304,304,0,0,8401459,66629562,0,dfb110aeb00a09e5,2513.80584,0,4.93
20260927T200206Z-0624,a02119d6d84fde7d,338937,gpu-frontier,gpu,resident,s1,125,1,0,0,1,warm,0,1,0,12.938621,0,0,0,12.5,0.42568,0,,308,308,308,0,0,9449251,74988658,0,ec976827ae29462d,2513.96638,0,4.93
20260927T200206Z-0624,a02119d6d84fde7d,449658,gpu-frontier,gpu,resident,s1,126,1,0,0,1,warm,0,1,0,11.508162,0,0,0,11.076416,0.418623,0,,308,308,308,0,0,8004548,63454520,0,4b2b26a5c1210c90,2513.32465,0,4.93
20260927T200206Z-0624,a02119d6d84fde7d,151978,gpu-frontier,gpu,resident,s1,127,1,0,0,1,warm,0,1,0,13.840721,0,0,0,11.7890558,0.421613,1.617414,,310,310,310,0,0,8734910,69281648,0,556e29d1d3b563fe,2513.72573,0,4.93
20260927T200206Z-0624,a02119d6d84fde7d,12612,dial,cpu,resident,s1,0,1,0,0,2,warm,24,1,0,100.262409,0,1.376146,0,98.885719,0,0,,2632,0,0,0,0,1048496,8355840,0,28bdae51db7991a6,,0,4.93
20260927T200206Z-0624,a02119d6d84fde7d,583477,dial,cpu,resident,s1,1,1,0,0,2,warm,24,1,0,99.80708,0,1.1904,0,98.616144,0,0,,2649,0,0,0,0,1048496,8355840,0,8968d07a93769c87,,0,4.93
20260927T200206Z-0624,a02119d6d84fde7d,587775,dial,cpu,resident,s1,2,1,0,0,2,warm,24,1,0,102.291795,0,1.231964,0,101.059405,0,0,,2647,0,0,0,0,1048496,8355840,0,c3357c46101bc7ed,,0,4.93
20260927T200206Z-0624,a02119d6d84fde7d,457329,dial,cpu,resident,s1,3,1,0,0,2,warm,24,1,0,100.101267,0,1.215295,0,98.885524,0,0,,2671,0,0,0,0,1048496,8355840,0,da60d169724ebe65,,0,4.93
20260927T200206Z-0624,a02119d6d84fde7d,284703,dial,cpu,resident,s1,4,1,0,0,2,warm,24,1,0,99.857135,0,1.229184,0,98.627505,0,0,,2645,0,0,0,0,1048496,8355840,0,e711fafca6bfd4d7,,0,4.93
20260927T200206Z-0624,a02119d6d84fde7d,83249,dial,cpu,resident,s1,5,1,0,0,2,warm,24,1,0,100.244033,0,1.191131,0,99.052343,0,0,,2643,0,0,0,0,1048496,8355840,0,4e52248775f10ee5,,0,4.93
20260927T200206Z-0624,a02119d6d84fde7d,590008,dial,cpu,resident,s1,6,1,0,0,2,warm,24,1,0,100.400892,0,1.298097,0,99.102262,0,0,,2652,0,0,0,0,1048496,8355840,0,8ccb9846f0ee1fda,,0,4.93
20260927T200206Z-0624,a02119d6d84fde7d,764305,dial,cpu,resident,s1,7,1,0,0,2,warm,24,1,0,100.156605,0,1.300987,0,98.855006,0,0,,2662,0,0,0,0,1048496,8355840,0,6e0bb1106251602f,,0,4.93
20260927T200206Z-0624,a02119d6d84fde7d,299143,dial,cpu,resident,s1,8,1,0,0,2,warm,24,1,0,100.59123,0,1.262832,0,99.327771,0,0,,2664,0,0,0,0,1048496,8355840,0,3a6af29ba834619f,,0,4.93
20260927T200206Z-0624,a02119d6d84fde7d,101624,dial,cpu,resident,s1,9,1,0,0,2,warm,24,1,0,102.551165,0,1.251691,0,101.299071,0,0,,2646,0,0,0,0,1048496,8355840,0,824098ec8ac7de79,,0,4.93
20260927T200206Z-0624,a02119d6d84fde7d,341320,dial,cpu,resident,s1,10,1,0,0,2,warm,24,1,0,100.70838,0,1.189787,0,99.518049,0,0,,2626,0,0,0,0,1048496,8355840,0,b0ba4213988f452b,,0,4.93
20260927T200206Z-0624,a02119d6d84fde7d,16014,dial,cpu,resident,s1,11,1,0,0,2,warm,24,1,0,100.128154,0,1.185174,0,98.942341,0,0,,2653,0,0,0,0,1048496,8355840,0,a00bd5f109b6340e,,0,4.93
20260927T200206Z-0624,a02119d6d84fde7d,474855,dial,cpu,resident,s1,12,1,0,0,2,warm,24,1,0,102.005006,0,1.209084,0,100.795446,0,0,,2658,0,0,0,0,1048496,8355840,0,028d9427e762a866,,0,4.93
20260927T200206Z-0624,a02119d6d84fde7d,780517,dial,cpu,resident,s1,13,1,0,0,2,warm,24,1,0,100.60935,0,1.203136,0,99.405788,0,0,,2662,0,0,0,0,1048496,8355840,0,f57cb7273e76c9b5,,0,4.93
20260927T200206Z-0624,a02119d6d84fde7d,948113,dial,cpu,resident,s1,14,1,0,0,2,warm,24,1,0,104.257543,0,1.208918,0,103.048191,0,0,,2651,0,0,0,0,1048496,8355840,0,1937c9c045d04233,,0,4.93
20260927T200206Z-0624,a02119d6d84fde7d,618424,dial,cpu,resident,s1,15,1,0,0,2,warm,24,1,0,101.066399,0,1.201231,0,99.864628,0,0,,2669,0,0,0,0,1048496,8355840,0,7256939aaa048106,,0,4.93
20260927T200206Z-0624,a02119d6d84fde7d,826214,dial,cpu,resident,s1,16,1,0,0,2,warm,24,1,0,100.081278,0,1.204573,0,98.876142,0,0,,2658,0,0,0,0,1048496,8355840,0,b27f0a39a9b0e982,,0,4.93
20260927T200206Z-0624,a02119d6d84fde7d,406369,dial,cpu,resident,s1,17,1,0,0,2,warm,24,1,0,99.895794,0,1.203457,0,98.691928,0,0,,2641,0,0,0,0,1048496,8355840,0,5a0bc74ecd575f16,,0,4.93
20260927T200206Z-0624,a02119d6d84fde7d,963197,dial,cpu,resident,s1,18,1,0,0,2,warm,24,1,0,99.927938,0,1.169795,0,98.757612,0,0,,2662,0,0,0,0,1048496,8355840,0,fbb9405d847378bc,,0,4.93
20260927T200206Z-0624,a02119d6d84fde7d,71507,dial,cpu,resident,s1,19,1,0,0,2,warm,24,1,0,99.866693,0,1.197547,0,98.66869,0,0,,2658,0,0,0,0,1048496,8355840,0,702d6d5587c052d1,,0,4.93
20260927T200206Z-0624,a02119d6d84fde7d,544495,dial,cpu,resident,s1,20,1,0,0,2,warm,24,1,0,99.748347,0,1.190985,0,98.556896,0,0,,2665,0,0,0,0,1048496,8355840,0,e48611890b9253a5,,0,4.93
20260927T200206Z-0624,a02119d6d84fde7d,74604,dial,cpu,resident,s1,21,1,0,0,2,warm,24,1,0,99.985009,0,1.299897,0,98.684552,0,0,,2650,0,0,0,0,1048496,8355840,0,685cee8f92989b3f,,0,4.93
20260927T200206Z-0624,a02119d6d84fde7d,498463,dial,cpu,resident,s1,22,1,0,0,2,warm,24,1,0,103.307079,0,1.175415,0,102.131071,0,0,,2647,0,0,0,0,1048496,8355840,0,6039eae81483ac7b,,0,4.93
20260927T200206Z-0624,a02119d6d84fde7d,532500,dial,cpu,resident,s1,23,1,0,0,2,warm,24,1,0,99.864839,0,1.215481,0,98.648635,0,0,,2649,0,0,0,0,1048496,8355840,0,6c4a508dceefca06,,0,4.93
20260927T200206Z-0624,a02119d6d84fde7d,594991,dial,cpu,resident,s1,24,1,0,0,2,warm,24,1,0,100.029917,0,1.17449,0,98.854835,0,0,,2656,0,0,0,0,1048496,8355840,0,8c5ea2cc267ed78e,,0,4.93
20260927T200206Z-0624,a02119d6d84fde7d,67444,dial,cpu,resident,s1,25,1,0,0,2,warm,24,1,0,99.693573,0,1.213081,0,98.480036,0,0,,2640,0,0,0,0,1048496,8355840,0,e6b21197edb81682,,0,4.93
20260927T200206Z-0624,a02119d6d84fde7d,848826,dial,cpu,resident,s1,26,1,0,0,2,warm,24,1,0,99.365154,0,1.180845,0,98.183947,0,0,,2653,0,0,0,0,1048496,8355840,0,7fc02cf236211190,,0,4.93
20260927T200206Z-0624,a02119d6d84fde7d,696864,dial,cpu,resident,s1,27,1,0,0,2,warm,24,1,0,98.789081,0,1.196287,0,97.592326,0,0,,2652,0,0,0,0,1048496,8355840,0,1f5ae3f04977baeb,,0,4.93
20260927T200206Z-0624,a02119d6d84fde7d,809315,dial,cpu,resident,s1,28,1,0,0,2,warm,24,1,0,99.543282,0,1.189103,0,98.353708,0,0,,2625,0,0,0,0,1048496,8355840,0,ae4946ccd75238cd,,0,4.93
20260927T200206Z-0624,a02119d6d84fde7d,888073,dial,cpu,resident,s1,29,1,0,0,2,warm,24,1,0,99.646805,0,1.191621,0,98.454698,0,0,,2657,0,0,0,0,1048496,8355840,0,242dd6e21c631498,,0,4.93
20260927T200206Z-0624,a02119d6d84fde7d,120977,dial,cpu,resident,s1,30,1,0,0,2,warm,24,1,0,99.396549,0,1.187226,0,98.208829,0,0,,2668,0,0,0,0,1048496,8355840,0,61978cef1982d278,,0,4.93
20260927T200206Z-0624,a02119d6d84fde7d,227134,dial,cpu,resident,s1,31,1,0,0,2,warm,24,1,0,100.044206,0,1.210763,0,98.833021,0,0,,2648,0,0,0,0,1048496,8355840,0,8bb075d498e81ac3,,0,4.93
20260927T200206Z-0624,a02119d6d84fde7d,828516,dial,cpu,resident,s1,32,1,0,0,2,warm,24,1,0,101.975959,0,1.168571,0,100.806981,0,0,,2639,0,0,0,0,1048496,8355840,0,a80260e3dc7e7c05,,0,4.93
20260927T200206Z-0624,a02119d6d84fde7d,599128,dial,cpu,resident,s1,33,1,0,0,2,warm,24,1,0,100.27541,0,1.249853,0,99.024842,0,0,,2649,0,0,0,0,1048496,8355840,0,adee1a46fbe8f4a1,,0,4.93
20260927T200206Z-0624,a02119d6d84fde7d,962318,dial,cpu,resident,s1,34,1,0,0,2,warm,24,1,0,104.013923,0,1.171155,0,102.842309,0,0,,2643,0,0,0,0,1048496,8355840,0,4cceca57322c2505,,0,4.93
20260927T200206Z-0624,a02119d6d84fde7d,865743,dial,cpu,resident,s1,35,1,0,0,2,warm,24,1,0,101.492013,0,1.272168,0,100.219419,0,0,,2631,0,0,0,0,1048496,8355840,0,7bbfc1f62785203a,,0,4.93
20260927T200206Z-0624,a02119d6d84fde7d,638838,dial,cpu,resident,s1,36,1,0,0,2,warm,24,1,0,99.960784,0,1.17439,0,98.785717,0,0,,2634,0,0,0,0,1048496,8355840,0,dde4ea3c97190154,,0,4.93
20260927T200206Z-0624,a02119d6d84fde7d,789396,dial,cpu,resident,s1,37,1,0,0,2,warm,24,1,0,99.824345,0,1.180031,0,98.643854,0,0,,2625,0,0,0,0,1048496,8355840,0,0f83afd66fff968b,,0,4.93
20260927T200206Z-0624,a02119d6d84fde7d,787247,dial,cpu,resident,s1,38,1,0,0,2,warm,24,1,0,97.355187,0,1.17176,0,96.183012,0,0,,2638,0,0,0,0,1048496,8355840,0,343a6af165e40ea0,,0,4.93
20260927T200206Z-0624,a02119d6d84fde7d,643171,dial,cpu,resident,s1,39,1,0,0,2,warm,24,1,0,99.700307,0,1.190334,0,98.509592,0,0,,2638,0,0,0,0,1048496,8355840,0,ebe49471cf26a366,,0,4.93
20260927T200206Z-0624,a02119d6d84fde7d,742209,dial,cpu,resident,s1,40,1,0,0,2,warm,24,1,0,99.598915,0,1.169343,0,98.428992,0,0,,2630,0,0,0,0,1048496,8355840,0,2e6086bf9f9c0969,,0,4.93
20260927T200206Z-0624,a02119d6d84fde7d,98309,dial,cpu,resident,s1,41,1,0,0,2,warm,24,1,0,100.139752,0,1.185713,0,98.953698,0,0,,2638,0,0,0,0,1048496,8355840,0,f74896e8208dc1fe,,0,4.93
20260927T200206Z-0624,a02119d6d84fde7d,809671,dial,cpu,resident,s1,42,1,0,0,2,warm,24,1,0,100.488174,0,1.222094,0,99.265741,0,0,,2652,0,0,0,0,1048496,8355840,0,b75fe77907620429,,0,4.93
20260927T200206Z-0624,a02119d6d84fde7d,682755,dial,cpu,resident,s1,43,1,0,0,2,warm,24,1,0,100.749706,0,1.164082,0,99.585191,0,0,,2656,0,0,0,0,1048496,8355840,0,5aea28dc8118708f,,0,4.93
20260927T200206Z-0624,a02119d6d84fde7d,866488,dial,cpu,resident,s1,44,1,0,0,2,warm,24,1,0,94.798658,0,1.217723,0,93.580264,0,0,,2627,0,0,0,0,1048496,8355840,0,2ca945dc09e333f5,,0,4.93
20260927T200206Z-0624,a02119d6d84fde7d,107501,dial,cpu,resident,s1,45,1,0,0,2,warm,24,1,0,99.750368,0,1.198965,0,98.550916,0,0,,2617,0,0,0,0,1048496,8355840,0,525802c16d3dd706,,0,4.93
20260927T200206Z-0624,a02119d6d84fde7d,719239,dial,cpu,resident,s1,46,1,0,0,2,warm,24,1,0,99.577942,0,1.196458,0,98.380877,0,0,,2643,0,0,0,0,1048496,8355840,0,5fe141d595255199,,0,4.93
20260927T200206Z-0624,a02119d6d84fde7d,970577,dial,cpu,resident,s1,47,1,0,0,2,warm,24,1,0,99.673981,0,1.177658,0,98.4959,0,0,,2631,0,0,0,0,1048496,8355840,0,a43fbb6fe42a36c5,,0,4.93
20260927T200206Z-0624,a02119d6d84fde7d,519236,dial,cpu,resident,s1,48,1,0,0,2,warm,24,1,0,99.832794,0,1.195885,0,98.636371,0,0,,2648,0,0,0,0,1048496,8355840,0,41f25342e055cad8,,0,4.62
20260927T200206Z-0624,a02119d6d84fde7d,638059,dial,cpu,resident,s1,49,1,0,0,2,warm,24,1,0,99.868071,0,1.216753,0,98.650905,0,0,,2637,0,0,0,0,1048496,8355840,0,65a0deeb6c0dd865,,0,4.62
20260927T200206Z-0624,a02119d6d84fde7d,121166,dial,cpu,resident,s1,50,1,0,0,2,warm,24,1,0,99.743345,0,1.188447,0,98.554479,0,0,,2639,0,0,0,0,1048496,8355840,0,ae4f21cdc3e83665,,0,4.62
20260927T200206Z-0624,a02119d6d84fde7d,613670,dial,cpu,resident,s1,51,1,0,0,2,warm,24,1,0,99.688092,0,1.175055,0,98.512506,0,0,,2659,0,0,0,0,1048496,8355840,0,4e3b565a51b0291d,,0,4.62
20260927T200206Z-0624,a02119d6d84fde7d,70006,dial,cpu,resident,s1,52,1,0,0,2,warm,24,1,0,100.024488,0,1.221475,0,98.802608,0,0,,2647,0,0,0,0,1048496,8355840,0,9b9e4e7fa671f322,,0,4.62
20260927T200206Z-0624,a02119d6d84fde7d,74793,dial,cpu,resident,s1,53,1,0,0,2,warm,24,1,0,99.651191,0,1.171337,0,98.479362,0,0,,2620,0,0,0,0,1048496,8355840,0,ecf2eedd6dd9cfb8,,0,4.62
20260927T200206Z-0624,a02119d6d84fde7d,733218,dial,cpu,resident,s1,54,1,0,0,2,warm,24,1,0,104.871492,0,1.224899,0,103.64611,0,0,,2657,0,0,0,0,1048496,8355840,0,3678dc385e71ccef,,0,4.62
20260927T200206Z-0624,a02119d6d84fde7d,152853,dial,cpu,resident,s1,55,1,0,0,2,warm,24,1,0,100.356275,0,1.281672,0,99.074109,0,0,,2632,0,0,0,0,1048496,8355840,0,06befad1b58e791b,,0,4.62
20260927T200206Z-0624,a02119d6d84fde7d,533256,dial,cpu,resident,s1,56,1,0,0,2,warm,24,1,0,100.126579,0,1.190166,0,98.935978,0,0,,2649,0,0,0,0,1048496,8355840,0,de6a85be3831195e,,0,4.62
20260927T200206Z-0624,a02119d6d84fde7d,297117,dial,cpu,resident,s1,57,1,0,0,2,warm,24,1,0,100.277347,0,1.21671,0,99.060102,0,0,,2673,0,0,0,0,1048496,8355840,0,22aa6d8bb71af2da,,0,4.62
20260927T200206Z-0624,a02119d6d84fde7d,900482,dial,cpu,resident,s1,58,1,0,0,2,warm,24,1,0,99.720894,0,1.173857,0,98.54659,0,0,,2655,0,0,0,0,1048496,8355840,0,e5b584d12adce633,,0,4.62
20260927T200206Z-0624,a02119d6d84fde7d,951617,dial,cpu,resident,s1,59,1,0,0,2,warm,24,1,0,99.962059,0,1.1989,0,98.762684,0,0,,2653,0,0,0,0,1048496,8355840,0,0520e2b524dbc735,,0,4.62
20260927T200206Z-0624,a02119d6d84fde7d,329606,dial,cpu,resident,s1,60,1,0,0,2,warm,24,1,0,99.976292,0,1.198963,0,98.77676,0,0,,2653,0,0,0,0,1048496,8355840,0,936869a3a01e1ec8,,0,4.62
20260927T200206Z-0624,a02119d6d84fde7d,818843,dial,cpu,resident,s1,61,1,0,0,2,warm,24,1,0,100.178362,0,1.230341,0,98.947593,0,0,,2651,0,0,0,0,1048496,8355840,0,52282c7c008cd16f,,0,4.62
20260927T200206Z-0624,a02119d6d84fde7d,924064,dial,cpu,resident,s1,62,1,0,0,2,warm,24,1,0,100.306029,0,1.178363,0,99.127167,0,0,,2614,0,0,0,0,1048496,8355840,0,ce26a1db90a68c18,,0,4.62
20260927T200206Z-0624,a02119d6d84fde7d,442646,dial,cpu,resident,s1,63,1,0,0,2,warm,24,1,0,99.998259,0,1.210672,0,98.787096,0,0,,2656,0,0,0,0,1048496,8355840,0,f61df11d33686108,,0,4.62
20260927T200206Z-0624,a02119d6d84fde7d,933032,dial,cpu,resident,s1,64,1,0,0,2,warm,24,1,0,100.675142,0,1.244519,0,99.430072,0,0,,2642,0,0,0,0,1048496,8355840,0,4dcf4e02a288d19c,,0,4.62
20260927T200206Z-0624,a02119d6d84fde7d,340699,dial,cpu,resident,s1,65,1,0,0,2,warm,24,1,0,100.858699,0,1.205599,0,99.652729,0,0,,2658,0,0,0,0,1048496,8355840,0,48532874b2b9d0d2,,0,4.62
20260927T200206Z-0624,a02119d6d84fde7d,196865,dial,cpu,resident,s1,66,1,0,0,2,warm,24,1,0,101.058819,0,1.245895,0,99.812485,0,0,,2654,0,0,0,0,1048496,8355840,0,e44d3db783fbdadd,,0,4.62
20260927T200206Z-0624,a02119d6d84fde7d,422576,dial,cpu,resident,s1,67,1,0,0,2,warm,24,1,0,100.326689,0,1.230645,0,99.095618,0,0,,2654,0,0,0,0,1048496,8355840,0,4d948852be51cda0,,0,4.62
20260927T200206Z-0624,a02119d6d84fde7d,199973,dial,cpu,resident,s1,68,1,0,0,2,warm,24,1,0,99.303825,0,1.173184,0,98.130294,0,0,,2633,0,0,0,0,1048496,8355840,0,15b0e80fbc151e38,,0,4.62
20260927T200206Z-0624,a02119d6d84fde7d,775044,dial,cpu,resident,s1,69,1,0,0,2,warm,24,1,0,99.098789,0,1.222402,0,97.875974,0,0,,2640,0,0,0,0,1048496,8355840,0,cb1446d88a2be850,,0,4.62
20260927T200206Z-0624,a02119d6d84fde7d,626100,dial,cpu,resident,s1,70,1,0,0,2,warm,24,1,0,99.769363,0,1.197388,0,98.571675,0,0,,2656,0,0,0,0,1048496,8355840,0,3faba6d5b060898c,,0,4.62
20260927T200206Z-0624,a02119d6d84fde7d,257641,dial,cpu,resident,s1,71,1,0,0,2,warm,24,1,0,100.094308,0,1.198453,0,98.895242,0,0,,2643,0,0,0,0,1048496,8355840,0,a978bbf71a2b658f,,0,4.62
20260927T200206Z-0624,a02119d6d84fde7d,617297,dial,cpu,resident,s1,72,1,0,0,2,warm,24,1,0,101.886146,0,1.184394,0,100.701263,0,0,,2654,0,0,0,0,1048496,8355840,0,3fb7729b73b5db0f,,0,4.62
20260927T200206Z-0624,a02119d6d84fde7d,563755,dial,cpu,resident,s1,73,1,0,0,2,warm,24,1,0,100.180185,0,1.227935,0,98.951974,0,0,,2633,0,0,0,0,1048496,8355840,0,742e1e4a72ddaece,,0,4.62
20260927T200206Z-0624,a02119d6d84fde7d,87865,dial,cpu,resident,s1,74,1,0,0,2,warm,24,1,0,104.642243,0,1.179384,0,103.462522,0,0,,2664,0,0,0,0,1048496,8355840,0,73627407399df493,,0,4.62
20260927T200206Z-0624,a02119d6d84fde7d,71898,dial,cpu,resident,s1,75,1,0,0,2,warm,24,1,0,101.647979,0,1.243627,0,100.404098,0,0,,2647,0,0,0,0,1048496,8355840,0,1bd55c95765ebb70,,0,4.62
20260927T200206Z-0624,a02119d6d84fde7d,847158,dial,cpu,resident,s1,76,1,0,0,2,warm,24,1,0,99.581955,0,1.20008,0,98.381602,0,0,,2656,0,0,0,0,1048496,8355840,0,f84814ba52a3fddb,,0,4.62
20260927T200206Z-0624,a02119d6d84fde7d,934069,dial,cpu,resident,s1,77,1,0,0,2,warm,24,1,0,99.197703,0,1.191469,0,98.005883,0,0,,2608,0,0,0,0,1048496,8355840,0,3fce213adbd918e5,,0,4.62
20260927T200206Z-0624,a02119d6d84fde7d,666677,dial,cpu,resident,s1,78,1,0,0,2,warm,24,1,0,100.077167,0,1.19218,0,98.884737,0,0,,2630,0,0,0,0,1048496,8355840,0,9eb243abea190fd7,,0,4.62
20260927T200206Z-0624,a02119d6d84fde7d,709223,dial,cpu,resident,s1,79,1,0,0,2,warm,24,1,0,99.603738,0,1.222884,0,98.380559,0,0,,2648,0,0,0,0,1048496,8355840,0,7c91801c56145383,,0,4.62
20260927T200206Z-0624,a02119d6d84fde7d,497308,dial,cpu,resident,s1,80,1,0,0,2,warm,24,1,0,99.510119,0,1.211379,0,98.298493,0,0,,2651,0,0,0,0,1048496,8355840,0,12fa6679e1d7c1dd,,0,4.62
20260927T200206Z-0624,a02119d6d84fde7d,354623,dial,cpu,resident,s1,81,1,0,0,2,warm,24,1,0,100.600934,0,1.201655,0,99.398846,0,0,,2622,0,0,0,0,1048496,8355840,0,38aa81bd9bda3307,,0,4.62
20260927T200206Z-0624,a02119d6d84fde7d,997813,dial,cpu,resident,s1,82,1,0,0,2,warm,24,1,0,99.548094,0,1.217736,0,98.329942,0,0,,2666,0,0,0,0,1048496,8355840,0,cd72e1e1ae5946fd,,0,4.62
20260927T200206Z-0624,a02119d6d84fde7d,886524,dial,cpu,resident,s1,83,1,0,0,2,warm,24,1,0,100.284821,0,1.178196,0,99.106194,0,0,,2639,0,0,0,0,1048496,8355840,0,1e8eed6faf744f5d,,0,4.62
20260927T200206Z-0624,a02119d6d84fde7d,26760,dial,cpu,resident,s1,84,1,0,0,2,warm,24,1,0,101.534962,0,1.226041,0,100.308511,0,0,,2639,0,0,0,0,1048496,8355840,0,47842c3440e845d2,,0,4.62
20260927T200206Z-0624,a02119d6d84fde7d,914247,dial,cpu,resident,s1,85,1,0,0,2,warm,24,1,0,101.24868,0,1.175017,0,100.073187,0,0,,2638,0,0,0,0,1048496,8355840,0,02ff3d571c234946,,0,4.62
20260927T200206Z-0624,a02119d6d84fde7d,743152,dial,cpu,resident,s1,86,1,0,0,2,warm,24,1,0,99.440907,0,1.191107,0,98.249532,0,0,,2649,0,0,0,0,1048496,8355840,0,487cb6841969b9a7,,0,4.62
20260927T200206Z-0624,a02119d6d84fde7d,1012998,dial,cpu,resident,s1,87,1,0,0,2,warm,24,1,0,99.874154,0,1.238873,0,98.634804,0,0,,2647,0,0,0,0,1048496,8355840,0,d2569ce76bc72320,,0,4.62
20260927T200206Z-0624,a02119d6d84fde7d,382778,dial,cpu,resident,s1,88,1,0,0,2,warm,24,1,0,99.791451,0,1.213953,0,98.577183,0,0,,2653,0,0,0,0,1048496,8355840,0,4363f1642bf9ca8b,,0,4.62
20260927T200206Z-0624,a02119d6d84fde7d,385604,dial,cpu,resident,s1,89,1,0,0,2,warm,24,1,0,99.818711,0,1.19726,0,98.621091,0,0,,2625,0,0,0,0,1048496,8355840,0,2f834d6f19a7075f,,0,4.62
20260927T200206Z-0624,a02119d6d84fde7d,40272,dial,cpu,resident,s1,90,1,0,0,2,warm,24,1,0,100.187236,0,1.211024,0,98.975752,0,0,,2642,0,0,0,0,1048496,8355840,0,033d42e0e845d7e5,,0,4.62
20260927T200206Z-0624,a02119d6d84fde7d,70075,dial,cpu,resident,s1,91,1,0,0,2,warm,24,1,0,100.043528,0,1.197761,0,98.845314,0,0,,2661,0,0,0,0,1048496,8355840,0,0e609080489e53c9,,0,4.62
20260927T200206Z-0624,a02119d6d84fde7d,733041,dial,cpu,resident,s1,92,1,0,0,2,warm,24,1,0,100.215723,0,1.172951,0,99.042475,0,0,,2657,0,0,0,0,1048496,8355840,0,3643fcf2fc535160,,0,4.62
20260927T200206Z-0624,a02119d6d84fde7d,405276,dial,cpu,resident,s1,93,1,0,0,2,warm,24,1,0,99.854158,0,1.196806,0,98.657142,0,0,,2646,0,0,0,0,1048496,8355840,0,fd1e692198445bb9,,0,4.62
20260927T200206Z-0624,a02119d6d84fde7d,167751,dial,cpu,resident,s1,94,1,0,0,2,warm,24,1,0,102.587574,0,1.175082,0,101.41231,0,0,,2637,0,0,0,0,1048496,8355840,0,a9f30ead5b83afef,,0,4.62
20260927T200206Z-0624,a02119d6d84fde7d,140065,dial,cpu,resident,s1,95,1,0,0,2,warm,24,1,0,102.973316,0,1.343679,0,101.629331,0,0,,2657,0,0,0,0,1048496,8355840,0,c963d08625067b4f,,0,4.62
20260927T200206Z-0624,a02119d6d84fde7d,729933,dial,cpu,resident,s1,96,1,0,0,2,warm,24,1,0,100.507298,0,1.204638,0,99.302396,0,0,,2653,0,0,0,0,1048496,8355840,0,7dcf2dfe66bf4fdd,,0,4.62
20260927T200206Z-0624,a02119d6d84fde7d,755777,dial,cpu,resident,s1,97,1,0,0,2,warm,24,1,0,100.174808,0,1.187226,0,98.987154,0,0,,2644,0,0,0,0,1048496,8355840,0,7f0d5a5b7ea2447b,,0,4.62
20260927T200206Z-0624,a02119d6d84fde7d,374017,dial,cpu,resident,s1,98,1,0,0,2,warm,24,1,0,100.203724,0,1.171884,0,99.031646,0,0,,2644,0,0,0,0,1048496,8355840,0,d10a072229bfa198,,0,4.33
20260927T200206Z-0624,a02119d6d84fde7d,523181,dial,cpu,resident,s1,99,1,0,0,2,warm,24,1,0,99.548204,0,1.178205,0,98.369724,0,0,,2629,0,0,0,0,1048496,8355840,0,0516a7edf2d4942e,,0,4.33
20260927T200206Z-0624,a02119d6d84fde7d,971309,dial,cpu,resident,s1,100,1,0,0,2,warm,24,1,0,99.811635,0,1.188066,0,98.623281,0,0,,2647,0,0,0,0,1048496,8355840,0,31284766928f478b,,0,4.33
20260927T200206Z-0624,a02119d6d84fde7d,881280,dial,cpu,resident,s1,101,1,0,0,2,warm,24,1,0,100.529244,0,1.169938,0,99.358755,0,0,,2643,0,0,0,0,1048496,8355840,0,105ad01f64cd1e6d,,0,4.33
20260927T200206Z-0624,a02119d6d84fde7d,608349,dial,cpu,resident,s1,102,1,0,0,2,warm,24,1,0,99.400149,0,1.179703,0,98.220069,0,0,,2644,0,0,0,0,1048496,8355840,0,0ee13460b9253d30,,0,4.33
20260927T200206Z-0624,a02119d6d84fde7d,1008613,dial,cpu,resident,s1,103,1,0,0,2,warm,24,1,0,100.131792,0,1.196598,0,98.934627,0,0,,2635,0,0,0,0,1048496,8355840,0,125d1a176c793bd5,,0,4.33
20260927T200206Z-0624,a02119d6d84fde7d,1045308,dial,cpu,resident,s1,104,1,0,0,2,warm,24,1,0,99.584523,0,1.189912,0,98.394247,0,0,,2638,0,0,0,0,1048496,8355840,0,0cb884375ad7b6c6,,0,4.33
20260927T200206Z-0624,a02119d6d84fde7d,730296,dial,cpu,resident,s1,105,1,0,0,2,warm,24,1,0,102.070162,0,1.187009,0,100.882637,0,0,,2646,0,0,0,0,1048496,8355840,0,4167dbc6d1d656ac,,0,4.33
20260927T200206Z-0624,a02119d6d84fde7d,850921,dial,cpu,resident,s1,106,1,0,0,2,warm,24,1,0,100.02527,0,1.192244,0,98.832677,0,0,,2644,0,0,0,0,1048496,8355840,0,904d09fd99ea42dc,,0,4.33
20260927T200206Z-0624,a02119d6d84fde7d,285373,dial,cpu,resident,s1,107,1,0,0,2,warm,24,1,0,100.229188,0,1.195778,0,99.033095,0,0,,2653,0,0,0,0,1048496,8355840,0,ed27ad9f0a7ac75e,,0,4.33
20260927T200206Z-0624,a02119d6d84fde7d,1003836,dial,cpu,resident,s1,108,1,0,0,2,warm,24,1,0,103.391724,0,1.193419,0,102.197901,0,0,,2651,0,0,0,0,1048496,8355840,0,df72732439acd0dc,,0,4.33
20260927T200206Z-0624,a02119d6d84fde7d,743148,dial,cpu,resident,s1,109,1,0,0,2,warm,24,1,0,100.154895,0,1.196369,0,98.958249,0,0,,2651,0,0,0,0,1048496,8355840,0,b589d741a7aaf99b,,0,4.33
20260927T200206Z-0624,a02119d6d84fde7d,784929,dial,cpu,resident,s1,110,1,0,0,2,warm,24,1,0,100.093683,0,1.170578,0,98.922703,0,0,,2641,0,0,0,0,1048496,8355840,0,6f82fbf133989e60,,0,4.33
20260927T200206Z-0624,a02119d6d84fde7d,952239,dial,cpu,resident,s1,111,1,0,0,2,warm,24,1,0,100.33721,0,1.19929,0,99.13759,0,0,,2640,0,0,0,0,1048496,8355840,0,ce3ab83ef0811b21,,0,4.33
20260927T200206Z-0624,a02119d6d84fde7d,230809,dial,cpu,resident,s1,112,1,0,0,2,warm,24,1,0,100.30289,0,1.206861,0,99.095647,0,0,,2640,0,0,0,0,1048496,8355840,0,bee4d5e4fca68824,,0,4.33
20260927T200206Z-0624,a02119d6d84fde7d,781082,dial,cpu,resident,s1,113,1,0,0,2,warm,24,1,0,100.315329,0,1.202293,0,99.112668,0,0,,2661,0,0,0,0,1048496,8355840,0,bc52de9104847a97,,0,4.33
20260927T200206Z-0624,a02119d6d84fde7d,324361,dial,cpu,resident,s1,114,1,0,0,2,warm,24,1,0,103.95821,0,1.221065,0,102.736774,0,0,,2637,0,0,0,0,1048496,8355840,0,d9137775fce42dcc,,0,4.33
20260927T200206Z-0624,a02119d6d84fde7d,354973,dial,cpu,resident,s1,115,1,0,0,2,warm,24,1,0,103.14806,0,1.251971,0,101.895249,0,0,,2634,0,0,0,0,1048496,8355840,0,f648ab01e576a9e2,,0,4.33
20260927T200206Z-0624,a02119d6d84fde7d,1031021,dial,cpu,resident,s1,116,1,0,0,2,warm,24,1,0,100.266639,0,1.216719,0,99.049535,0,0,,2647,0,0,0,0,1048496,8355840,0,adf917acf700104b,,0,4.33
20260927T200206Z-0624,a02119d6d84fde7d,776462,dial,cpu,resident,s1,117,1,0,0,2,warm,24,1,0,99.763092,0,1.190871,0,98.571768,0,0,,2651,0,0,0,0,1048496,8355840,0,020d64c57708be11,,0,4.33
20260927T200206Z-0624,a02119d6d84fde7d,878795,dial,cpu,resident,s1,118,1,0,0,2,warm,24,1,0,100.139496,0,1.216137,0,98.923197,0,0,,2638,0,0,0,0,1048496,8355840,0,53f5a4ff9505386f,,0,4.33
20260927T200206Z-0624,a02119d6d84fde7d,877605,dial,cpu,resident,s1,119,1,0,0,2,warm,24,1,0,100.011936,0,1.201313,0,98.810449,0,0,,2656,0,0,0,0,1048496,8355840,0,e71921242e30ce07,,0,4.33
20260927T200206Z-0624,a02119d6d84fde7d,449316,dial,cpu,resident,s1,120,1,0,0,2,warm,24,1,0,100.403376,0,1.200528,0,99.202479,0,0,,2629,0,0,0,0,1048496,8355840,0,f41dc9fe270f1384,,0,4.33
20260927T200206Z-0624,a02119d6d84fde7d,756923,dial,cpu,resident,s1,121,1,0,0,2,warm,24,1,0,100.222204,0,1.213122,0,99.008765,0,0,,2633,0,0,0,0,1048496,8355840,0,730d81ca459c7d39,,0,4.33
20260927T200206Z-0624,a02119d6d84fde7d,340776,dial,cpu,resident,s1,122,1,0,0,2,warm,24,1,0,101.324246,0,1.296915,0,100.026789,0,0,,2652,0,0,0,0,1048496,8355840,0,2a9e0229dc6d7231,,0,4.33
20260927T200206Z-0624,a02119d6d84fde7d,91142,dial,cpu,resident,s1,123,1,0,0,2,warm,24,1,0,100.07331,0,1.212381,0,98.860635,0,0,,2662,0,0,0,0,1048496,8355840,0,80a11b9737c68068,,0,4.33
20260927T200206Z-0624,a02119d6d84fde7d,419442,dial,cpu,resident,s1,124,1,0,0,2,warm,24,1,0,100.248384,0,1.169935,0,99.078163,0,0,,2647,0,0,0,0,1048496,8355840,0,dfb110aeb00a09e5,,0,4.33
20260927T200206Z-0624,a02119d6d84fde7d,338937,dial,cpu,resident,s1,125,1,0,0,2,warm,24,1,0,101.055874,0,1.194596,0,99.861009,0,0,,2614,0,0,0,0,1048496,8355840,0,ec976827ae29462d,,0,4.33
20260927T200206Z-0624,a02119d6d84fde7d,449658,dial,cpu,resident,s1,126,1,0,0,2,warm,24,1,0,99.896561,0,1.211758,0,98.684596,0,0,,2621,0,0,0,0,1048496,8355840,0,4b2b26a5c1210c90,,0,4.33
20260927T200206Z-0624,a02119d6d84fde7d,151978,dial,cpu,resident,s1,127,1,0,0,2,warm,24,1,0,100.471119,0,1.19439,0,99.276206,0,0.00024,,2642,0,0,0,0,1048496,8355840,0,556e29d1d3b563fe,,0,4.33
20260927T200206Z-0624,a02119d6d84fde7d,12612,gpu-nearfar,gpu,resident,s1,0,1,0,0,3,warm,0,1,12,28.780824,0,0.345029,4.32646418,22.3137608,0.516517,0,,1329,1329,3552,0,0,1092718,8727468,0,28bdae51db7991a6,2509.40044,0,4.33
20260927T200206Z-0624,a02119d6d84fde7d,583477,gpu-nearfar,gpu,resident,s1,1,1,0,0,3,warm,0,1,12,24.087878,0,0,0,22.5156479,0.505032,0,,1345,1345,3588,0,0,1092430,8725390,0,8968d07a93769c87,2508.60087,0,4.33
20260927T200206Z-0624,a02119d6d84fde7d,587775,gpu-nearfar,gpu,resident,s1,2,1,0,0,3,warm,0,1,12,24.531421,0,0,0,22.9179192,0.516543,0,,1356,1356,3618,0,0,1093186,8731806,0,c3357c46101bc7ed,2508.68095,0,4.33
20260927T200206Z-0624,a02119d6d84fde7d,457329,gpu-nearfar,gpu,resident,s1,3,1,0,0,3,warm,0,1,12,24.261505,0,0,0,22.636095,0.524681,0,,1355,1355,3620,0,0,1093197,8731695,0,da60d169724ebe65,2506.92388,0,4.33
20260927T200206Z-0624,a02119d6d84fde7d,284703,gpu-nearfar,gpu,resident,s1,4,1,0,0,3,warm,0,1,12,24.511487,0,0,0,22.8267193,0.505874,0,,1367,1367,3632,0,0,1093278,8732450,0,e711fafca6bfd4d7,2506.84421,0,4.33
20260927T200206Z-0624,a02119d6d84fde7d,83249,gpu-nearfar,gpu,resident,s1,5,1,0,0,3,warm,0,1,12,24.473297,0,0,0,22.8532486,0.507383,0,,1365,1365,3628,0,0,1093845,8737666,0,4e52248775f10ee5,2509.08055,0,4.33
20260927T200206Z-0624,a02119d6d84fde7d,590008,gpu-nearfar,gpu,resident,s1,6,1,0,0,3,warm,0,1,12,24.097853,0,0,0,22.4807034,0.502942,0,,1345,1345,3596,0,0,1093343,8732759,0,8ccb9846f0ee1fda,2508.60087,0,4.33
20260927T200206Z-0624,a02119d6d84fde7d,764305,gpu-nearfar,gpu,resident,s1,7,1,0,0,3,warm,0,1,12,24.293249,0,0,0,22.6811848,0.498756,0,,1358,1358,3622,0,0,1093409,8733346,0,6e0bb1106251602f,2509.64026,0,4.33
20260927T200206Z-0624,a02119d6d84fde7d,299143,gpu-nearfar,gpu,resident,s1,8,1,0,0,3,warm,0,1,12,24.147748,0,0,0,22.517952,0.517475,0,,1345,1345,3592,0,0,1093341,8733041,0,3a6af29ba834619f,2511.16068,0,4.33
20260927T200206Z-0624,a02119d6d84fde7d,101624,gpu-nearfar,gpu,resident,s1,9,1,0,0,3,warm,0,1,12,24.091276,0,0,0,22.4642239,0.501552,0,,1343,1343,3584,0,0,1093579,8734788,0,824098ec8ac7de79,2511.16068,0,4.33
20260927T200206Z-0624,a02119d6d84fde7d,341320,gpu-nearfar,gpu,resident,s1,10,1,0,0,3,warm,0,1,12,24.244264,0,0,0,22.5922241,0.547555,0,,1340,1340,3578,0,0,1092787,8728435,0,b0ba4213988f452b,2511.16068,0,4.33
20260927T200206Z-0624,a02119d6d84fde7d,16014,gpu-nearfar,gpu,resident,s1,11,1,0,0,3,warm,0,1,12,24.339074,0,0,0,22.7107201,0.501567,0,,1355,1355,3620,0,0,1093640,8735720,0,a00bd5f109b6340e,2508.60087,0,4.33
20260927T200206Z-0624,a02119d6d84fde7d,474855,gpu-nearfar,gpu,resident,s1,12,1,0,0,3,warm,0,1,12,24.537758,0,0,0,22.8808327,0.504745,0,,1373,1373,3656,0,0,1093438,8733763,0,028d9427e762a866,2511.16068,0,4.33
20260927T200206Z-0624,a02119d6d84fde7d,780517,gpu-nearfar,gpu,resident,s1,13,1,0,0,3,warm,0,1,12,24.477523,0,0,0,22.8663673,0.493281,0,,1371,1371,3648,0,0,1093440,8733960,0,f57cb7273e76c9b5,2511.16068,0,4.33
20260927T200206Z-0624,a02119d6d84fde7d,948113,gpu-nearfar,gpu,resident,s1,14,1,0,0,3,warm,0,1,12,24.237617,0,0,0,22.6044483,0.514837,0,,1347,1347,3600,0,0,1092908,8728737,0,1937c9c045d04233,2509.08055,0,4.33
20260927T200206Z-0624,a02119d6d84fde7d,618424,gpu-nearfar,gpu,resident,s1,15,1,0,0,3,warm,0,1,12,24.440268,0,0,0,22.8248634,0.495571,0,,1356,1356,3622,0,0,1093453,8733984,0,7256939aaa048106,2511.16068,0,4.33
20260927T200206Z-0624,a02119d6d84fde7d,826214,gpu-nearfar,gpu,resident,s1,16,1,0,0,3,warm,0,1,12,24.090105,0,0,0,22.4796162,0.484357,0,,1345,1345,3596,0,0,1093270,8732580,0,b27f0a39a9b0e982,2509.24048,0,4.33
20260927T200206Z-0624,a02119d6d84fde7d,406369,gpu-nearfar,gpu,resident,s1,17,1,0,0,3,warm,0,1,12,24.032319,0,0,0,22.3946877,0.503523,0,,1343,1343,3580,0,0,1093298,8732351,0,5a0bc74ecd575f16,2508.20142,0,4.33
20260927T200206Z-0624,a02119d6d84fde7d,963197,gpu-nearfar,gpu,resident,s1,18,1,0,0,3,warm,0,1,12,24.291977,0,0,0,22.6611519,0.506282,0,,1358,1358,3614,0,0,1093124,8730925,0,fbb9405d847378bc,2510.44019,0,4.33
20260927T200206Z-0624,a02119d6d84fde7d,71507,gpu-nearfar,gpu,resident,s1,19,1,0,0,3,warm,0,1,12,24.529191,0,0,0,22.8193283,0.50531,0,,1362,1362,3626,0,0,1093180,8731695,0,702d6d5587c052d1,2510.92057,0,4.33
20260927T200206Z-0624,a02119d6d84fde7d,544495,gpu-nearfar,gpu,resident,s1,20,1,0,0,3,warm,0,1,12,23.974329,0,0,0,22.3013763,0.499239,0,,1325,1325,3552,0,0,1093009,8730183,0,e48611890b9253a5,2508.60087,0,4.33
20260927T200206Z-0624,a02119d6d84fde7d,74604,gpu-nearfar,gpu,resident,s1,21,1,0,0,3,warm,0,1,12,24.854877,0,0,0,23.1615353,0.514526,0,,1389,1389,3676,0,0,1094989,8747516,0,685cee8f92989b3f,2509.24048,0,4.33
20260927T200206Z-0624,a02119d6d84fde7d,498463,gpu-nearfar,gpu,resident,s1,22,1,0,0,3,warm,0,1,12,24.585802,0,0,0,22.721344,0.615576,0,,1343,1343,3596,0,0,1093908,8737616,0,6039eae81483ac7b,2508.52109,0,4.33
20260927T200206Z-0624,a02119d6d84fde7d,532500,gpu-nearfar,gpu,resident,s1,23,1,0,0,3,warm,0,1,12,24.881792,0,0,0,22.8622074,0.571277,0,,1351,1351,3608,0,0,1093321,8732270,0,6c4a508dceefca06,2509.08055,0,4.33
20260927T200206Z-0624,a02119d6d84fde7d,594991,gpu-nearfar,gpu,resident,s1,24,1,0,0,3,warm,0,1,12,24.977879,0,0,0,23.0693436,0.529431,0,,1357,1357,3624,0,0,1093522,8734521,0,8c5ea2cc267ed78e,2510.52039,0,4.33
20260927T200206Z-0624,a02119d6d84fde7d,67444,gpu-nearfar,gpu,resident,s1,25,1,0,0,3,warm,0,1,12,24.670484,0,0,0,22.7989445,0.518115,0,,1357,1357,3616,0,0,1093324,8732331,0,e6b21197edb81682,2511.16068,0,4.33
20260927T200206Z-0624,a02119d6d84fde7d,848826,gpu-nearfar,gpu,resident,s1,26,1,0,0,3,warm,0,1,12,24.436063,0,0,0,22.6872635,0.504025,0,,1358,1358,3618,0,0,1093499,8734334,0,7fc02cf236211190,2510.52039,0,4.33
20260927T200206Z-0624,a02119d6d84fde7d,696864,gpu-nearfar,gpu,resident,s1,27,1,0,0,3,warm,0,1,12,24.61176,0,0,0,22.9044151,0.507227,0,,1376,1376,3650,0,0,1093769,8736857,0,1f5ae3f04977baeb,2508.92063,0,4.33
20260927T200206Z-0624,a02119d6d84fde7d,809315,gpu-nearfar,gpu,resident,s1,28,1,0,0,3,warm,0,1,12,23.951144,0,0,0,22.2791672,0.498394,0,,1335,1335,3560,0,0,1092867,8728370,0,ae4946ccd75238cd,2510.6003,0,4.33
20260927T200206Z-0624,a02119d6d84fde7d,888073,gpu-nearfar,gpu,resident,s1,29,1,0,0,3,warm,0,1,12,24.656434,0,0,0,22.9480324,0.534048,0,,1362,1362,3634,0,0,1093139,8731355,0,242dd6e21c631498,2508.60087,0,4.33
20260927T200206Z-0624,a02119d6d84fde7d,120977,gpu-nearfar,gpu,resident,s1,30,1,0,0,3,warm,0,1,12,24.500772,0,0,0,22.6934071,0.520743,0,,1345,1345,3604,0,0,1093235,8732155,0,61978cef1982d278,2511.16068,0,4.33
20260927T200206Z-0624,a02119d6d84fde7d,227134,gpu-nearfar,gpu,resident,s1,31,1,0,0,3,warm,0,1,12,24.299761,0,0,0,22.5316486,0.512257,0,,1343,1343,3596,0,0,1093189,8732022,0,8bb075d498e81ac3,2509.24048,0,4.33
20260927T200206Z-0624,a02119d6d84fde7d,828516,gpu-nearfar,gpu,resident,s1,32,1,0,0,3,warm,0,1,12,24.053344,0,0,0,22.3558083,0.498318,0,,1336,1336,3566,0,0,1092774,8727947,0,a80260e3dc7e7c05,2508.92063,0,4.33
20260927T200206Z-0624,a02119d6d84fde7d,599128,gpu-nearfar,gpu,resident,s1,33,1,0,0,3,warm,0,1,12,24.164876,0,0,0,22.5011845,0.505938,0,,1347,1347,3600,0,0,1093417,8733980,0,adee1a46fbe8f4a1,2510.6003,0,4.33
20260927T200206Z-0624,a02119d6d84fde7d,962318,gpu-nearfar,gpu,resident,s1,34,1,0,0,3,warm,0,1,12,24.333181,0,0,0,22.652544,0.51419,0,,1358,1358,3614,0,0,1093911,8738246,0,4cceca57322c2505,2511.16068,0,4.33
20260927T200206Z-0624,a02119d6d84fde7d,865743,gpu-nearfar,gpu,resident,s1,35,1,0,0,3,warm,0,1,12,24.093298,0,0,0,22.4407043,0.499774,0,,1343,1343,3576,0,0,1093007,8730060,0,7bbfc1f62785203a,2511.16068,0,4.33
20260927T200206Z-0624,a02119d6d84fde7d,638838,gpu-nearfar,gpu,resident,s1,36,1,0,0,3,warm,0,1,12,24.043872,0,0,0,22.3967686,0.496261,0,,1339,1339,3576,0,0,1092962,8729754,0,dde4ea3c97190154,2510.52039,0,4.33
20260927T200206Z-0624,a02119d6d84fde7d,789396,gpu-nearfar,gpu,resident,s1,37,1,0,0,3,warm,0,1,12,23.73876,0,0,0,22.0913277,0.497422,0,,1320,1320,3530,0,0,1092884,8728835,0,0f83afd66fff968b,2508.92063,0,4.33
20260927T200206Z-0624,a02119d6d84fde7d,787247,gpu-nearfar,gpu,resident,s1,38,1,0,0,3,warm,0,1,12,24.165927,0,0,0,22.4774723,0.500926,0,,1341,1341,3576,0,0,1093289,8732557,0,343a6af165e40ea0,2508.84054,0,4.33
20260927T200206Z-0624,a02119d6d84fde7d,643171,gpu-nearfar,gpu,resident,s1,39,1,0,0,3,warm,0,1,12,24.335131,0,0,0,22.695488,0.494958,0,,1359,1359,3616,0,0,1093545,8734603,0,ebe49471cf26a366,2508.60087,0,4.33
20260927T200206Z-0624,a02119d6d84fde7d,742209,gpu-nearfar,gpu,resident,s1,40,1,0,0,3,warm,0,1,12,23.859274,0,0,0,22.1896,0.50095,0,,1326,1326,3546,0,0,1093290,8732484,0,2e6086bf9f9c0969,2508.60087,0,4.33
20260927T200206Z-0624,a02119d6d84fde7d,98309,gpu-nearfar,gpu,resident,s1,41,1,0,0,3,warm,0,1,12,24.095688,0,0,0,22.4203529,0.491717,0,,1336,1336,3566,0,0,1093365,8733313,0,f74896e8208dc1fe,2509.48027,0,4.33
20260927T200206Z-0624,a02119d6d84fde7d,809671,gpu-nearfar,gpu,resident,s1,42,1,0,0,3,warm,0,1,12,24.738372,0,0,0,23.0938873,0.492988,0,,1387,1387,3680,0,0,1093601,8735021,0,b75fe77907620429,2508.60087,0,4.33
20260927T200206Z-0624,a02119d6d84fde7d,682755,gpu-nearfar,gpu,resident,s1,43,1,0,0,3,warm,0,1,12,24.378063,0,0,0,22.7210884,0.497842,0,,1356,1356,3618,0,0,1093299,8732707,0,5aea28dc8118708f,2508.60087,0,4.33
20260927T200206Z-0624,a02119d6d84fde7d,866488,gpu-nearfar,gpu,resident,s1,44,1,0,0,3,warm,0,1,12,24.339602,0,0,0,22.6987839,0.503359,0,,1356,1356,3610,0,0,1093221,8732003,0,2ca945dc09e333f5,2510.6003,0,4.33
20260927T200206Z-0624,a02119d6d84fde7d,107501,gpu-nearfar,gpu,resident,s1,45,1,0,0,3,warm,0,1,12,24.113854,0,0,0,22.456192,0.513306,0,,1345,1345,3580,0,0,1093352,8733231,0,525802c16d3dd706,2509.56011,0,4.33
20260927T200206Z-0624,a02119d6d84fde7d,719239,gpu-nearfar,gpu,resident,s1,46,1,0,0,3,warm,0,1,12,23.832432,0,0,0,22.2009926,0.491269,0,,1325,1325,3544,0,0,1093090,8730519,0,5fe141d595255199,2511.16068,0,4.33
20260927T200206Z-0624,a02119d6d84fde7d,970577,gpu-nearfar,gpu,resident,s1,47,1,0,0,3,warm,0,1,12,23.82635,0,0,0,22.1652164,0.508949,0,,1325,1325,3544,0,0,1092910,8729434,0,a43fbb6fe42a36c5,2511.16068,0,4.33
20260927T200206Z-0624,a02119d6d84fde7d,519236,gpu-nearfar,gpu,resident,s1,48,1,0,0,3,warm,0,1,12,24.205307,0,0,0,22.5616322,0.497241,0,,1352,1352,3602,0,0,1093666,8735722,0,41f25342e055cad8,2508.60087,0,4.33
20260927T200206Z-0624,a02119d6d84fde7d,638059,gpu-nearfar,gpu,resident,s1,49,1,0,0,3,warm,0,1,12,24.414101,0,0,0,22.7703991,0.491331,0,,1367,1367,3636,0,0,1093402,8733508,0,65a0deeb6c0dd865,2510.52039,0,4.33
20260927T200206Z-0624,a02119d6d84fde7d,121166,gpu-nearfar,gpu,resident,s1,50,1,0,0,3,warm,0,1,12,24.425056,0,0,0,22.7696953,0.509895,0,,1341,1341,3572,0,0,1092908,8729363,0,ae4f21cdc3e83665,2509.40044,0,4.33
20260927T200206Z-0624,a02119d6d84fde7d,613670,gpu-nearfar,gpu,resident,s1,51,1,0,0,3,warm,0,1,12,24.641607,0,0,0,22.9267845,0.510394,0,,1374,1374,3662,0,0,1092832,8728738,0,4e3b565a51b0291d,2508.60087,0,4.33
20260927T200206Z-0624,a02119d6d84fde7d,70006,gpu-nearfar,gpu,resident,s1,52,1,0,0,3,warm,0,1,12,24.422952,0,0,0,22.7380486,0.499655,0,,1363,1363,3632,0,0,1093185,8731888,0,9b9e4e7fa671f322,2508.68095,0,4.33
20260927T200206Z-0624,a02119d6d84fde7d,74793,gpu-nearfar,gpu,resident,s1,53,1,0,0,3,warm,0,1,12,24.121741,0,0,0,22.4815044,0.497896,0,,1347,1347,3584,0,0,1093745,8735853,0,ecf2eedd6dd9cfb8,2509.32031,0,4.33
20260927T200206Z-0624,a02119d6d84fde7d,733218,gpu-nearfar,gpu,resident,s1,54,1,0,0,3,warm,0,1,12,24.454593,0,0,0,22.7980156,0.495347,0,,1362,1362,3626,0,0,1093147,8731373,0,3678dc385e71ccef,2509.32031,0,4.33
20260927T200206Z-0624,a02119d6d84fde7d,152853,gpu-nearfar,gpu,resident,s1,55,1,0,0,3,warm,0,1,12,24.012724,0,0,0,22.3516483,0.516481,0,,1337,1337,3568,0,0,1093178,8731687,0,06befad1b58e791b,2509.00044,0,4.33
20260927T200206Z-0624,a02119d6d84fde7d,533256,gpu-nearfar,gpu,resident,s1,56,1,0,0,3,warm,0,1,12,24.253047,0,0,0,22.5479679,0.506644,0,,1347,1347,3592,0,0,1093385,8733260,0,de6a85be3831195e,2511.16068,0,4.33
20260927T200206Z-0624,a02119d6d84fde7d,297117,gpu-nearfar,gpu,resident,s1,57,1,0,0,3,warm,0,1,12,24.515363,0,0,0,22.8400326,0.506417,0,,1363,1363,3636,0,0,1093479,8734118,0,22aa6d8bb71af2da,2510.2801,0,4.33
20260927T200206Z-0624,a02119d6d84fde7d,900482,gpu-nearfar,gpu,resident,s1,58,1,0,0,3,warm,0,1,12,24.161883,0,0,0,22.5074883,0.495424,0,,1347,1347,3600,0,0,1093670,8735508,0,e5b584d12adce633,2508.60087,0,4.33
20260927T200206Z-0624,a02119d6d84fde7d,951617,gpu-nearfar,gpu,resident,s1,59,1,0,0,3,warm,0,1,12,24.046972,0,0,0,22.3650246,0.496636,0,,1338,1338,3578,0,0,1093004,8730312,0,0520e2b524dbc735,2508.84054,0,4.33
20260927T200206Z-0624,a02119d6d84fde7d,329606,gpu-nearfar,gpu,resident,s1,60,1,0,0,3,warm,0,1,12,24.154692,0,0,0,22.5142403,0.493275,0,,1350,1350,3598,0,0,1093271,8732073,0,936869a3a01e1ec8,2511.16068,0,4.33
20260927T200206Z-0624,a02119d6d84fde7d,818843,gpu-nearfar,gpu,resident,s1,61,1,0,0,3,warm,0,1,12,24.178212,0,0,0,22.5278397,0.498805,0,,1348,1348,3598,0,0,1093606,8734981,0,52282c7c008cd16f,2510.76042,0,4.33
20260927T200206Z-0624,a02119d6d84fde7d,924064,gpu-nearfar,gpu,resident,s1,62,1,0,0,3,warm,0,1,12,24.339242,0,0,0,22.6679993,0.514028,0,,1361,1361,3612,0,0,1094728,8744821,0,ce26a1db90a68c18,2509.32031,0,4.33
20260927T200206Z-0624,a02119d6d84fde7d,442646,gpu-nearfar,gpu,resident,s1,63,1,0,0,3,warm,0,1,12,24.146644,0,0,0,22.5296326,0.490238,0,,1349,1349,3608,0,0,1092723,8727780,0,f61df11d33686108,2508.84054,0,4.33
20260927T200206Z-0624,a02119d6d84fde7d,933032,gpu-nearfar,gpu,resident,s1,64,1,0,0,3,warm,0,1,12,24.213193,0,0,0,22.5300159,0.510532,0,,1345,1345,3596,0,0,1093112,8731302,0,4dcf4e02a288d19c,2511.24093,0,4.33
20260927T200206Z-0624,a02119d6d84fde7d,340699,gpu-nearfar,gpu,resident,s1,65,1,0,0,3,warm,0,1,12,24.263197,0,0,0,22.610815,0.500492,0,,1352,1352,3610,0,0,1093165,8731531,0,48532874b2b9d0d2,2508.92063,0,4.06
20260927T200206Z-0624,a02119d6d84fde7d,196865,gpu-nearfar,gpu,resident,s1,66,1,0,0,3,warm,0,1,12,24.40784,0,0,0,22.7120647,0.510847,0,,1364,1364,3626,0,0,1093149,8731318,0,e44d3db783fbdadd,2511.16068,0,4.06
20260927T200206Z-0624,a02119d6d84fde7d,422576,gpu-nearfar,gpu,resident,s1,67,1,0,0,3,warm,0,1,12,24.130409,0,0,0,22.4803524,0.50656,0,,1345,1345,3592,0,0,1093089,8731069,0,4d948852be51cda0,2509.48027,0,4.06
20260927T200206Z-0624,a02119d6d84fde7d,199973,gpu-nearfar,gpu,resident,s1,68,1,0,0,3,warm,0,1,12,24.13967,0,0,0,22.4855042,0.499767,0,,1349,1349,3596,0,0,1093331,8732469,0,15b0e80fbc151e38,2508.60087,0,4.06
20260927T200206Z-0624,a02119d6d84fde7d,775044,gpu-nearfar,gpu,resident,s1,69,1,0,0,3,warm,0,1,12,24.135232,0,0,0,22.4918404,0.494694,0,,1349,1349,3588,0,0,1093275,8732555,0,cb1446d88a2be850,2511.16068,0,4.06
20260927T200206Z-0624,a02119d6d84fde7d,626100,gpu-nearfar,gpu,resident,s1,70,1,0,0,3,warm,0,1,12,24.132165,0,0,0,22.4827518,0.50971,0,,1347,1347,3592,0,0,1093228,8732130,0,3faba6d5b060898c,2508.92063,0,4.06
20260927T200206Z-0624,a02119d6d84fde7d,257641,gpu-nearfar,gpu,resident,s1,71,1,0,0,3,warm,0,1,12,24.594976,0,0,0,22.9457607,0.502703,0,,1374,1374,3654,0,0,1094016,8738693,0,a978bbf71a2b658f,2508.44102,0,4.06
20260927T200206Z-0624,a02119d6d84fde7d,617297,gpu-nearfar,gpu,resident,s1,72,1,0,0,3,warm,0,1,12,24.974451,0,0,0,23.2434883,0.554716,0,,1358,1358,3622,0,0,1093597,8735106,0,3fb7729b73b5db0f,2508.60087,0,4.06
20260927T200206Z-0624,a02119d6d84fde7d,563755,gpu-nearfar,gpu,resident,s1,73,1,0,0,3,warm,0,1,12,24.451806,0,0,0,22.5939846,0.517555,0,,1331,1331,3560,0,0,1092610,8726554,0,742e1e4a72ddaece,2508.68095,0,4.06
20260927T200206Z-0624,a02119d6d84fde7d,87865,gpu-nearfar,gpu,resident,s1,74,1,0,0,3,warm,0,1,12,24.331475,0,0,0,22.5234241,0.513548,0,,1344,1344,3602,0,0,1093380,8733456,0,73627407399df493,2508.60087,0,4.06
20260927T200206Z-0624,a02119d6d84fde7d,71898,gpu-nearfar,gpu,resident,s1,75,1,0,0,3,warm,0,1,12,24.198713,0,0,0,22.5082569,0.487686,0,,1342,1342,3590,0,0,1092837,8728410,0,1bd55c95765ebb70,2511.16068,0,4.06
20260927T200206Z-0624,a02119d6d84fde7d,847158,gpu-nearfar,gpu,resident,s1,76,1,0,0,3,warm,0,1,12,24.252917,0,0,0,22.5919991,0.495511,0,,1351,1351,3608,0,0,1092949,8729685,0,f84814ba52a3fddb,2508.60087,0,4.06
20260927T200206Z-0624,a02119d6d84fde7d,934069,gpu-nearfar,gpu,resident,s1,77,1,0,0,3,warm,0,1,12,24.020775,0,0,0,22.3465919,0.501536,0,,1339,1339,3564,0,0,1093615,8734503,0,3fce213adbd918e5,2508.68095,0,4.06
20260927T200206Z-0624,a02119d6d84fde7d,666677,gpu-nearfar,gpu,resident,s1,78,1,0,0,3,warm,0,1,12,24.35404,0,0,0,22.6569595,0.532089,0,,1349,1349,3596,0,0,1093053,8730774,0,9eb243abea190fd7,2508.92063,0,4.06
20260927T200206Z-0624,a02119d6d84fde7d,709223,gpu-nearfar,gpu,resident,s1,79,1,0,0,3,warm,0,1,12,24.432954,0,0,0,22.7804794,0.503185,0,,1367,1367,3628,0,0,1093738,8736012,0,7c91801c56145383,2509.08055,0,4.06
20260927T200206Z-0624,a02119d6d84fde7d,497308,gpu-nearfar,gpu,resident,s1,80,1,0,0,3,warm,0,1,12,24.157436,0,0,0,22.4796162,0.516699,0,,1344,1344,3594,0,0,1093508,8734470,0,12fa6679e1d7c1dd,2511.24093,0,4.06
20260927T200206Z-0624,a02119d6d84fde7d,354623,gpu-nearfar,gpu,resident,s1,81,1,0,0,3,warm,0,1,12,23.836867,0,0,0,22.1948795,0.489172,0,,1326,1326,3546,0,0,1093650,8735989,0,38aa81bd9bda3307,2508.60087,0,4.06
20260927T200206Z-0624,a02119d6d84fde7d,997813,gpu-nearfar,gpu,resident,s1,82,1,0,0,3,warm,0,1,12,24.231904,0,0,0,22.5408955,0.523798,0,,1349,1349,3608,0,0,1093360,8733034,0,cd72e1e1ae5946fd,2508.84054,0,4.06
20260927T200206Z-0624,a02119d6d84fde7d,886524,gpu-nearfar,gpu,resident,s1,83,1,0,0,3,warm,0,1,12,24.291415,0,0,0,22.6548157,0.508568,0,,1360,1360,3614,0,0,1093744,8736299,0,1e8eed6faf744f5d,2508.36125,0,4.06
20260927T200206Z-0624,a02119d6d84fde7d,26760,gpu-nearfar,gpu,resident,s1,84,1,0,0,3,warm,0,1,12,24.146163,0,0,0,22.4967995,0.499638,0,,1344,1344,3594,0,0,1093339,8733626,0,47842c3440e845d2,2511.16068,0,4.06
20260927T200206Z-0624,a02119d6d84fde7d,914247,gpu-nearfar,gpu,resident,s1,85,1,0,0,3,warm,0,1,12,24.12149,0,0,0,22.449152,0.515459,0,,1344,1344,3590,0,0,1093098,8730700,0,02ff3d571c234946,2511.16068,0,4.06
20260927T200206Z-0624,a02119d6d84fde7d,743152,gpu-nearfar,gpu,resident,s1,86,1,0,0,3,warm,0,1,12,24.320727,0,0,0,22.6380482,0.516059,0,,1357,1357,3620,0,0,1093303,8732265,0,487cb6841969b9a7,2511.16068,0,4.06
20260927T200206Z-0624,a02119d6d84fde7d,1012998,gpu-nearfar,gpu,resident,s1,87,1,0,0,3,warm,0,1,12,24.003434,0,0,0,22.3566074,0.506178,0,,1334,1334,3566,0,0,1092725,8727886,0,d2569ce76bc72320,2511.16068,0,4.06
20260927T200206Z-0624,a02119d6d84fde7d,382778,gpu-nearfar,gpu,resident,s1,88,1,0,0,3,warm,0,1,12,24.462756,0,0,0,22.8071671,0.495411,0,,1368,1368,3642,0,0,1093261,8731893,0,4363f1642bf9ca8b,2508.92063,0,4.06
20260927T200206Z-0624,a02119d6d84fde7d,385604,gpu-nearfar,gpu,resident,s1,89,1,0,0,3,warm,0,1,12,24.186111,0,0,0,22.525568,0.499146,0,,1338,1338,3574,0,0,1093691,8735954,0,2f834d6f19a7075f,2507.08354,0,4.06
20260927T200206Z-0624,a02119d6d84fde7d,40272,gpu-nearfar,gpu,resident,s1,90,1,0,0,3,warm,0,1,12,24.389143,0,0,0,22.7323208,0.490785,0,,1356,1356,3602,0,0,1093423,8732930,0,033d42e0e845d7e5,2509.08055,0,4.06
20260927T200206Z-0624,a02119d6d84fde7d,70075,gpu-nearfar,gpu,resident,s1,91,1,0,0,3,warm,0,1,12,24.852429,0,0,0,23.0652809,0.551463,0,,1339,1339,3584,0,0,1092883,8729416,0,0e609080489e53c9,2508.60087,0,4.06
20260927T200206Z-0624,a02119d6d84fde7d,733041,gpu-nearfar,gpu,resident,s1,92,1,0,0,3,warm,0,1,12,24.923174,0,0,0,22.9937916,0.567316,0,,1351,1351,3608,0,0,1093371,8733281,0,3643fcf2fc535160,2508.68095,0,4.06
20260927T200206Z-0624,a02119d6d84fde7d,405276,gpu-nearfar,gpu,resident,s1,93,1,0,0,3,warm,0,1,12,25.309562,0,0,0,23.3608952,0.531753,0,,1368,1368,3634,0,0,1093177,8731668,0,fd1e692198445bb9,2509.00044,0,4.06
20260927T200206Z-0624,a02119d6d84fde7d,167751,gpu-nearfar,gpu,resident,s1,94,1,0,0,3,warm,0,1,12,24.344388,0,0,0,22.4764156,0.512379,0,,1331,1331,3564,0,0,1092984,8729984,0,a9f30ead5b83afef,2510.68021,0,4.06
20260927T200206Z-0624,a02119d6d84fde7d,140065,gpu-nearfar,gpu,resident,s1,95,1,0,0,3,warm,0,1,12,24.159997,0,0,0,22.4640636,0.498627,0,,1344,1344,3590,0,0,1093155,8730895,0,c963d08625067b4f,2510.2801,0,4.06
20260927T200206Z-0624,a02119d6d84fde7d,729933,gpu-nearfar,gpu,resident,s1,96,1,0,0,3,warm,0,1,12,24.279,0,0,0,22.5878716,0.506706,0,,1350,1350,3610,0,0,1093276,8732494,0,7dcf2dfe66bf4fdd,2511.00051,0,4.06
20260927T200206Z-0624,a02119d6d84fde7d,755777,gpu-nearfar,gpu,resident,s1,97,1,0,0,3,warm,0,1,12,24.401299,0,0,0,22.7346249,0.505105,0,,1361,1361,3632,0,0,1093564,8734951,0,7f0d5a5b7ea2447b,2508.52109,0,4.06
20260927T200206Z-0624,a02119d6d84fde7d,374017,gpu-nearfar,gpu,resident,s1,98,1,0,0,3,warm,0,1,12,23.911389,0,0,0,22.2664642,0.500203,0,,1329,1329,3560,0,0,1093174,8731521,0,d10a072229bfa198,2511.16068,0,4.06
20260927T200206Z-0624,a02119d6d84fde7d,523181,gpu-nearfar,gpu,resident,s1,99,1,0,0,3,warm,0,1,12,24.03803,0,0,0,22.398592,0.499651,0,,1340,1340,3574,0,0,1093037,8730493,0,0516a7edf2d4942e,2511.16068,0,4.06
20260927T200206Z-0624,a02119d6d84fde7d,971309,gpu-nearfar,gpu,resident,s1,100,1,0,0,3,warm,0,1,12,23.945616,0,0,0,22.3135357,0.498855,0,,1330,1330,3562,0,0,1092716,8727355,0,31284766928f478b,2508.60087,0,4.06
20260927T200206Z-0624,a02119d6d84fde7d,881280,gpu-nearfar,gpu,resident,s1,101,1,0,0,3,warm,0,1,12,23.839377,0,0,0,22.2156162,0.497137,0,,1327,1327,3552,0,0,1092947,8729621,0,105ad01f64cd1e6d,2509.08055,0,4.06
20260927T200206Z-0624,a02119d6d84fde7d,608349,gpu-nearfar,gpu,resident,s1,102,1,0,0,3,warm,0,1,12,24.537342,0,0,0,22.8710079,0.516464,0,,1371,1371,3644,0,0,1094193,8740294,0,0ee13460b9253d30,2511.16068,0,4.06
20260927T200206Z-0624,a02119d6d84fde7d,1008613,gpu-nearfar,gpu,resident,s1,103,1,0,0,3,warm,0,1,12,23.981172,0,0,0,22.3219528,0.499467,0,,1334,1334,3562,0,0,1093486,8733763,0,125d1a176c793bd5,2508.68095,0,4.06
20260927T200206Z-0624,a02119d6d84fde7d,1045308,gpu-nearfar,gpu,resident,s1,104,1,0,0,3,warm,0,1,12,24.038667,0,0,0,22.4065914,0.497652,0,,1338,1338,3574,0,0,1093476,8734070,0,0cb884375ad7b6c6,2511.16068,0,4.06
20260927T200206Z-0624,a02119d6d84fde7d,730296,gpu-nearfar,gpu,resident,s1,105,1,0,0,3,warm,0,1,12,24.433281,0,0,0,22.79072,0.495821,0,,1363,1363,3632,0,0,1093327,8732429,0,4167dbc6d1d656ac,2508.60087,0,4.06
20260927T200206Z-0624,a02119d6d84fde7d,850921,gpu-nearfar,gpu,resident,s1,106,1,0,0,3,warm,0,1,12,24.184242,0,0,0,22.5186234,0.513439,0,,1345,1345,3588,0,0,1093196,8732010,0,904d09fd99ea42dc,2508.60087,0,4.06
20260927T200206Z-0624,a02119d6d84fde7d,285373,gpu-nearfar,gpu,resident,s1,107,1,0,0,3,warm,0,1,12,25.305855,0,0,0,23.5015678,0.564576,0,,1375,1375,3660,0,0,1093457,8734095,0,ed27ad9f0a7ac75e,2511.16068,0,4.06
20260927T200206Z-0624,a02119d6d84fde7d,1003836,gpu-nearfar,gpu,resident,s1,108,1,0,0,3,warm,0,1,12,24.621695,0,0,0,22.8247356,0.508729,0,,1364,1364,3630,0,0,1093491,8734020,0,df72732439acd0dc,2509.00044,0,4.06
20260927T200206Z-0624,a02119d6d84fde7d,743148,gpu-nearfar,gpu,resident,s1,109,1,0,0,3,warm,0,1,12,24.650057,0,0,0,22.9275513,0.507346,0,,1370,1370,3638,0,0,1093351,8733261,0,b589d741a7aaf99b,2511.16068,0,4.06
20260927T200206Z-0624,a02119d6d84fde7d,784929,gpu-nearfar,gpu,resident,s1,110,1,0,0,3,warm,0,1,12,24.292578,0,0,0,22.5757446,0.542087,0,,1347,1347,3592,0,0,1093272,8732470,0,6f82fbf133989e60,2511.16068,0,4.06
20260927T200206Z-0624,a02119d6d84fde7d,952239,gpu-nearfar,gpu,resident,s1,111,1,0,0,3,warm,0,1,12,24.049906,0,0,0,22.3772163,0.51359,0,,1335,1335,3572,0,0,1093002,8730834,0,ce3ab83ef0811b21,2511.16068,0,4.06
20260927T200206Z-0624,a02119d6d84fde7d,230809,gpu-nearfar,gpu,resident,s1,112,1,0,0,3,warm,0,1,12,24.274879,0,0,0,22.5972481,0.515665,0,,1345,1345,3588,0,0,1092677,8727184,0,bee4d5e4fca68824,2511.16068,0,4.06
20260927T200206Z-0624,a02119d6d84fde7d,781082,gpu-nearfar,gpu,resident,s1,113,1,0,0,3,warm,0,1,12,24.536121,0,0,0,22.8933449,0.502007,0,,1366,1366,3642,0,0,1093204,8731536,0,bc52de9104847a97,2508.60087,0,4.06
20260927T200206Z-0624,a02119d6d84fde7d,324361,gpu-nearfar,gpu,resident,s1,114,1,0,0,3,warm,0,1,12,24.029429,0,0,0,22.3679352,0.501025,0,,1339,1339,3572,0,0,1092993,8730595,0,d9137775fce42dcc,2508.68095,0,4.06
20260927T200206Z-0624,a02119d6d84fde7d,354973,gpu-nearfar,gpu,resident,s1,115,1,0,0,3,warm,0,1,12,24.153592,0,0,0,22.5152645,0.495222,0,,1350,1350,3598,0,0,1093398,8733007,0,f648ab01e576a9e2,2508.68095,0,4.06
20260927T200206Z-0624,a02119d6d84fde7d,1031021,gpu-nearfar,gpu,resident,s1,116,1,0,0,3,warm,0,1,12,24.275701,0,0,0,22.625824,0.505311,0,,1355,1355,3620,0,0,1093331,8732673,0,adf917acf700104b,2508.84054,0,4.06
20260927T200206Z-0624,a02119d6d84fde7d,776462,gpu-nearfar,gpu,resident,s1,117,1,0,0,3,warm,0,1,12,24.332239,0,0,0,22.7042236,0.49312,0,,1359,1359,3620,0,0,1093058,8730311,0,020d64c57708be11,2509.08055,0,4.06
20260927T200206Z-0624,a02119d6d84fde7d,878795,gpu-nearfar,gpu,resident,s1,118,1,0,0,3,warm,0,1,12,24.018996,0,0,0,22.3772163,0.500886,0,,1338,1338,3578,0,0,1093047,8730437,0,53f5a4ff9505386f,2508.60087,0,4.06
20260927T200206Z-0624,a02119d6d84fde7d,877605,gpu-nearfar,gpu,resident,s1,119,1,0,0,3,warm,0,1,12,24.447986,0,0,0,22.7898884,0.503968,0,,1366,1366,3638,0,0,1093007,8730444,0,e71921242e30ce07,2508.60087,0,4.06
20260927T200206Z-0624,a02119d6d84fde7d,449316,gpu-nearfar,gpu,resident,s1,120,1,0,0,3,warm,0,1,12,23.915003,0,0,0,22.2430725,0.514406,0,,1331,1331,3560,0,0,1092591,8726406,0,f41dc9fe270f1384,2511.16068,0,4.06
20260927T200206Z-0624,a02119d6d84fde7d,756923,gpu-nearfar,gpu,resident,s1,121,1,0,0,3,warm,0,1,12,24.055994,0,0,0,22.3967037,0.499506,0,,1341,1341,3572,0,0,1093384,8733404,0,730d81ca459c7d39,2508.60087,0,4.06
20260927T200206Z-0624,a02119d6d84fde7d,340776,gpu-nearfar,gpu,resident,s1,122,1,0,0,3,warm,0,1,12,24.072489,0,0,0,22.4477444,0.488767,0,,1344,1344,3590,0,0,1093248,8732631,0,2a9e0229dc6d7231,2511.16068,0,4.06
20260927T200206Z-0624,a02119d6d84fde7d,91142,gpu-nearfar,gpu,resident,s1,123,1,0,0,3,warm,0,1,12,24.784563,0,0,0,23.1531849,0.494192,0,,1382,1382,3670,0,0,1093602,8734681,0,80a11b9737c68068,2508.92063,0,4.06
20260927T200206Z-0624,a02119d6d84fde7d,419442,gpu-nearfar,gpu,resident,s1,124,1,0,0,3,warm,0,1,12,24.406804,0,0,0,22.7519684,0.494705,0,,1361,1361,3620,0,0,1093806,8736804,0,dfb110aeb00a09e5,2508.60087,0,4.06
20260927T200206Z-0624,a02119d6d84fde7d,338937,gpu-nearfar,gpu,resident,s1,125,1,0,0,3,warm,0,1,12,24.076845,0,0,0,22.4293118,0.512921,0,,1323,1323,3540,0,0,1093443,8733891,0,ec976827ae29462d,2511.16068,0,4.06
20260927T200206Z-0624,a02119d6d84fde7d,449658,gpu-nearfar,gpu,resident,s1,126,1,0,0,3,warm,0,1,12,23.906023,0,0,0,22.2296009,0.508254,0,,1328,1328,3550,0,0,1093023,8730004,0,4b2b26a5c1210c90,2511.16068,0,4.06
20260927T200206Z-0624,a02119d6d84fde7d,151978,gpu-nearfar,gpu,resident,s1,127,1,0,0,3,warm,0,1,12,26.681533,0,0,0,23.0927353,0.506436,1.930589,,1384,1384,3658,0,0,1094118,8739493,0,556e29d1d3b563fe,2508.60087,0,4.06
20260927T200206Z-0624,a02119d6d84fde7d,12612,gpu-frontier,gpu,resident,s2,0,2,0,0,0,warm,0,1,0,17.870229,0,0.251157,4.47472,12.6076164,0.516171,0,,304,304,304,0,0,8737389,69310321,0,28bdae51db7991a6,2506.68458,0,4.06
20260927T200206Z-0624,a02119d6d84fde7d,583477,gpu-frontier,gpu,resident,s2,1,2,0,0,0,warm,0,1,0,13.505861,0,0,0,13.0169916,0.476618,0,,312,312,312,0,0,9072585,71977818,0,8968d07a93769c87,2509.24048,0,4.06
20260927T200206Z-0624,a02119d6d84fde7d,587775,gpu-frontier,gpu,resident,s2,2,2,0,0,0,warm,0,1,0,12.364574,0,0,0,11.8979521,0.453134,0,,308,308,308,0,0,8014253,63540130,0,c3357c46101bc7ed,2508.60087,0,4.06
20260927T200206Z-0624,a02119d6d84fde7d,457329,gpu-frontier,gpu,resident,s2,3,2,0,0,0,warm,0,1,0,13.310058,0,0,0,12.854208,0.442584,0,,309,309,309,0,0,8936540,70883071,0,da60d169724ebe65,2508.60087,0,4.06
20260927T200206Z-0624,a02119d6d84fde7d,284703,gpu-frontier,gpu,resident,s2,4,2,0,0,0,warm,0,1,0,14.71595,0,0,0,14.2745275,0.426902,0,,310,310,310,0,0,10249655,81374701,0,e711fafca6bfd4d7,2509.40044,0,4.06
20260927T200206Z-0624,a02119d6d84fde7d,83249,gpu-frontier,gpu,resident,s2,5,2,0,0,0,warm,0,1,0,14.508252,0,0,0,14.0685759,0.427159,0,,310,310,310,0,0,10013135,79494118,0,4e52248775f10ee5,2508.60087,0,4.06
20260927T200206Z-0624,a02119d6d84fde7d,590008,gpu-frontier,gpu,resident,s2,6,2,0,0,0,warm,0,1,0,13.678884,0,0,0,13.2217922,0.443917,0,,306,306,306,0,0,9284770,73687998,0,8ccb9846f0ee1fda,2511.16068,0,4.06
20260927T200206Z-0624,a02119d6d84fde7d,764305,gpu-frontier,gpu,resident,s2,7,2,0,0,0,warm,0,1,0,13.416198,0,0,0,12.9796801,0.423311,0,,310,310,310,0,0,8987767,71298898,0,6e0bb1106251602f,2511.16068,0,4.06
20260927T200206Z-0624,a02119d6d84fde7d,299143,gpu-frontier,gpu,resident,s2,8,2,0,0,0,warm,0,1,0,13.1618,0,0,0,12.7271681,0.421643,0,,313,313,313,0,0,8812490,69905849,0,3a6af29ba834619f,2511.16068,0,4.06
20260927T200206Z-0624,a02119d6d84fde7d,101624,gpu-frontier,gpu,resident,s2,9,2,0,0,0,warm,0,1,0,12.044271,0,0,0,11.6098881,0.421418,0,,303,303,303,0,0,7919852,62778012,0,824098ec8ac7de79,2508.60087,0,4.06
20260927T200206Z-0624,a02119d6d84fde7d,341320,gpu-frontier,gpu,resident,s2,10,2,0,0,0,warm,0,1,0,13.301074,0,0,0,12.8604479,0.426913,0,,308,308,308,0,0,9008402,71451390,0,b0ba4213988f452b,2510.2801,0,4.06
20260927T200206Z-0624,a02119d6d84fde7d,16014,gpu-frontier,gpu,resident,s2,11,2,0,0,0,warm,0,1,0,14.771463,0,0,0,14.3155203,0.442984,0,,310,310,310,0,0,10343886,82125218,0,a00bd5f109b6340e,2511.16068,0,4.06
20260927T200206Z-0624,a02119d6d84fde7d,474855,gpu-frontier,gpu,resident,s2,12,2,0,0,0,warm,0,1,0,15.115752,0,0,0,14.6787844,0.424547,0,,314,314,314,0,0,10647510,84528625,0,028d9427e762a866,2508.60087,0,4.06
20260927T200206Z-0624,a02119d6d84fde7d,780517,gpu-frontier,gpu,resident,s2,13,2,0,0,0,warm,0,1,0,11.734004,0,0,0,11.2811203,0.439444,0,,302,302,302,0,0,7389551,58566820,0,f57cb7273e76c9b5,2509.16036,0,4.06
20260927T200206Z-0624,a02119d6d84fde7d,948113,gpu-frontier,gpu,resident,s2,14,2,0,0,0,warm,0,1,0,11.789068,0,0,0,11.3510084,0.424337,0,,305,305,305,0,0,7482415,59292026,0,1937c9c045d04233,2511.16068,0,4.06
20260927T200206Z-0624,a02119d6d84fde7d,618424,gpu-frontier,gpu,resident,s2,15,2,0,0,0,warm,0,1,0,12.087149,0,0,0,11.6468801,0.427293,0,,304,304,304,0,0,7828529,62062387,0,7256939aaa048106,2511.16068,0,4.06
20260927T200206Z-0624,a02119d6d84fde7d,826214,gpu-frontier,gpu,resident,s2,16,2,0,0,0,warm,0,1,0,15.300552,0,0,0,14.863328,0.424393,0,,312,312,312,0,0,10808593,85829583,0,b27f0a39a9b0e982,2509.16036,0,4.06
20260927T200206Z-0624,a02119d6d84fde7d,406369,gpu-frontier,gpu,resident,s2,17,2,0,0,0,warm,0,1,0,11.3434,0,0,0,10.8973122,0.432761,0,,312,312,312,0,0,7667731,60775756,0,5a0bc74ecd575f16,2511.96159,0,4.06
20260927T200206Z-0624,a02119d6d84fde7d,963197,gpu-frontier,gpu,resident,s2,18,2,0,0,0,warm,0,1,0,12.828837,0,0,0,12.3862724,0.429682,0,,308,308,308,0,0,9397427,74577210,0,fbb9405d847378bc,2511.16068,0,4.06
20260927T200206Z-0624,a02119d6d84fde7d,71507,gpu-frontier,gpu,resident,s2,19,2,0,0,0,warm,0,1,0,12.497756,0,0,0,12.0584002,0.425801,0,,309,309,309,0,0,9025146,71604472,0,702d6d5587c052d1,2513.72573,0,4.06
20260927T200206Z-0624,a02119d6d84fde7d,544495,gpu-frontier,gpu,resident,s2,20,2,0,0,0,warm,0,1,0,12.558374,0,0,0,12.1239357,0.421719,0,,306,306,306,0,0,9176428,72793923,0,e48611890b9253a5,2513.72573,0,4.06
20260927T200206Z-0624,a02119d6d84fde7d,74604,gpu-frontier,gpu,resident,s2,21,2,0,0,0,warm,0,1,0,13.443092,0,0,0,13.0092802,0.420576,0,,312,312,312,0,0,10005354,79408579,0,685cee8f92989b3f,2513.72573,0,4.06
20260927T200206Z-0624,a02119d6d84fde7d,498463,gpu-frontier,gpu,resident,s2,22,2,0,0,0,warm,0,1,0,12.95899,0,0,0,12.5191679,0.427324,0,,308,308,308,0,0,9545423,75760505,0,6039eae81483ac7b,2511.8016,0,4.06
20260927T200206Z-0624,a02119d6d84fde7d,532500,gpu-frontier,gpu,resident,s2,23,2,0,0,0,warm,0,1,0,12.037588,0,0,0,11.5832644,0.441026,0,,308,308,308,0,0,8641220,68531768,0,6c4a508dceefca06,2513.72573,0,4.06
20260927T200206Z-0624,a02119d6d84fde7d,594991,gpu-frontier,gpu,resident,s2,24,2,0,0,0,warm,0,1,0,11.351795,0,0,0,10.807168,0.531945,0,,304,304,304,0,0,7697325,61015830,0,8c5ea2cc267ed78e,2513.72573,0,4.06
20260927T200206Z-0624,a02119d6d84fde7d,67444,gpu-frontier,gpu,resident,s2,25,2,0,0,0,warm,0,1,0,11.632147,0,0,0,11.104064,0.512067,0,,307,307,307,0,0,7869729,62373212,0,e6b21197edb81682,2513.56522,0,4.06
20260927T200206Z-0624,a02119d6d84fde7d,848826,gpu-frontier,gpu,resident,s2,26,2,0,0,0,warm,0,1,0,13.187039,0,0,0,12.6912317,0.482681,0,,316,316,316,0,0,9502146,75405809,0,7fc02cf236211190,2513.64562,0,4.06
20260927T200206Z-0624,a02119d6d84fde7d,696864,gpu-frontier,gpu,resident,s2,27,2,0,0,0,warm,0,1,0,13.254116,0,0,0,12.8059835,0.433553,0,,310,310,310,0,0,9852922,78207835,0,1f5ae3f04977baeb,2512.9237,0,4.06
20260927T200206Z-0624,a02119d6d84fde7d,809315,gpu-frontier,gpu,resident,s2,28,2,0,0,0,warm,0,1,0,11.850298,0,0,0,11.3805122,0.458023,0,,306,306,306,0,0,8414943,66735115,0,ae4946ccd75238cd,2513.72573,0,4.06
20260927T200206Z-0624,a02119d6d84fde7d,888073,gpu-frontier,gpu,resident,s2,29,2,0,0,0,warm,0,1,0,11.954368,0,0,0,11.5075836,0.433021,0,,304,304,304,0,0,8333285,66098504,0,242dd6e21c631498,2513.72573,0,4.06
20260927T200206Z-0624,a02119d6d84fde7d,120977,gpu-frontier,gpu,resident,s2,30,2,0,0,0,warm,0,1,0,13.110786,0,0,0,12.6563845,0.441059,0,,312,312,312,0,0,9613763,76298508,0,61978cef1982d278,2513.32465,0,4.06
20260927T200206Z-0624,a02119d6d84fde7d,227134,gpu-frontier,gpu,resident,s2,31,2,0,0,0,warm,0,1,0,12.172838,0,0,0,11.7276163,0.430665,0,,309,309,309,0,0,8672678,68790527,0,8bb075d498e81ac3,2513.72573,0,4.06
20260927T200206Z-0624,a02119d6d84fde7d,828516,gpu-frontier,gpu,resident,s2,32,2,0,0,0,warm,0,1,0,13.788277,0,0,0,13.3476162,0.428097,0,,312,312,312,0,0,10458216,83032530,0,a80260e3dc7e7c05,2513.72573,0,4.06
20260927T200206Z-0624,a02119d6d84fde7d,599128,gpu-frontier,gpu,resident,s2,33,2,0,0,0,warm,0,1,0,10.664554,0,0,0,10.22544,0.42581,0,,300,300,300,0,0,7254731,57482528,0,adee1a46fbe8f4a1,2513.72573,0,4.06
20260927T200206Z-0624,a02119d6d84fde7d,962318,gpu-frontier,gpu,resident,s2,34,2,0,0,0,warm,0,1,0,11.744421,0,0,0,11.236064,0.497058,0,,310,310,310,0,0,8166108,64747096,0,4cceca57322c2505,2514.36796,0,4.06
20260927T200206Z-0624,a02119d6d84fde7d,865743,gpu-frontier,gpu,resident,s2,35,2,0,0,0,warm,0,1,0,13.234898,0,0,0,12.7609282,0.460139,0,,308,308,308,0,0,9861668,78252049,0,7bbfc1f62785203a,2513.72573,0,4.06
20260927T200206Z-0624,a02119d6d84fde7d,638838,gpu-frontier,gpu,resident,s2,36,2,0,0,0,warm,0,1,0,11.224839,0,0,0,10.6770878,0.534152,0,,312,312,312,0,0,7497235,59417014,0,dde4ea3c97190154,2513.72573,0,4.06
20260927T200206Z-0624,a02119d6d84fde7d,789396,gpu-frontier,gpu,resident,s2,37,2,0,0,0,warm,0,1,0,12.581491,0,0,0,12.076992,0.491539,0,,308,308,308,0,0,9105292,72236272,0,0f83afd66fff968b,2513.72573,0,4.06
20260927T200206Z-0624,a02119d6d84fde7d,787247,gpu-frontier,gpu,resident,s2,38,2,0,0,0,warm,0,1,0,10.878935,0,0,0,10.4160318,0.447515,0,,306,306,306,0,0,7329917,58076414,0,343a6af165e40ea0,2513.72573,0,4.06
20260927T200206Z-0624,a02119d6d84fde7d,643171,gpu-frontier,gpu,resident,s2,39,2,0,0,0,warm,0,1,0,11.197492,0,0,0,10.756896,0.426947,0,,304,304,304,0,0,7666950,60773902,0,ebe49471cf26a366,2512.04188,0,4.06
20260927T200206Z-0624,a02119d6d84fde7d,742209,gpu-frontier,gpu,resident,s2,40,2,0,0,0,warm,0,1,0,11.3995,0,0,0,10.9463358,0.440809,0,,310,310,310,0,0,7977192,63245074,0,2e6086bf9f9c0969,2513.72573,0,4.06
20260927T200206Z-0624,a02119d6d84fde7d,98309,gpu-frontier,gpu,resident,s2,41,2,0,0,0,warm,0,1,0,12.21475,0,0,0,11.7656641,0.435439,0,,310,310,310,0,0,8768279,69560792,0,f74896e8208dc1fe,2513.72573,0,4.06
20260927T200206Z-0624,a02119d6d84fde7d,809671,gpu-frontier,gpu,resident,s2,42,2,0,0,0,warm,0,1,0,10.160654,0,0,0,9.72873592,0.419571,0,,310,310,310,0,0,6820443,54015974,0,b75fe77907620429,2511.96159,0,4.06
20260927T200206Z-0624,a02119d6d84fde7d,682755,gpu-frontier,gpu,resident,s2,43,2,0,0,0,warm,0,1,0,10.945945,0,0,0,10.5029116,0.429653,0,,302,302,302,0,0,7527928,59676416,0,5aea28dc8118708f,2513.64562,0,4.06
20260927T200206Z-0624,a02119d6d84fde7d,866488,gpu-frontier,gpu,resident,s2,44,2,0,0,0,warm,0,1,0,11.023031,0,0,0,10.5796804,0.430258,0,,308,308,308,0,0,7470109,59191273,0,2ca945dc09e333f5,2513.72573,0,4.06
20260927T200206Z-0624,a02119d6d84fde7d,107501,gpu-frontier,gpu,resident,s2,45,2,0,0,0,warm,0,1,0,12.004183,0,0,0,11.5648317,0.42625,0,,306,306,306,0,0,8615713,68338521,0,525802c16d3dd706,2513.72573,0,4.06
20260927T200206Z-0624,a02119d6d84fde7d,719239,gpu-frontier,gpu,resident,s2,46,2,0,0,0,warm,0,1,0,12.485019,0,0,0,12.021472,0.450265,0,,308,308,308,0,0,8974406,71195300,0,5fe141d595255199,2514.12694,0,4.06
20260927T200206Z-0624,a02119d6d84fde7d,970577,gpu-frontier,gpu,resident,s2,47,2,0,0,0,warm,0,1,0,12.397155,0,0,0,11.9611197,0.422932,0,,309,309,309,0,0,8845071,70167474,0,a43fbb6fe42a36c5,2511.96159,0,4.06
20260927T200206Z-0624,a02119d6d84fde7d,519236,gpu-frontier,gpu,resident,s2,48,2,0,0,0,warm,0,1,0,13.294085,0,0,0,12.8558397,0.424635,0,,312,312,312,0,0,9803929,77810029,0,41f25342e055cad8,2511.16068,0,4.06
20260927T200206Z-0624,a02119d6d84fde7d,638059,gpu-frontier,gpu,resident,s2,49,2,0,0,0,warm,0,1,0,13.652252,0,0,0,13.2196159,0.420064,0,,310,310,310,0,0,10244514,81334821,0,65a0deeb6c0dd865,2513.56522,0,4.06
20260927T200206Z-0624,a02119d6d84fde7d,121166,gpu-frontier,gpu,resident,s2,50,2,0,0,0,warm,0,1,0,14.08574,0,0,0,13.6251841,0.447,0,,310,310,310,0,0,10624840,84363637,0,ae4f21cdc3e83665,2511.24093,0,4.06
20260927T200206Z-0624,a02119d6d84fde7d,613670,gpu-frontier,gpu,resident,s2,51,2,0,0,0,warm,0,1,0,11.692458,0,0,0,11.2084799,0.471514,0,,305,305,305,0,0,8116784,64363867,0,4e3b565a51b0291d,2513.24427,0,4.06
20260927T200206Z-0624,a02119d6d84fde7d,70006,gpu-frontier,gpu,resident,s2,52,2,0,0,0,warm,0,1,0,13.541152,0,0,0,13.0465603,0.48242,0,,318,318,318,0,0,9866265,78303494,0,9b9e4e7fa671f322,2513.72573,0,4.06
20260927T200206Z-0624,a02119d6d84fde7d,74793,gpu-frontier,gpu,resident,s2,53,2,0,0,0,warm,0,1,0,13.14443,0,0,0,12.6053438,0.527367,0,,309,309,309,0,0,9454321,75017825,0,ecf2eedd6dd9cfb8,2513.72573,0,4.06
20260927T200206Z-0624,a02119d6d84fde7d,733218,gpu-frontier,gpu,resident,s2,54,2,0,0,0,warm,0,1,0,13.522323,0,0,0,12.9452162,0.56441,0,,314,314,314,0,0,9870539,78342228,0,3678dc385e71ccef,2512.36253,0,4.06
20260927T200206Z-0624,a02119d6d84fde7d,152853,gpu-frontier,gpu,resident,s2,55,2,0,0,0,warm,0,1,0,12.008843,0,0,0,11.4310398,0.561986,0,,306,306,306,0,0,8523698,67607405,0,06befad1b58e791b,2511.16068,0,4.06
20260927T200206Z-0624,a02119d6d84fde7d,533256,gpu-frontier,gpu,resident,s2,56,2,0,0,0,warm,0,1,0,13.310896,0,0,0,12.7688322,0.52591,0,,306,306,306,0,0,9774288,77588183,0,de6a85be3831195e,2513.72573,0,4.06
20260927T200206Z-0624,a02119d6d84fde7d,297117,gpu-frontier,gpu,resident,s2,57,2,0,0,0,warm,0,1,0,11.512974,0,0,0,11.0016317,0.498718,0,,307,307,307,0,0,7997366,63401758,0,22aa6d8bb71af2da,2511.96159,0,4.06
20260927T200206Z-0624,a02119d6d84fde7d,900482,gpu-frontier,gpu,resident,s2,58,2,0,0,0,warm,0,1,0,13.437862,0,0,0,12.9458561,0.478446,0,,308,308,308,0,0,9962840,79070185,0,e5b584d12adce633,2513.72573,0,4.06
20260927T200206Z-0624,a02119d6d84fde7d,951617,gpu-frontier,gpu,resident,s2,59,2,0,0,0,warm,0,1,0,12.347984,0,0,0,11.8883839,0.446657,0,,309,309,309,0,0,8858064,70276783,0,0520e2b524dbc735,2513.72573,0,4.06
20260927T200206Z-0624,a02119d6d84fde7d,329606,gpu-frontier,gpu,resident,s2,60,2,0,0,0,warm,0,1,0,11.781363,0,0,0,11.3303041,0.437627,0,,306,306,306,0,0,8391401,66551677,0,936869a3a01e1ec8,2513.72573,0,4.06
20260927T200206Z-0624,a02119d6d84fde7d,818843,gpu-frontier,gpu,resident,s2,61,2,0,0,0,warm,0,1,0,12.099848,0,0,0,11.5912638,0.495002,0,,306,306,306,0,0,8610246,68301129,0,52282c7c008cd16f,2512.9237,0,4.06
20260927T200206Z-0624,a02119d6d84fde7d,924064,gpu-frontier,gpu,resident,s2,62,2,0,0,0,warm,0,1,0,12.484546,0,0,0,12.0277758,0.442504,0,,308,308,308,0,0,9017356,71519986,0,ce26a1db90a68c18,2513.72573,0,4.06
20260927T200206Z-0624,a02119d6d84fde7d,442646,gpu-frontier,gpu,resident,s2,63,2,0,0,0,warm,0,1,0,13.011835,0,0,0,12.5492163,0.449031,0,,310,310,310,0,0,9386183,74481030,0,f61df11d33686108,2513.08413,0,4.06
20260927T200206Z-0624,a02119d6d84fde7d,933032,gpu-frontier,gpu,resident,s2,64,2,0,0,0,warm,0,1,0,12.071351,0,0,0,11.6293764,0.429315,0,,303,303,303,0,0,8649871,68615417,0,4dcf4e02a288d19c,2511.24093,0,4.06
20260927T200206Z-0624,a02119d6d84fde7d,340699,gpu-frontier,gpu,resident,s2,65,2,0,0,0,warm,0,1,0,13.728294,0,0,0,13.2882242,0.426675,0,,312,312,312,0,0,10281760,81620513,0,48532874b2b9d0d2,2513.72573,0,4.06
20260927T200206Z-0624,a02119d6d84fde7d,196865,gpu-frontier,gpu,resident,s2,66,2,0,0,0,warm,0,1,0,13.028822,0,0,0,12.598752,0.416851,0,,316,316,316,0,0,9507978,75452110,0,e44d3db783fbdadd,2513.96638,0,4.06
20260927T200206Z-0624,a02119d6d84fde7d,422576,gpu-frontier,gpu,resident,s2,67,2,0,0,0,warm,0,1,0,12.893902,0,0,0,12.4331837,0.447438,0,,306,306,306,0,0,9382274,74451610,0,4d948852be51cda0,2513.72573,0,4.06
20260927T200206Z-0624,a02119d6d84fde7d,199973,gpu-frontier,gpu,resident,s2,68,2,0,0,0,warm,0,1,0,12.919718,0,0,0,12.4792643,0.427411,0,,308,308,308,0,0,9367391,74338590,0,15b0e80fbc151e38,2513.72573,0,4.06
20260927T200206Z-0624,a02119d6d84fde7d,775044,gpu-frontier,gpu,resident,s2,69,2,0,0,0,warm,0,1,0,14.158887,0,0,0,13.7049923,0.44124,0,,310,310,310,0,0,10615990,84298863,0,cb1446d88a2be850,2511.88159,0,4.06
20260927T200206Z-0624,a02119d6d84fde7d,626100,gpu-frontier,gpu,resident,s2,70,2,0,0,0,warm,0,1,0,10.367184,0,0,0,9.93372822,0.420043,0,,302,302,302,0,0,6767516,53595599,0,3faba6d5b060898c,2513.72573,0,4.06
20260927T200206Z-0624,a02119d6d84fde7d,257641,gpu-frontier,gpu,resident,s2,71,2,0,0,0,warm,0,1,0,12.337466,0,0,0,11.8997765,0.424523,0,,311,311,311,0,0,8772860,69591149,0,a978bbf71a2b658f,2513.88626,0,4.06
20260927T200206Z-0624,a02119d6d84fde7d,617297,gpu-frontier,gpu,resident,s2,72,2,0,0,0,warm,0,1,0,14.204463,0,0,0,13.7714558,0.420514,0,,314,314,314,0,0,10661080,84660741,0,3fb7729b73b5db0f,2511.8016,0,4.06
20260927T200206Z-0624,a02119d6d84fde7d,563755,gpu-frontier,gpu,resident,s2,73,2,0,0,0,warm,0,1,0,12.328077,0,0,0,11.8917437,0.422372,0,,306,306,306,0,0,8863183,70300777,0,742e1e4a72ddaece,2513.72573,0,4.06
20260927T200206Z-0624,a02119d6d84fde7d,87865,gpu-frontier,gpu,resident,s2,74,2,0,0,0,warm,0,1,0,12.957206,0,0,0,12.5304003,0.415204,0,,312,312,312,0,0,9438557,74888793,0,73627407399df493,2513.24427,0,4.06
20260927T200206Z-0624,a02119d6d84fde7d,71898,gpu-frontier,gpu,resident,s2,75,2,0,0,0,warm,0,1,0,11.798358,0,0,0,11.35184,0.433724,0,,303,303,303,0,0,8411010,66682974,0,1bd55c95765ebb70,2511.72132,0,4.06
20260927T200206Z-0624,a02119d6d84fde7d,847158,gpu-frontier,gpu,resident,s2,76,2,0,0,0,warm,0,1,0,12.435131,0,0,0,12.00208,0.419924,0,,310,310,310,0,0,8912772,70692069,0,f84814ba52a3fddb,2513.72573,0,4.06
20260927T200206Z-0624,a02119d6d84fde7d,934069,gpu-frontier,gpu,resident,s2,77,2,0,0,0,warm,0,1,0,12.969863,0,0,0,12.5352316,0.420881,0,,308,308,308,0,0,9484840,75269298,0,3fce213adbd918e5,2513.24427,0,4.06
20260927T200206Z-0624,a02119d6d84fde7d,666677,gpu-frontier,gpu,resident,s2,78,2,0,0,0,warm,0,1,0,12.942717,0,0,0,12.503808,0.425675,0,,308,308,308,0,0,9442166,74931862,0,9eb243abea190fd7,2513.72573,0,4.06
20260927T200206Z-0624,a02119d6d84fde7d,709223,gpu-frontier,gpu,resident,s2,79,2,0,0,0,warm,0,1,0,11.177165,0,0,0,10.7464962,0.417563,0,,302,302,302,0,0,7642252,60585665,0,7c91801c56145383,2513.72573,0,4.06
20260927T200206Z-0624,a02119d6d84fde7d,497308,gpu-frontier,gpu,resident,s2,80,2,0,0,0,warm,0,1,0,12.812005,0,0,0,12.3658237,0.43307,0,,311,311,311,0,0,9326869,74004205,0,12fa6679e1d7c1dd,2512.9237,0,4.06
20260927T200206Z-0624,a02119d6d84fde7d,354623,gpu-frontier,gpu,resident,s2,81,2,0,0,0,warm,0,1,0,11.18813,0,0,0,10.7578878,0.417681,0,,312,312,312,0,0,7518704,59584409,0,38aa81bd9bda3307,2513.72573,0,4.06
20260927T200206Z-0624,a02119d6d84fde7d,997813,gpu-frontier,gpu,resident,s2,82,2,0,0,0,warm,0,1,0,10.762378,0,0,0,10.2909756,0.459183,0,,302,302,302,0,0,7358725,58321854,0,cd72e1e1ae5946fd,2513.72573,0,4.06
20260927T200206Z-0624,a02119d6d84fde7d,886524,gpu-frontier,gpu,resident,s2,83,2,0,0,0,warm,0,1,0,12.510313,0,0,0,12.0706882,0.427337,0,,309,309,309,0,0,9064999,71912872,0,1e8eed6faf744f5d,2513.72573,0,4.06
20260927T200206Z-0624,a02119d6d84fde7d,26760,gpu-frontier,gpu,resident,s2,84,2,0,0,0,warm,0,1,0,12.12294,0,0,0,11.5650883,0.543323,0,,314,314,314,0,0,8340133,66142504,0,47842c3440e845d2,2513.40474,0,4.06
20260927T200206Z-0624,a02119d6d84fde7d,914247,gpu-frontier,gpu,resident,s2,85,2,0,0,0,warm,0,1,0,11.811858,0,0,0,11.2823038,0.516491,0,,306,306,306,0,0,8149756,64614075,0,02ff3d571c234946,2513.72573,0,4.06
20260927T200206Z-0624,a02119d6d84fde7d,743152,gpu-frontier,gpu,resident,s2,86,2,0,0,0,warm,0,1,0,12.680701,0,0,0,12.1993599,0.467626,0,,308,308,308,0,0,9109107,72275698,0,487cb6841969b9a7,2513.72573,0,4.06
20260927T200206Z-0624,a02119d6d84fde7d,1012998,gpu-frontier,gpu,resident,s2,87,2,0,0,0,warm,0,1,0,13.155119,0,0,0,12.6871996,0.454654,0,,306,306,306,0,0,9624993,76395115,0,d2569ce76bc72320,2513.72573,0,4.06
20260927T200206Z-0624,a02119d6d84fde7d,382778,gpu-frontier,gpu,resident,s2,88,2,0,0,0,warm,0,1,0,12.004532,0,0,0,11.5545921,0.436854,0,,306,306,306,0,0,8483975,67269620,0,4363f1642bf9ca8b,2513.96638,0,4.06
20260927T200206Z-0624,a02119d6d84fde7d,385604,gpu-frontier,gpu,resident,s2,89,2,0,0,0,warm,0,1,0,12.579822,0,0,0,12.1443195,0.422438,0,,308,308,308,0,0,9058176,71861681,0,2f834d6f19a7075f,2513.72573,0,4.06
20260927T200206Z-0624,a02119d6d84fde7d,40272,gpu-frontier,gpu,resident,s2,90,2,0,0,0,warm,0,1,0,10.442632,0,0,0,9.99811172,0.4313,0,,303,303,303,0,0,7017380,55586269,0,033d42e0e845d7e5,2513.56522,0,4.06
20260927T200206Z-0624,a02119d6d84fde7d,70075,gpu-frontier,gpu,resident,s2,91,2,0,0,0,warm,0,1,0,11.292942,0,0,0,10.8604479,0.419378,0,,312,312,312,0,0,7697059,61005214,0,0e609080489e53c9,2511.32088,0,4.06
20260927T200206Z-0624,a02119d6d84fde7d,733041,gpu-frontier,gpu,resident,s2,92,2,0,0,0,warm,0,1,0,12.950767,0,0,0,12.5051203,0.432304,0,,312,312,312,0,0,9371907,74372068,0,3643fcf2fc535160,2511.8016,0,4.06
20260927T200206Z-0624,a02119d6d84fde7d,405276,gpu-frontier,gpu,resident,s2,93,2,0,0,0,warm,0,1,0,13.124909,0,0,0,12.6822081,0.429154,0,,308,308,308,0,0,9709305,77070429,0,fd1e692198445bb9,2513.72573,0,4.06
20260927T200206Z-0624,a02119d6d84fde7d,167751,gpu-frontier,gpu,resident,s2,94,2,0,0,0,warm,0,1,0,11.936566,0,0,0,11.4951363,0.428088,0,,309,309,309,0,0,8329426,66048611,0,a9f30ead5b83afef,2514.20737,0,4.06
20260927T200206Z-0624,a02119d6d84fde7d,140065,gpu-frontier,gpu,resident,s2,95,2,0,0,0,warm,0,1,0,13.459746,0,0,0,13.0250883,0.420206,0,,313,313,313,0,0,9969124,79114768,0,c963d08625067b4f,2514.0468,0,4.06
20260927T200206Z-0624,a02119d6d84fde7d,729933,gpu-frontier,gpu,resident,s2,96,2,0,0,0,warm,0,1,0,11.715013,0,0,0,11.2760324,0.426358,0,,307,307,307,0,0,8240200,65346850,0,7dcf2dfe66bf4fdd,2513.72573,0,4.06
20260927T200206Z-0624,a02119d6d84fde7d,755777,gpu-frontier,gpu,resident,s2,97,2,0,0,0,warm,0,1,0,11.408035,0,0,0,10.9627838,0.433184,0,,304,304,304,0,0,7932603,62882866,0,7f0d5a5b7ea2447b,2513.72573,0,4.06
20260927T200206Z-0624,a02119d6d84fde7d,374017,gpu-frontier,gpu,resident,s2,98,2,0,0,0,warm,0,1,0,12.155351,0,0,0,11.7105284,0.432275,0,,309,309,309,0,0,8553154,67834362,0,d10a072229bfa198,2513.72573,0,4.06
20260927T200206Z-0624,a02119d6d84fde7d,523181,gpu-frontier,gpu,resident,s2,99,2,0,0,0,warm,0,1,0,12.848528,0,0,0,12.4035835,0.431568,0,,316,316,316,0,0,9224013,73191198,0,0516a7edf2d4942e,2511.16068,0,4.06
20260927T200206Z-0624,a02119d6d84fde7d,971309,gpu-frontier,gpu,resident,s2,100,2,0,0,0,warm,0,1,0,13.003177,0,0,0,12.5671043,0.423147,0,,312,312,312,0,0,9496793,75364604,0,31284766928f478b,2511.64134,0,4.06
20260927T200206Z-0624,a02119d6d84fde7d,881280,gpu-frontier,gpu,resident,s2,101,2,0,0,0,warm,0,1,0,12.905844,0,0,0,12.4720964,0.420457,0,,316,316,316,0,0,9343969,74141799,0,105ad01f64cd1e6d,2511.16068,0,4.06
20260927T200206Z-0624,a02119d6d84fde7d,608349,gpu-frontier,gpu,resident,s2,102,2,0,0,0,warm,0,1,0,14.154688,0,0,0,13.7111359,0.431061,0,,312,312,312,0,0,10720399,85120818,0,0ee13460b9253d30,2512.04188,0,4.06
20260927T200206Z-0624,a02119d6d84fde7d,1008613,gpu-frontier,gpu,resident,s2,103,2,0,0,0,warm,0,1,0,11.484648,0,0,0,11.0476799,0.423283,0,,307,307,307,0,0,7852888,62248881,0,125d1a176c793bd5,2513.32465,0,4.06
20260927T200206Z-0624,a02119d6d84fde7d,1045308,gpu-frontier,gpu,resident,s2,104,2,0,0,0,warm,0,1,0,12.147332,0,0,0,11.6918077,0.442614,0,,304,304,304,0,0,8762380,69509295,0,0cb884375ad7b6c6,2513.72573,0,4.06
20260927T200206Z-0624,a02119d6d84fde7d,730296,gpu-frontier,gpu,resident,s2,105,2,0,0,0,warm,0,1,0,11.984671,0,0,0,11.5515203,0.420545,0,,306,306,306,0,0,8582944,68076816,0,4167dbc6d1d656ac,2513.72573,0,4.06
20260927T200206Z-0624,a02119d6d84fde7d,850921,gpu-frontier,gpu,resident,s2,106,2,0,0,0,warm,0,1,0,13.052348,0,0,0,12.6219521,0.418124,0,,311,311,311,0,0,9596843,76162878,0,904d09fd99ea42dc,2511.88159,0,4.06
20260927T200206Z-0624,a02119d6d84fde7d,285373,gpu-frontier,gpu,resident,s2,107,2,0,0,0,warm,0,1,0,12.226335,0,0,0,11.7881603,0.424806,0,,314,314,314,0,0,8662681,68702480,0,ed27ad9f0a7ac75e,2513.72573,0,4.06
20260927T200206Z-0624,a02119d6d84fde7d,1003836,gpu-frontier,gpu,resident,s2,108,2,0,0,0,warm,0,1,0,12.251333,0,0,0,11.8148479,0.423909,0,,306,306,306,0,0,8766058,69547180,0,df72732439acd0dc,2513.72573,0,4.06
20260927T200206Z-0624,a02119d6d84fde7d,743148,gpu-frontier,gpu,resident,s2,109,2,0,0,0,warm,0,1,0,11.932411,0,0,0,11.4949436,0.423523,0,,304,304,304,0,0,8515006,67553242,0,b589d741a7aaf99b,2511.40084,0,4.06
20260927T200206Z-0624,a02119d6d84fde7d,784929,gpu-frontier,gpu,resident,s2,110,2,0,0,0,warm,0,1,0,12.398057,0,0,0,11.9589758,0.426487,0,,306,306,306,0,0,9045707,71779915,0,6f82fbf133989e60,2513.72573,0,4.06
20260927T200206Z-0624,a02119d6d84fde7d,952239,gpu-frontier,gpu,resident,s2,111,2,0,0,0,warm,0,1,0,12.535988,0,0,0,12.0996485,0.423436,0,,308,308,308,0,0,9082938,72062843,0,ce3ab83ef0811b21,2512.2022,0,4.06
20260927T200206Z-0624,a02119d6d84fde7d,230809,gpu-frontier,gpu,resident,s2,112,2,0,0,0,warm,0,1,0,12.250245,0,0,0,11.7891197,0.447907,0,,312,312,312,0,0,8806112,69844178,0,bee4d5e4fca68824,2512.68296,0,4.06
20260927T200206Z-0624,a02119d6d84fde7d,781082,gpu-frontier,gpu,resident,s2,113,2,0,0,0,warm,0,1,0,11.259581,0,0,0,10.8185921,0.428769,0,,312,312,312,0,0,7546849,59811766,0,bc52de9104847a97,2511.16068,0,4.06
20260927T200206Z-0624,a02119d6d84fde7d,324361,gpu-frontier,gpu,resident,s2,114,2,0,0,0,warm,0,1,0,13.048645,0,0,0,12.60112,0.434423,0,,311,311,311,0,0,9592793,76127629,0,d9137775fce42dcc,2511.32088,0,4.06
20260927T200206Z-0624,a02119d6d84fde7d,354973,gpu-frontier,gpu,resident,s2,115,2,0,0,0,warm,0,1,0,13.859565,0,0,0,13.41008,0.436372,0,,310,310,310,0,0,10430101,82813329,0,f648ab01e576a9e2,2514.20737,0,4.06
20260927T200206Z-0624,a02119d6d84fde7d,1031021,gpu-frontier,gpu,resident,s2,116,2,0,0,0,warm,0,1,0,12.573665,0,0,0,12.0757437,0.483728,0,,312,312,312,0,0,8981137,71253163,0,adf917acf700104b,2513.32465,0,4.06
20260927T200206Z-0624,a02119d6d84fde7d,776462,gpu-frontier,gpu,resident,s2,117,2,0,0,0,warm,0,1,0,12.903752,0,0,0,12.452672,0.437624,0,,310,310,310,0,0,9331187,74041606,0,020d64c57708be11,2514.0468,0,4.06
20260927T200206Z-0624,a02119d6d84fde7d,878795,gpu-frontier,gpu,resident,s2,118,2,0,0,0,warm,0,1,0,11.773169,0,0,0,11.3304644,0.429484,0,,308,308,308,0,0,8284912,65697720,0,53f5a4ff9505386f,2513.72573,0,4.06
20260927T200206Z-0624,a02119d6d84fde7d,877605,gpu-frontier,gpu,resident,s2,119,2,0,0,0,warm,0,1,0,12.362765,0,0,0,11.919136,0.429987,0,,306,306,306,0,0,8933691,70884017,0,e71921242e30ce07,2512.04188,0,4.06
20260927T200206Z-0624,a02119d6d84fde7d,449316,gpu-frontier,gpu,resident,s2,120,2,0,0,0,warm,0,1,0,12.416831,0,0,0,11.9796162,0.421734,0,,308,308,308,0,0,8913377,70709067,0,f41dc9fe270f1384,2514.60873,0,4.06
20260927T200206Z-0624,a02119d6d84fde7d,756923,gpu-frontier,gpu,resident,s2,121,2,0,0,0,warm,0,1,0,11.295021,0,0,0,10.850112,0.431775,0,,308,308,308,0,0,7785722,61713205,0,730d81ca459c7d39,2513.72573,0,4.06
20260927T200206Z-0624,a02119d6d84fde7d,340776,gpu-frontier,gpu,resident,s2,122,2,0,0,0,warm,0,1,0,12.888752,0,0,0,12.4496317,0.426345,0,,311,311,311,0,0,9463491,75095324,0,2a9e0229dc6d7231,2513.72573,0,4.06
20260927T200206Z-0624,a02119d6d84fde7d,91142,gpu-frontier,gpu,resident,s2,123,2,0,0,0,warm,0,1,0,11.180381,0,0,0,10.7456322,0.421995,0,,305,305,305,0,0,7728239,61260165,0,80a11b9737c68068,2513.72573,0,4.06
20260927T200206Z-0624,a02119d6d84fde7d,419442,gpu-frontier,gpu,resident,s2,124,2,0,0,0,warm,0,1,0,11.837499,0,0,0,11.4046717,0.420911,0,,304,304,304,0,0,8401459,66629562,0,dfb110aeb00a09e5,2513.80584,0,4.06
20260927T200206Z-0624,a02119d6d84fde7d,338937,gpu-frontier,gpu,resident,s2,125,2,0,0,0,warm,0,1,0,12.968774,0,0,0,12.5304317,0.426115,0,,308,308,308,0,0,9449251,74988658,0,ec976827ae29462d,2511.96159,0,4.06
20260927T200206Z-0624,a02119d6d84fde7d,449658,gpu-frontier,gpu,resident,s2,126,2,0,0,0,warm,0,1,0,11.542385,0,0,0,11.1050243,0.424751,0,,308,308,308,0,0,8004548,63454520,0,4b2b26a5c1210c90,2511.88159,0,4.06
20260927T200206Z-0624,a02119d6d84fde7d,151978,gpu-frontier,gpu,resident,s2,127,2,0,0,0,warm,0,1,0,13.846478,0,0,0,11.7860165,0.427604,1.619131,,310,310,310,0,0,8734910,69281648,0,556e29d1d3b563fe,2513.72573,0,4.06
20260927T200206Z-0624,a02119d6d84fde7d,12612,dial,cpu,resident,s2,0,2,0,0,1,warm,24,1,0,100.538806,0,1.385253,0,99.153097,0,0,,2632,0,0,0,0,1048496,8355840,0,28bdae51db7991a6,,0,4.06
20260927T200206Z-0624,a02119d6d84fde7d,583477,dial,cpu,resident,s2,1,2,0,0,1,warm,24,1,0,99.365626,0,1.187906,0,98.177188,0,0,,2649,0,0,0,0,1048496,8355840,0,8968d07a93769c87,,0,4.06
20260927T200206Z-0624,a02119d6d84fde7d,587775,dial,cpu,resident,s2,2,2,0,0,1,warm,24,1,0,101.411833,0,1.206696,0,100.204564,0,0,,2647,0,0,0,0,1048496,8355840,0,c3357c46101bc7ed,,0,4.06
20260927T200206Z-0624,a02119d6d84fde7d,457329,dial,cpu,resident,s2,3,2,0,0,1,warm,24,1,0,99.831426,0,1.219101,0,98.611669,0,0,,2671,0,0,0,0,1048496,8355840,0,da60d169724ebe65,,0,4.06
20260927T200206Z-0624,a02119d6d84fde7d,284703,dial,cpu,resident,s2,4,2,0,0,1,warm,24,1,0,99.542735,0,1.265958,0,98.276362,0,0,,2645,0,0,0,0,1048496,8355840,0,e711fafca6bfd4d7,,0,4.06
20260927T200206Z-0624,a02119d6d84fde7d,83249,dial,cpu,resident,s2,5,2,0,0,1,warm,24,1,0,100.900425,0,1.195221,0,99.704684,0,0,,2643,0,0,0,0,1048496,8355840,0,4e52248775f10ee5,,0,4.06
20260927T200206Z-0624,a02119d6d84fde7d,590008,dial,cpu,resident,s2,6,2,0,0,1,warm,24,1,0,100.145942,0,1.213013,0,98.932403,0,0,,2652,0,0,0,0,1048496,8355840,0,8ccb9846f0ee1fda,,0,4.06
20260927T200206Z-0624,a02119d6d84fde7d,764305,dial,cpu,resident,s2,7,2,0,0,1,warm,24,1,0,105.419402,0,1.221772,0,104.197355,0,0,,2662,0,0,0,0,1048496,8355840,0,6e0bb1106251602f,,0,4.06
20260927T200206Z-0624,a02119d6d84fde7d,299143,dial,cpu,resident,s2,8,2,0,0,1,warm,24,1,0,99.815408,0,1.200234,0,98.614576,0,0,,2664,0,0,0,0,1048496,8355840,0,3a6af29ba834619f,,0,4.06
20260927T200206Z-0624,a02119d6d84fde7d,101624,dial,cpu,resident,s2,9,2,0,0,1,warm,24,1,0,99.306913,0,1.200586,0,98.106003,0,0,,2646,0,0,0,0,1048496,8355840,0,824098ec8ac7de79,,0,3.81
20260927T200206Z-0624,a02119d6d84fde7d,341320,dial,cpu,resident,s2,10,2,0,0,1,warm,24,1,0,100.116816,0,1.218227,0,98.898392,0,0,,2626,0,0,0,0,1048496,8355840,0,b0ba4213988f452b,,0,3.81
20260927T200206Z-0624,a02119d6d84fde7d,16014,dial,cpu,resident,s2,11,2,0,0,1,warm,24,1,0,99.711475,0,1.21731,0,98.493913,0,0,,2653,0,0,0,0,1048496,8355840,0,a00bd5f109b6340e,,0,3.81
20260927T200206Z-0624,a02119d6d84fde7d,474855,dial,cpu,resident,s2,12,2,0,0,1,warm,24,1,0,101.25045,0,1.208746,0,100.0415,0,0,,2658,0,0,0,0,1048496,8355840,0,028d9427e762a866,,0,3.81
20260927T200206Z-0624,a02119d6d84fde7d,780517,dial,cpu,resident,s2,13,2,0,0,1,warm,24,1,0,100.552759,0,1.309504,0,99.242936,0,0,,2662,0,0,0,0,1048496,8355840,0,f57cb7273e76c9b5,,0,3.81
20260927T200206Z-0624,a02119d6d84fde7d,948113,dial,cpu,resident,s2,14,2,0,0,1,warm,24,1,0,100.095211,0,1.180601,0,98.914256,0,0,,2651,0,0,0,0,1048496,8355840,0,1937c9c045d04233,,0,3.81
20260927T200206Z-0624,a02119d6d84fde7d,618424,dial,cpu,resident,s2,15,2,0,0,1,warm,24,1,0,99.917378,0,1.231474,0,98.685588,0,0,,2669,0,0,0,0,1048496,8355840,0,7256939aaa048106,,0,3.81
20260927T200206Z-0624,a02119d6d84fde7d,826214,dial,cpu,resident,s2,16,2,0,0,1,warm,24,1,0,100.567561,0,1.217455,0,99.349875,0,0,,2658,0,0,0,0,1048496,8355840,0,b27f0a39a9b0e982,,0,3.81
20260927T200206Z-0624,a02119d6d84fde7d,406369,dial,cpu,resident,s2,17,2,0,0,1,warm,24,1,0,100.313875,0,1.231764,0,99.081941,0,0,,2641,0,0,0,0,1048496,8355840,0,5a0bc74ecd575f16,,0,3.81
20260927T200206Z-0624,a02119d6d84fde7d,963197,dial,cpu,resident,s2,18,2,0,0,1,warm,24,1,0,99.62248,0,1.207538,0,98.414636,0,0,,2662,0,0,0,0,1048496,8355840,0,fbb9405d847378bc,,0,3.81
20260927T200206Z-0624,a02119d6d84fde7d,71507,dial,cpu,resident,s2,19,2,0,0,1,warm,24,1,0,100.746245,0,1.20027,0,99.545799,0,0,,2658,0,0,0,0,1048496,8355840,0,702d6d5587c052d1,,0,3.81
20260927T200206Z-0624,a02119d6d84fde7d,544495,dial,cpu,resident,s2,20,2,0,0,1,warm,24,1,0,102.847048,0,1.219774,0,101.627115,0,0,,2665,0,0,0,0,1048496,8355840,0,e48611890b9253a5,,0,3.81
20260927T200206Z-0624,a02119d6d84fde7d,74604,dial,cpu,resident,s2,21,2,0,0,1,warm,24,1,0,100.548353,0,1.186578,0,99.361395,0,0,,2650,0,0,0,0,1048496,8355840,0,685cee8f92989b3f,,0,3.81
20260927T200206Z-0624,a02119d6d84fde7d,498463,dial,cpu,resident,s2,22,2,0,0,1,warm,24,1,0,100.157019,0,1.196673,0,98.960199,0,0,,2647,0,0,0,0,1048496,8355840,0,6039eae81483ac7b,,0,3.81
20260927T200206Z-0624,a02119d6d84fde7d,532500,dial,cpu,resident,s2,23,2,0,0,1,warm,24,1,0,102.205127,0,1.205146,0,100.999716,0,0,,2649,0,0,0,0,1048496,8355840,0,6c4a508dceefca06,,0,3.81
20260927T200206Z-0624,a02119d6d84fde7d,594991,dial,cpu,resident,s2,24,2,0,0,1,warm,24,1,0,100.46417,0,1.217813,0,99.246063,0,0,,2656,0,0,0,0,1048496,8355840,0,8c5ea2cc267ed78e,,0,3.81
20260927T200206Z-0624,a02119d6d84fde7d,67444,dial,cpu,resident,s2,25,2,0,0,1,warm,24,1,0,99.778981,0,1.225833,0,98.552929,0,0,,2640,0,0,0,0,1048496,8355840,0,e6b21197edb81682,,0,3.81
20260927T200206Z-0624,a02119d6d84fde7d,848826,dial,cpu,resident,s2,26,2,0,0,1,warm,24,1,0,100.596906,0,1.208334,0,99.388243,0,0,,2653,0,0,0,0,1048496,8355840,0,7fc02cf236211190,,0,3.81
20260927T200206Z-0624,a02119d6d84fde7d,696864,dial,cpu,resident,s2,27,2,0,0,1,warm,24,1,0,105.265958,0,1.226022,0,104.039658,0,0,,2652,0,0,0,0,1048496,8355840,0,1f5ae3f04977baeb,,0,3.81
20260927T200206Z-0624,a02119d6d84fde7d,809315,dial,cpu,resident,s2,28,2,0,0,1,warm,24,1,0,100.084258,0,1.19996,0,98.883958,0,0,,2625,0,0,0,0,1048496,8355840,0,ae4946ccd75238cd,,0,3.81
20260927T200206Z-0624,a02119d6d84fde7d,888073,dial,cpu,resident,s2,29,2,0,0,1,warm,24,1,0,99.95656,0,1.177442,0,98.778822,0,0,,2657,0,0,0,0,1048496,8355840,0,242dd6e21c631498,,0,3.81
20260927T200206Z-0624,a02119d6d84fde7d,120977,dial,cpu,resident,s2,30,2,0,0,1,warm,24,1,0,100.296799,0,1.239047,0,99.057519,0,0,,2668,0,0,0,0,1048496,8355840,0,61978cef1982d278,,0,3.81
20260927T200206Z-0624,a02119d6d84fde7d,227134,dial,cpu,resident,s2,31,2,0,0,1,warm,24,1,0,99.634308,0,1.213166,0,98.420877,0,0,,2648,0,0,0,0,1048496,8355840,0,8bb075d498e81ac3,,0,3.81
20260927T200206Z-0624,a02119d6d84fde7d,828516,dial,cpu,resident,s2,32,2,0,0,1,warm,24,1,0,99.630415,0,1.176335,0,98.453841,0,0,,2639,0,0,0,0,1048496,8355840,0,a80260e3dc7e7c05,,0,3.81
20260927T200206Z-0624,a02119d6d84fde7d,599128,dial,cpu,resident,s2,33,2,0,0,1,warm,24,1,0,102.94844,0,1.191884,0,101.756065,0,0,,2649,0,0,0,0,1048496,8355840,0,adee1a46fbe8f4a1,,0,3.81
20260927T200206Z-0624,a02119d6d84fde7d,962318,dial,cpu,resident,s2,34,2,0,0,1,warm,24,1,0,100.595552,0,1.234188,0,99.361057,0,0,,2643,0,0,0,0,1048496,8355840,0,4cceca57322c2505,,0,3.81
20260927T200206Z-0624,a02119d6d84fde7d,865743,dial,cpu,resident,s2,35,2,0,0,1,warm,24,1,0,99.357567,0,1.200221,0,98.157116,0,0,,2631,0,0,0,0,1048496,8355840,0,7bbfc1f62785203a,,0,3.81
20260927T200206Z-0624,a02119d6d84fde7d,638838,dial,cpu,resident,s2,36,2,0,0,1,warm,24,1,0,100.459766,0,1.18964,0,99.269916,0,0,,2634,0,0,0,0,1048496,8355840,0,dde4ea3c97190154,,0,3.81
20260927T200206Z-0624,a02119d6d84fde7d,789396,dial,cpu,resident,s2,37,2,0,0,1,warm,24,1,0,99.531548,0,1.212855,0,98.318381,0,0,,2625,0,0,0,0,1048496,8355840,0,0f83afd66fff968b,,0,3.81
20260927T200206Z-0624,a02119d6d84fde7d,787247,dial,cpu,resident,s2,38,2,0,0,1,warm,24,1,0,99.521188,0,1.212746,0,98.308091,0,0,,2638,0,0,0,0,1048496,8355840,0,343a6af165e40ea0,,0,3.81
20260927T200206Z-0624,a02119d6d84fde7d,643171,dial,cpu,resident,s2,39,2,0,0,1,warm,24,1,0,99.694126,0,1.17694,0,98.516859,0,0,,2638,0,0,0,0,1048496,8355840,0,ebe49471cf26a366,,0,3.81
20260927T200206Z-0624,a02119d6d84fde7d,742209,dial,cpu,resident,s2,40,2,0,0,1,warm,24,1,0,99.453712,0,1.190577,0,98.262838,0,0,,2630,0,0,0,0,1048496,8355840,0,2e6086bf9f9c0969,,0,3.81
20260927T200206Z-0624,a02119d6d84fde7d,98309,dial,cpu,resident,s2,41,2,0,0,1,warm,24,1,0,99.551549,0,1.203784,0,98.347479,0,0,,2638,0,0,0,0,1048496,8355840,0,f74896e8208dc1fe,,0,3.81
20260927T200206Z-0624,a02119d6d84fde7d,809671,dial,cpu,resident,s2,42,2,0,0,1,warm,24,1,0,99.801748,0,1.202344,0,98.598982,0,0,,2652,0,0,0,0,1048496,8355840,0,b75fe77907620429,,0,3.81
20260927T200206Z-0624,a02119d6d84fde7d,682755,dial,cpu,resident,s2,43,2,0,0,1,warm,24,1,0,102.339159,0,1.185721,0,101.153087,0,0,,2656,0,0,0,0,1048496,8355840,0,5aea28dc8118708f,,0,3.81
20260927T200206Z-0624,a02119d6d84fde7d,866488,dial,cpu,resident,s2,44,2,0,0,1,warm,24,1,0,100.33245,0,1.177776,0,99.154388,0,0,,2627,0,0,0,0,1048496,8355840,0,2ca945dc09e333f5,,0,3.81
20260927T200206Z-0624,a02119d6d84fde7d,107501,dial,cpu,resident,s2,45,2,0,0,1,warm,24,1,0,99.42875,0,1.19488,0,98.233559,0,0,,2617,0,0,0,0,1048496,8355840,0,525802c16d3dd706,,0,3.81
20260927T200206Z-0624,a02119d6d84fde7d,719239,dial,cpu,resident,s2,46,2,0,0,1,warm,24,1,0,101.11408,0,1.164459,0,99.949163,0,0,,2643,0,0,0,0,1048496,8355840,0,5fe141d595255199,,0,3.81
20260927T200206Z-0624,a02119d6d84fde7d,970577,dial,cpu,resident,s2,47,2,0,0,1,warm,24,1,0,104.021515,0,1.194526,0,102.826444,0,0,,2631,0,0,0,0,1048496,8355840,0,a43fbb6fe42a36c5,,0,3.81
20260927T200206Z-0624,a02119d6d84fde7d,519236,dial,cpu,resident,s2,48,2,0,0,1,warm,24,1,0,99.471362,0,1.192861,0,98.278028,0,0,,2648,0,0,0,0,1048496,8355840,0,41f25342e055cad8,,0,3.81
20260927T200206Z-0624,a02119d6d84fde7d,638059,dial,cpu,resident,s2,49,2,0,0,1,warm,24,1,0,100.378632,0,1.188677,0,99.189436,0,0,,2637,0,0,0,0,1048496,8355840,0,65a0deeb6c0dd865,,0,3.81
20260927T200206Z-0624,a02119d6d84fde7d,121166,dial,cpu,resident,s2,50,2,0,0,1,warm,24,1,0,99.280918,0,1.192257,0,98.088124,0,0,,2639,0,0,0,0,1048496,8355840,0,ae4f21cdc3e83665,,0,3.81
20260927T200206Z-0624,a02119d6d84fde7d,613670,dial,cpu,resident,s2,51,2,0,0,1,warm,24,1,0,99.387401,0,1.199514,0,98.18712,0,0,,2659,0,0,0,0,1048496,8355840,0,4e3b565a51b0291d,,0,3.81
20260927T200206Z-0624,a02119d6d84fde7d,70006,dial,cpu,resident,s2,52,2,0,0,1,warm,24,1,0,99.412767,0,1.196649,0,98.215861,0,0,,2647,0,0,0,0,1048496,8355840,0,9b9e4e7fa671f322,,0,3.81
20260927T200206Z-0624,a02119d6d84fde7d,74793,dial,cpu,resident,s2,53,2,0,0,1,warm,24,1,0,99.65165,0,1.210854,0,98.440261,0,0,,2620,0,0,0,0,1048496,8355840,0,ecf2eedd6dd9cfb8,,0,3.81
20260927T200206Z-0624,a02119d6d84fde7d,733218,dial,cpu,resident,s2,54,2,0,0,1,warm,24,1,0,99.55858,0,1.193549,0,98.364655,0,0,,2657,0,0,0,0,1048496,8355840,0,3678dc385e71ccef,,0,3.81
20260927T200206Z-0624,a02119d6d84fde7d,152853,dial,cpu,resident,s2,55,2,0,0,1,warm,24,1,0,99.446115,0,1.188222,0,98.257474,0,0,,2632,0,0,0,0,1048496,8355840,0,06befad1b58e791b,,0,3.81
20260927T200206Z-0624,a02119d6d84fde7d,533256,dial,cpu,resident,s2,56,2,0,0,1,warm,24,1,0,102.589072,0,1.26202,0,101.326569,0,0,,2649,0,0,0,0,1048496,8355840,0,de6a85be3831195e,,0,3.81
20260927T200206Z-0624,a02119d6d84fde7d,297117,dial,cpu,resident,s2,57,2,0,0,1,warm,24,1,0,99.241627,0,1.196889,0,98.044059,0,0,,2673,0,0,0,0,1048496,8355840,0,22aa6d8bb71af2da,,0,3.81
20260927T200206Z-0624,a02119d6d84fde7d,900482,dial,cpu,resident,s2,58,2,0,0,1,warm,24,1,0,99.297206,0,1.202042,0,98.094821,0,0,,2655,0,0,0,0,1048496,8355840,0,e5b584d12adce633,,0,3.81
20260927T200206Z-0624,a02119d6d84fde7d,951617,dial,cpu,resident,s2,59,2,0,0,1,warm,24,1,0,100.265414,0,1.183911,0,99.081097,0,0,,2653,0,0,0,0,1048496,8355840,0,0520e2b524dbc735,,0,3.59
20260927T200206Z-0624,a02119d6d84fde7d,329606,dial,cpu,resident,s2,60,2,0,0,1,warm,24,1,0,99.489016,0,1.178531,0,98.310205,0,0,,2653,0,0,0,0,1048496,8355840,0,936869a3a01e1ec8,,0,3.59
20260927T200206Z-0624,a02119d6d84fde7d,818843,dial,cpu,resident,s2,61,2,0,0,1,warm,24,1,0,99.601408,0,1.203325,0,98.397786,0,0,,2651,0,0,0,0,1048496,8355840,0,52282c7c008cd16f,,0,3.59
20260927T200206Z-0624,a02119d6d84fde7d,924064,dial,cpu,resident,s2,62,2,0,0,1,warm,24,1,0,100.380093,0,1.192501,0,99.187335,0,0,,2614,0,0,0,0,1048496,8355840,0,ce26a1db90a68c18,,0,3.59
20260927T200206Z-0624,a02119d6d84fde7d,442646,dial,cpu,resident,s2,63,2,0,0,1,warm,24,1,0,99.690327,0,1.173093,0,98.516791,0,0,,2656,0,0,0,0,1048496,8355840,0,f61df11d33686108,,0,3.59
20260927T200206Z-0624,a02119d6d84fde7d,933032,dial,cpu,resident,s2,64,2,0,0,1,warm,24,1,0,99.484151,0,1.220999,0,98.26279,0,0,,2642,0,0,0,0,1048496,8355840,0,4dcf4e02a288d19c,,0,3.59
20260927T200206Z-0624,a02119d6d84fde7d,340699,dial,cpu,resident,s2,65,2,0,0,1,warm,24,1,0,99.682686,0,1.203779,0,98.478527,0,0,,2658,0,0,0,0,1048496,8355840,0,48532874b2b9d0d2,,0,3.59
20260927T200206Z-0624,a02119d6d84fde7d,196865,dial,cpu,resident,s2,66,2,0,0,1,warm,24,1,0,101.057042,0,1.206899,0,99.849774,0,0,,2654,0,0,0,0,1048496,8355840,0,e44d3db783fbdadd,,0,3.59
20260927T200206Z-0624,a02119d6d84fde7d,422576,dial,cpu,resident,s2,67,2,0,0,1,warm,24,1,0,103.647969,0,1.218175,0,102.429446,0,0,,2654,0,0,0,0,1048496,8355840,0,4d948852be51cda0,,0,3.59
20260927T200206Z-0624,a02119d6d84fde7d,199973,dial,cpu,resident,s2,68,2,0,0,1,warm,24,1,0,99.772111,0,1.206564,0,98.565135,0,0,,2633,0,0,0,0,1048496,8355840,0,15b0e80fbc151e38,,0,3.59
20260927T200206Z-0624,a02119d6d84fde7d,775044,dial,cpu,resident,s2,69,2,0,0,1,warm,24,1,0,100.352111,0,1.201394,0,99.150398,0,0,,2640,0,0,0,0,1048496,8355840,0,cb1446d88a2be850,,0,3.59
20260927T200206Z-0624,a02119d6d84fde7d,626100,dial,cpu,resident,s2,70,2,0,0,1,warm,24,1,0,99.823948,0,1.166913,0,98.656561,0,0,,2656,0,0,0,0,1048496,8355840,0,3faba6d5b060898c,,0,3.59
20260927T200206Z-0624,a02119d6d84fde7d,257641,dial,cpu,resident,s2,71,2,0,0,1,warm,24,1,0,99.672119,0,1.195889,0,98.475835,0,0,,2643,0,0,0,0,1048496,8355840,0,a978bbf71a2b658f,,0,3.59
20260927T200206Z-0624,a02119d6d84fde7d,617297,dial,cpu,resident,s2,72,2,0,0,1,warm,24,1,0,100.187852,0,1.190824,0,98.996742,0,0,,2654,0,0,0,0,1048496,8355840,0,3fb7729b73b5db0f,,0,3.59
20260927T200206Z-0624,a02119d6d84fde7d,563755,dial,cpu,resident,s2,73,2,0,0,1,warm,24,1,0,100.205925,0,1.212088,0,98.993639,0,0,,2633,0,0,0,0,1048496,8355840,0,742e1e4a72ddaece,,0,3.59
20260927T200206Z-0624,a02119d6d84fde7d,87865,dial,cpu,resident,s2,74,2,0,0,1,warm,24,1,0,100.253559,0,1.221452,0,99.031722,0,0,,2664,0,0,0,0,1048496,8355840,0,73627407399df493,,0,3.59
20260927T200206Z-0624,a02119d6d84fde7d,71898,dial,cpu,resident,s2,75,2,0,0,1,warm,24,1,0,99.549485,0,1.212175,0,98.337133,0,0,,2647,0,0,0,0,1048496,8355840,0,1bd55c95765ebb70,,0,3.59
20260927T200206Z-0624,a02119d6d84fde7d,847158,dial,cpu,resident,s2,76,2,0,0,1,warm,24,1,0,99.600509,0,1.223636,0,98.37662,0,0,,2656,0,0,0,0,1048496,8355840,0,f84814ba52a3fddb,,0,3.59
20260927T200206Z-0624,a02119d6d84fde7d,934069,dial,cpu,resident,s2,77,2,0,0,1,warm,24,1,0,99.148092,0,1.184591,0,97.962945,0,0,,2608,0,0,0,0,1048496,8355840,0,3fce213adbd918e5,,0,3.59
20260927T200206Z-0624,a02119d6d84fde7d,666677,dial,cpu,resident,s2,78,2,0,0,1,warm,24,1,0,101.584639,0,1.197311,0,100.387128,0,0,,2630,0,0,0,0,1048496,8355840,0,9eb243abea190fd7,,0,3.59
20260927T200206Z-0624,a02119d6d84fde7d,709223,dial,cpu,resident,s2,79,2,0,0,1,warm,24,1,0,100.037222,0,1.248999,0,98.788014,0,0,,2648,0,0,0,0,1048496,8355840,0,7c91801c56145383,,0,3.59
20260927T200206Z-0624,a02119d6d84fde7d,497308,dial,cpu,resident,s2,80,2,0,0,1,warm,24,1,0,99.312922,0,1.191762,0,98.120875,0,0,,2651,0,0,0,0,1048496,8355840,0,12fa6679e1d7c1dd,,0,3.59
20260927T200206Z-0624,a02119d6d84fde7d,354623,dial,cpu,resident,s2,81,2,0,0,1,warm,24,1,0,99.951002,0,1.186166,0,98.764604,0,0,,2622,0,0,0,0,1048496,8355840,0,38aa81bd9bda3307,,0,3.59
20260927T200206Z-0624,a02119d6d84fde7d,997813,dial,cpu,resident,s2,82,2,0,0,1,warm,24,1,0,99.911648,0,1.207892,0,98.703604,0,0,,2666,0,0,0,0,1048496,8355840,0,cd72e1e1ae5946fd,,0,3.59
20260927T200206Z-0624,a02119d6d84fde7d,886524,dial,cpu,resident,s2,83,2,0,0,1,warm,24,1,0,101.351266,0,1.189357,0,100.161738,0,0,,2639,0,0,0,0,1048496,8355840,0,1e8eed6faf744f5d,,0,3.59
20260927T200206Z-0624,a02119d6d84fde7d,26760,dial,cpu,resident,s2,84,2,0,0,1,warm,24,1,0,100.501276,0,1.236497,0,99.264498,0,0,,2639,0,0,0,0,1048496,8355840,0,47842c3440e845d2,,0,3.59
20260927T200206Z-0624,a02119d6d84fde7d,914247,dial,cpu,resident,s2,85,2,0,0,1,warm,24,1,0,99.847635,0,1.289664,0,98.557743,0,0,,2638,0,0,0,0,1048496,8355840,0,02ff3d571c234946,,0,3.59
20260927T200206Z-0624,a02119d6d84fde7d,743152,dial,cpu,resident,s2,86,2,0,0,1,warm,24,1,0,99.561288,0,1.212468,0,98.348534,0,0,,2649,0,0,0,0,1048496,8355840,0,487cb6841969b9a7,,0,3.59
20260927T200206Z-0624,a02119d6d84fde7d,1012998,dial,cpu,resident,s2,87,2,0,0,1,warm,24,1,0,103.999168,0,1.22193,0,102.776971,0,0,,2647,0,0,0,0,1048496,8355840,0,d2569ce76bc72320,,0,3.59
20260927T200206Z-0624,a02119d6d84fde7d,382778,dial,cpu,resident,s2,88,2,0,0,1,warm,24,1,0,101.17105,0,1.219912,0,99.950704,0,0,,2653,0,0,0,0,1048496,8355840,0,4363f1642bf9ca8b,,0,3.59
20260927T200206Z-0624,a02119d6d84fde7d,385604,dial,cpu,resident,s2,89,2,0,0,1,warm,24,1,0,99.585389,0,1.226012,0,98.359072,0,0,,2625,0,0,0,0,1048496,8355840,0,2f834d6f19a7075f,,0,3.59
20260927T200206Z-0624,a02119d6d84fde7d,40272,dial,cpu,resident,s2,90,2,0,0,1,warm,24,1,0,99.355499,0,1.184108,0,98.171132,0,0,,2642,0,0,0,0,1048496,8355840,0,033d42e0e845d7e5,,0,3.59
20260927T200206Z-0624,a02119d6d84fde7d,70075,dial,cpu,resident,s2,91,2,0,0,1,warm,24,1,0,100.137395,0,1.201479,0,98.935672,0,0,,2661,0,0,0,0,1048496,8355840,0,0e609080489e53c9,,0,3.59
20260927T200206Z-0624,a02119d6d84fde7d,733041,dial,cpu,resident,s2,92,2,0,0,1,warm,24,1,0,100.076407,0,1.207297,0,98.868873,0,0,,2657,0,0,0,0,1048496,8355840,0,3643fcf2fc535160,,0,3.59
20260927T200206Z-0624,a02119d6d84fde7d,405276,dial,cpu,resident,s2,93,2,0,0,1,warm,24,1,0,99.741535,0,1.181203,0,98.560178,0,0,,2646,0,0,0,0,1048496,8355840,0,fd1e692198445bb9,,0,3.59
20260927T200206Z-0624,a02119d6d84fde7d,167751,dial,cpu,resident,s2,94,2,0,0,1,warm,24,1,0,100.08624,0,1.208769,0,98.877319,0,0,,2637,0,0,0,0,1048496,8355840,0,a9f30ead5b83afef,,0,3.59
20260927T200206Z-0624,a02119d6d84fde7d,140065,dial,cpu,resident,s2,95,2,0,0,1,warm,24,1,0,99.819897,0,1.207753,0,98.611899,0,0,,2657,0,0,0,0,1048496,8355840,0,c963d08625067b4f,,0,3.59
20260927T200206Z-0624,a02119d6d84fde7d,729933,dial,cpu,resident,s2,96,2,0,0,1,warm,24,1,0,99.234088,0,1.198721,0,98.035109,0,0,,2653,0,0,0,0,1048496,8355840,0,7dcf2dfe66bf4fdd,,0,3.59
20260927T200206Z-0624,a02119d6d84fde7d,755777,dial,cpu,resident,s2,97,2,0,0,1,warm,24,1,0,99.660715,0,1.209956,0,98.45031,0,0,,2644,0,0,0,0,1048496,8355840,0,7f0d5a5b7ea2447b,,0,3.59
20260927T200206Z-0624,a02119d6d84fde7d,374017,dial,cpu,resident,s2,98,2,0,0,1,warm,24,1,0,99.38073,0,1.217731,0,98.162798,0,0,,2644,0,0,0,0,1048496,8355840,0,d10a072229bfa198,,0,3.59
20260927T200206Z-0624,a02119d6d84fde7d,523181,dial,cpu,resident,s2,99,2,0,0,1,warm,24,1,0,99.332142,0,1.192042,0,98.139875,0,0,,2629,0,0,0,0,1048496,8355840,0,0516a7edf2d4942e,,0,3.59
20260927T200206Z-0624,a02119d6d84fde7d,971309,dial,cpu,resident,s2,100,2,0,0,1,warm,24,1,0,99.241002,0,1.189656,0,98.051108,0,0,,2647,0,0,0,0,1048496,8355840,0,31284766928f478b,,0,3.59
20260927T200206Z-0624,a02119d6d84fde7d,881280,dial,cpu,resident,s2,101,2,0,0,1,warm,24,1,0,101.240332,0,1.180492,0,100.059433,0,0,,2643,0,0,0,0,1048496,8355840,0,105ad01f64cd1e6d,,0,3.59
20260927T200206Z-0624,a02119d6d84fde7d,608349,dial,cpu,resident,s2,102,2,0,0,1,warm,24,1,0,99.703061,0,1.184981,0,98.51762,0,0,,2644,0,0,0,0,1048496,8355840,0,0ee13460b9253d30,,0,3.59
20260927T200206Z-0624,a02119d6d84fde7d,1008613,dial,cpu,resident,s2,103,2,0,0,1,warm,24,1,0,99.730261,0,1.202258,0,98.527592,0,0,,2635,0,0,0,0,1048496,8355840,0,125d1a176c793bd5,,0,3.59
20260927T200206Z-0624,a02119d6d84fde7d,1045308,dial,cpu,resident,s2,104,2,0,0,1,warm,24,1,0,100.069611,0,1.19877,0,98.870607,0,0,,2638,0,0,0,0,1048496,8355840,0,0cb884375ad7b6c6,,0,3.59
20260927T200206Z-0624,a02119d6d84fde7d,730296,dial,cpu,resident,s2,105,2,0,0,1,warm,24,1,0,99.637396,0,1.213098,0,98.423923,0,0,,2646,0,0,0,0,1048496,8355840,0,4167dbc6d1d656ac,,0,3.59
20260927T200206Z-0624,a02119d6d84fde7d,850921,dial,cpu,resident,s2,106,2,0,0,1,warm,24,1,0,99.423041,0,1.19933,0,98.22333,0,0,,2644,0,0,0,0,1048496,8355840,0,904d09fd99ea42dc,,0,3.59
20260927T200206Z-0624,a02119d6d84fde7d,285373,dial,cpu,resident,s2,107,2,0,0,1,warm,24,1,0,105.184185,0,1.219974,0,103.963828,0,0,,2653,0,0,0,0,1048496,8355840,0,ed27ad9f0a7ac75e,,0,3.59
20260927T200206Z-0624,a02119d6d84fde7d,1003836,dial,cpu,resident,s2,108,2,0,0,1,warm,24,1,0,100.51343,0,1.211103,0,99.301847,0,0,,2651,0,0,0,0,1048496,8355840,0,df72732439acd0dc,,0,3.38
20260927T200206Z-0624,a02119d6d84fde7d,743148,dial,cpu,resident,s2,109,2,0,0,1,warm,24,1,0,99.441589,0,1.194891,0,98.246239,0,0,,2651,0,0,0,0,1048496,8355840,0,b589d741a7aaf99b,,0,3.38
20260927T200206Z-0624,a02119d6d84fde7d,784929,dial,cpu,resident,s2,110,2,0,0,1,warm,24,1,0,99.685828,0,1.230598,0,98.454842,0,0,,2641,0,0,0,0,1048496,8355840,0,6f82fbf133989e60,,0,3.38
20260927T200206Z-0624,a02119d6d84fde7d,952239,dial,cpu,resident,s2,111,2,0,0,1,warm,24,1,0,99.831119,0,1.19801,0,98.632206,0,0,,2640,0,0,0,0,1048496,8355840,0,ce3ab83ef0811b21,,0,3.38
20260927T200206Z-0624,a02119d6d84fde7d,230809,dial,cpu,resident,s2,112,2,0,0,1,warm,24,1,0,99.466339,0,1.204493,0,98.261511,0,0,,2640,0,0,0,0,1048496,8355840,0,bee4d5e4fca68824,,0,3.38
20260927T200206Z-0624,a02119d6d84fde7d,781082,dial,cpu,resident,s2,113,2,0,0,1,warm,24,1,0,100.263051,0,1.176124,0,99.086523,0,0,,2661,0,0,0,0,1048496,8355840,0,bc52de9104847a97,,0,3.38
20260927T200206Z-0624,a02119d6d84fde7d,324361,dial,cpu,resident,s2,114,2,0,0,1,warm,24,1,0,102.104824,0,1.184099,0,100.920336,0,0,,2637,0,0,0,0,1048496,8355840,0,d9137775fce42dcc,,0,3.38
20260927T200206Z-0624,a02119d6d84fde7d,354973,dial,cpu,resident,s2,115,2,0,0,1,warm,24,1,0,100.327341,0,1.203132,0,99.123963,0,0,,2634,0,0,0,0,1048496,8355840,0,f648ab01e576a9e2,,0,3.38
20260927T200206Z-0624,a02119d6d84fde7d,1031021,dial,cpu,resident,s2,116,2,0,0,1,warm,24,1,0,100.610368,0,1.19567,0,99.414365,0,0,,2647,0,0,0,0,1048496,8355840,0,adf917acf700104b,,0,3.38
20260927T200206Z-0624,a02119d6d84fde7d,776462,dial,cpu,resident,s2,117,2,0,0,1,warm,24,1,0,99.637133,0,1.185039,0,98.451595,0,0,,2651,0,0,0,0,1048496,8355840,0,020d64c57708be11,,0,3.38
20260927T200206Z-0624,a02119d6d84fde7d,878795,dial,cpu,resident,s2,118,2,0,0,1,warm,24,1,0,99.516866,0,1.213178,0,98.303252,0,0,,2638,0,0,0,0,1048496,8355840,0,53f5a4ff9505386f,,0,3.38
20260927T200206Z-0624,a02119d6d84fde7d,877605,dial,cpu,resident,s2,119,2,0,0,1,warm,24,1,0,102.273984,0,1.208758,0,101.064985,0,0,,2656,0,0,0,0,1048496,8355840,0,e71921242e30ce07,,0,3.38
20260927T200206Z-0624,a02119d6d84fde7d,449316,dial,cpu,resident,s2,120,2,0,0,1,warm,24,1,0,99.924126,0,1.231335,0,98.692399,0,0,,2629,0,0,0,0,1048496,8355840,0,f41dc9fe270f1384,,0,3.38
20260927T200206Z-0624,a02119d6d84fde7d,756923,dial,cpu,resident,s2,121,2,0,0,1,warm,24,1,0,100.729058,0,1.20052,0,99.52802,0,0,,2633,0,0,0,0,1048496,8355840,0,730d81ca459c7d39,,0,3.38
20260927T200206Z-0624,a02119d6d84fde7d,340776,dial,cpu,resident,s2,122,2,0,0,1,warm,24,1,0,100.321398,0,1.189588,0,99.131575,0,0,,2652,0,0,0,0,1048496,8355840,0,2a9e0229dc6d7231,,0,3.38
20260927T200206Z-0624,a02119d6d84fde7d,91142,dial,cpu,resident,s2,123,2,0,0,1,warm,24,1,0,100.000754,0,1.166476,0,98.834091,0,0,,2662,0,0,0,0,1048496,8355840,0,80a11b9737c68068,,0,3.38
20260927T200206Z-0624,a02119d6d84fde7d,419442,dial,cpu,resident,s2,124,2,0,0,1,warm,24,1,0,100.798805,0,1.183314,0,99.61525,0,0,,2647,0,0,0,0,1048496,8355840,0,dfb110aeb00a09e5,,0,3.38
20260927T200206Z-0624,a02119d6d84fde7d,338937,dial,cpu,resident,s2,125,2,0,0,1,warm,24,1,0,100.372452,0,1.219526,0,99.152695,0,0,,2614,0,0,0,0,1048496,8355840,0,ec976827ae29462d,,0,3.38
20260927T200206Z-0624,a02119d6d84fde7d,449658,dial,cpu,resident,s2,126,2,0,0,1,warm,24,1,0,100.184446,0,1.167268,0,99.016749,0,0,,2621,0,0,0,0,1048496,8355840,0,4b2b26a5c1210c90,,0,3.38
20260927T200206Z-0624,a02119d6d84fde7d,151978,dial,cpu,resident,s2,127,2,0,0,1,warm,24,1,0,104.837051,0,1.173485,0,103.66291,0,0.000354,,2642,0,0,0,0,1048496,8355840,0,556e29d1d3b563fe,,0,3.38
20260927T200206Z-0624,a02119d6d84fde7d,12612,gpu-nearfar,gpu,resident,s2,0,2,0,0,2,warm,0,1,12,29.26629,0,0.335638,4.35350418,22.7183685,0.518967,0,,1329,1329,3552,0,0,1092727,8727554,0,28bdae51db7991a6,2494.45686,0,3.38
20260927T200206Z-0624,a02119d6d84fde7d,583477,gpu-nearfar,gpu,resident,s2,1,2,0,0,2,warm,0,1,12,24.295665,0,0,0,22.6728325,0.510851,0,,1347,1347,3592,0,0,1092249,8723999,0,8968d07a93769c87,2495.87967,0,3.38
20260927T200206Z-0624,a02119d6d84fde7d,587775,gpu-nearfar,gpu,resident,s2,2,2,0,0,2,warm,0,1,12,24.478277,0,0,0,22.8340797,0.516589,0,,1354,1354,3614,0,0,1093537,8734673,0,c3357c46101bc7ed,2497.62129,0,3.38
20260927T200206Z-0624,a02119d6d84fde7d,457329,gpu-nearfar,gpu,resident,s2,3,2,0,0,2,warm,0,1,12,24.42791,0,0,0,22.7447033,0.506678,0,,1351,1351,3612,0,0,1093166,8731380,0,da60d169724ebe65,2495.87967,0,3.38
20260927T200206Z-0624,a02119d6d84fde7d,284703,gpu-nearfar,gpu,resident,s2,4,2,0,0,2,warm,0,1,12,24.503293,0,0,0,22.8802242,0.4993,0,,1369,1369,3636,0,0,1093289,8732452,0,e711fafca6bfd4d7,2493.74592,0,3.38
20260927T200206Z-0624,a02119d6d84fde7d,83249,gpu-nearfar,gpu,resident,s2,5,2,0,0,2,warm,0,1,12,24.194148,0,0,0,22.5013123,0.506684,0,,1345,1345,3588,0,0,1093335,8733389,0,4e52248775f10ee5,2495.87967,0,3.38
20260927T200206Z-0624,a02119d6d84fde7d,590008,gpu-nearfar,gpu,resident,s2,6,2,0,0,2,warm,0,1,12,24.175403,0,0,0,22.5619202,0.500504,0,,1346,1346,3598,0,0,1093441,8733405,0,8ccb9846f0ee1fda,2495.87967,0,3.38
20260927T200206Z-0624,a02119d6d84fde7d,764305,gpu-nearfar,gpu,resident,s2,7,2,0,0,2,warm,0,1,12,24.098686,0,0,0,22.4915848,0.502381,0,,1343,1343,3592,0,0,1092837,8728631,0,6e0bb1106251602f,2493.58796,0,3.38
20260927T200206Z-0624,a02119d6d84fde7d,299143,gpu-nearfar,gpu,resident,s2,8,2,0,0,2,warm,0,1,12,24.195465,0,0,0,22.5677128,0.511623,0,,1352,1352,3606,0,0,1093382,8733395,0,3a6af29ba834619f,2494.06162,0,3.38
20260927T200206Z-0624,a02119d6d84fde7d,101624,gpu-nearfar,gpu,resident,s2,9,2,0,0,2,warm,0,1,12,23.96287,0,0,0,22.3270721,0.516524,0,,1330,1330,3558,0,0,1092527,8726072,0,824098ec8ac7de79,2495.87967,0,3.38
20260927T200206Z-0624,a02119d6d84fde7d,341320,gpu-nearfar,gpu,resident,s2,10,2,0,0,2,warm,0,1,12,24.016619,0,0,0,22.3925762,0.49826,0,,1341,1341,3580,0,0,1092835,8728931,0,b0ba4213988f452b,2495.87967,0,3.38
20260927T200206Z-0624,a02119d6d84fde7d,16014,gpu-nearfar,gpu,resident,s2,11,2,0,0,2,warm,0,1,12,24.403159,0,0,0,22.771328,0.498659,0,,1367,1367,3644,0,0,1093920,8737987,0,a00bd5f109b6340e,2495.87967,0,3.38
20260927T200206Z-0624,a02119d6d84fde7d,474855,gpu-nearfar,gpu,resident,s2,12,2,0,0,2,warm,0,1,12,24.235716,0,0,0,22.6026554,0.514588,0,,1355,1355,3620,0,0,1093615,8735239,0,028d9427e762a866,2495.87967,0,3.38
20260927T200206Z-0624,a02119d6d84fde7d,780517,gpu-nearfar,gpu,resident,s2,13,2,0,0,2,warm,0,1,12,24.363601,0,0,0,22.7293129,0.521022,0,,1355,1355,3616,0,0,1093141,8731481,0,f57cb7273e76c9b5,2493.58796,0,3.38
20260927T200206Z-0624,a02119d6d84fde7d,948113,gpu-nearfar,gpu,resident,s2,14,2,0,0,2,warm,0,1,12,24.268157,0,0,0,22.6044159,0.505718,0,,1354,1354,3614,0,0,1092860,8728423,0,1937c9c045d04233,2493.43001,0,3.38
20260927T200206Z-0624,a02119d6d84fde7d,618424,gpu-nearfar,gpu,resident,s2,15,2,0,0,2,warm,0,1,12,24.250116,0,0,0,22.6095352,0.504111,0,,1355,1355,3620,0,0,1093295,8732931,0,7256939aaa048106,2494.21964,0,3.38
20260927T200206Z-0624,a02119d6d84fde7d,826214,gpu-nearfar,gpu,resident,s2,16,2,0,0,2,warm,0,1,12,24.158185,0,0,0,22.5348473,0.495962,0,,1349,1349,3604,0,0,1093462,8734419,0,b27f0a39a9b0e982,2495.87967,0,3.38
20260927T200206Z-0624,a02119d6d84fde7d,406369,gpu-nearfar,gpu,resident,s2,17,2,0,0,2,warm,0,1,12,23.992522,0,0,0,22.3718719,0.497265,0,,1341,1341,3576,0,0,1093534,8734578,0,5a0bc74ecd575f16,2494.29881,0,3.38
20260927T200206Z-0624,a02119d6d84fde7d,963197,gpu-nearfar,gpu,resident,s2,18,2,0,0,2,warm,0,1,12,24.457264,0,0,0,22.7479362,0.556102,0,,1348,1348,3594,0,0,1092678,8727153,0,fbb9405d847378bc,2494.21964,0,3.38
20260927T200206Z-0624,a02119d6d84fde7d,71507,gpu-nearfar,gpu,resident,s2,19,2,0,0,2,warm,0,1,12,24.908335,0,0,0,23.0365753,0.534019,0,,1360,1360,3622,0,0,1093450,8733662,0,702d6d5587c052d1,2493.35119,0,3.38
20260927T200206Z-0624,a02119d6d84fde7d,544495,gpu-nearfar,gpu,resident,s2,20,2,0,0,2,warm,0,1,12,24.395832,0,0,0,22.5399036,0.525701,0,,1338,1338,3578,0,0,1093337,8732976,0,e48611890b9253a5,2493.50883,0,3.38
20260927T200206Z-0624,a02119d6d84fde7d,74604,gpu-nearfar,gpu,resident,s2,21,2,0,0,2,warm,0,1,12,24.584895,0,0,0,22.7980804,0.506562,0,,1366,1366,3630,0,0,1094278,8741086,0,685cee8f92989b3f,2494.85194,0,3.38
20260927T200206Z-0624,a02119d6d84fde7d,498463,gpu-nearfar,gpu,resident,s2,22,2,0,0,2,warm,0,1,12,24.276026,0,0,0,22.5728321,0.499203,0,,1348,1348,3606,0,0,1093720,8736245,0,6039eae81483ac7b,2493.50883,0,3.38
20260927T200206Z-0624,a02119d6d84fde7d,532500,gpu-nearfar,gpu,resident,s2,23,2,0,0,2,warm,0,1,12,24.132454,0,0,0,22.4312325,0.523142,0,,1340,1340,3586,0,0,1093421,8733224,0,6c4a508dceefca06,2491.85196,0,3.38
20260927T200206Z-0624,a02119d6d84fde7d,594991,gpu-nearfar,gpu,resident,s2,24,2,0,0,2,warm,0,1,12,24.598554,0,0,0,22.8982391,0.502973,0,,1367,1367,3644,0,0,1093995,8738770,0,8c5ea2cc267ed78e,2495.24715,0,3.38
20260927T200206Z-0624,a02119d6d84fde7d,67444,gpu-nearfar,gpu,resident,s2,25,2,0,0,2,warm,0,1,12,24.462705,0,0,0,22.8043518,0.500786,0,,1366,1366,3634,0,0,1093532,8733844,0,e6b21197edb81682,2495.01007,0,3.38
20260927T200206Z-0624,a02119d6d84fde7d,848826,gpu-nearfar,gpu,resident,s2,26,2,0,0,2,warm,0,1,12,24.167789,0,0,0,22.5154552,0.501703,0,,1345,1345,3592,0,0,1093073,8730821,0,7fc02cf236211190,2495.87967,0,3.38
20260927T200206Z-0624,a02119d6d84fde7d,696864,gpu-nearfar,gpu,resident,s2,27,2,0,0,2,warm,0,1,12,24.512216,0,0,0,22.7518711,0.533667,0,,1349,1349,3596,0,0,1093524,8734396,0,1f5ae3f04977baeb,2495.87967,0,3.38
20260927T200206Z-0624,a02119d6d84fde7d,809315,gpu-nearfar,gpu,resident,s2,28,2,0,0,2,warm,0,1,12,24.002647,0,0,0,22.2726402,0.499744,0,,1332,1332,3554,0,0,1093196,8731181,0,ae4946ccd75238cd,2495.48427,0,3.38
20260927T200206Z-0624,a02119d6d84fde7d,888073,gpu-nearfar,gpu,resident,s2,29,2,0,0,2,warm,0,1,12,24.352466,0,0,0,22.6157112,0.505037,0,,1353,1353,3616,0,0,1092926,8729523,0,242dd6e21c631498,2495.40532,0,3.38
20260927T200206Z-0624,a02119d6d84fde7d,120977,gpu-nearfar,gpu,resident,s2,30,2,0,0,2,warm,0,1,12,24.601492,0,0,0,22.9394569,0.498174,0,,1370,1370,3654,0,0,1093714,8736356,0,61978cef1982d278,2493.35119,0,3.38
20260927T200206Z-0624,a02119d6d84fde7d,227134,gpu-nearfar,gpu,resident,s2,31,2,0,0,2,warm,0,1,12,24.250507,0,0,0,22.6074886,0.492047,0,,1351,1351,3612,0,0,1093436,8734137,0,8bb075d498e81ac3,2495.8007,0,3.38
20260927T200206Z-0624,a02119d6d84fde7d,828516,gpu-nearfar,gpu,resident,s2,32,2,0,0,2,warm,0,1,12,23.897613,0,0,0,22.2441921,0.502489,0,,1330,1330,3554,0,0,1092925,8729204,0,a80260e3dc7e7c05,2495.87967,0,3.38
20260927T200206Z-0624,a02119d6d84fde7d,599128,gpu-nearfar,gpu,resident,s2,33,2,0,0,2,warm,0,1,12,24.167638,0,0,0,22.5083523,0.516384,0,,1342,1342,3590,0,0,1093035,8730595,0,adee1a46fbe8f4a1,2493.66679,0,3.38
20260927T200206Z-0624,a02119d6d84fde7d,962318,gpu-nearfar,gpu,resident,s2,34,2,0,0,2,warm,0,1,12,24.350393,0,0,0,22.6913929,0.500909,0,,1355,1355,3608,0,0,1093436,8734368,0,4cceca57322c2505,2498.41358,0,3.38
20260927T200206Z-0624,a02119d6d84fde7d,865743,gpu-nearfar,gpu,resident,s2,35,2,0,0,2,warm,0,1,12,23.848869,0,0,0,22.2010555,0.494579,0,,1327,1327,3544,0,0,1092929,8729483,0,7bbfc1f62785203a,2493.35119,0,3.38
20260927T200206Z-0624,a02119d6d84fde7d,638838,gpu-nearfar,gpu,resident,s2,36,2,0,0,2,warm,0,1,12,23.912593,0,0,0,22.2367687,0.516831,0,,1330,1330,3558,0,0,1092758,8728392,0,dde4ea3c97190154,2495.32608,0,3.38
20260927T200206Z-0624,a02119d6d84fde7d,789396,gpu-nearfar,gpu,resident,s2,37,2,0,0,2,warm,0,1,12,24.154554,0,0,0,22.4663353,0.506228,0,,1339,1339,3568,0,0,1093449,8733811,0,0f83afd66fff968b,2493.43001,0,3.38
20260927T200206Z-0624,a02119d6d84fde7d,787247,gpu-nearfar,gpu,resident,s2,38,2,0,0,2,warm,0,1,12,24.227237,0,0,0,22.52672,0.516108,0,,1342,1342,3578,0,0,1093433,8734048,0,343a6af165e40ea0,2493.50883,0,3.38
20260927T200206Z-0624,a02119d6d84fde7d,643171,gpu-nearfar,gpu,resident,s2,39,2,0,0,2,warm,0,1,12,24.508553,0,0,0,22.8433285,0.503534,0,,1369,1369,3636,0,0,1093733,8736165,0,ebe49471cf26a366,2496.67115,0,3.38
20260927T200206Z-0624,a02119d6d84fde7d,742209,gpu-nearfar,gpu,resident,s2,40,2,0,0,2,warm,0,1,12,24.022728,0,0,0,22.3616009,0.502264,0,,1339,1339,3572,0,0,1093338,8732972,0,2e6086bf9f9c0969,2495.87967,0,3.38
20260927T200206Z-0624,a02119d6d84fde7d,98309,gpu-nearfar,gpu,resident,s2,41,2,0,0,2,warm,0,1,12,24.062948,0,0,0,22.4182396,0.502551,0,,1337,1337,3568,0,0,1093470,8734145,0,f74896e8208dc1fe,2493.66679,0,3.38
20260927T200206Z-0624,a02119d6d84fde7d,809671,gpu-nearfar,gpu,resident,s2,42,2,0,0,2,warm,0,1,12,24.733408,0,0,0,23.0572166,0.520185,0,,1374,1374,3654,0,0,1093420,8733542,0,b75fe77907620429,2495.87967,0,3.38
20260927T200206Z-0624,a02119d6d84fde7d,682755,gpu-nearfar,gpu,resident,s2,43,2,0,0,2,warm,0,1,12,24.272865,0,0,0,22.6147518,0.515929,0,,1352,1352,3610,0,0,1093421,8733828,0,5aea28dc8118708f,2493.66679,0,3.38
20260927T200206Z-0624,a02119d6d84fde7d,866488,gpu-nearfar,gpu,resident,s2,44,2,0,0,2,warm,0,1,12,24.004653,0,0,0,22.3146553,0.542103,0,,1334,1334,3566,0,0,1092625,8726731,0,2ca945dc09e333f5,2495.87967,0,3.38
20260927T200206Z-0624,a02119d6d84fde7d,107501,gpu-nearfar,gpu,resident,s2,45,2,0,0,2,warm,0,1,12,23.943601,0,0,0,22.2857914,0.502207,0,,1330,1330,3550,0,0,1092820,8728659,0,525802c16d3dd706,2495.87967,0,3.38
20260927T200206Z-0624,a02119d6d84fde7d,719239,gpu-nearfar,gpu,resident,s2,46,2,0,0,2,warm,0,1,12,23.978796,0,0,0,22.2351685,0.55158,0,,1328,1328,3550,0,0,1093062,8730526,0,5fe141d595255199,2495.87967,0,3.38
20260927T200206Z-0624,a02119d6d84fde7d,970577,gpu-nearfar,gpu,resident,s2,47,2,0,0,2,warm,0,1,12,24.089376,0,0,0,22.3784962,0.496595,0,,1336,1336,3566,0,0,1092824,8728664,0,a43fbb6fe42a36c5,2493.35119,0,3.38
20260927T200206Z-0624,a02119d6d84fde7d,519236,gpu-nearfar,gpu,resident,s2,48,2,0,0,2,warm,0,1,12,24.08703,0,0,0,22.4291191,0.494135,0,,1341,1341,3580,0,0,1093903,8737820,0,41f25342e055cad8,2496.2755,0,3.38
20260927T200206Z-0624,a02119d6d84fde7d,638059,gpu-nearfar,gpu,resident,s2,49,2,0,0,2,warm,0,1,12,24.269336,0,0,0,22.6125755,0.499155,0,,1356,1356,3614,0,0,1093307,8732873,0,65a0deeb6c0dd865,2494.06162,0,3.38
20260927T200206Z-0624,a02119d6d84fde7d,121166,gpu-nearfar,gpu,resident,s2,50,2,0,0,2,warm,0,1,12,23.870806,0,0,0,22.2091198,0.495562,0,,1329,1329,3548,0,0,1092663,8727140,0,ae4f21cdc3e83665,2494.29881,0,3.38
20260927T200206Z-0624,a02119d6d84fde7d,613670,gpu-nearfar,gpu,resident,s2,51,2,0,0,2,warm,0,1,12,24.505222,0,0,0,22.8480968,0.502637,0,,1369,1369,3652,0,0,1092884,8729551,0,4e3b565a51b0291d,2495.87967,0,3.38
20260927T200206Z-0624,a02119d6d84fde7d,70006,gpu-nearfar,gpu,resident,s2,52,2,0,0,2,warm,0,1,12,24.425977,0,0,0,22.7744312,0.495335,0,,1363,1363,3632,0,0,1093077,8730900,0,9b9e4e7fa671f322,2493.66679,0,3.38
20260927T200206Z-0624,a02119d6d84fde7d,74793,gpu-nearfar,gpu,resident,s2,53,2,0,0,2,warm,0,1,12,24.109454,0,0,0,22.4313927,0.499144,0,,1342,1342,3574,0,0,1093262,8731978,0,ecf2eedd6dd9cfb8,2495.01007,0,3.38
20260927T200206Z-0624,a02119d6d84fde7d,733218,gpu-nearfar,gpu,resident,s2,54,2,0,0,2,warm,0,1,12,24.674263,0,0,0,23.006752,0.502529,0,,1373,1373,3648,0,0,1093478,8734221,0,3678dc385e71ccef,2495.16821,0,3.38
20260927T200206Z-0624,a02119d6d84fde7d,152853,gpu-nearfar,gpu,resident,s2,55,2,0,0,2,warm,0,1,12,24.002845,0,0,0,22.3380489,0.494774,0,,1331,1331,3556,0,0,1092709,8727483,0,06befad1b58e791b,2495.87967,0,3.38
20260927T200206Z-0624,a02119d6d84fde7d,533256,gpu-nearfar,gpu,resident,s2,56,2,0,0,2,warm,0,1,12,23.964196,0,0,0,22.2706242,0.50195,0,,1333,1333,3564,0,0,1093354,8732772,0,de6a85be3831195e,2495.87967,0,3.38
20260927T200206Z-0624,a02119d6d84fde7d,297117,gpu-nearfar,gpu,resident,s2,57,2,0,0,2,warm,0,1,12,24.226311,0,0,0,22.5508156,0.498253,0,,1347,1347,3604,0,0,1093101,8730728,0,22aa6d8bb71af2da,2495.87967,0,3.38
20260927T200206Z-0624,a02119d6d84fde7d,900482,gpu-nearfar,gpu,resident,s2,58,2,0,0,2,warm,0,1,12,24.413084,0,0,0,22.7507191,0.496414,0,,1365,1365,3636,0,0,1094156,8739343,0,e5b584d12adce633,2493.35119,0,3.38
20260927T200206Z-0624,a02119d6d84fde7d,951617,gpu-nearfar,gpu,resident,s2,59,2,0,0,2,warm,0,1,12,23.906697,0,0,0,22.2288952,0.508141,0,,1323,1323,3548,0,0,1092825,8728811,0,0520e2b524dbc735,2494.29881,0,3.38
20260927T200206Z-0624,a02119d6d84fde7d,329606,gpu-nearfar,gpu,resident,s2,60,2,0,0,2,warm,0,1,12,24.192064,0,0,0,22.4662399,0.518416,0,,1348,1348,3594,0,0,1093141,8730836,0,936869a3a01e1ec8,2495.87967,0,3.38
20260927T200206Z-0624,a02119d6d84fde7d,818843,gpu-nearfar,gpu,resident,s2,61,2,0,0,2,warm,0,1,12,24.462624,0,0,0,22.8104,0.491611,0,,1365,1365,3632,0,0,1093432,8733710,0,52282c7c008cd16f,2495.87967,0,3.38
20260927T200206Z-0624,a02119d6d84fde7d,924064,gpu-nearfar,gpu,resident,s2,62,2,0,0,2,warm,0,1,12,23.855147,0,0,0,22.2113914,0.500222,0,,1327,1327,3544,0,0,1093186,8732210,0,ce26a1db90a68c18,2495.87967,0,3.38
20260927T200206Z-0624,a02119d6d84fde7d,442646,gpu-nearfar,gpu,resident,s2,63,2,0,0,2,warm,0,1,12,24.017781,0,0,0,22.359808,0.498103,0,,1334,1334,3578,0,0,1092759,8728128,0,f61df11d33686108,2495.87967,0,3.38
20260927T200206Z-0624,a02119d6d84fde7d,933032,gpu-nearfar,gpu,resident,s2,64,2,0,0,2,warm,0,1,12,25.15714,0,0,0,23.5075836,0.506705,0,,1350,1350,3606,0,0,1093093,8730853,0,4dcf4e02a288d19c,2495.87967,0,3.38
20260927T200206Z-0624,a02119d6d84fde7d,340699,gpu-nearfar,gpu,resident,s2,65,2,0,0,2,warm,0,1,12,24.327669,0,0,0,22.5768967,0.509296,0,,1352,1352,3610,0,0,1093182,8731724,0,48532874b2b9d0d2,2495.87967,0,3.38
20260927T200206Z-0624,a02119d6d84fde7d,196865,gpu-nearfar,gpu,resident,s2,66,2,0,0,2,warm,0,1,12,24.881739,0,0,0,23.0694714,0.613306,0,,1358,1358,3614,0,0,1093000,8730330,0,e44d3db783fbdadd,2495.95894,0,3.38
20260927T200206Z-0624,a02119d6d84fde7d,422576,gpu-nearfar,gpu,resident,s2,67,2,0,0,2,warm,0,1,12,24.944817,0,0,0,22.8053436,0.56444,0,,1346,1346,3594,0,0,1093201,8732136,0,4d948852be51cda0,2493.66679,0,3.38
20260927T200206Z-0624,a02119d6d84fde7d,199973,gpu-nearfar,gpu,resident,s2,68,2,0,0,2,warm,0,1,12,25.001866,0,0,0,23.0842247,0.527339,0,,1359,1359,3616,0,0,1093262,8732029,0,15b0e80fbc151e38,2495.87967,0,3.38
20260927T200206Z-0624,a02119d6d84fde7d,775044,gpu-nearfar,gpu,resident,s2,69,2,0,0,2,warm,0,1,12,24.666436,0,0,0,22.7609596,0.520352,0,,1358,1358,3606,0,0,1093243,8732542,0,cb1446d88a2be850,2495.87967,0,3.38
20260927T200206Z-0624,a02119d6d84fde7d,626100,gpu-nearfar,gpu,resident,s2,70,2,0,0,2,warm,0,1,12,24.369095,0,0,0,22.6708794,0.506211,0,,1356,1356,3610,0,0,1093182,8731836,0,3faba6d5b060898c,2493.58796,0,3.38
20260927T200206Z-0624,a02119d6d84fde7d,257641,gpu-nearfar,gpu,resident,s2,71,2,0,0,2,warm,0,1,12,24.589487,0,0,0,22.849472,0.557715,0,,1339,1339,3584,0,0,1093090,8730788,0,a978bbf71a2b658f,2495.87967,0,3.38
20260927T200206Z-0624,a02119d6d84fde7d,617297,gpu-nearfar,gpu,resident,s2,72,2,0,0,2,warm,0,1,12,24.937545,0,0,0,23.0713596,0.525705,0,,1358,1358,3622,0,0,1093345,8732898,0,3fb7729b73b5db0f,2495.72173,0,3.38
20260927T200206Z-0624,a02119d6d84fde7d,563755,gpu-nearfar,gpu,resident,s2,73,2,0,0,2,warm,0,1,12,24.006104,0,0,0,22.1918087,0.55429,0,,1324,1324,3546,0,0,1092784,8728157,0,742e1e4a72ddaece,2493.90391,0,3.38
20260927T200206Z-0624,a02119d6d84fde7d,87865,gpu-nearfar,gpu,resident,s2,74,2,0,0,2,warm,0,1,12,24.301983,0,0,0,22.5644798,0.504579,0,,1351,1351,3616,0,0,1093459,8733959,0,73627407399df493,2495.72173,0,3.38
20260927T200206Z-0624,a02119d6d84fde7d,71898,gpu-nearfar,gpu,resident,s2,75,2,0,0,2,warm,0,1,12,24.222656,0,0,0,22.5575047,0.50452,0,,1350,1350,3606,0,0,1093290,8732511,0,1bd55c95765ebb70,2496.82951,0,3.38
20260927T200206Z-0624,a02119d6d84fde7d,847158,gpu-nearfar,gpu,resident,s2,76,2,0,0,2,warm,0,1,12,24.268708,0,0,0,22.6136951,0.498781,0,,1354,1354,3614,0,0,1092835,8728713,0,f84814ba52a3fddb,2493.66679,0,3.38
20260927T200206Z-0624,a02119d6d84fde7d,934069,gpu-nearfar,gpu,resident,s2,77,2,0,0,2,warm,0,1,12,24.19925,0,0,0,22.5440311,0.502329,0,,1352,1352,3590,0,0,1093535,8733643,0,3fce213adbd918e5,2493.35119,0,3.38
20260927T200206Z-0624,a02119d6d84fde7d,666677,gpu-nearfar,gpu,resident,s2,78,2,0,0,2,warm,0,1,12,24.123975,0,0,0,22.4497929,0.497594,0,,1344,1344,3586,0,0,1093464,8734419,0,9eb243abea190fd7,2493.35119,0,3.38
20260927T200206Z-0624,a02119d6d84fde7d,709223,gpu-nearfar,gpu,resident,s2,79,2,0,0,2,warm,0,1,12,24.125024,0,0,0,22.5031033,0.498393,0,,1347,1347,3588,0,0,1093489,8734083,0,7c91801c56145383,2495.87967,0,3.38
20260927T200206Z-0624,a02119d6d84fde7d,497308,gpu-nearfar,gpu,resident,s2,80,2,0,0,2,warm,0,1,12,24.028562,0,0,0,22.3915844,0.497737,0,,1340,1340,3586,0,0,1093705,8736205,0,12fa6679e1d7c1dd,2494.14077,0,3.38
20260927T200206Z-0624,a02119d6d84fde7d,354623,gpu-nearfar,gpu,resident,s2,81,2,0,0,2,warm,0,1,12,23.727674,0,0,0,22.1152,0.496056,0,,1318,1318,3530,0,0,1093560,8735313,0,38aa81bd9bda3307,2495.87967,0,3.38
20260927T200206Z-0624,a02119d6d84fde7d,997813,gpu-nearfar,gpu,resident,s2,82,2,0,0,2,warm,0,1,12,24.322461,0,0,0,22.6728325,0.502755,0,,1358,1358,3626,0,0,1093273,8732344,0,cd72e1e1ae5946fd,2494.29881,0,3.38
20260927T200206Z-0624,a02119d6d84fde7d,886524,gpu-nearfar,gpu,resident,s2,83,2,0,0,2,warm,0,1,12,24.611935,0,0,0,22.9786243,0.502161,0,,1377,1377,3648,0,0,1093956,8738075,0,1e8eed6faf744f5d,2495.87967,0,3.38
20260927T200206Z-0624,a02119d6d84fde7d,26760,gpu-nearfar,gpu,resident,s2,84,2,0,0,2,warm,0,1,12,24.208163,0,0,0,22.5593281,0.514071,0,,1351,1351,3608,0,0,1093365,8733791,0,47842c3440e845d2,2495.87967,0,3.38
20260927T200206Z-0624,a02119d6d84fde7d,914247,gpu-nearfar,gpu,resident,s2,85,2,0,0,2,warm,0,1,12,24.033427,0,0,0,22.365984,0.512494,0,,1338,1338,3578,0,0,1093685,8735411,0,02ff3d571c234946,2496.3545,0,3.38
20260927T200206Z-0624,a02119d6d84fde7d,743152,gpu-nearfar,gpu,resident,s2,86,2,0,0,2,warm,0,1,12,24.433478,0,0,0,22.8175049,0.498376,0,,1369,1369,3644,0,0,1093407,8733260,0,487cb6841969b9a7,2495.87967,0,3.38
20260927T200206Z-0624,a02119d6d84fde7d,1012998,gpu-nearfar,gpu,resident,s2,87,2,0,0,2,warm,0,1,12,24.200317,0,0,0,22.5593929,0.519989,0,,1350,1350,3598,0,0,1092939,8729683,0,d2569ce76bc72320,2495.8007,0,3.38
20260927T200206Z-0624,a02119d6d84fde7d,382778,gpu-nearfar,gpu,resident,s2,88,2,0,0,2,warm,0,1,12,24.210642,0,0,0,22.5715523,0.513532,0,,1351,1351,3608,0,0,1092831,8728419,0,4363f1642bf9ca8b,2495.87967,0,3.38
20260927T200206Z-0624,a02119d6d84fde7d,385604,gpu-nearfar,gpu,resident,s2,89,2,0,0,2,warm,0,1,12,23.768807,0,0,0,22.1323204,0.500685,0,,1316,1316,3530,0,0,1092856,8728982,0,2f834d6f19a7075f,2495.87967,0,3.38
20260927T200206Z-0624,a02119d6d84fde7d,40272,gpu-nearfar,gpu,resident,s2,90,2,0,0,2,warm,0,1,12,24.287307,0,0,0,22.6077766,0.505813,0,,1355,1355,3600,0,0,1093484,8733337,0,033d42e0e845d7e5,2495.87967,0,3.38
20260927T200206Z-0624,a02119d6d84fde7d,70075,gpu-nearfar,gpu,resident,s2,91,2,0,0,2,warm,0,1,12,24.517638,0,0,0,22.8631039,0.508194,0,,1350,1350,3606,0,0,1093186,8731643,0,0e609080489e53c9,2493.82476,0,3.38
20260927T200206Z-0624,a02119d6d84fde7d,733041,gpu-nearfar,gpu,resident,s2,92,2,0,0,2,warm,0,1,12,24.435132,0,0,0,22.7151031,0.497977,0,,1359,1359,3624,0,0,1093174,8731815,0,3643fcf2fc535160,2495.87967,0,3.38
20260927T200206Z-0624,a02119d6d84fde7d,405276,gpu-nearfar,gpu,resident,s2,93,2,0,0,2,warm,0,1,12,24.328208,0,0,0,22.6696968,0.498792,0,,1359,1359,3616,0,0,1093149,8731641,0,fd1e692198445bb9,2496.4338,0,3.38
20260927T200206Z-0624,a02119d6d84fde7d,167751,gpu-nearfar,gpu,resident,s2,94,2,0,0,2,warm,0,1,12,23.969696,0,0,0,22.3301449,0.495336,0,,1330,1330,3562,0,0,1093008,8730151,0,a9f30ead5b83afef,2494.06162,0,3.38
20260927T200206Z-0624,a02119d6d84fde7d,140065,gpu-nearfar,gpu,resident,s2,95,2,0,0,2,warm,0,1,12,24.145473,0,0,0,22.5009918,0.511305,0,,1345,1345,3592,0,0,1092926,8728877,0,c963d08625067b4f,2493.43001,0,3.38
20260927T200206Z-0624,a02119d6d84fde7d,729933,gpu-nearfar,gpu,resident,s2,96,2,0,0,2,warm,0,1,12,24.068225,0,0,0,22.3147526,0.548795,0,,1330,1330,3570,0,0,1092738,8727823,0,7dcf2dfe66bf4fdd,2495.87967,0,3.38
20260927T200206Z-0624,a02119d6d84fde7d,755777,gpu-nearfar,gpu,resident,s2,97,2,0,0,2,warm,0,1,12,24.598743,0,0,0,22.950592,0.51393,0,,1374,1374,3658,0,0,1093736,8736337,0,7f0d5a5b7ea2447b,2495.87967,0,3.38
20260927T200206Z-0624,a02119d6d84fde7d,374017,gpu-nearfar,gpu,resident,s2,98,2,0,0,2,warm,0,1,12,24.071779,0,0,0,22.450304,0.488798,0,,1343,1343,3588,0,0,1093207,8731908,0,d10a072229bfa198,2495.87967,0,3.38
20260927T200206Z-0624,a02119d6d84fde7d,523181,gpu-nearfar,gpu,resident,s2,99,2,0,0,2,warm,0,1,12,23.792272,0,0,0,22.1610565,0.490311,0,,1326,1326,3546,0,0,1092838,8728808,0,0516a7edf2d4942e,2493.74592,0,3.38
20260927T200206Z-0624,a02119d6d84fde7d,971309,gpu-nearfar,gpu,resident,s2,100,2,0,0,2,warm,0,1,12,24.251514,0,0,0,22.5951366,0.509359,0,,1354,1354,3610,0,0,1093158,8731359,0,31284766928f478b,2495.87967,0,3.38
20260927T200206Z-0624,a02119d6d84fde7d,881280,gpu-nearfar,gpu,resident,s2,101,2,0,0,2,warm,0,1,12,24.253455,0,0,0,22.6196804,0.50976,0,,1332,1332,3562,0,0,1093196,8731796,0,105ad01f64cd1e6d,2493.35119,0,3.19
20260927T200206Z-0624,a02119d6d84fde7d,608349,gpu-nearfar,gpu,resident,s2,102,2,0,0,2,warm,0,1,12,24.644508,0,0,0,22.9413757,0.515348,0,,1377,1377,3656,0,0,1094258,8740729,0,0ee13460b9253d30,2495.87967,0,3.19
20260927T200206Z-0624,a02119d6d84fde7d,1008613,gpu-nearfar,gpu,resident,s2,103,2,0,0,2,warm,0,1,12,23.921124,0,0,0,22.2655678,0.49409,0,,1323,1323,3540,0,0,1093036,8730031,0,125d1a176c793bd5,2495.87967,0,3.19
20260927T200206Z-0624,a02119d6d84fde7d,1045308,gpu-nearfar,gpu,resident,s2,104,2,0,0,2,warm,0,1,12,24.123158,0,0,0,22.4540806,0.506629,0,,1338,1338,3574,0,0,1092993,8729848,0,0cb884375ad7b6c6,2493.35119,0,3.19
20260927T200206Z-0624,a02119d6d84fde7d,730296,gpu-nearfar,gpu,resident,s2,105,2,0,0,2,warm,0,1,12,24.503881,0,0,0,22.8717117,0.493479,0,,1374,1374,3654,0,0,1093770,8736004,0,4167dbc6d1d656ac,2493.35119,0,3.19
20260927T200206Z-0624,a02119d6d84fde7d,850921,gpu-nearfar,gpu,resident,s2,106,2,0,0,2,warm,0,1,12,24.801642,0,0,0,23.0359364,0.559871,0,,1347,1347,3592,0,0,1093432,8733904,0,904d09fd99ea42dc,2495.87967,0,3.19
20260927T200206Z-0624,a02119d6d84fde7d,285373,gpu-nearfar,gpu,resident,s2,107,2,0,0,2,warm,0,1,12,24.781125,0,0,0,22.9410248,0.512946,0,,1366,1366,3642,0,0,1093024,8730503,0,ed27ad9f0a7ac75e,2493.58796,0,3.19
20260927T200206Z-0624,a02119d6d84fde7d,1003836,gpu-nearfar,gpu,resident,s2,108,2,0,0,2,warm,0,1,12,24.791313,0,0,0,22.9188805,0.519241,0,,1370,1370,3642,0,0,1094262,8740527,0,df72732439acd0dc,2494.14077,0,3.19
20260927T200206Z-0624,a02119d6d84fde7d,743148,gpu-nearfar,gpu,resident,s2,109,2,0,0,2,warm,0,1,12,24.524163,0,0,0,22.7963524,0.505342,0,,1364,1364,3626,0,0,1093291,8732757,0,b589d741a7aaf99b,2493.35119,0,3.19
20260927T200206Z-0624,a02119d6d84fde7d,784929,gpu-nearfar,gpu,resident,s2,110,2,0,0,2,warm,0,1,12,24.379969,0,0,0,22.6802883,0.503052,0,,1361,1361,3620,0,0,1093612,8735241,0,6f82fbf133989e60,2495.87967,0,3.19
20260927T200206Z-0624,a02119d6d84fde7d,952239,gpu-nearfar,gpu,resident,s2,111,2,0,0,2,warm,0,1,12,24.318922,0,0,0,22.6373768,0.501263,0,,1354,1354,3610,0,0,1093407,8734427,0,ce3ab83ef0811b21,2495.87967,0,3.19
20260927T200206Z-0624,a02119d6d84fde7d,230809,gpu-nearfar,gpu,resident,s2,112,2,0,0,2,warm,0,1,12,24.14411,0,0,0,22.4387207,0.498747,0,,1343,1343,3584,0,0,1092694,8727091,0,bee4d5e4fca68824,2493.35119,0,3.19
20260927T200206Z-0624,a02119d6d84fde7d,781082,gpu-nearfar,gpu,resident,s2,113,2,0,0,2,warm,0,1,12,24.514378,0,0,0,22.8461437,0.501808,0,,1369,1369,3648,0,0,1093280,8732271,0,bc52de9104847a97,2495.40532,0,3.19
20260927T200206Z-0624,a02119d6d84fde7d,324361,gpu-nearfar,gpu,resident,s2,114,2,0,0,2,warm,0,1,12,23.667553,0,0,0,22.0320644,0.496915,0,,1316,1316,3526,0,0,1092854,8729420,0,d9137775fce42dcc,2493.90391,0,3.19
20260927T200206Z-0624,a02119d6d84fde7d,354973,gpu-nearfar,gpu,resident,s2,115,2,0,0,2,warm,0,1,12,24.387773,0,0,0,22.7457275,0.491984,0,,1357,1357,3612,0,0,1093574,8734567,0,f648ab01e576a9e2,2495.87967,0,3.19
20260927T200206Z-0624,a02119d6d84fde7d,1031021,gpu-nearfar,gpu,resident,s2,116,2,0,0,2,warm,0,1,12,24.137932,0,0,0,22.4816647,0.507958,0,,1343,1343,3596,0,0,1093035,8730223,0,adf917acf700104b,2496.82951,0,3.19
20260927T200206Z-0624,a02119d6d84fde7d,776462,gpu-nearfar,gpu,resident,s2,117,2,0,0,2,warm,0,1,12,24.214023,0,0,0,22.5736313,0.491756,0,,1352,1352,3606,0,0,1092470,8725913,0,020d64c57708be11,2493.90391,0,3.19
20260927T200206Z-0624,a02119d6d84fde7d,878795,gpu-nearfar,gpu,resident,s2,118,2,0,0,2,warm,0,1,12,24.299661,0,0,0,22.6491528,0.511408,0,,1354,1354,3610,0,0,1093505,8734574,0,53f5a4ff9505386f,2494.29881,0,3.19
20260927T200206Z-0624,a02119d6d84fde7d,877605,gpu-nearfar,gpu,resident,s2,119,2,0,0,2,warm,0,1,12,24.206794,0,0,0,22.5582714,0.50367,0,,1350,1350,3606,0,0,1093181,8731760,0,e71921242e30ce07,2493.90391,0,3.19
20260927T200206Z-0624,a02119d6d84fde7d,449316,gpu-nearfar,gpu,resident,s2,120,2,0,0,2,warm,0,1,12,23.786841,0,0,0,22.1485443,0.509636,0,,1322,1322,3542,0,0,1092642,8727009,0,f41dc9fe270f1384,2495.87967,0,3.19
20260927T200206Z-0624,a02119d6d84fde7d,756923,gpu-nearfar,gpu,resident,s2,121,2,0,0,2,warm,0,1,12,24.089264,0,0,0,22.4427204,0.506687,0,,1346,1346,3582,0,0,1093481,8734380,0,730d81ca459c7d39,2494.29881,0,3.19
20260927T200206Z-0624,a02119d6d84fde7d,340776,gpu-nearfar,gpu,resident,s2,122,2,0,0,2,warm,0,1,12,24.242749,0,0,0,22.5974083,0.50406,0,,1352,1352,3606,0,0,1093151,8731642,0,2a9e0229dc6d7231,2494.14077,0,3.19
20260927T200206Z-0624,a02119d6d84fde7d,91142,gpu-nearfar,gpu,resident,s2,123,2,0,0,2,warm,0,1,12,24.544917,0,0,0,22.8839684,0.510528,0,,1372,1372,3650,0,0,1093611,8734909,0,80a11b9737c68068,2495.87967,0,3.19
20260927T200206Z-0624,a02119d6d84fde7d,419442,gpu-nearfar,gpu,resident,s2,124,2,0,0,2,warm,0,1,12,24.413042,0,0,0,22.7468472,0.51251,0,,1360,1360,3618,0,0,1093808,8736768,0,dfb110aeb00a09e5,2495.64247,0,3.19
20260927T200206Z-0624,a02119d6d84fde7d,338937,gpu-nearfar,gpu,resident,s2,125,2,0,0,2,warm,0,1,12,23.856508,0,0,0,22.2069759,0.504584,0,,1326,1326,3546,0,0,1092920,8729802,0,ec976827ae29462d,2495.87967,0,3.19
20260927T200206Z-0624,a02119d6d84fde7d,449658,gpu-nearfar,gpu,resident,s2,126,2,0,0,2,warm,0,1,12,23.923146,0,0,0,22.2777271,0.497271,0,,1329,1329,3552,0,0,1092779,8728251,0,4b2b26a5c1210c90,2493.98276,0,3.19
20260927T200206Z-0624,a02119d6d84fde7d,151978,gpu-nearfar,gpu,resident,s2,127,2,0,0,2,warm,0,1,12,26.294215,0,0,0,22.6796169,0.516759,1.9351,,1358,1358,3606,0,0,1093601,8735376,0,556e29d1d3b563fe,2495.87967,0,3.19
20260927T200206Z-0624,a02119d6d84fde7d,12612,delta-omp,cpu,resident,s2,0,2,0,0,3,warm,24,1,12,36.742395,0,2.228734,0,34.513083,0,0,,224,1267,0,403,864,1151546,18397772,0,28bdae51db7991a6,,0,3.19
20260927T200206Z-0624,a02119d6d84fde7d,583477,delta-omp,cpu,resident,s2,1,2,0,0,3,warm,24,1,12,36.200754,0,2.269747,0,33.930525,0,0,,225,1280,0,406,874,1152246,18409320,0,8968d07a93769c87,,0,3.19
20260927T200206Z-0624,a02119d6d84fde7d,587775,delta-omp,cpu,resident,s2,2,2,0,0,3,warm,24,1,12,36.339471,0,2.270373,0,34.068446,0,0,,227,1294,0,404,890,1151710,18400474,0,c3357c46101bc7ed,,0,3.19
20260927T200206Z-0624,a02119d6d84fde7d,457329,delta-omp,cpu,resident,s2,3,2,0,0,3,warm,24,1,12,36.071499,0,2.273416,0,33.797109,0,0,,228,1272,0,409,863,1152189,18409416,0,da60d169724ebe65,,0,3.19
20260927T200206Z-0624,a02119d6d84fde7d,284703,delta-omp,cpu,resident,s2,4,2,0,0,3,warm,24,1,12,36.039996,0,2.268845,0,33.770555,0,0,,225,1276,0,406,870,1152047,18406054,0,e711fafca6bfd4d7,,0,3.19
20260927T200206Z-0624,a02119d6d84fde7d,83249,delta-omp,cpu,resident,s2,5,2,0,0,3,warm,24,1,12,36.344953,0,2.239593,0,34.104734,0,0,,225,1263,0,405,858,1152345,18411112,0,4e52248775f10ee5,,0,3.19
20260927T200206Z-0624,a02119d6d84fde7d,590008,delta-omp,cpu,resident,s2,6,2,0,0,3,warm,24,1,12,39.539472,0,2.408257,0,37.130315,0,0,,227,1277,0,406,871,1152176,18407508,0,8ccb9846f0ee1fda,,0,3.19
20260927T200206Z-0624,a02119d6d84fde7d,764305,delta-omp,cpu,resident,s2,7,2,0,0,3,warm,24,1,12,36.412047,0,2.276645,0,34.13438,0,0,,227,1283,0,408,875,1152566,18415792,0,6e0bb1106251602f,,0,3.19
20260927T200206Z-0624,a02119d6d84fde7d,299143,delta-omp,cpu,resident,s2,8,2,0,0,3,warm,24,1,12,36.256865,0,2.290317,0,33.965956,0,0,,226,1291,0,408,883,1152132,18407268,0,3a6af29ba834619f,,0,3.19
20260927T200206Z-0624,a02119d6d84fde7d,101624,delta-omp,cpu,resident,s2,9,2,0,0,3,warm,24,1,12,36.263133,0,2.268231,0,33.994186,0,0,,225,1283,0,406,877,1151673,18401362,0,824098ec8ac7de79,,0,3.19
20260927T200206Z-0624,a02119d6d84fde7d,341320,delta-omp,cpu,resident,s2,10,2,0,0,3,warm,24,1,12,36.128925,0,2.267698,0,33.860486,0,0,,224,1255,0,402,853,1152036,18407590,0,b0ba4213988f452b,,0,3.19
20260927T200206Z-0624,a02119d6d84fde7d,16014,delta-omp,cpu,resident,s2,11,2,0,0,3,warm,24,1,12,36.89023,0,2.290046,0,34.599605,0,0,,227,1284,0,406,878,1152475,18413702,0,a00bd5f109b6340e,,0,3.19
20260927T200206Z-0624,a02119d6d84fde7d,474855,delta-omp,cpu,resident,s2,12,2,0,0,3,warm,24,1,12,36.28528,0,2.25873,0,34.025989,0,0,,228,1281,0,408,873,1152027,18406020,0,028d9427e762a866,,0,3.19
20260927T200206Z-0624,a02119d6d84fde7d,780517,delta-omp,cpu,resident,s2,13,2,0,0,3,warm,24,1,12,36.356272,0,2.238665,0,34.116947,0,0,,226,1281,0,408,873,1152274,18410742,0,f57cb7273e76c9b5,,0,3.19
20260927T200206Z-0624,a02119d6d84fde7d,948113,delta-omp,cpu,resident,s2,14,2,0,0,3,warm,24,1,12,36.29263,0,2.264295,0,34.027743,0,0,,227,1271,0,406,865,1152243,18407434,0,1937c9c045d04233,,0,3.19
20260927T200206Z-0624,a02119d6d84fde7d,618424,delta-omp,cpu,resident,s2,15,2,0,0,3,warm,24,1,12,36.14833,0,2.261989,0,33.885879,0,0,,228,1289,0,409,880,1152006,18406924,0,7256939aaa048106,,0,3.19
20260927T200206Z-0624,a02119d6d84fde7d,826214,delta-omp,cpu,resident,s2,16,2,0,0,3,warm,24,1,12,36.172819,0,2.264019,0,33.908414,0,0,,227,1284,0,407,877,1152276,18410592,0,b27f0a39a9b0e982,,0,3.19
20260927T200206Z-0624,a02119d6d84fde7d,406369,delta-omp,cpu,resident,s2,17,2,0,0,3,warm,24,1,12,36.392347,0,2.24216,0,34.149774,0,0,,224,1268,0,404,864,1151716,18399882,0,5a0bc74ecd575f16,,0,3.19
20260927T200206Z-0624,a02119d6d84fde7d,963197,delta-omp,cpu,resident,s2,18,2,0,0,3,warm,24,1,12,36.209005,0,2.25484,0,33.95381,0,0,,225,1274,0,407,867,1152349,18410668,0,fbb9405d847378bc,,0,3.19
20260927T200206Z-0624,a02119d6d84fde7d,71507,delta-omp,cpu,resident,s2,19,2,0,0,3,warm,24,1,12,36.285423,0,2.262735,0,34.022212,0,0,,226,1289,0,407,882,1151774,18401492,0,702d6d5587c052d1,,0,3.19
20260927T200206Z-0624,a02119d6d84fde7d,544495,delta-omp,cpu,resident,s2,20,2,0,0,3,warm,24,1,12,43.660021,0,2.260941,0,41.398221,0,0,,226,1258,0,408,850,1152013,18407240,0,e48611890b9253a5,,0,3.19
20260927T200206Z-0624,a02119d6d84fde7d,74604,delta-omp,cpu,resident,s2,21,2,0,0,3,warm,24,1,12,45.278652,0,3.727353,0,41.550726,0,0,,225,1264,0,407,857,1152585,18415444,0,685cee8f92989b3f,,0,3.19
20260927T200206Z-0624,a02119d6d84fde7d,498463,delta-omp,cpu,resident,s2,22,2,0,0,3,warm,24,1,12,45.808559,0,3.682371,0,42.125452,0,0,,227,1290,0,404,886,1152187,18409720,0,6039eae81483ac7b,,0,3.19
20260927T200206Z-0624,a02119d6d84fde7d,532500,delta-omp,cpu,resident,s2,23,2,0,0,3,warm,24,1,12,45.628091,0,3.692993,0,41.93409,0,0,,227,1279,0,406,873,1152105,18406960,0,6c4a508dceefca06,,0,3.19
20260927T200206Z-0624,a02119d6d84fde7d,594991,delta-omp,cpu,resident,s2,24,2,0,0,3,warm,24,1,12,45.786611,0,3.656284,0,42.129458,0,0,,228,1283,0,406,877,1152676,18416954,0,8c5ea2cc267ed78e,,0,3.19
20260927T200206Z-0624,a02119d6d84fde7d,67444,delta-omp,cpu,resident,s2,25,2,0,0,3,warm,24,1,12,45.915716,0,3.653284,0,42.261705,0,0,,225,1269,0,404,865,1152110,18408084,0,e6b21197edb81682,,0,3.19
20260927T200206Z-0624,a02119d6d84fde7d,848826,delta-omp,cpu,resident,s2,26,2,0,0,3,warm,24,1,12,45.564878,0,3.675887,0,41.888233,0,0,,226,1282,0,405,877,1151949,18406104,0,7fc02cf236211190,,0,3.19
20260927T200206Z-0624,a02119d6d84fde7d,696864,delta-omp,cpu,resident,s2,27,2,0,0,3,warm,24,1,12,45.624974,0,3.696706,0,41.927653,0,0,,225,1273,0,406,867,1152131,18407354,0,1f5ae3f04977baeb,,0,3.19
20260927T200206Z-0624,a02119d6d84fde7d,809315,delta-omp,cpu,resident,s2,28,2,0,0,3,warm,24,1,12,45.805327,0,3.714446,0,42.09008,0,0,,223,1254,0,402,852,1152304,18410496,0,ae4946ccd75238cd,,0,3.19
20260927T200206Z-0624,a02119d6d84fde7d,888073,delta-omp,cpu,resident,s2,29,2,0,0,3,warm,24,1,12,45.436859,0,3.682033,0,41.754199,0,0,,227,1287,0,407,880,1151673,18398568,0,242dd6e21c631498,,0,3.19
20260927T200206Z-0624,a02119d6d84fde7d,120977,delta-omp,cpu,resident,s2,30,2,0,0,3,warm,24,1,12,45.758655,0,3.685572,0,42.072493,0,0,,228,1280,0,408,872,1152649,18417078,0,61978cef1982d278,,0,3.19
20260927T200206Z-0624,a02119d6d84fde7d,227134,delta-omp,cpu,resident,s2,31,2,0,0,3,warm,24,1,12,45.552055,0,3.668867,0,41.882582,0,0,,227,1281,0,406,875,1151744,18402632,0,8bb075d498e81ac3,,0,3.19
20260927T200206Z-0624,a02119d6d84fde7d,828516,delta-omp,cpu,resident,s2,32,2,0,0,3,warm,24,1,12,45.598149,0,3.687588,0,41.909755,0,0,,224,1281,0,403,878,1152086,18407318,0,a80260e3dc7e7c05,,0,3.19
20260927T200206Z-0624,a02119d6d84fde7d,599128,delta-omp,cpu,resident,s2,33,2,0,0,3,warm,24,1,12,45.239838,0,3.682675,0,41.556214,0,0,,226,1275,0,407,868,1151747,18402978,0,adee1a46fbe8f4a1,,0,3.19
20260927T200206Z-0624,a02119d6d84fde7d,962318,delta-omp,cpu,resident,s2,34,2,0,0,3,warm,24,1,12,45.549912,0,3.674359,0,41.874785,0,0,,225,1272,0,405,867,1152180,18409548,0,4cceca57322c2505,,0,3.19
20260927T200206Z-0624,a02119d6d84fde7d,865743,delta-omp,cpu,resident,s2,35,2,0,0,3,warm,24,1,12,46.003986,0,3.661252,0,42.342063,0,0,,223,1264,0,404,860,1151814,18403240,0,7bbfc1f62785203a,,0,3.19
20260927T200206Z-0624,a02119d6d84fde7d,638838,delta-omp,cpu,resident,s2,36,2,0,0,3,warm,24,1,12,46.029889,0,3.687059,0,42.342086,0,0,,225,1258,0,403,855,1152144,18407460,0,dde4ea3c97190154,,0,3.19
20260927T200206Z-0624,a02119d6d84fde7d,789396,delta-omp,cpu,resident,s2,37,2,0,0,3,warm,24,1,12,45.528881,0,3.672574,0,41.855488,0,0,,223,1283,0,402,881,1151968,18403904,0,0f83afd66fff968b,,0,3.19
20260927T200206Z-0624,a02119d6d84fde7d,787247,delta-omp,cpu,resident,s2,38,2,0,0,3,warm,24,1,12,45.6231,0,3.733799,0,41.888454,0,0,,224,1272,0,404,868,1151796,18401792,0,343a6af165e40ea0,,0,3.19
20260927T200206Z-0624,a02119d6d84fde7d,643171,delta-omp,cpu,resident,s2,39,2,0,0,3,warm,24,1,12,45.781549,0,3.688208,0,42.092542,0,0,,225,1282,0,404,878,1151898,18403876,0,ebe49471cf26a366,,0,3.19
20260927T200206Z-0624,a02119d6d84fde7d,742209,delta-omp,cpu,resident,s2,40,2,0,0,3,warm,24,1,12,45.694215,0,3.666192,0,42.027049,0,0,,224,1263,0,403,860,1152099,18406746,0,2e6086bf9f9c0969,,0,3.19
20260927T200206Z-0624,a02119d6d84fde7d,98309,delta-omp,cpu,resident,s2,41,2,0,0,3,warm,24,1,12,45.419962,0,3.667749,0,41.751631,0,0,,224,1287,0,404,883,1152088,18407004,0,f74896e8208dc1fe,,0,3.19
20260927T200206Z-0624,a02119d6d84fde7d,809671,delta-omp,cpu,resident,s2,42,2,0,0,3,warm,24,1,12,45.403662,0,3.707869,0,41.695135,0,0,,227,1269,0,407,862,1152504,18413600,0,b75fe77907620429,,0,3.19
20260927T200206Z-0624,a02119d6d84fde7d,682755,delta-omp,cpu,resident,s2,43,2,0,0,3,warm,24,1,12,46.202241,0,3.843664,0,42.357834,0,0,,226,1287,0,406,881,1152357,18412136,0,5aea28dc8118708f,,0,3.19
20260927T200206Z-0624,a02119d6d84fde7d,866488,delta-omp,cpu,resident,s2,44,2,0,0,3,warm,24,1,12,45.695215,0,3.715631,0,41.978878,0,0,,225,1269,0,402,867,1152046,18405344,0,2ca945dc09e333f5,,0,3.19
20260927T200206Z-0624,a02119d6d84fde7d,107501,delta-omp,cpu,resident,s2,45,2,0,0,3,warm,24,1,12,45.559525,0,3.718822,0,41.839883,0,0,,223,1257,0,401,856,1152073,18406134,0,525802c16d3dd706,,0,3.19
20260927T200206Z-0624,a02119d6d84fde7d,719239,delta-omp,cpu,resident,s2,46,2,0,0,3,warm,24,1,12,45.835919,0,3.689657,0,42.145423,0,0,,224,1270,0,403,867,1151682,18399046,0,5fe141d595255199,,0,3.19
20260927T200206Z-0624,a02119d6d84fde7d,970577,delta-omp,cpu,resident,s2,47,2,0,0,3,warm,24,1,12,45.698756,0,3.699955,0,41.998138,0,0,,224,1275,0,403,872,1152322,18410076,0,a43fbb6fe42a36c5,,0,3.19
20260927T200206Z-0624,a02119d6d84fde7d,519236,delta-omp,cpu,resident,s2,48,2,0,0,3,warm,24,1,12,45.553263,0,3.670378,0,41.882308,0,0,,225,1279,0,405,874,1151923,18404426,0,41f25342e055cad8,,0,3.19
20260927T200206Z-0624,a02119d6d84fde7d,638059,delta-omp,cpu,resident,s2,49,2,0,0,3,warm,24,1,12,45.439436,0,3.697949,0,41.740541,0,0,,226,1268,0,404,864,1152337,18411338,0,65a0deeb6c0dd865,,0,3.19
20260927T200206Z-0624,a02119d6d84fde7d,121166,delta-omp,cpu,resident,s2,50,2,0,0,3,warm,24,1,12,45.79981,0,3.690571,0,42.108573,0,0,,224,1269,0,403,866,1151873,18403550,0,ae4f21cdc3e83665,,0,3.19
20260927T200206Z-0624,a02119d6d84fde7d,613670,delta-omp,cpu,resident,s2,51,2,0,0,3,warm,24,1,12,45.553549,0,3.666354,0,41.886392,0,0,,229,1281,0,408,873,1151962,18407288,0,4e3b565a51b0291d,,0,3.19
20260927T200206Z-0624,a02119d6d84fde7d,70006,delta-omp,cpu,resident,s2,52,2,0,0,3,warm,24,1,12,47.301075,0,3.957638,0,43.342761,0,0,,227,1268,0,405,863,1152020,18406170,0,9b9e4e7fa671f322,,0,3.19
20260927T200206Z-0624,a02119d6d84fde7d,74793,delta-omp,cpu,resident,s2,53,2,0,0,3,warm,24,1,12,45.847736,0,3.690655,0,42.156169,0,0,,223,1273,0,402,871,1152097,18406476,0,ecf2eedd6dd9cfb8,,0,3.19
20260927T200206Z-0624,a02119d6d84fde7d,733218,delta-omp,cpu,resident,s2,54,2,0,0,3,warm,24,1,12,45.81227,0,3.664455,0,42.146665,0,0,,226,1259,0,407,852,1151908,18406012,0,3678dc385e71ccef,,0,3.19
20260927T200206Z-0624,a02119d6d84fde7d,152853,delta-omp,cpu,resident,s2,55,2,0,0,3,warm,24,1,12,45.802173,0,3.681616,0,42.119676,0,0,,224,1252,0,403,849,1152307,18411064,0,06befad1b58e791b,,0,3.19
20260927T200206Z-0624,a02119d6d84fde7d,533256,delta-omp,cpu,resident,s2,56,2,0,0,3,warm,24,1,12,46.008704,0,3.681833,0,42.32571,0,0,,225,1277,0,406,871,1152191,18408234,0,de6a85be3831195e,,0,3.19
20260927T200206Z-0624,a02119d6d84fde7d,297117,delta-omp,cpu,resident,s2,57,2,0,0,3,warm,24,1,12,46.057894,0,3.745133,0,42.311951,0,0,,228,1275,0,409,866,1151474,18398192,0,22aa6d8bb71af2da,,0,3.19
20260927T200206Z-0624,a02119d6d84fde7d,900482,delta-omp,cpu,resident,s2,58,2,0,0,3,warm,24,1,12,46.554916,0,4.093795,0,42.460122,0,0,,227,1266,0,407,859,1152465,18411696,0,e5b584d12adce633,,0,3.19
20260927T200206Z-0624,a02119d6d84fde7d,951617,delta-omp,cpu,resident,s2,59,2,0,0,3,warm,24,1,12,46.019201,0,3.660105,0,42.358261,0,0,,226,1265,0,406,859,1151865,18402836,0,0520e2b524dbc735,,0,3.19
20260927T200206Z-0624,a02119d6d84fde7d,329606,delta-omp,cpu,resident,s2,60,2,0,0,3,warm,24,1,12,45.975573,0,3.697556,0,42.277291,0,0,,226,1287,0,407,880,1152125,18407988,0,936869a3a01e1ec8,,0,3.19
20260927T200206Z-0624,a02119d6d84fde7d,818843,delta-omp,cpu,resident,s2,61,2,0,0,3,warm,24,1,12,45.594642,0,3.667643,0,41.92646,0,0,,226,1273,0,407,866,1152325,18409964,0,52282c7c008cd16f,,0,3.19
20260927T200206Z-0624,a02119d6d84fde7d,924064,delta-omp,cpu,resident,s2,62,2,0,0,3,warm,24,1,12,45.51488,0,3.679508,0,41.834608,0,0,,223,1264,0,401,863,1151466,18397460,0,ce26a1db90a68c18,,0,3.19
20260927T200206Z-0624,a02119d6d84fde7d,442646,delta-omp,cpu,resident,s2,63,2,0,0,3,warm,24,1,12,45.590874,0,3.668068,0,41.922114,0,0,,228,1290,0,407,883,1152272,18410492,0,f61df11d33686108,,0,3.19
20260927T200206Z-0624,a02119d6d84fde7d,933032,delta-omp,cpu,resident,s2,64,2,0,0,3,warm,24,1,12,45.946271,0,3.703079,0,42.2425,0,0,,227,1270,0,404,866,1151834,18402954,0,4dcf4e02a288d19c,,0,3.19
20260927T200206Z-0624,a02119d6d84fde7d,340699,delta-omp,cpu,resident,s2,65,2,0,0,3,warm,24,1,12,45.815924,0,3.679261,0,42.135886,0,0,,227,1289,0,406,883,1151750,18401124,0,48532874b2b9d0d2,,0,3.19
20260927T200206Z-0624,a02119d6d84fde7d,196865,delta-omp,cpu,resident,s2,66,2,0,0,3,warm,24,1,12,46.133393,0,3.704325,0,42.428312,0,0,,225,1280,0,404,876,1151746,18401552,0,e44d3db783fbdadd,,0,3.19
20260927T200206Z-0624,a02119d6d84fde7d,422576,delta-omp,cpu,resident,s2,67,2,0,0,3,warm,24,1,12,45.858487,0,3.703069,0,42.154469,0,0,,226,1269,0,406,863,1151910,18402504,0,4d948852be51cda0,,0,3.19
20260927T200206Z-0624,a02119d6d84fde7d,199973,delta-omp,cpu,resident,s2,68,2,0,0,3,warm,24,1,12,46.511468,0,3.694979,0,42.815754,0,0,,225,1263,0,402,861,1151513,18397590,0,15b0e80fbc151e38,,0,3.19
20260927T200206Z-0624,a02119d6d84fde7d,775044,delta-omp,cpu,resident,s2,69,2,0,0,3,warm,24,1,12,46.314153,0,3.669181,0,42.64432,0,0,,223,1272,0,403,869,1152028,18405796,0,cb1446d88a2be850,,0,3.19
20260927T200206Z-0624,a02119d6d84fde7d,626100,delta-omp,cpu,resident,s2,70,2,0,0,3,warm,24,1,12,46.174046,0,3.705317,0,42.467967,0,0,,225,1277,0,407,870,1152433,18411494,0,3faba6d5b060898c,,0,3.19
20260927T200206Z-0624,a02119d6d84fde7d,257641,delta-omp,cpu,resident,s2,71,2,0,0,3,warm,24,1,12,46.249838,0,3.6837,0,42.565524,0,0,,226,1271,0,405,866,1151460,18395090,0,a978bbf71a2b658f,,0,3.19
20260927T200206Z-0624,a02119d6d84fde7d,617297,delta-omp,cpu,resident,s2,72,2,0,0,3,warm,24,1,12,45.833086,0,3.738791,0,42.093743,0,0,,227,1272,0,407,865,1152182,18409156,0,3fb7729b73b5db0f,,0,3.19
20260927T200206Z-0624,a02119d6d84fde7d,563755,delta-omp,cpu,resident,s2,73,2,0,0,3,warm,24,1,12,46.104087,0,3.683097,0,42.420106,0,0,,225,1275,0,403,872,1151827,18401944,0,742e1e4a72ddaece,,0,3.19
20260927T200206Z-0624,a02119d6d84fde7d,87865,delta-omp,cpu,resident,s2,74,2,0,0,3,warm,24,1,12,46.134641,0,3.693843,0,42.440083,0,0,,228,1286,0,408,878,1152013,18406146,0,73627407399df493,,0,3.19
20260927T200206Z-0624,a02119d6d84fde7d,71898,delta-omp,cpu,resident,s2,75,2,0,0,3,warm,24,1,12,45.851709,0,3.670665,0,42.180518,0,0,,227,1278,0,406,872,1152326,18409100,0,1bd55c95765ebb70,,0,3.19
20260927T200206Z-0624,a02119d6d84fde7d,847158,delta-omp,cpu,resident,s2,76,2,0,0,3,warm,24,1,12,45.902442,0,3.689254,0,42.212414,0,0,,227,1283,0,408,875,1151639,18400428,0,f84814ba52a3fddb,,0,3.19
20260927T200206Z-0624,a02119d6d84fde7d,934069,delta-omp,cpu,resident,s2,77,2,0,0,3,warm,24,1,12,45.987985,0,3.713143,0,42.274244,0,0,,222,1272,0,399,873,1151719,18400286,0,3fce213adbd918e5,,0,3.19
20260927T200206Z-0624,a02119d6d84fde7d,666677,delta-omp,cpu,resident,s2,78,2,0,0,3,warm,24,1,12,46.066317,0,3.666803,0,42.398691,0,0,,225,1273,0,402,871,1152050,18406446,0,9eb243abea190fd7,,0,3.19
20260927T200206Z-0624,a02119d6d84fde7d,709223,delta-omp,cpu,resident,s2,79,2,0,0,3,warm,24,1,12,46.308136,0,3.661264,0,42.646055,0,0,,224,1289,0,406,883,1152051,18407262,0,7c91801c56145383,,0,3.19
20260927T200206Z-0624,a02119d6d84fde7d,497308,delta-omp,cpu,resident,s2,80,2,0,0,3,warm,24,1,12,46.77654,0,3.945369,0,42.830475,0,0,,226,1272,0,406,866,1152195,18408832,0,12fa6679e1d7c1dd,,0,3.19
20260927T200206Z-0624,a02119d6d84fde7d,354623,delta-omp,cpu,resident,s2,81,2,0,0,3,warm,24,1,12,46.248277,0,3.759926,0,42.487584,0,0,,224,1249,0,401,848,1152150,18409252,0,38aa81bd9bda3307,,0,3.19
20260927T200206Z-0624,a02119d6d84fde7d,997813,delta-omp,cpu,resident,s2,82,2,0,0,3,warm,24,1,12,46.137856,0,3.675923,0,42.46107,0,0,,228,1290,0,408,882,1152442,18412786,0,cd72e1e1ae5946fd,,0,3.19
20260927T200206Z-0624,a02119d6d84fde7d,886524,delta-omp,cpu,resident,s2,83,2,0,0,3,warm,24,1,12,46.176827,0,3.656641,0,42.519581,0,0,,224,1274,0,404,870,1152109,18407414,0,1e8eed6faf744f5d,,0,3.19
20260927T200206Z-0624,a02119d6d84fde7d,26760,delta-omp,cpu,resident,s2,84,2,0,0,3,warm,24,1,12,46.770586,0,3.703743,0,43.066174,0,0,,226,1257,0,403,854,1151791,18401224,0,47842c3440e845d2,,0,3.19
20260927T200206Z-0624,a02119d6d84fde7d,914247,delta-omp,cpu,resident,s2,85,2,0,0,3,warm,24,1,12,46.179425,0,3.665626,0,42.513242,0,0,,225,1279,0,403,876,1152183,18407950,0,02ff3d571c234946,,0,3.19
20260927T200206Z-0624,a02119d6d84fde7d,743152,delta-omp,cpu,resident,s2,86,2,0,0,3,warm,24,1,12,45.993018,0,3.704504,0,42.287956,0,0,,227,1277,0,406,871,1152175,18407736,0,487cb6841969b9a7,,0,3.19
20260927T200206Z-0624,a02119d6d84fde7d,1012998,delta-omp,cpu,resident,s2,87,2,0,0,3,warm,24,1,12,46.179013,0,3.696585,0,42.481582,0,0,,225,1274,0,406,868,1151742,18399832,0,d2569ce76bc72320,,0,3.19
20260927T200206Z-0624,a02119d6d84fde7d,382778,delta-omp,cpu,resident,s2,88,2,0,0,3,warm,24,1,12,46.465176,0,3.688935,0,42.775291,0,0,,227,1271,0,406,865,1151551,18400930,0,4363f1642bf9ca8b,,0,3.19
20260927T200206Z-0624,a02119d6d84fde7d,385604,delta-omp,cpu,resident,s2,89,2,0,0,3,warm,24,1,12,46.585957,0,3.684043,0,42.901379,0,0,,225,1260,0,401,859,1152034,18404958,0,2f834d6f19a7075f,,0,3.19
20260927T200206Z-0624,a02119d6d84fde7d,40272,delta-omp,cpu,resident,s2,90,2,0,0,3,warm,24,1,12,46.403745,0,3.666316,0,42.736415,0,0,,224,1274,0,405,869,1152007,18406782,0,033d42e0e845d7e5,,0,3.19
20260927T200206Z-0624,a02119d6d84fde7d,70075,delta-omp,cpu,resident,s2,91,2,0,0,3,warm,24,1,12,46.488552,0,3.678753,0,42.809165,0,0,,228,1274,0,406,868,1151877,18403170,0,0e609080489e53c9,,0,3.19
20260927T200206Z-0624,a02119d6d84fde7d,733041,delta-omp,cpu,resident,s2,92,2,0,0,3,warm,24,1,12,45.937272,0,3.666976,0,42.269667,0,0,,226,1276,0,407,869,1152162,18409180,0,3643fcf2fc535160,,0,3.19
20260927T200206Z-0624,a02119d6d84fde7d,405276,delta-omp,cpu,resident,s2,93,2,0,0,3,warm,24,1,12,46.095496,0,3.722144,0,42.372757,0,0,,225,1289,0,405,884,1152262,18408790,0,fd1e692198445bb9,,0,3.19
20260927T200206Z-0624,a02119d6d84fde7d,167751,delta-omp,cpu,resident,s2,94,2,0,0,3,warm,24,1,12,46.03877,0,3.700012,0,42.338022,0,0,,226,1283,0,405,878,1151879,18403386,0,a9f30ead5b83afef,,0,4.86
20260927T200206Z-0624,a02119d6d84fde7d,140065,delta-omp,cpu,resident,s2,95,2,0,0,3,warm,24,1,12,37.962312,0,2.510513,0,35.450848,0,0,,226,1274,0,407,867,1151665,18399262,0,c963d08625067b4f,,0,4.86
20260927T200206Z-0624,a02119d6d84fde7d,729933,delta-omp,cpu,resident,s2,96,2,0,0,3,warm,24,1,12,36.988797,0,2.267098,0,34.720967,0,0,,228,1266,0,406,860,1151968,18403668,0,7dcf2dfe66bf4fdd,,0,4.86
20260927T200206Z-0624,a02119d6d84fde7d,755777,delta-omp,cpu,resident,s2,97,2,0,0,3,warm,24,1,12,36.857079,0,2.282752,0,34.573772,0,0,,227,1274,0,405,869,1152177,18409634,0,7f0d5a5b7ea2447b,,0,4.86
20260927T200206Z-0624,a02119d6d84fde7d,374017,delta-omp,cpu,resident,s2,98,2,0,0,3,warm,24,1,12,36.698498,0,2.242812,0,34.455075,0,0,,226,1265,0,405,860,1151655,18401212,0,d10a072229bfa198,,0,4.86
20260927T200206Z-0624,a02119d6d84fde7d,523181,delta-omp,cpu,resident,s2,99,2,0,0,3,warm,24,1,12,36.822499,0,2.286708,0,34.535167,0,0,,224,1255,0,402,853,1152066,18406050,0,0516a7edf2d4942e,,0,4.86
20260927T200206Z-0624,a02119d6d84fde7d,971309,delta-omp,cpu,resident,s2,100,2,0,0,3,warm,24,1,12,36.76756,0,2.26888,0,34.498282,0,0,,226,1263,0,404,859,1152406,18410918,0,31284766928f478b,,0,4.86
20260927T200206Z-0624,a02119d6d84fde7d,881280,delta-omp,cpu,resident,s2,101,2,0,0,3,warm,24,1,12,36.974211,0,2.282841,0,34.688147,0,0,,225,1263,0,405,858,1152059,18406534,0,105ad01f64cd1e6d,,0,4.86
20260927T200206Z-0624,a02119d6d84fde7d,608349,delta-omp,cpu,resident,s2,102,2,0,0,3,warm,24,1,12,36.79809,0,2.287588,0,34.509919,0,0,,226,1279,0,404,875,1152341,18411174,0,0ee13460b9253d30,,0,4.86
20260927T200206Z-0624,a02119d6d84fde7d,1008613,delta-omp,cpu,resident,s2,103,2,0,0,3,warm,24,1,12,36.855538,0,2.278781,0,34.576301,0,0,,224,1268,0,404,864,1151758,18400840,0,125d1a176c793bd5,,0,4.86
20260927T200206Z-0624,a02119d6d84fde7d,1045308,delta-omp,cpu,resident,s2,104,2,0,0,3,warm,24,1,12,36.847122,0,2.277525,0,34.569297,0,0,,226,1270,0,403,867,1152213,18408076,0,0cb884375ad7b6c6,,0,4.86
20260927T200206Z-0624,a02119d6d84fde7d,730296,delta-omp,cpu,resident,s2,105,2,0,0,3,warm,24,1,12,36.71792,0,2.255047,0,34.462517,0,0,,227,1273,0,405,868,1151996,18405626,0,4167dbc6d1d656ac,,0,4.86
20260927T200206Z-0624,a02119d6d84fde7d,850921,delta-omp,cpu,resident,s2,106,2,0,0,3,warm,24,1,12,36.575402,0,2.29314,0,34.281692,0,0,,225,1279,0,405,874,1151841,18403848,0,904d09fd99ea42dc,,0,4.86
20260927T200206Z-0624,a02119d6d84fde7d,285373,delta-omp,cpu,resident,s2,107,2,0,0,3,warm,24,1,12,36.40509,0,2.286631,0,34.1179,0,0,,228,1273,0,408,865,1152268,18408382,0,ed27ad9f0a7ac75e,,0,4.86
20260927T200206Z-0624,a02119d6d84fde7d,1003836,delta-omp,cpu,resident,s2,108,2,0,0,3,warm,24,1,12,36.921515,0,2.279219,0,34.641836,0,0,,226,1286,0,406,880,1152077,18406296,0,df72732439acd0dc,,0,4.86
20260927T200206Z-0624,a02119d6d84fde7d,743148,delta-omp,cpu,resident,s2,109,2,0,0,3,warm,24,1,12,36.635037,0,2.30298,0,34.331573,0,0,,225,1264,0,407,857,1152171,18408208,0,b589d741a7aaf99b,,0,4.86
20260927T200206Z-0624,a02119d6d84fde7d,784929,delta-omp,cpu,resident,s2,110,2,0,0,3,warm,24,1,12,36.751455,0,2.291219,0,34.459788,0,0,,225,1273,0,405,868,1151797,18401598,0,6f82fbf133989e60,,0,4.86
20260927T200206Z-0624,a02119d6d84fde7d,952239,delta-omp,cpu,resident,s2,111,2,0,0,3,warm,24,1,12,36.483789,0,2.276567,0,34.206602,0,0,,226,1277,0,405,872,1152293,18410104,0,ce3ab83ef0811b21,,0,4.86
20260927T200206Z-0624,a02119d6d84fde7d,230809,delta-omp,cpu,resident,s2,112,2,0,0,3,warm,24,1,12,36.823796,0,2.244241,0,34.578863,0,0,,225,1267,0,405,862,1152076,18405576,0,bee4d5e4fca68824,,0,4.86
20260927T200206Z-0624,a02119d6d84fde7d,781082,delta-omp,cpu,resident,s2,113,2,0,0,3,warm,24,1,12,36.591771,0,2.283981,0,34.307484,0,0,,228,1288,0,407,881,1151624,18399176,0,bc52de9104847a97,,0,4.86
20260927T200206Z-0624,a02119d6d84fde7d,324361,delta-omp,cpu,resident,s2,114,2,0,0,3,warm,24,1,12,36.791274,0,2.275813,0,34.514932,0,0,,224,1269,0,404,865,1152199,18409504,0,d9137775fce42dcc,,0,4.86
20260927T200206Z-0624,a02119d6d84fde7d,354973,delta-omp,cpu,resident,s2,115,2,0,0,3,warm,24,1,12,36.730093,0,2.289418,0,34.440104,0,0,,225,1260,0,404,856,1152000,18405068,0,f648ab01e576a9e2,,0,4.86
20260927T200206Z-0624,a02119d6d84fde7d,1031021,delta-omp,cpu,resident,s2,116,2,0,0,3,warm,24,1,12,36.697184,0,2.276898,0,34.419862,0,0,,228,1281,0,406,875,1152094,18407366,0,adf917acf700104b,,0,4.86
20260927T200206Z-0624,a02119d6d84fde7d,776462,delta-omp,cpu,resident,s2,117,2,0,0,3,warm,24,1,12,37.010468,0,2.261188,0,34.748765,0,0,,226,1260,0,406,854,1152061,18406584,0,020d64c57708be11,,0,4.86
20260927T200206Z-0624,a02119d6d84fde7d,878795,delta-omp,cpu,resident,s2,118,2,0,0,3,warm,24,1,12,36.815644,0,2.294053,0,34.521263,0,0,,226,1278,0,404,874,1152205,18409534,0,53f5a4ff9505386f,,0,4.86
20260927T200206Z-0624,a02119d6d84fde7d,877605,delta-omp,cpu,resident,s2,119,2,0,0,3,warm,24,1,12,36.714585,0,2.289406,0,34.424883,0,0,,226,1272,0,407,865,1151873,18403316,0,e71921242e30ce07,,0,4.86
20260927T200206Z-0624,a02119d6d84fde7d,449316,delta-omp,cpu,resident,s2,120,2,0,0,3,warm,24,1,12,36.624712,0,2.295267,0,34.328782,0,0,,225,1282,0,403,879,1151730,18400378,0,f41dc9fe270f1384,,0,4.86
20260927T200206Z-0624,a02119d6d84fde7d,756923,delta-omp,cpu,resident,s2,121,2,0,0,3,warm,24,1,12,36.704839,0,2.288335,0,34.415985,0,0,,223,1267,0,403,864,1151484,18396954,0,730d81ca459c7d39,,0,4.86
20260927T200206Z-0624,a02119d6d84fde7d,340776,delta-omp,cpu,resident,s2,122,2,0,0,3,warm,24,1,12,37.078597,0,2.283164,0,34.794959,0,0,,226,1272,0,405,867,1152444,18412664,0,2a9e0229dc6d7231,,0,4.86
20260927T200206Z-0624,a02119d6d84fde7d,91142,delta-omp,cpu,resident,s2,123,2,0,0,3,warm,24,1,12,36.750225,0,2.298571,0,34.451265,0,0,,227,1275,0,407,868,1152199,18409158,0,80a11b9737c68068,,0,4.86
20260927T200206Z-0624,a02119d6d84fde7d,419442,delta-omp,cpu,resident,s2,124,2,0,0,3,warm,24,1,12,36.715528,0,2.268497,0,34.446664,0,0,,225,1270,0,406,864,1152396,18412080,0,dfb110aeb00a09e5,,0,4.86
20260927T200206Z-0624,a02119d6d84fde7d,338937,delta-omp,cpu,resident,s2,125,2,0,0,3,warm,24,1,12,37.457257,0,2.307792,0,35.14903,0,0,,223,1250,0,400,850,1151995,18405998,0,ec976827ae29462d,,0,4.86
20260927T200206Z-0624,a02119d6d84fde7d,449658,delta-omp,cpu,resident,s2,126,2,0,0,3,warm,24,1,12,37.596951,0,2.370296,0,35.226158,0,0,,224,1262,0,402,860,1151893,18401402,0,4b2b26a5c1210c90,,0,4.86
20260927T200206Z-0624,a02119d6d84fde7d,151978,delta-omp,cpu,resident,s2,127,2,0,0,3,warm,24,1,12,37.044041,0,2.268552,0,34.774563,0,9.5e-05,,223,1273,0,405,868,1152257,18410324,0,556e29d1d3b563fe,,0,4.86
