run_id,graph_id,source,solver,device,mode,session,query_index,rep,warmup,instrumented,order_pos,cache_state,threads,counters_on,delta_used,wall_ms,prep_ms,alloc_ms,h2d_ms,solve_ms,d2h_ms,free_ms,kernel_ms,iterations,sync_rounds,host_syncs,parallel_phases,serial_phases,vertices_expanded,edges_touched,mismatches,dist_hash,gpu_clock_mhz_measured,gpu_foreign_procs,load1
20260927T201140Z-a843,c66701076edbaf96,140379,dial,cpu,resident,,0,-1,1,0,0,warm,24,1,0,47.471623,0,0.63689,0,46.833809,0,0.000117,,34598,0,0,0,0,1048576,4190208,0,0194bc45aa2b7bd5,,0,8.42
20260927T201140Z-a843,c66701076edbaf96,140379,delta-omp,cpu,resident,,0,-1,1,0,0,warm,24,1,25,82.04371,0,0.894423,0,81.148503,0,8.4e-05,,1411,7092,0,0,7092,1142294,9129504,0,0194bc45aa2b7bd5,,0,8.42
20260927T201140Z-a843,c66701076edbaf96,140379,gpu-frontier,gpu,resident,,0,-1,1,0,0,warm,0,1,0,64.962825,0,0.293,2.26825595,60.7559357,0.462919,1.160155,,1571,1571,1571,0,0,39565918,158078846,0,0194bc45aa2b7bd5,2511.08074,0,8.42
20260927T201140Z-a843,c66701076edbaf96,140379,gpu-nearfar,gpu,resident,,0,-1,1,0,0,warm,0,1,25,127.682716,0,0.236303,2.35219193,122.567741,0.536492,1.32271,,7129,7129,19900,0,0,1075291,4296993,0,0194bc45aa2b7bd5,2507.00356,0,8.42
20260927T201140Z-a843,c66701076edbaf96,140379,dial,cpu,resident,s0,0,0,0,0,0,warm,24,1,0,47.026525,0,0.636512,0,46.389508,0,0,,34598,0,0,0,0,1048576,4190208,0,0194bc45aa2b7bd5,,0,5.5
20260927T201140Z-a843,c66701076edbaf96,143033,dial,cpu,resident,s0,1,0,0,0,0,warm,24,1,0,47.565917,0,0.479126,0,47.08624,0,0,,37857,0,0,0,0,1048576,4190208,0,5b8da2ba23672360,,0,5.5
20260927T201140Z-a843,c66701076edbaf96,473133,dial,cpu,resident,s0,2,0,0,0,0,warm,24,1,0,47.232079,0,0.547145,0,46.684666,0,0,,36177,0,0,0,0,1048576,4190208,0,551bb7beaf35b173,,0,5.5
20260927T201140Z-a843,c66701076edbaf96,22045,dial,cpu,resident,s0,3,0,0,0,0,warm,24,1,0,47.570636,0,0.577177,0,46.99315,0,0,,24368,0,0,0,0,1048576,4190208,0,b659a1864c16f101,,0,5.5
20260927T201140Z-a843,c66701076edbaf96,367943,dial,cpu,resident,s0,4,0,0,0,0,warm,24,1,0,47.616949,0,0.555839,0,47.060801,0,0,,42099,0,0,0,0,1048576,4190208,0,19ea500da30075b2,,0,5.5
20260927T201140Z-a843,c66701076edbaf96,955628,dial,cpu,resident,s0,5,0,0,0,0,warm,24,1,0,46.469182,0,0.498582,0,45.970297,0,0,,40919,0,0,0,0,1048576,4190208,0,9315192044a47b21,,0,5.5
20260927T201140Z-a843,c66701076edbaf96,493619,dial,cpu,resident,s0,6,0,0,0,0,warm,24,1,0,46.727202,0,0.553141,0,46.173728,0,0,,40998,0,0,0,0,1048576,4190208,0,10dd6ae381b84252,,0,5.5
20260927T201140Z-a843,c66701076edbaf96,78040,dial,cpu,resident,s0,7,0,0,0,0,warm,24,1,0,47.66045,0,0.546363,0,47.1138,0,0,,41218,0,0,0,0,1048576,4190208,0,56a292fe41b7d54b,,0,5.5
20260927T201140Z-a843,c66701076edbaf96,597528,dial,cpu,resident,s0,8,0,0,0,0,warm,24,1,0,47.588319,0,0.519503,0,47.068482,0,0,,37261,0,0,0,0,1048576,4190208,0,da01e5ba298e7e3b,,0,5.5
20260927T201140Z-a843,c66701076edbaf96,666088,dial,cpu,resident,s0,9,0,0,0,0,warm,24,1,0,47.110424,0,0.535634,0,46.574561,0,0,,29953,0,0,0,0,1048576,4190208,0,d6d7e557f0f85169,,0,5.5
20260927T201140Z-a843,c66701076edbaf96,93798,dial,cpu,resident,s0,10,0,0,0,0,warm,24,1,0,47.903214,0,0.47492,0,47.428061,0,0,,33953,0,0,0,0,1048576,4190208,0,6e7bf2cc1ae81de6,,0,5.5
20260927T201140Z-a843,c66701076edbaf96,583195,dial,cpu,resident,s0,11,0,0,0,0,warm,24,1,0,47.320396,0,0.51071,0,46.809431,0,0,,39540,0,0,0,0,1048576,4190208,0,caff7e83ca886c86,,0,5.5
20260927T201140Z-a843,c66701076edbaf96,828010,dial,cpu,resident,s0,12,0,0,0,0,warm,24,1,0,46.810078,0,0.550204,0,46.259644,0,0,,34121,0,0,0,0,1048576,4190208,0,7141a77e2ba6e87b,,0,5.5
20260927T201140Z-a843,c66701076edbaf96,232399,dial,cpu,resident,s0,13,0,0,0,0,warm,24,1,0,46.862373,0,0.533924,0,46.328118,0,0,,33093,0,0,0,0,1048576,4190208,0,5acf05509edbbd79,,0,5.5
20260927T201140Z-a843,c66701076edbaf96,439005,dial,cpu,resident,s0,14,0,0,0,0,warm,24,1,0,47.318436,0,0.479959,0,46.838119,0,0,,36373,0,0,0,0,1048576,4190208,0,a9ead817df417563,,0,5.5
20260927T201140Z-a843,c66701076edbaf96,261911,dial,cpu,resident,s0,15,0,0,0,0,warm,24,1,0,46.771657,0,0.508796,0,46.262643,0,0,,29077,0,0,0,0,1048576,4190208,0,8984d55349b3d674,,0,5.5
20260927T201140Z-a843,c66701076edbaf96,306042,dial,cpu,resident,s0,16,0,0,0,0,warm,24,1,0,46.40628,0,0.562031,0,45.843956,0,0,,34849,0,0,0,0,1048576,4190208,0,776f1233a5dbe9e9,,0,5.5
20260927T201140Z-a843,c66701076edbaf96,842254,dial,cpu,resident,s0,17,0,0,0,0,warm,24,1,0,46.76169,0,0.569179,0,46.192224,0,0,,26680,0,0,0,0,1048576,4190208,0,e1b753c9824ba2ac,,0,5.5
20260927T201140Z-a843,c66701076edbaf96,497647,dial,cpu,resident,s0,18,0,0,0,0,warm,24,1,0,47.476068,0,0.537941,0,46.937895,0,0,,41668,0,0,0,0,1048576,4190208,0,2670421aa8297b39,,0,5.5
20260927T201140Z-a843,c66701076edbaf96,283052,dial,cpu,resident,s0,19,0,0,0,0,warm,24,1,0,47.542177,0,0.569244,0,46.972678,0,0,,35769,0,0,0,0,1048576,4190208,0,433493362fbdc0e3,,0,5.5
20260927T201140Z-a843,c66701076edbaf96,299936,dial,cpu,resident,s0,20,0,0,0,0,warm,24,1,0,49.087226,0,0.516295,0,48.570541,0,0,,41129,0,0,0,0,1048576,4190208,0,5c046e9da7034c27,,0,5.5
20260927T201140Z-a843,c66701076edbaf96,785373,dial,cpu,resident,s0,21,0,0,0,0,warm,24,1,0,50.583627,0,0.505502,0,50.077948,0,0,,24756,0,0,0,0,1048576,4190208,0,231eddebd76b6fad,,0,5.5
20260927T201140Z-a843,c66701076edbaf96,480378,dial,cpu,resident,s0,22,0,0,0,0,warm,24,1,0,47.795003,0,0.507897,0,47.286699,0,0,,36209,0,0,0,0,1048576,4190208,0,fff9cc247687e936,,0,5.5
20260927T201140Z-a843,c66701076edbaf96,321060,dial,cpu,resident,s0,23,0,0,0,0,warm,24,1,0,47.343877,0,0.523964,0,46.819624,0,0,,42516,0,0,0,0,1048576,4190208,0,13683e5eb406929a,,0,5.5
20260927T201140Z-a843,c66701076edbaf96,337388,dial,cpu,resident,s0,24,0,0,0,0,warm,24,1,0,47.749684,0,0.53579,0,47.213556,0,0,,42506,0,0,0,0,1048576,4190208,0,13904ab293644b4b,,0,5.5
20260927T201140Z-a843,c66701076edbaf96,118671,dial,cpu,resident,s0,25,0,0,0,0,warm,24,1,0,47.218017,0,0.486021,0,46.731679,0,0,,33900,0,0,0,0,1048576,4190208,0,355e763c9e30148a,,0,5.5
20260927T201140Z-a843,c66701076edbaf96,125150,dial,cpu,resident,s0,26,0,0,0,0,warm,24,1,0,47.007523,0,0.519017,0,46.488296,0,0,,39751,0,0,0,0,1048576,4190208,0,2610cb4418c2fa33,,0,5.5
20260927T201140Z-a843,c66701076edbaf96,72476,dial,cpu,resident,s0,27,0,0,0,0,warm,24,1,0,46.685747,0,0.499987,0,46.185476,0,0,,29115,0,0,0,0,1048576,4190208,0,511104ffeb974275,,0,5.5
20260927T201140Z-a843,c66701076edbaf96,728509,dial,cpu,resident,s0,28,0,0,0,0,warm,24,1,0,47.615762,0,0.523227,0,47.092317,0,0,,42604,0,0,0,0,1048576,4190208,0,d5ba49a61aad2090,,0,5.5
20260927T201140Z-a843,c66701076edbaf96,679264,dial,cpu,resident,s0,29,0,0,0,0,warm,24,1,0,46.627448,0,0.505283,0,46.121876,0,0,,39500,0,0,0,0,1048576,4190208,0,1f9f145164a8d3ba,,0,5.5
20260927T201140Z-a843,c66701076edbaf96,828590,dial,cpu,resident,s0,30,0,0,0,0,warm,24,1,0,47.189843,0,0.511625,0,46.677933,0,0,,38672,0,0,0,0,1048576,4190208,0,75869235508b61de,,0,5.5
20260927T201140Z-a843,c66701076edbaf96,411591,dial,cpu,resident,s0,31,0,0,0,0,warm,24,1,0,48.078533,0,0.525423,0,47.552642,0,0,,26931,0,0,0,0,1048576,4190208,0,3a9a9b90ef518cee,,0,5.5
20260927T201140Z-a843,c66701076edbaf96,555679,dial,cpu,resident,s0,32,0,0,0,0,warm,24,1,0,47.418268,0,0.524313,0,46.893648,0,0,,33579,0,0,0,0,1048576,4190208,0,afbdace234d8e184,,0,5.5
20260927T201140Z-a843,c66701076edbaf96,417721,dial,cpu,resident,s0,33,0,0,0,0,warm,24,1,0,47.063122,0,0.561584,0,46.501171,0,0,,36563,0,0,0,0,1048576,4190208,0,bf42c08a928ad325,,0,5.5
20260927T201140Z-a843,c66701076edbaf96,199603,dial,cpu,resident,s0,34,0,0,0,0,warm,24,1,0,47.164902,0,0.534034,0,46.630474,0,0,,31631,0,0,0,0,1048576,4190208,0,0f95736287a6c51b,,0,5.5
20260927T201140Z-a843,c66701076edbaf96,625990,dial,cpu,resident,s0,35,0,0,0,0,warm,24,1,0,47.554485,0,0.52415,0,47.029794,0,0,,26040,0,0,0,0,1048576,4190208,0,d023fd85e5b256d3,,0,5.5
20260927T201140Z-a843,c66701076edbaf96,931576,dial,cpu,resident,s0,36,0,0,0,0,warm,24,1,0,47.65972,0,0.479737,0,47.179685,0,0,,36127,0,0,0,0,1048576,4190208,0,dc4ab5fe35160bb7,,0,5.5
20260927T201140Z-a843,c66701076edbaf96,388607,dial,cpu,resident,s0,37,0,0,0,0,warm,24,1,0,46.599116,0,0.496329,0,46.102471,0,0,,30359,0,0,0,0,1048576,4190208,0,d60d882602bb2445,,0,5.5
20260927T201140Z-a843,c66701076edbaf96,40305,dial,cpu,resident,s0,38,0,0,0,0,warm,24,1,0,47.654242,0,0.537097,0,47.116635,0,0,,40850,0,0,0,0,1048576,4190208,0,4867207887c75490,,0,5.5
20260927T201140Z-a843,c66701076edbaf96,297024,dial,cpu,resident,s0,39,0,0,0,0,warm,24,1,0,47.273609,0,0.512691,0,46.76063,0,0,,31080,0,0,0,0,1048576,4190208,0,470a3109f4dfe476,,0,5.5
20260927T201140Z-a843,c66701076edbaf96,928309,dial,cpu,resident,s0,40,0,0,0,0,warm,24,1,0,47.562869,0,0.555765,0,47.006818,0,0,,38386,0,0,0,0,1048576,4190208,0,beddfd281855b9d6,,0,5.5
20260927T201140Z-a843,c66701076edbaf96,274490,dial,cpu,resident,s0,41,0,0,0,0,warm,24,1,0,47.197581,0,0.491401,0,46.705881,0,0,,43481,0,0,0,0,1048576,4190208,0,b76d667cc7b3dc10,,0,5.5
20260927T201140Z-a843,c66701076edbaf96,545768,dial,cpu,resident,s0,42,0,0,0,0,warm,24,1,0,47.46036,0,0.491658,0,46.968479,0,0,,35500,0,0,0,0,1048576,4190208,0,5dcf8ffaad60d6ba,,0,5.5
20260927T201140Z-a843,c66701076edbaf96,20469,dial,cpu,resident,s0,43,0,0,0,0,warm,24,1,0,47.495244,0,0.510465,0,46.98439,0,0,,40106,0,0,0,0,1048576,4190208,0,c5e981f86d212703,,0,5.5
20260927T201140Z-a843,c66701076edbaf96,531301,dial,cpu,resident,s0,44,0,0,0,0,warm,24,1,0,47.300587,0,0.562078,0,46.738233,0,0,,40659,0,0,0,0,1048576,4190208,0,3386570d5a03a7e2,,0,5.5
20260927T201140Z-a843,c66701076edbaf96,1047443,dial,cpu,resident,s0,45,0,0,0,0,warm,24,1,0,47.48043,0,0.53019,0,46.949976,0,0,,31953,0,0,0,0,1048576,4190208,0,758e4e780d07883b,,0,5.5
20260927T201140Z-a843,c66701076edbaf96,638272,dial,cpu,resident,s0,46,0,0,0,0,warm,24,1,0,47.789812,0,0.523579,0,47.265981,0,0,,35835,0,0,0,0,1048576,4190208,0,19bcdf9016021200,,0,5.5
20260927T201140Z-a843,c66701076edbaf96,975530,dial,cpu,resident,s0,47,0,0,0,0,warm,24,1,0,47.092181,0,0.490484,0,46.601483,0,0,,32677,0,0,0,0,1048576,4190208,0,b5cb4363695dc642,,0,5.5
20260927T201140Z-a843,c66701076edbaf96,914696,dial,cpu,resident,s0,48,0,0,0,0,warm,24,1,0,47.234076,0,0.531674,0,46.702024,0,0,,41108,0,0,0,0,1048576,4190208,0,9630dc5d377e379e,,0,5.5
20260927T201140Z-a843,c66701076edbaf96,169940,dial,cpu,resident,s0,49,0,0,0,0,warm,24,1,0,47.64574,0,0.536979,0,47.108547,0,0,,39685,0,0,0,0,1048576,4190208,0,95882738bea78e48,,0,5.5
20260927T201140Z-a843,c66701076edbaf96,834360,dial,cpu,resident,s0,50,0,0,0,0,warm,24,1,0,47.848491,0,0.502169,0,47.346037,0,0,,38731,0,0,0,0,1048576,4190208,0,b2af9c052f6aa536,,0,5.5
20260927T201140Z-a843,c66701076edbaf96,518322,dial,cpu,resident,s0,51,0,0,0,0,warm,24,1,0,47.381592,0,0.501912,0,46.8792,0,0,,38783,0,0,0,0,1048576,4190208,0,db073bf0f90b2a98,,0,5.5
20260927T201140Z-a843,c66701076edbaf96,577541,dial,cpu,resident,s0,52,0,0,0,0,warm,24,1,0,46.377377,0,0.49686,0,45.880153,0,0,,35228,0,0,0,0,1048576,4190208,0,77a65005472fc098,,0,5.5
20260927T201140Z-a843,c66701076edbaf96,764242,dial,cpu,resident,s0,53,0,0,0,0,warm,24,1,0,47.631257,0,0.522961,0,47.107938,0,0,,35910,0,0,0,0,1048576,4190208,0,9033d32d9660e9c4,,0,5.5
20260927T201140Z-a843,c66701076edbaf96,14706,dial,cpu,resident,s0,54,0,0,0,0,warm,24,1,0,48.600664,0,0.500299,0,48.100029,0,0,,30313,0,0,0,0,1048576,4190208,0,a5e618cc4a6cd11c,,0,5.5
20260927T201140Z-a843,c66701076edbaf96,471650,dial,cpu,resident,s0,55,0,0,0,0,warm,24,1,0,47.09493,0,0.570388,0,46.524137,0,0,,32070,0,0,0,0,1048576,4190208,0,5c2db82f624f6019,,0,5.5
20260927T201140Z-a843,c66701076edbaf96,192150,dial,cpu,resident,s0,56,0,0,0,0,warm,24,1,0,48.77579,0,0.519266,0,48.256232,0,0,,33986,0,0,0,0,1048576,4190208,0,a0aa745d6464a44e,,0,5.5
20260927T201140Z-a843,c66701076edbaf96,59477,dial,cpu,resident,s0,57,0,0,0,0,warm,24,1,0,47.276672,0,0.517771,0,46.758459,0,0,,41512,0,0,0,0,1048576,4190208,0,a204b81edc32cc7e,,0,5.5
20260927T201140Z-a843,c66701076edbaf96,201224,dial,cpu,resident,s0,58,0,0,0,0,warm,24,1,0,47.648184,0,0.489417,0,47.158425,0,0,,33676,0,0,0,0,1048576,4190208,0,7c70dcbcc6f31504,,0,5.5
20260927T201140Z-a843,c66701076edbaf96,12846,dial,cpu,resident,s0,59,0,0,0,0,warm,24,1,0,47.53097,0,0.487979,0,47.042756,0,0,,36753,0,0,0,0,1048576,4190208,0,53492d3ce70c619e,,0,5.5
20260927T201140Z-a843,c66701076edbaf96,88685,dial,cpu,resident,s0,60,0,0,0,0,warm,24,1,0,47.598734,0,0.539465,0,47.059022,0,0,,43007,0,0,0,0,1048576,4190208,0,0e83a3e19213231b,,0,5.5
20260927T201140Z-a843,c66701076edbaf96,637,dial,cpu,resident,s0,61,0,0,0,0,warm,24,1,0,47.238829,0,0.480343,0,46.758121,0,0,,34548,0,0,0,0,1048576,4190208,0,cb147f7f9395de4d,,0,5.5
20260927T201140Z-a843,c66701076edbaf96,140682,dial,cpu,resident,s0,62,0,0,0,0,warm,24,1,0,49.225733,0,0.488313,0,48.737166,0,0,,39024,0,0,0,0,1048576,4190208,0,05f6bf3b97ab9c44,,0,5.5
20260927T201140Z-a843,c66701076edbaf96,242263,dial,cpu,resident,s0,63,0,0,0,0,warm,24,1,0,49.585171,0,0.519657,0,49.065078,0,0,,33162,0,0,0,0,1048576,4190208,0,909314f25aeaa7d5,,0,5.5
20260927T201140Z-a843,c66701076edbaf96,955528,dial,cpu,resident,s0,64,0,0,0,0,warm,24,1,0,47.235996,0,0.53583,0,46.699837,0,0,,27510,0,0,0,0,1048576,4190208,0,b2722a7e696c72df,,0,5.5
20260927T201140Z-a843,c66701076edbaf96,604431,dial,cpu,resident,s0,65,0,0,0,0,warm,24,1,0,46.964306,0,0.50575,0,46.458147,0,0,,31754,0,0,0,0,1048576,4190208,0,fd90c4b8cb50dbff,,0,5.5
20260927T201140Z-a843,c66701076edbaf96,968747,dial,cpu,resident,s0,66,0,0,0,0,warm,24,1,0,48.003903,0,0.517239,0,47.486245,0,0,,37232,0,0,0,0,1048576,4190208,0,7e6718b380684cd1,,0,5.5
20260927T201140Z-a843,c66701076edbaf96,25579,dial,cpu,resident,s0,67,0,0,0,0,warm,24,1,0,47.349219,0,0.496039,0,46.852889,0,0,,42804,0,0,0,0,1048576,4190208,0,3229d6200a4fb418,,0,5.5
20260927T201140Z-a843,c66701076edbaf96,802074,dial,cpu,resident,s0,68,0,0,0,0,warm,24,1,0,47.682537,0,0.526776,0,47.155535,0,0,,39130,0,0,0,0,1048576,4190208,0,75cdb86da5eabfb0,,0,5.5
20260927T201140Z-a843,c66701076edbaf96,785602,dial,cpu,resident,s0,69,0,0,0,0,warm,24,1,0,46.805224,0,0.50591,0,46.298929,0,0,,34506,0,0,0,0,1048576,4190208,0,816414c006cc404e,,0,5.5
20260927T201140Z-a843,c66701076edbaf96,800647,dial,cpu,resident,s0,70,0,0,0,0,warm,24,1,0,47.369236,0,0.523015,0,46.845895,0,0,,44053,0,0,0,0,1048576,4190208,0,826cd67eaa9f4b33,,0,5.5
20260927T201140Z-a843,c66701076edbaf96,1034835,dial,cpu,resident,s0,71,0,0,0,0,warm,24,1,0,46.934954,0,0.492735,0,46.441671,0,0,,29864,0,0,0,0,1048576,4190208,0,aee93ced3cba03e1,,0,5.5
20260927T201140Z-a843,c66701076edbaf96,591983,dial,cpu,resident,s0,72,0,0,0,0,warm,24,1,0,47.631994,0,0.57805,0,47.053662,0,0,,39339,0,0,0,0,1048576,4190208,0,06921044afbc0a6c,,0,5.5
20260927T201140Z-a843,c66701076edbaf96,509143,dial,cpu,resident,s0,73,0,0,0,0,warm,24,1,0,46.265081,0,0.493193,0,45.771677,0,0,,36815,0,0,0,0,1048576,4190208,0,caa8a0c2a48999bb,,0,5.5
20260927T201140Z-a843,c66701076edbaf96,258004,dial,cpu,resident,s0,74,0,0,0,0,warm,24,1,0,47.390485,0,0.546945,0,46.843192,0,0,,40537,0,0,0,0,1048576,4190208,0,72de258eb31bb540,,0,5.5
20260927T201140Z-a843,c66701076edbaf96,1008134,dial,cpu,resident,s0,75,0,0,0,0,warm,24,1,0,46.629782,0,0.568994,0,46.060585,0,0,,43802,0,0,0,0,1048576,4190208,0,ad81620dd0ccc9a5,,0,5.5
20260927T201140Z-a843,c66701076edbaf96,693058,dial,cpu,resident,s0,76,0,0,0,0,warm,24,1,0,47.205349,0,0.485433,0,46.71963,0,0,,40450,0,0,0,0,1048576,4190208,0,6a6111f023fb9ad7,,0,5.5
20260927T201140Z-a843,c66701076edbaf96,567498,dial,cpu,resident,s0,77,0,0,0,0,warm,24,1,0,47.777674,0,0.510461,0,47.26692,0,0,,40604,0,0,0,0,1048576,4190208,0,4d57830ba3fcf997,,0,5.5
20260927T201140Z-a843,c66701076edbaf96,626061,dial,cpu,resident,s0,78,0,0,0,0,warm,24,1,0,48.514463,0,0.486889,0,48.027284,0,0,,40233,0,0,0,0,1048576,4190208,0,2bc79ed65418744c,,0,5.5
20260927T201140Z-a843,c66701076edbaf96,599867,dial,cpu,resident,s0,79,0,0,0,0,warm,24,1,0,47.59778,0,0.546537,0,47.050854,0,0,,35437,0,0,0,0,1048576,4190208,0,bc4ff01d7bce33e5,,0,5.5
20260927T201140Z-a843,c66701076edbaf96,721594,dial,cpu,resident,s0,80,0,0,0,0,warm,24,1,0,46.80174,0,0.496794,0,46.304473,0,0,,38083,0,0,0,0,1048576,4190208,0,e5d860fd5f515748,,0,5.5
20260927T201140Z-a843,c66701076edbaf96,755768,dial,cpu,resident,s0,81,0,0,0,0,warm,24,1,0,47.477699,0,0.540166,0,46.937005,0,0,,36167,0,0,0,0,1048576,4190208,0,f0545bbc59e2b6d9,,0,5.5
20260927T201140Z-a843,c66701076edbaf96,481879,dial,cpu,resident,s0,82,0,0,0,0,warm,24,1,0,47.327483,0,0.536796,0,46.790297,0,0,,31815,0,0,0,0,1048576,4190208,0,eb33c6eedfcb1504,,0,5.5
20260927T201140Z-a843,c66701076edbaf96,666926,dial,cpu,resident,s0,83,0,0,0,0,warm,24,1,0,46.870895,0,0.530686,0,46.339877,0,0,,33720,0,0,0,0,1048576,4190208,0,3b100f409ba061e0,,0,5.5
20260927T201140Z-a843,c66701076edbaf96,812308,dial,cpu,resident,s0,84,0,0,0,0,warm,24,1,0,46.845592,0,0.517089,0,46.328222,0,0,,36496,0,0,0,0,1048576,4190208,0,c31adf4c361e9520,,0,5.5
20260927T201140Z-a843,c66701076edbaf96,940471,dial,cpu,resident,s0,85,0,0,0,0,warm,24,1,0,50.593199,0,0.489007,0,50.103834,0,0,,44369,0,0,0,0,1048576,4190208,0,02bdf829a1772f2a,,0,5.5
20260927T201140Z-a843,c66701076edbaf96,705817,dial,cpu,resident,s0,86,0,0,0,0,warm,24,1,0,47.103335,0,0.549874,0,46.553158,0,0,,37136,0,0,0,0,1048576,4190208,0,d08744491a4f6254,,0,5.5
20260927T201140Z-a843,c66701076edbaf96,378775,dial,cpu,resident,s0,87,0,0,0,0,warm,24,1,0,47.774429,0,0.522104,0,47.252031,0,0,,42758,0,0,0,0,1048576,4190208,0,7976fe449628ee76,,0,5.5
20260927T201140Z-a843,c66701076edbaf96,11928,dial,cpu,resident,s0,88,0,0,0,0,warm,24,1,0,48.359555,0,0.508216,0,47.851056,0,0,,30359,0,0,0,0,1048576,4190208,0,e313e61597c97dcc,,0,5.5
20260927T201140Z-a843,c66701076edbaf96,149969,dial,cpu,resident,s0,89,0,0,0,0,warm,24,1,0,46.992036,0,0.54883,0,46.442858,0,0,,39314,0,0,0,0,1048576,4190208,0,90f30508e8b238e3,,0,5.5
20260927T201140Z-a843,c66701076edbaf96,518422,dial,cpu,resident,s0,90,0,0,0,0,warm,24,1,0,48.357352,0,0.522853,0,47.834112,0,0,,25619,0,0,0,0,1048576,4190208,0,c0b6e9e87d2215b0,,0,5.5
20260927T201140Z-a843,c66701076edbaf96,764093,dial,cpu,resident,s0,91,0,0,0,0,warm,24,1,0,49.458299,0,0.514046,0,48.943859,0,0,,35692,0,0,0,0,1048576,4190208,0,53bfc44cc00c87db,,0,5.14
20260927T201140Z-a843,c66701076edbaf96,818556,dial,cpu,resident,s0,92,0,0,0,0,warm,24,1,0,48.251622,0,0.508688,0,47.742541,0,0,,40828,0,0,0,0,1048576,4190208,0,3d8997c00e6cf508,,0,5.14
20260927T201140Z-a843,c66701076edbaf96,284007,dial,cpu,resident,s0,93,0,0,0,0,warm,24,1,0,47.241512,0,0.484721,0,46.756421,0,0,,28451,0,0,0,0,1048576,4190208,0,2c0ccfa7ab97af66,,0,5.14
20260927T201140Z-a843,c66701076edbaf96,147527,dial,cpu,resident,s0,94,0,0,0,0,warm,24,1,0,46.982082,0,0.495778,0,46.485891,0,0,,40698,0,0,0,0,1048576,4190208,0,6414f13426478617,,0,5.14
20260927T201140Z-a843,c66701076edbaf96,810773,dial,cpu,resident,s0,95,0,0,0,0,warm,24,1,0,46.450379,0,0.487163,0,45.962975,0,0,,31024,0,0,0,0,1048576,4190208,0,26ab53717621d5f2,,0,5.14
20260927T201140Z-a843,c66701076edbaf96,496849,dial,cpu,resident,s0,96,0,0,0,0,warm,24,1,0,46.700438,0,0.528615,0,46.171529,0,0,,40149,0,0,0,0,1048576,4190208,0,61fa850a08bc862f,,0,5.14
20260927T201140Z-a843,c66701076edbaf96,1013688,dial,cpu,resident,s0,97,0,0,0,0,warm,24,1,0,47.437993,0,0.570023,0,46.867741,0,0,,38836,0,0,0,0,1048576,4190208,0,1fa814dfb1f7b535,,0,5.14
20260927T201140Z-a843,c66701076edbaf96,935512,dial,cpu,resident,s0,98,0,0,0,0,warm,24,1,0,48.889156,0,0.576743,0,48.312065,0,0,,37009,0,0,0,0,1048576,4190208,0,9403f9d957fe5c2b,,0,5.14
20260927T201140Z-a843,c66701076edbaf96,714883,dial,cpu,resident,s0,99,0,0,0,0,warm,24,1,0,47.447696,0,0.505918,0,46.941411,0,0,,40601,0,0,0,0,1048576,4190208,0,4867872a759d804d,,0,5.14
20260927T201140Z-a843,c66701076edbaf96,670214,dial,cpu,resident,s0,100,0,0,0,0,warm,24,1,0,46.988961,0,0.495583,0,46.492937,0,0,,39657,0,0,0,0,1048576,4190208,0,9888b5552dc26be3,,0,5.14
20260927T201140Z-a843,c66701076edbaf96,922346,dial,cpu,resident,s0,101,0,0,0,0,warm,24,1,0,47.444413,0,0.492296,0,46.95178,0,0,,29015,0,0,0,0,1048576,4190208,0,10711b84b3bef833,,0,5.14
20260927T201140Z-a843,c66701076edbaf96,802242,dial,cpu,resident,s0,102,0,0,0,0,warm,24,1,0,47.640122,0,0.564588,0,47.075211,0,0,,31392,0,0,0,0,1048576,4190208,0,5f8b395e1c757b0b,,0,5.14
20260927T201140Z-a843,c66701076edbaf96,45284,dial,cpu,resident,s0,103,0,0,0,0,warm,24,1,0,47.982854,0,0.532328,0,47.450181,0,0,,41351,0,0,0,0,1048576,4190208,0,101c5992f307ed7a,,0,5.14
20260927T201140Z-a843,c66701076edbaf96,908797,dial,cpu,resident,s0,104,0,0,0,0,warm,24,1,0,48.653064,0,0.545613,0,48.107125,0,0,,38140,0,0,0,0,1048576,4190208,0,2c3edda3a4e7d134,,0,5.14
20260927T201140Z-a843,c66701076edbaf96,281396,dial,cpu,resident,s0,105,0,0,0,0,warm,24,1,0,52.233999,0,0.523054,0,51.710241,0,0,,45355,0,0,0,0,1048576,4190208,0,9914811ae5975590,,0,5.14
20260927T201140Z-a843,c66701076edbaf96,1000550,dial,cpu,resident,s0,106,0,0,0,0,warm,24,1,0,47.987629,0,0.562456,0,47.424813,0,0,,31438,0,0,0,0,1048576,4190208,0,657bfc39edfde598,,0,5.14
20260927T201140Z-a843,c66701076edbaf96,73594,dial,cpu,resident,s0,107,0,0,0,0,warm,24,1,0,47.27426,0,0.544506,0,46.729423,0,0,,39567,0,0,0,0,1048576,4190208,0,89a0693a7eb907df,,0,5.14
20260927T201140Z-a843,c66701076edbaf96,301631,dial,cpu,resident,s0,108,0,0,0,0,warm,24,1,0,46.908336,0,0.56124,0,46.346755,0,0,,42170,0,0,0,0,1048576,4190208,0,a13c34ca5c449e66,,0,5.14
20260927T201140Z-a843,c66701076edbaf96,430170,dial,cpu,resident,s0,109,0,0,0,0,warm,24,1,0,47.881634,0,0.52158,0,47.359652,0,0,,34514,0,0,0,0,1048576,4190208,0,3139fb5fd0f393b3,,0,5.14
20260927T201140Z-a843,c66701076edbaf96,752814,dial,cpu,resident,s0,110,0,0,0,0,warm,24,1,0,47.193072,0,0.592223,0,46.600503,0,0,,26687,0,0,0,0,1048576,4190208,0,8c917a45d206552d,,0,5.14
20260927T201140Z-a843,c66701076edbaf96,679839,dial,cpu,resident,s0,111,0,0,0,0,warm,24,1,0,45.945212,0,0.53866,0,45.406385,0,0,,37191,0,0,0,0,1048576,4190208,0,71f28c62aa82d217,,0,5.14
20260927T201140Z-a843,c66701076edbaf96,619664,dial,cpu,resident,s0,112,0,0,0,0,warm,24,1,0,46.249112,0,0.594481,0,45.654405,0,0,,29652,0,0,0,0,1048576,4190208,0,95f2dcfc501ad06e,,0,5.14
20260927T201140Z-a843,c66701076edbaf96,98827,dial,cpu,resident,s0,113,0,0,0,0,warm,24,1,0,45.498892,0,0.52244,0,44.976162,0,0,,29428,0,0,0,0,1048576,4190208,0,00612f347f63bc08,,0,5.14
20260927T201140Z-a843,c66701076edbaf96,105994,dial,cpu,resident,s0,114,0,0,0,0,warm,24,1,0,46.042388,0,0.518871,0,45.523353,0,0,,38048,0,0,0,0,1048576,4190208,0,4bfaff9193bbdfef,,0,5.14
20260927T201140Z-a843,c66701076edbaf96,243457,dial,cpu,resident,s0,115,0,0,0,0,warm,24,1,0,46.094296,0,0.518974,0,45.575098,0,0,,43457,0,0,0,0,1048576,4190208,0,ad0dd27816987427,,0,5.14
20260927T201140Z-a843,c66701076edbaf96,734875,dial,cpu,resident,s0,116,0,0,0,0,warm,24,1,0,46.107127,0,0.560997,0,45.545904,0,0,,42482,0,0,0,0,1048576,4190208,0,17ef0d8567862766,,0,5.14
20260927T201140Z-a843,c66701076edbaf96,370736,dial,cpu,resident,s0,117,0,0,0,0,warm,24,1,0,46.006093,0,0.591671,0,45.414206,0,0,,38609,0,0,0,0,1048576,4190208,0,5c3180fa34ea9049,,0,5.14
20260927T201140Z-a843,c66701076edbaf96,521055,dial,cpu,resident,s0,118,0,0,0,0,warm,24,1,0,46.170559,0,0.54103,0,45.629149,0,0,,38284,0,0,0,0,1048576,4190208,0,ab61220815625a78,,0,5.14
20260927T201140Z-a843,c66701076edbaf96,697461,dial,cpu,resident,s0,119,0,0,0,0,warm,24,1,0,46.688245,0,0.5439,0,46.143843,0,0,,41824,0,0,0,0,1048576,4190208,0,3ddf044e25f83d4f,,0,5.14
20260927T201140Z-a843,c66701076edbaf96,696648,dial,cpu,resident,s0,120,0,0,0,0,warm,24,1,0,46.244286,0,0.524625,0,45.719373,0,0,,38266,0,0,0,0,1048576,4190208,0,254d9204a927830b,,0,5.14
20260927T201140Z-a843,c66701076edbaf96,322939,dial,cpu,resident,s0,121,0,0,0,0,warm,24,1,0,46.679928,0,0.529623,0,46.149974,0,0,,35996,0,0,0,0,1048576,4190208,0,b26fbd06f48c7658,,0,5.14
20260927T201140Z-a843,c66701076edbaf96,235403,dial,cpu,resident,s0,122,0,0,0,0,warm,24,1,0,46.328803,0,0.536708,0,45.791649,0,0,,30712,0,0,0,0,1048576,4190208,0,b78b1de2f5a26d81,,0,5.14
20260927T201140Z-a843,c66701076edbaf96,842932,dial,cpu,resident,s0,123,0,0,0,0,warm,24,1,0,45.837831,0,0.550303,0,45.28725,0,0,,32177,0,0,0,0,1048576,4190208,0,292a2f6ed53c5012,,0,5.14
20260927T201140Z-a843,c66701076edbaf96,776073,dial,cpu,resident,s0,124,0,0,0,0,warm,24,1,0,45.836128,0,0.517853,0,45.318065,0,0,,34421,0,0,0,0,1048576,4190208,0,a04df1093857d854,,0,5.14
20260927T201140Z-a843,c66701076edbaf96,159157,dial,cpu,resident,s0,125,0,0,0,0,warm,24,1,0,46.051857,0,0.523388,0,45.528179,0,0,,39700,0,0,0,0,1048576,4190208,0,940851ec667c58ee,,0,5.14
20260927T201140Z-a843,c66701076edbaf96,824874,dial,cpu,resident,s0,126,0,0,0,0,warm,24,1,0,45.699024,0,0.517757,0,45.181052,0,0,,31224,0,0,0,0,1048576,4190208,0,d42cb5898be984f3,,0,5.14
20260927T201140Z-a843,c66701076edbaf96,523339,dial,cpu,resident,s0,127,0,0,0,0,warm,24,1,0,45.583041,0,0.520797,0,45.06165,0,0.000274,,30076,0,0,0,0,1048576,4190208,0,6b13bf0bd1b7f21b,,0,5.14
20260927T201140Z-a843,c66701076edbaf96,140379,delta-omp,cpu,resident,s0,0,0,0,0,1,warm,24,1,25,80.393415,0,0.973176,0,79.419616,0,0,,1411,7092,0,0,7092,1142294,9129504,0,0194bc45aa2b7bd5,,0,5.14
20260927T201140Z-a843,c66701076edbaf96,143033,delta-omp,cpu,resident,s0,1,0,0,0,1,warm,24,1,25,81.464509,0,1.052777,0,80.41109,0,0,,1535,7722,0,0,7722,1142586,9131836,0,5b8da2ba23672360,,0,5.14
20260927T201140Z-a843,c66701076edbaf96,473133,delta-omp,cpu,resident,s0,2,0,0,0,1,warm,24,1,25,81.142261,0,0.984741,0,80.156897,0,0,,1472,7484,0,0,7484,1142883,9134186,0,551bb7beaf35b173,,0,5.14
20260927T201140Z-a843,c66701076edbaf96,22045,delta-omp,cpu,resident,s0,3,0,0,0,1,warm,24,1,25,82.932103,0,1.009114,0,81.922225,0,0,,991,5140,0,0,5140,1142861,9134028,0,b659a1864c16f101,,0,5.14
20260927T201140Z-a843,c66701076edbaf96,367943,delta-omp,cpu,resident,s0,4,0,0,0,1,warm,24,1,25,81.443036,0,1.018109,0,80.424374,0,0,,1709,8543,0,0,8543,1142725,9132908,0,19ea500da30075b2,,0,5.14
20260927T201140Z-a843,c66701076edbaf96,955628,delta-omp,cpu,resident,s0,5,0,0,0,1,warm,24,1,25,82.428367,0,0.98838,0,81.439498,0,0,,1660,8309,0,0,8309,1142591,9131810,0,9315192044a47b21,,0,5.14
20260927T201140Z-a843,c66701076edbaf96,493619,delta-omp,cpu,resident,s0,6,0,0,0,1,warm,24,1,25,81.686699,0,1.010866,0,80.675244,0,0,,1667,8374,0,0,8374,1142537,9131456,0,10dd6ae381b84252,,0,5.14
20260927T201140Z-a843,c66701076edbaf96,78040,delta-omp,cpu,resident,s0,7,0,0,0,1,warm,24,1,25,85.582318,0,0.977175,0,84.604679,0,0,,1676,8367,0,0,8367,1142298,9129530,0,56a292fe41b7d54b,,0,5.14
20260927T201140Z-a843,c66701076edbaf96,597528,delta-omp,cpu,resident,s0,8,0,0,0,1,warm,24,1,25,82.876034,0,1.010489,0,81.865043,0,0,,1516,7647,0,0,7647,1142329,9129848,0,da01e5ba298e7e3b,,0,5.14
20260927T201140Z-a843,c66701076edbaf96,666088,delta-omp,cpu,resident,s0,9,0,0,0,1,warm,24,1,25,81.674783,0,1.012834,0,80.661552,0,0,,1224,6220,0,0,6220,1142833,9133768,0,d6d7e557f0f85169,,0,5.14
20260927T201140Z-a843,c66701076edbaf96,93798,delta-omp,cpu,resident,s0,10,0,0,0,1,warm,24,1,25,82.458341,0,0.963473,0,81.49449,0,0,,1384,6964,0,0,6964,1142824,9133758,0,6e7bf2cc1ae81de6,,0,5.14
20260927T201140Z-a843,c66701076edbaf96,583195,delta-omp,cpu,resident,s0,11,0,0,0,1,warm,24,1,25,92.313557,0,0.959526,0,91.353505,0,0,,1608,8030,0,0,8030,1142234,9129032,0,caff7e83ca886c86,,0,5.14
20260927T201140Z-a843,c66701076edbaf96,828010,delta-omp,cpu,resident,s0,12,0,0,0,1,warm,24,1,25,83.763371,0,1.063644,0,82.699195,0,0,,1387,6998,0,0,6998,1142562,9131624,0,7141a77e2ba6e87b,,0,5.14
20260927T201140Z-a843,c66701076edbaf96,232399,delta-omp,cpu,resident,s0,13,0,0,0,1,warm,24,1,25,81.412923,0,1.037295,0,80.37524,0,0,,1346,6831,0,0,6831,1142938,9134654,0,5acf05509edbbd79,,0,5.14
20260927T201140Z-a843,c66701076edbaf96,439005,delta-omp,cpu,resident,s0,14,0,0,0,1,warm,24,1,25,82.745343,0,1.004516,0,81.740443,0,0,,1473,7495,0,0,7495,1142516,9131288,0,a9ead817df417563,,0,5.14
20260927T201140Z-a843,c66701076edbaf96,261911,delta-omp,cpu,resident,s0,15,0,0,0,1,warm,24,1,25,82.105492,0,1.018926,0,81.086269,0,0,,1189,6015,0,0,6015,1142461,9130820,0,8984d55349b3d674,,0,5.14
20260927T201140Z-a843,c66701076edbaf96,306042,delta-omp,cpu,resident,s0,16,0,0,0,1,warm,24,1,25,81.975704,0,1.008763,0,80.966415,0,0,,1421,7176,0,0,7176,1142270,9129320,0,776f1233a5dbe9e9,,0,5.14
20260927T201140Z-a843,c66701076edbaf96,842254,delta-omp,cpu,resident,s0,17,0,0,0,1,warm,24,1,25,83.798387,0,1.0237,0,82.774306,0,0,,1094,5545,0,0,5545,1142483,9131010,0,e1b753c9824ba2ac,,0,5.14
20260927T201140Z-a843,c66701076edbaf96,497647,delta-omp,cpu,resident,s0,18,0,0,0,1,warm,24,1,25,82.77234,0,1.067172,0,81.704859,0,0,,1693,8433,0,0,8433,1142392,9130328,0,2670421aa8297b39,,0,5.14
20260927T201140Z-a843,c66701076edbaf96,283052,delta-omp,cpu,resident,s0,19,0,0,0,1,warm,24,1,25,82.202288,0,0.983622,0,81.218165,0,0,,1458,7346,0,0,7346,1142370,9130104,0,433493362fbdc0e3,,0,5.14
20260927T201140Z-a843,c66701076edbaf96,299936,delta-omp,cpu,resident,s0,20,0,0,0,1,warm,24,1,25,86.844608,0,1.125443,0,85.718673,0,0,,1668,8355,0,0,8355,1142575,9131756,0,5c046e9da7034c27,,0,5.14
20260927T201140Z-a843,c66701076edbaf96,785373,delta-omp,cpu,resident,s0,21,0,0,0,1,warm,24,1,25,83.031704,0,1.065668,0,81.965417,0,0,,1010,5208,0,0,5208,1142962,9134846,0,231eddebd76b6fad,,0,5.14
20260927T201140Z-a843,c66701076edbaf96,480378,delta-omp,cpu,resident,s0,22,0,0,0,1,warm,24,1,25,83.069514,0,1.05536,0,82.013481,0,0,,1475,7411,0,0,7411,1142387,9130232,0,fff9cc247687e936,,0,5.14
20260927T201140Z-a843,c66701076edbaf96,321060,delta-omp,cpu,resident,s0,23,0,0,0,1,warm,24,1,25,82.712678,0,0.888942,0,81.82321,0,0,,1723,8585,0,0,8585,1142755,9133198,0,13683e5eb406929a,,0,5.14
20260927T201140Z-a843,c66701076edbaf96,337388,delta-omp,cpu,resident,s0,24,0,0,0,1,warm,24,1,25,81.105947,0,0.934112,0,80.171432,0,0,,1728,8633,0,0,8633,1142643,9132248,0,13904ab293644b4b,,0,5.14
20260927T201140Z-a843,c66701076edbaf96,118671,delta-omp,cpu,resident,s0,25,0,0,0,1,warm,24,1,25,82.783297,0,0.862501,0,81.920375,0,0,,1380,6983,0,0,6983,1142785,9133392,0,355e763c9e30148a,,0,5.14
20260927T201140Z-a843,c66701076edbaf96,125150,delta-omp,cpu,resident,s0,26,0,0,0,1,warm,24,1,25,83.626281,0,0.910237,0,82.715413,0,0,,1612,8106,0,0,8106,1142837,9133862,0,2610cb4418c2fa33,,0,5.14
20260927T201140Z-a843,c66701076edbaf96,72476,delta-omp,cpu,resident,s0,27,0,0,0,1,warm,24,1,25,82.906569,0,0.914033,0,81.992134,0,0,,1193,6039,0,0,6039,1142555,9131602,0,511104ffeb974275,,0,5.14
20260927T201140Z-a843,c66701076edbaf96,728509,delta-omp,cpu,resident,s0,28,0,0,0,1,warm,24,1,25,80.73985,0,0.975957,0,79.763301,0,0,,1732,8664,0,0,8664,1142555,9131564,0,d5ba49a61aad2090,,0,5.14
20260927T201140Z-a843,c66701076edbaf96,679264,delta-omp,cpu,resident,s0,29,0,0,0,1,warm,24,1,25,81.820738,0,0.883137,0,80.936895,0,0,,1603,8062,0,0,8062,1142850,9133934,0,1f9f145164a8d3ba,,0,5.14
20260927T201140Z-a843,c66701076edbaf96,828590,delta-omp,cpu,resident,s0,30,0,0,0,1,warm,24,1,25,80.93845,0,0.924863,0,80.013132,0,0,,1570,7911,0,0,7911,1142975,9134920,0,75869235508b61de,,0,5.14
20260927T201140Z-a843,c66701076edbaf96,411591,delta-omp,cpu,resident,s0,31,0,0,0,1,warm,24,1,25,83.440815,0,0.992316,0,82.448074,0,0,,1104,5653,0,0,5653,1141989,9127090,0,3a9a9b90ef518cee,,0,5.14
20260927T201140Z-a843,c66701076edbaf96,555679,delta-omp,cpu,resident,s0,32,0,0,0,1,warm,24,1,25,81.443253,0,0.998073,0,80.444751,0,0,,1368,6933,0,0,6933,1142666,9132450,0,afbdace234d8e184,,0,5.14
20260927T201140Z-a843,c66701076edbaf96,417721,delta-omp,cpu,resident,s0,33,0,0,0,1,warm,24,1,25,84.472245,0,0.897917,0,83.573857,0,0,,1490,7523,0,0,7523,1142540,9131418,0,bf42c08a928ad325,,0,5.14
20260927T201140Z-a843,c66701076edbaf96,199603,delta-omp,cpu,resident,s0,34,0,0,0,1,warm,24,1,25,82.324693,0,0.931139,0,81.393007,0,0,,1289,6559,0,0,6559,1142713,9132872,0,0f95736287a6c51b,,0,5.14
20260927T201140Z-a843,c66701076edbaf96,625990,delta-omp,cpu,resident,s0,35,0,0,0,1,warm,24,1,25,89.090513,0,0.881743,0,88.208386,0,0,,1064,5474,0,0,5474,1142558,9131558,0,d023fd85e5b256d3,,0,5.14
20260927T201140Z-a843,c66701076edbaf96,931576,delta-omp,cpu,resident,s0,36,0,0,0,1,warm,24,1,25,85.789416,0,1.062392,0,84.726041,0,0,,1472,7440,0,0,7440,1142665,9132430,0,dc4ab5fe35160bb7,,0,5.14
20260927T201140Z-a843,c66701076edbaf96,388607,delta-omp,cpu,resident,s0,37,0,0,0,1,warm,24,1,25,81.583244,0,1.014802,0,80.567964,0,0,,1234,6291,0,0,6291,1142842,9133882,0,d60d882602bb2445,,0,5.14
20260927T201140Z-a843,c66701076edbaf96,40305,delta-omp,cpu,resident,s0,38,0,0,0,1,warm,24,1,25,80.659405,0,0.967635,0,79.691326,0,0,,1660,8305,0,0,8305,1142416,9130484,0,4867207887c75490,,0,5.14
20260927T201140Z-a843,c66701076edbaf96,297024,delta-omp,cpu,resident,s0,39,0,0,0,1,warm,24,1,25,82.733969,0,0.96088,0,81.772526,0,0,,1268,6416,0,0,6416,1142711,9132778,0,470a3109f4dfe476,,0,4.8
20260927T201140Z-a843,c66701076edbaf96,928309,delta-omp,cpu,resident,s0,40,0,0,0,1,warm,24,1,25,82.093408,0,0.99295,0,81.100123,0,0,,1558,7830,0,0,7830,1142416,9130462,0,beddfd281855b9d6,,0,4.8
20260927T201140Z-a843,c66701076edbaf96,274490,delta-omp,cpu,resident,s0,41,0,0,0,1,warm,24,1,25,81.384052,0,1.095833,0,80.287781,0,0,,1762,8803,0,0,8803,1142481,9131060,0,b76d667cc7b3dc10,,0,4.8
20260927T201140Z-a843,c66701076edbaf96,545768,delta-omp,cpu,resident,s0,42,0,0,0,1,warm,24,1,25,81.258244,0,0.992837,0,80.26489,0,0,,1438,7333,0,0,7333,1142806,9133570,0,5dcf8ffaad60d6ba,,0,4.8
20260927T201140Z-a843,c66701076edbaf96,20469,delta-omp,cpu,resident,s0,43,0,0,0,1,warm,24,1,25,81.458716,0,1.010279,0,80.447968,0,0,,1629,8175,0,0,8175,1142600,9132000,0,c5e981f86d212703,,0,4.8
20260927T201140Z-a843,c66701076edbaf96,531301,delta-omp,cpu,resident,s0,44,0,0,0,1,warm,24,1,25,82.553797,0,0.962557,0,81.590864,0,0,,1650,8294,0,0,8294,1142946,9134736,0,3386570d5a03a7e2,,0,4.8
20260927T201140Z-a843,c66701076edbaf96,1047443,delta-omp,cpu,resident,s0,45,0,0,0,1,warm,24,1,25,82.040366,0,0.990409,0,81.049426,0,0,,1299,6637,0,0,6637,1142742,9133084,0,758e4e780d07883b,,0,4.8
20260927T201140Z-a843,c66701076edbaf96,638272,delta-omp,cpu,resident,s0,46,0,0,0,1,warm,24,1,25,87.059924,0,1.104086,0,85.955189,0,0,,1455,7405,0,0,7405,1142905,9134352,0,19bcdf9016021200,,0,4.8
20260927T201140Z-a843,c66701076edbaf96,975530,delta-omp,cpu,resident,s0,47,0,0,0,1,warm,24,1,25,84.281905,0,0.995289,0,83.286064,0,0,,1334,6772,0,0,6772,1143092,9135856,0,b5cb4363695dc642,,0,4.8
20260927T201140Z-a843,c66701076edbaf96,914696,delta-omp,cpu,resident,s0,48,0,0,0,1,warm,24,1,25,81.796875,0,0.928385,0,80.867917,0,0,,1667,8360,0,0,8360,1143061,9135636,0,9630dc5d377e379e,,0,4.8
20260927T201140Z-a843,c66701076edbaf96,169940,delta-omp,cpu,resident,s0,49,0,0,0,1,warm,24,1,25,81.198363,0,0.944508,0,80.253437,0,0,,1612,8082,0,0,8082,1142596,9131880,0,95882738bea78e48,,0,4.8
20260927T201140Z-a843,c66701076edbaf96,834360,delta-omp,cpu,resident,s0,50,0,0,0,1,warm,24,1,25,81.920842,0,0.933509,0,80.986806,0,0,,1570,7917,0,0,7917,1142627,9132090,0,b2af9c052f6aa536,,0,4.8
20260927T201140Z-a843,c66701076edbaf96,518322,delta-omp,cpu,resident,s0,51,0,0,0,1,warm,24,1,25,83.294715,0,0.878144,0,82.416128,0,0,,1572,7918,0,0,7918,1142397,9130354,0,db073bf0f90b2a98,,0,4.8
20260927T201140Z-a843,c66701076edbaf96,577541,delta-omp,cpu,resident,s0,52,0,0,0,1,warm,24,1,25,83.220072,0,0.985374,0,82.234291,0,0,,1437,7310,0,0,7310,1142826,9133738,0,77a65005472fc098,,0,4.8
20260927T201140Z-a843,c66701076edbaf96,764242,delta-omp,cpu,resident,s0,53,0,0,0,1,warm,24,1,25,83.792602,0,0.996153,0,82.795927,0,0,,1463,7364,0,0,7364,1142553,9131576,0,9033d32d9660e9c4,,0,4.8
20260927T201140Z-a843,c66701076edbaf96,14706,delta-omp,cpu,resident,s0,54,0,0,0,1,warm,24,1,25,82.52234,0,0.884138,0,81.637673,0,0,,1235,6258,0,0,6258,1142242,9129110,0,a5e618cc4a6cd11c,,0,4.8
20260927T201140Z-a843,c66701076edbaf96,471650,delta-omp,cpu,resident,s0,55,0,0,0,1,warm,24,1,25,84.095,0,0.958894,0,83.135574,0,0,,1310,6669,0,0,6669,1142852,9133930,0,5c2db82f624f6019,,0,4.8
20260927T201140Z-a843,c66701076edbaf96,192150,delta-omp,cpu,resident,s0,56,0,0,0,1,warm,24,1,25,81.522047,0,0.979669,0,80.541933,0,0,,1387,7004,0,0,7004,1143029,9135312,0,a0aa745d6464a44e,,0,4.8
20260927T201140Z-a843,c66701076edbaf96,59477,delta-omp,cpu,resident,s0,57,0,0,0,1,warm,24,1,25,82.840104,0,0.865762,0,81.973832,0,0,,1685,8399,0,0,8399,1142475,9131008,0,a204b81edc32cc7e,,0,4.8
20260927T201140Z-a843,c66701076edbaf96,201224,delta-omp,cpu,resident,s0,58,0,0,0,1,warm,24,1,25,83.688967,0,0.901742,0,82.786774,0,0,,1375,6889,0,0,6889,1142376,9130142,0,7c70dcbcc6f31504,,0,4.8
20260927T201140Z-a843,c66701076edbaf96,12846,delta-omp,cpu,resident,s0,59,0,0,0,1,warm,24,1,25,88.593978,0,1.014441,0,87.578477,0,0,,1499,7561,0,0,7561,1142929,9134516,0,53492d3ce70c619e,,0,4.8
20260927T201140Z-a843,c66701076edbaf96,88685,delta-omp,cpu,resident,s0,60,0,0,0,1,warm,24,1,25,85.027047,0,1.105304,0,83.920887,0,0,,1746,8701,0,0,8701,1142359,9129998,0,0e83a3e19213231b,,0,4.8
20260927T201140Z-a843,c66701076edbaf96,637,delta-omp,cpu,resident,s0,61,0,0,0,1,warm,24,1,25,83.293865,0,0.949047,0,82.344029,0,0,,1408,7075,0,0,7075,1142673,9132512,0,cb147f7f9395de4d,,0,4.8
20260927T201140Z-a843,c66701076edbaf96,140682,delta-omp,cpu,resident,s0,62,0,0,0,1,warm,24,1,25,83.739344,0,1.002686,0,82.736286,0,0,,1583,7934,0,0,7934,1142847,9133918,0,05f6bf3b97ab9c44,,0,4.8
20260927T201140Z-a843,c66701076edbaf96,242263,delta-omp,cpu,resident,s0,63,0,0,0,1,warm,24,1,25,82.706981,0,0.891438,0,81.81501,0,0,,1345,6855,0,0,6855,1142855,9133946,0,909314f25aeaa7d5,,0,4.8
20260927T201140Z-a843,c66701076edbaf96,955528,delta-omp,cpu,resident,s0,64,0,0,0,1,warm,24,1,25,82.604774,0,0.8824,0,81.721926,0,0,,1124,5707,0,0,5707,1142548,9131536,0,b2722a7e696c72df,,0,4.8
20260927T201140Z-a843,c66701076edbaf96,604431,delta-omp,cpu,resident,s0,65,0,0,0,1,warm,24,1,25,83.045299,0,1.011558,0,82.033344,0,0,,1295,6529,0,0,6529,1142530,9131320,0,fd90c4b8cb50dbff,,0,4.8
20260927T201140Z-a843,c66701076edbaf96,968747,delta-omp,cpu,resident,s0,66,0,0,0,1,warm,24,1,25,81.809742,0,0.910424,0,80.898714,0,0,,1514,7606,0,0,7606,1142591,9131874,0,7e6718b380684cd1,,0,4.8
20260927T201140Z-a843,c66701076edbaf96,25579,delta-omp,cpu,resident,s0,67,0,0,0,1,warm,24,1,25,83.090195,0,0.959639,0,82.130275,0,0,,1735,8623,0,0,8623,1142655,9132308,0,3229d6200a4fb418,,0,4.8
20260927T201140Z-a843,c66701076edbaf96,802074,delta-omp,cpu,resident,s0,68,0,0,0,1,warm,24,1,25,82.386448,0,0.925933,0,81.460123,0,0,,1589,7993,0,0,7993,1142131,9128208,0,75cdb86da5eabfb0,,0,4.8
20260927T201140Z-a843,c66701076edbaf96,785602,delta-omp,cpu,resident,s0,69,0,0,0,1,warm,24,1,25,82.837364,0,0.948955,0,81.887849,0,0,,1406,7124,0,0,7124,1142624,9132150,0,816414c006cc404e,,0,4.8
20260927T201140Z-a843,c66701076edbaf96,800647,delta-omp,cpu,resident,s0,70,0,0,0,1,warm,24,1,25,82.910756,0,0.924457,0,81.98569,0,0,,1783,8884,0,0,8884,1142690,9132660,0,826cd67eaa9f4b33,,0,4.8
20260927T201140Z-a843,c66701076edbaf96,1034835,delta-omp,cpu,resident,s0,71,0,0,0,1,warm,24,1,25,84.99063,0,1.005339,0,83.984611,0,0,,1221,6167,0,0,6167,1142782,9133454,0,aee93ced3cba03e1,,0,4.8
20260927T201140Z-a843,c66701076edbaf96,591983,delta-omp,cpu,resident,s0,72,0,0,0,1,warm,24,1,25,83.413721,0,0.978048,0,82.435039,0,0,,1595,8041,0,0,8041,1142968,9134878,0,06921044afbc0a6c,,0,4.8
20260927T201140Z-a843,c66701076edbaf96,509143,delta-omp,cpu,resident,s0,73,0,0,0,1,warm,24,1,25,83.503567,0,0.971799,0,82.531351,0,0,,1499,7508,0,0,7508,1142369,9130134,0,caa8a0c2a48999bb,,0,4.8
20260927T201140Z-a843,c66701076edbaf96,258004,delta-omp,cpu,resident,s0,74,0,0,0,1,warm,24,1,25,83.102675,0,0.943401,0,82.158531,0,0,,1649,8261,0,0,8261,1142564,9131656,0,72de258eb31bb540,,0,4.8
20260927T201140Z-a843,c66701076edbaf96,1008134,delta-omp,cpu,resident,s0,75,0,0,0,1,warm,24,1,25,81.46279,0,0.865127,0,80.597263,0,0,,1776,8864,0,0,8864,1142884,9134266,0,ad81620dd0ccc9a5,,0,4.8
20260927T201140Z-a843,c66701076edbaf96,693058,delta-omp,cpu,resident,s0,76,0,0,0,1,warm,24,1,25,81.056604,0,0.938997,0,80.117148,0,0,,1644,8243,0,0,8243,1142521,9131294,0,6a6111f023fb9ad7,,0,4.8
20260927T201140Z-a843,c66701076edbaf96,567498,delta-omp,cpu,resident,s0,77,0,0,0,1,warm,24,1,25,83.079291,0,0.976109,0,82.102816,0,0,,1646,8294,0,0,8294,1142386,9130212,0,4d57830ba3fcf997,,0,4.8
20260927T201140Z-a843,c66701076edbaf96,626061,delta-omp,cpu,resident,s0,78,0,0,0,1,warm,24,1,25,84.53434,0,1.028694,0,83.505181,0,0,,1638,8194,0,0,8194,1142320,9129690,0,2bc79ed65418744c,,0,4.8
20260927T201140Z-a843,c66701076edbaf96,599867,delta-omp,cpu,resident,s0,79,0,0,0,1,warm,24,1,25,83.339279,0,0.924649,0,82.414249,0,0,,1440,7311,0,0,7311,1142432,9130618,0,bc4ff01d7bce33e5,,0,4.8
20260927T201140Z-a843,c66701076edbaf96,721594,delta-omp,cpu,resident,s0,80,0,0,0,1,warm,24,1,25,81.943612,0,0.972264,0,80.970911,0,0,,1545,7778,0,0,7778,1142962,9134826,0,e5d860fd5f515748,,0,4.8
20260927T201140Z-a843,c66701076edbaf96,755768,delta-omp,cpu,resident,s0,81,0,0,0,1,warm,24,1,25,81.62283,0,0.918184,0,80.704181,0,0,,1472,7458,0,0,7458,1142756,9133128,0,f0545bbc59e2b6d9,,0,4.8
20260927T201140Z-a843,c66701076edbaf96,481879,delta-omp,cpu,resident,s0,82,0,0,0,1,warm,24,1,25,83.447819,0,0.881348,0,82.565859,0,0,,1300,6632,0,0,6632,1142775,9133314,0,eb33c6eedfcb1504,,0,4.8
20260927T201140Z-a843,c66701076edbaf96,666926,delta-omp,cpu,resident,s0,83,0,0,0,1,warm,24,1,25,86.629371,0,0.923562,0,85.705255,0,0,,1371,6965,0,0,6965,1142767,9133244,0,3b100f409ba061e0,,0,4.8
20260927T201140Z-a843,c66701076edbaf96,812308,delta-omp,cpu,resident,s0,84,0,0,0,1,warm,24,1,25,85.390544,0,1.017107,0,84.372957,0,0,,1480,7477,0,0,7477,1142420,9130518,0,c31adf4c361e9520,,0,4.8
20260927T201140Z-a843,c66701076edbaf96,940471,delta-omp,cpu,resident,s0,85,0,0,0,1,warm,24,1,25,81.368607,0,0.944152,0,80.423976,0,0,,1800,8943,0,0,8943,1142995,9135086,0,02bdf829a1772f2a,,0,4.8
20260927T201140Z-a843,c66701076edbaf96,705817,delta-omp,cpu,resident,s0,86,0,0,0,1,warm,24,1,25,83.317227,0,0.903416,0,82.413319,0,0,,1512,7582,0,0,7582,1142086,9127822,0,d08744491a4f6254,,0,4.8
20260927T201140Z-a843,c66701076edbaf96,378775,delta-omp,cpu,resident,s0,87,0,0,0,1,warm,24,1,25,80.556561,0,0.951409,0,79.604652,0,0,,1737,8652,0,0,8652,1142262,9129286,0,7976fe449628ee76,,0,4.8
20260927T201140Z-a843,c66701076edbaf96,11928,delta-omp,cpu,resident,s0,88,0,0,0,1,warm,24,1,25,83.208762,0,0.891502,0,82.316774,0,0,,1238,6293,0,0,6293,1142544,9131472,0,e313e61597c97dcc,,0,4.8
20260927T201140Z-a843,c66701076edbaf96,149969,delta-omp,cpu,resident,s0,89,0,0,0,1,warm,24,1,25,82.838826,0,0.909472,0,81.928957,0,0,,1600,8022,0,0,8022,1142613,9132052,0,90f30508e8b238e3,,0,4.8
20260927T201140Z-a843,c66701076edbaf96,518422,delta-omp,cpu,resident,s0,90,0,0,0,1,warm,24,1,25,83.017665,0,0.950487,0,82.066748,0,0,,1051,5362,0,0,5362,1142629,9132152,0,c0b6e9e87d2215b0,,0,4.8
20260927T201140Z-a843,c66701076edbaf96,764093,delta-omp,cpu,resident,s0,91,0,0,0,1,warm,24,1,25,81.861646,0,0.95969,0,80.901363,0,0,,1451,7319,0,0,7319,1142631,9132142,0,53bfc44cc00c87db,,0,4.8
20260927T201140Z-a843,c66701076edbaf96,818556,delta-omp,cpu,resident,s0,92,0,0,0,1,warm,24,1,25,80.39602,0,0.959773,0,79.435975,0,0,,1656,8345,0,0,8345,1142375,9130128,0,3d8997c00e6cf508,,0,4.8
20260927T201140Z-a843,c66701076edbaf96,284007,delta-omp,cpu,resident,s0,93,0,0,0,1,warm,24,1,25,82.55856,0,0.876486,0,81.681702,0,0,,1160,5906,0,0,5906,1143036,9135422,0,2c0ccfa7ab97af66,,0,4.8
20260927T201140Z-a843,c66701076edbaf96,147527,delta-omp,cpu,resident,s0,94,0,0,0,1,warm,24,1,25,81.101332,0,0.894063,0,80.206779,0,0,,1650,8253,0,0,8253,1142849,9133942,0,6414f13426478617,,0,4.8
20260927T201140Z-a843,c66701076edbaf96,810773,delta-omp,cpu,resident,s0,95,0,0,0,1,warm,24,1,25,85.607053,0,0.882132,0,84.724447,0,0,,1262,6427,0,0,6427,1142934,9134644,0,26ab53717621d5f2,,0,4.8
20260927T201140Z-a843,c66701076edbaf96,496849,delta-omp,cpu,resident,s0,96,0,0,0,1,warm,24,1,25,84.5466,0,1.123972,0,83.422195,0,0,,1632,8201,0,0,8201,1142413,9130472,0,61fa850a08bc862f,,0,4.8
20260927T201140Z-a843,c66701076edbaf96,1013688,delta-omp,cpu,resident,s0,97,0,0,0,1,warm,24,1,25,80.732336,0,0.973481,0,79.758378,0,0,,1580,7920,0,0,7920,1142360,9129978,0,1fa814dfb1f7b535,,0,4.8
20260927T201140Z-a843,c66701076edbaf96,935512,delta-omp,cpu,resident,s0,98,0,0,0,1,warm,24,1,25,80.969405,0,0.877854,0,80.091088,0,0,,1508,7602,0,0,7602,1142578,9131708,0,9403f9d957fe5c2b,,0,4.8
20260927T201140Z-a843,c66701076edbaf96,714883,delta-omp,cpu,resident,s0,99,0,0,0,1,warm,24,1,25,82.752703,0,0.905975,0,81.846215,0,0,,1649,8280,0,0,8280,1142346,9129966,0,4867872a759d804d,,0,4.5
20260927T201140Z-a843,c66701076edbaf96,670214,delta-omp,cpu,resident,s0,100,0,0,0,1,warm,24,1,25,83.421635,0,1.001478,0,82.419695,0,0,,1613,8064,0,0,8064,1142694,9132732,0,9888b5552dc26be3,,0,4.5
20260927T201140Z-a843,c66701076edbaf96,922346,delta-omp,cpu,resident,s0,101,0,0,0,1,warm,24,1,25,82.779903,0,0.894835,0,81.884521,0,0,,1184,6017,0,0,6017,1142584,9131826,0,10711b84b3bef833,,0,4.5
20260927T201140Z-a843,c66701076edbaf96,802242,delta-omp,cpu,resident,s0,102,0,0,0,1,warm,24,1,25,82.861712,0,0.883992,0,81.977273,0,0,,1283,6517,0,0,6517,1142811,9133610,0,5f8b395e1c757b0b,,0,4.5
20260927T201140Z-a843,c66701076edbaf96,45284,delta-omp,cpu,resident,s0,103,0,0,0,1,warm,24,1,25,81.600941,0,0.94527,0,80.655209,0,0,,1676,8390,0,0,8390,1142627,9132126,0,101c5992f307ed7a,,0,4.5
20260927T201140Z-a843,c66701076edbaf96,908797,delta-omp,cpu,resident,s0,104,0,0,0,1,warm,24,1,25,83.209892,0,0.902275,0,82.307264,0,0,,1552,7810,0,0,7810,1142688,9132678,0,2c3edda3a4e7d134,,0,4.5
20260927T201140Z-a843,c66701076edbaf96,281396,delta-omp,cpu,resident,s0,105,0,0,0,1,warm,24,1,25,80.496668,0,0.900819,0,79.595514,0,0,,1839,9107,0,0,9107,1142888,9134260,0,9914811ae5975590,,0,4.5
20260927T201140Z-a843,c66701076edbaf96,1000550,delta-omp,cpu,resident,s0,106,0,0,0,1,warm,24,1,25,84.398025,0,0.861937,0,83.535592,0,0,,1280,6546,0,0,6546,1142588,9131802,0,657bfc39edfde598,,0,4.5
20260927T201140Z-a843,c66701076edbaf96,73594,delta-omp,cpu,resident,s0,107,0,0,0,1,warm,24,1,25,83.951199,0,0.916071,0,83.034331,0,0,,1609,8088,0,0,8088,1142539,9131430,0,89a0693a7eb907df,,0,4.5
20260927T201140Z-a843,c66701076edbaf96,301631,delta-omp,cpu,resident,s0,108,0,0,0,1,warm,24,1,25,88.404533,0,1.111472,0,87.292601,0,0,,1714,8574,0,0,8574,1142613,9132002,0,a13c34ca5c449e66,,0,4.5
20260927T201140Z-a843,c66701076edbaf96,430170,delta-omp,cpu,resident,s0,109,0,0,0,1,warm,24,1,25,81.583187,0,0.884577,0,80.698158,0,0,,1405,7075,0,0,7075,1142634,9132192,0,3139fb5fd0f393b3,,0,4.5
20260927T201140Z-a843,c66701076edbaf96,752814,delta-omp,cpu,resident,s0,110,0,0,0,1,warm,24,1,25,83.818611,0,0.898614,0,82.919446,0,0,,1087,5537,0,0,5537,1142986,9135008,0,8c917a45d206552d,,0,4.5
20260927T201140Z-a843,c66701076edbaf96,679839,delta-omp,cpu,resident,s0,111,0,0,0,1,warm,24,1,25,81.133407,0,0.912525,0,80.220556,0,0,,1516,7631,0,0,7631,1143082,9135732,0,71f28c62aa82d217,,0,4.5
20260927T201140Z-a843,c66701076edbaf96,619664,delta-omp,cpu,resident,s0,112,0,0,0,1,warm,24,1,25,82.685288,0,0.876362,0,81.808547,0,0,,1212,6092,0,0,6092,1142713,9132838,0,95f2dcfc501ad06e,,0,4.5
20260927T201140Z-a843,c66701076edbaf96,98827,delta-omp,cpu,resident,s0,113,0,0,0,1,warm,24,1,25,82.746831,0,0.911798,0,81.834489,0,0,,1204,6116,0,0,6116,1142923,9134490,0,00612f347f63bc08,,0,4.5
20260927T201140Z-a843,c66701076edbaf96,105994,delta-omp,cpu,resident,s0,114,0,0,0,1,warm,24,1,25,81.880168,0,0.987223,0,80.892105,0,0,,1545,7774,0,0,7774,1143038,9135438,0,4bfaff9193bbdfef,,0,4.5
20260927T201140Z-a843,c66701076edbaf96,243457,delta-omp,cpu,resident,s0,115,0,0,0,1,warm,24,1,25,83.887026,0,1.00876,0,82.877699,0,0,,1760,8732,0,0,8732,1142914,9134484,0,ad0dd27816987427,,0,4.5
20260927T201140Z-a843,c66701076edbaf96,734875,delta-omp,cpu,resident,s0,116,0,0,0,1,warm,24,1,25,81.990666,0,0.971321,0,81.018896,0,0,,1720,8609,0,0,8609,1142568,9131722,0,17ef0d8567862766,,0,4.5
20260927T201140Z-a843,c66701076edbaf96,370736,delta-omp,cpu,resident,s0,117,0,0,0,1,warm,24,1,25,83.514389,0,0.924082,0,82.589774,0,0,,1570,7858,0,0,7858,1142003,9127176,0,5c3180fa34ea9049,,0,4.5
20260927T201140Z-a843,c66701076edbaf96,521055,delta-omp,cpu,resident,s0,118,0,0,0,1,warm,24,1,25,82.711386,0,1.00313,0,81.707693,0,0,,1554,7817,0,0,7817,1142901,9134366,0,ab61220815625a78,,0,4.5
20260927T201140Z-a843,c66701076edbaf96,697461,delta-omp,cpu,resident,s0,119,0,0,0,1,warm,24,1,25,80.69207,0,0.918674,0,79.772708,0,0,,1694,8486,0,0,8486,1142429,9130630,0,3ddf044e25f83d4f,,0,4.5
20260927T201140Z-a843,c66701076edbaf96,696648,delta-omp,cpu,resident,s0,120,0,0,0,1,warm,24,1,25,84.423996,0,0.927483,0,83.496137,0,0,,1553,7820,0,0,7820,1142917,9134486,0,254d9204a927830b,,0,4.5
20260927T201140Z-a843,c66701076edbaf96,322939,delta-omp,cpu,resident,s0,121,0,0,0,1,warm,24,1,25,85.111654,0,0.880427,0,84.230674,0,0,,1464,7400,0,0,7400,1142489,9131044,0,b26fbd06f48c7658,,0,4.5
20260927T201140Z-a843,c66701076edbaf96,235403,delta-omp,cpu,resident,s0,122,0,0,0,1,warm,24,1,25,83.009681,0,0.865205,0,82.144061,0,0,,1255,6313,0,0,6313,1142600,9131960,0,b78b1de2f5a26d81,,0,4.5
20260927T201140Z-a843,c66701076edbaf96,842932,delta-omp,cpu,resident,s0,123,0,0,0,1,warm,24,1,25,83.793776,0,0.960293,0,82.833194,0,0,,1308,6688,0,0,6688,1142922,9134496,0,292a2f6ed53c5012,,0,4.5
20260927T201140Z-a843,c66701076edbaf96,776073,delta-omp,cpu,resident,s0,124,0,0,0,1,warm,24,1,25,83.330407,0,0.880344,0,82.449457,0,0,,1399,7098,0,0,7098,1142653,9132310,0,a04df1093857d854,,0,4.5
20260927T201140Z-a843,c66701076edbaf96,159157,delta-omp,cpu,resident,s0,125,0,0,0,1,warm,24,1,25,82.073433,0,0.902473,0,81.170619,0,0,,1617,8101,0,0,8101,1142424,9130550,0,940851ec667c58ee,,0,4.5
20260927T201140Z-a843,c66701076edbaf96,824874,delta-omp,cpu,resident,s0,126,0,0,0,1,warm,24,1,25,82.830209,0,0.92391,0,81.905839,0,0,,1274,6463,0,0,6463,1142224,9128976,0,d42cb5898be984f3,,0,4.5
20260927T201140Z-a843,c66701076edbaf96,523339,delta-omp,cpu,resident,s0,127,0,0,0,1,warm,24,1,25,83.391278,0,0.878859,0,82.511859,0,8.1e-05,,1228,6229,0,0,6229,1142875,9134148,0,6b13bf0bd1b7f21b,,0,4.5
20260927T201140Z-a843,c66701076edbaf96,140379,gpu-frontier,gpu,resident,s0,0,0,0,0,2,warm,0,1,0,63.831901,0,0.267969,2.298944,60.7865906,0.455226,0,,1571,1571,1571,0,0,39565918,158078846,0,0194bc45aa2b7bd5,2509.32031,0,4.5
20260927T201140Z-a843,c66701076edbaf96,143033,gpu-frontier,gpu,resident,s0,1,0,0,0,2,warm,0,1,0,66.907679,0,0,0,66.3929596,0.50104,0,,1680,1680,1680,0,0,43574218,174101674,0,5b8da2ba23672360,2510.2801,0,4.5
20260927T201140Z-a843,c66701076edbaf96,473133,gpu-frontier,gpu,resident,s0,2,0,0,0,2,warm,0,1,0,68.207019,0,0,0,67.7128677,0.480584,0,,1604,1604,1604,0,0,45471742,181680974,0,551bb7beaf35b173,2508.60087,0,4.5
20260927T201140Z-a843,c66701076edbaf96,22045,gpu-frontier,gpu,resident,s0,3,0,0,0,2,warm,0,1,0,40.029481,0,0,0,39.5671043,0.448713,0,,1103,1103,1103,0,0,26763214,106897622,0,b659a1864c16f101,2513.72573,0,4.5
20260927T201140Z-a843,c66701076edbaf96,367943,gpu-frontier,gpu,resident,s0,4,0,0,0,2,warm,0,1,0,71.777703,0,0,0,71.2272034,0.537212,0,,1892,1892,1892,0,0,49309627,197006325,0,19ea500da30075b2,2513.72573,0,4.5
20260927T201140Z-a843,c66701076edbaf96,955628,gpu-frontier,gpu,resident,s0,5,0,0,0,2,warm,0,1,0,69.131015,0,0,0,68.5650558,0.552489,0,,1833,1833,1833,0,0,47915434,191433921,0,9315192044a47b21,2513.72573,0,4.5
20260927T201140Z-a843,c66701076edbaf96,493619,gpu-frontier,gpu,resident,s0,6,0,0,0,2,warm,0,1,0,68.456825,0,0,0,67.9235535,0.518477,0,,1842,1842,1842,0,0,47519797,189856566,0,10dd6ae381b84252,2511.88159,0,4.5
20260927T201140Z-a843,c66701076edbaf96,78040,gpu-frontier,gpu,resident,s0,7,0,0,0,2,warm,0,1,0,69.130186,0,0,0,68.6262436,0.490069,0,,1842,1842,1842,0,0,48106774,192198974,0,56a292fe41b7d54b,2513.72573,0,4.5
20260927T201140Z-a843,c66701076edbaf96,597528,gpu-frontier,gpu,resident,s0,8,0,0,0,2,warm,0,1,0,61.28059,0,0,0,60.8089905,0.457768,0,,1668,1668,1668,0,0,42403831,169420790,0,da01e5ba298e7e3b,2513.72573,0,4.5
20260927T201140Z-a843,c66701076edbaf96,666088,gpu-frontier,gpu,resident,s0,9,0,0,0,2,warm,0,1,0,47.358988,0,0,0,46.9146576,0.430661,0,,1347,1347,1347,0,0,31087478,124189794,0,d6d7e557f0f85169,2511.96159,0,4.5
20260927T201140Z-a843,c66701076edbaf96,93798,gpu-frontier,gpu,resident,s0,10,0,0,0,2,warm,0,1,0,54.111916,0,0,0,53.6707191,0.42757,0,,1520,1520,1520,0,0,36073952,144121188,0,6e7bf2cc1ae81de6,2511.88159,0,4.5
20260927T201140Z-a843,c66701076edbaf96,583195,gpu-frontier,gpu,resident,s0,11,0,0,0,2,warm,0,1,0,68.753558,0,0,0,68.2995529,0.439539,0,,1765,1765,1765,0,0,47987124,191733950,0,caff7e83ca886c86,2513.72573,0,4.5
20260927T201140Z-a843,c66701076edbaf96,828010,gpu-frontier,gpu,resident,s0,12,0,0,0,2,warm,0,1,0,54.389243,0,0,0,53.9452171,0.429764,0,,1517,1517,1517,0,0,37304605,149039435,0,7141a77e2ba6e87b,2512.12189,0,4.5
20260927T201140Z-a843,c66701076edbaf96,232399,gpu-frontier,gpu,resident,s0,13,0,0,0,2,warm,0,1,0,50.977348,0,0,0,50.5444794,0.419896,0,,1485,1485,1485,0,0,34165959,136498518,0,5acf05509edbbd79,2513.72573,0,4.5
20260927T201140Z-a843,c66701076edbaf96,439005,gpu-frontier,gpu,resident,s0,14,0,0,0,2,warm,0,1,0,66.824219,0,0,0,66.3274918,0.482994,0,,1644,1644,1644,0,0,48225803,192685412,0,a9ead817df417563,2513.72573,0,4.5
20260927T201140Z-a843,c66701076edbaf96,261911,gpu-frontier,gpu,resident,s0,15,0,0,0,2,warm,0,1,0,45.389539,0,0,0,44.944191,0.431382,0,,1297,1297,1297,0,0,30038645,119993210,0,8984d55349b3d674,2514.12694,0,4.5
20260927T201140Z-a843,c66701076edbaf96,306042,gpu-frontier,gpu,resident,s0,16,0,0,0,2,warm,0,1,0,55.755786,0,0,0,55.3140144,0.427864,0,,1574,1574,1574,0,0,37275498,148925151,0,776f1233a5dbe9e9,2513.72573,0,4.5
20260927T201140Z-a843,c66701076edbaf96,842254,gpu-frontier,gpu,resident,s0,17,0,0,0,2,warm,0,1,0,40.914551,0,0,0,40.4683533,0.432769,0,,1200,1200,1200,0,0,26590647,106210007,0,e1b753c9824ba2ac,2513.72573,0,4.5
20260927T201140Z-a843,c66701076edbaf96,497647,gpu-frontier,gpu,resident,s0,18,0,0,0,2,warm,0,1,0,71.79542,0,0,0,71.312355,0.47029,0,,1875,1875,1875,0,0,49811942,199015683,0,2670421aa8297b39,2513.72573,0,4.5
20260927T201140Z-a843,c66701076edbaf96,283052,gpu-frontier,gpu,resident,s0,19,0,0,0,2,warm,0,1,0,59.017126,0,0,0,58.571743,0.431352,0,,1615,1615,1615,0,0,39704189,158632274,0,433493362fbdc0e3,2513.72573,0,4.5
20260927T201140Z-a843,c66701076edbaf96,299936,gpu-frontier,gpu,resident,s0,20,0,0,0,2,warm,0,1,0,70.584531,0,0,0,70.1316147,0.438502,0,,1802,1802,1802,0,0,48823955,195066141,0,5c046e9da7034c27,2513.72573,0,4.5
20260927T201140Z-a843,c66701076edbaf96,785373,gpu-frontier,gpu,resident,s0,21,0,0,0,2,warm,0,1,0,40.381356,0,0,0,39.9234543,0.444026,0,,1097,1097,1097,0,0,27122492,108333190,0,231eddebd76b6fad,2514.12694,0,4.5
20260927T201140Z-a843,c66701076edbaf96,480378,gpu-frontier,gpu,resident,s0,22,0,0,0,2,warm,0,1,0,60.341309,0,0,0,59.8332481,0.493243,0,,1642,1642,1642,0,0,41491931,165779854,0,fff9cc247687e936,2513.72573,0,4.5
20260927T201140Z-a843,c66701076edbaf96,321060,gpu-frontier,gpu,resident,s0,23,0,0,0,2,warm,0,1,0,71.611773,0,0,0,71.1094437,0.489202,0,,1923,1923,1923,0,0,49883710,199295097,0,13683e5eb406929a,2513.72573,0,4.5
20260927T201140Z-a843,c66701076edbaf96,337388,gpu-frontier,gpu,resident,s0,24,0,0,0,2,warm,0,1,0,71.707149,0,0,0,71.2263031,0.467292,0,,1921,1921,1921,0,0,49778395,198868327,0,13904ab293644b4b,2514.36796,0,4.5
20260927T201140Z-a843,c66701076edbaf96,118671,gpu-frontier,gpu,resident,s0,25,0,0,0,2,warm,0,1,0,54.746703,0,0,0,54.2918701,0.440189,0,,1535,1535,1535,0,0,36954268,147640215,0,355e763c9e30148a,2513.1642,0,4.5
20260927T201140Z-a843,c66701076edbaf96,125150,gpu-frontier,gpu,resident,s0,26,0,0,0,2,warm,0,1,0,69.31637,0,0,0,68.857666,0.444673,0,,1762,1762,1762,0,0,48814806,195035838,0,2610cb4418c2fa33,2514.20737,0,4.5
20260927T201140Z-a843,c66701076edbaf96,72476,gpu-frontier,gpu,resident,s0,27,0,0,0,2,warm,0,1,0,46.574544,0,0,0,46.0557137,0.504791,0,,1322,1322,1322,0,0,30823829,123132462,0,511104ffeb974275,2513.72573,0,4.5
20260927T201140Z-a843,c66701076edbaf96,728509,gpu-frontier,gpu,resident,s0,28,0,0,0,2,warm,0,1,0,70.41496,0,0,0,69.8795547,0.521462,0,,1918,1918,1918,0,0,48564778,194020917,0,d5ba49a61aad2090,2513.72573,0,4.5
20260927T201140Z-a843,c66701076edbaf96,679264,gpu-frontier,gpu,resident,s0,29,0,0,0,2,warm,0,1,0,63.318897,0,0,0,62.8254089,0.479961,0,,1756,1756,1756,0,0,43467978,173662314,0,1f9f145164a8d3ba,2513.72573,0,4.5
20260927T201140Z-a843,c66701076edbaf96,828590,gpu-frontier,gpu,resident,s0,30,0,0,0,2,warm,0,1,0,64.010365,0,0,0,63.5197105,0.477745,0,,1724,1724,1724,0,0,44012619,175847705,0,75869235508b61de,2503.57662,0,4.5
20260927T201140Z-a843,c66701076edbaf96,411591,gpu-frontier,gpu,resident,s0,31,0,0,0,2,warm,0,1,0,42.999387,0,0,0,42.5141754,0.471311,0,,1226,1226,1226,0,0,28458406,113677138,0,3a9a9b90ef518cee,2513.72573,0,4.5
20260927T201140Z-a843,c66701076edbaf96,555679,gpu-frontier,gpu,resident,s0,32,0,0,0,2,warm,0,1,0,55.929131,0,0,0,55.4577293,0.457063,0,,1528,1528,1528,0,0,37568729,150097176,0,afbdace234d8e184,2514.0468,0,4.5
20260927T201140Z-a843,c66701076edbaf96,417721,gpu-frontier,gpu,resident,s0,33,0,0,0,2,warm,0,1,0,62.131459,0,0,0,61.6682892,0.449337,0,,1653,1653,1653,0,0,42233873,168741096,0,bf42c08a928ad325,2513.72573,0,4.5
20260927T201140Z-a843,c66701076edbaf96,199603,gpu-frontier,gpu,resident,s0,34,0,0,0,2,warm,0,1,0,48.272665,0,0,0,47.8216629,0.437447,0,,1418,1418,1418,0,0,31977470,127748347,0,0f95736287a6c51b,2513.72573,0,4.5
20260927T201140Z-a843,c66701076edbaf96,625990,gpu-frontier,gpu,resident,s0,35,0,0,0,2,warm,0,1,0,40.443956,0,0,0,39.9858894,0.44398,0,,1171,1171,1171,0,0,27150153,108445819,0,d023fd85e5b256d3,2511.8016,0,4.5
20260927T201140Z-a843,c66701076edbaf96,931576,gpu-frontier,gpu,resident,s0,36,0,0,0,2,warm,0,1,0,59.929231,0,0,0,59.3591995,0.555194,0,,1633,1633,1633,0,0,41177398,164518943,0,dc4ab5fe35160bb7,2511.88159,0,4.5
20260927T201140Z-a843,c66701076edbaf96,388607,gpu-frontier,gpu,resident,s0,37,0,0,0,2,warm,0,1,0,46.829902,0,0,0,46.2693443,0.546082,0,,1342,1342,1342,0,0,31259552,124879248,0,d60d882602bb2445,2514.12694,0,4.5
20260927T201140Z-a843,c66701076edbaf96,40305,gpu-frontier,gpu,resident,s0,38,0,0,0,2,warm,0,1,0,69.499651,0,0,0,68.9815979,0.504253,0,,1844,1844,1844,0,0,46820787,187061162,0,4867207887c75490,2513.72573,0,4.5
20260927T201140Z-a843,c66701076edbaf96,297024,gpu-frontier,gpu,resident,s0,39,0,0,0,2,warm,0,1,0,49.376361,0,0,0,48.8671341,0.495505,0,,1393,1393,1393,0,0,31672324,126526883,0,470a3109f4dfe476,2513.72573,0,4.22
20260927T201140Z-a843,c66701076edbaf96,928309,gpu-frontier,gpu,resident,s0,40,0,0,0,2,warm,0,1,0,65.327146,0,0,0,64.8212128,0.491404,0,,1700,1700,1700,0,0,44849007,179193928,0,beddfd281855b9d6,2513.48513,0,4.22
20260927T201140Z-a843,c66701076edbaf96,274490,gpu-frontier,gpu,resident,s0,41,0,0,0,2,warm,0,1,0,71.784281,0,0,0,71.293663,0.477081,0,,1931,1931,1931,0,0,49837626,199085691,0,b76d667cc7b3dc10,2513.72573,0,4.22
20260927T201140Z-a843,c66701076edbaf96,545768,gpu-frontier,gpu,resident,s0,42,0,0,0,2,warm,0,1,0,61.124029,0,0,0,60.6554222,0.454718,0,,1567,1567,1567,0,0,43518107,173873077,0,5dcf8ffaad60d6ba,2513.72573,0,4.22
20260927T201140Z-a843,c66701076edbaf96,20469,gpu-frontier,gpu,resident,s0,43,0,0,0,2,warm,0,1,0,65.530419,0,0,0,65.0792007,0.437038,0,,1793,1793,1793,0,0,44839031,179145513,0,c5e981f86d212703,2513.72573,0,4.22
20260927T201140Z-a843,c66701076edbaf96,531301,gpu-frontier,gpu,resident,s0,44,0,0,0,2,warm,0,1,0,69.178603,0,0,0,68.725502,0.438919,0,,1833,1833,1833,0,0,47730456,190699274,0,3386570d5a03a7e2,2511.88159,0,4.22
20260927T201140Z-a843,c66701076edbaf96,1047443,gpu-frontier,gpu,resident,s0,45,0,0,0,2,warm,0,1,0,52.750276,0,0,0,52.2961617,0.44056,0,,1431,1431,1431,0,0,36310037,145066442,0,758e4e780d07883b,2513.72573,0,4.22
20260927T201140Z-a843,c66701076edbaf96,638272,gpu-frontier,gpu,resident,s0,46,0,0,0,2,warm,0,1,0,59.926038,0,0,0,59.4718094,0.440874,0,,1609,1609,1609,0,0,41352270,165225936,0,19bcdf9016021200,2512.12189,0,4.22
20260927T201140Z-a843,c66701076edbaf96,975530,gpu-frontier,gpu,resident,s0,47,0,0,0,2,warm,0,1,0,51.835545,0,0,0,51.3891525,0.432816,0,,1465,1465,1465,0,0,35126876,140336840,0,b5cb4363695dc642,2513.72573,0,4.22
20260927T201140Z-a843,c66701076edbaf96,914696,gpu-frontier,gpu,resident,s0,48,0,0,0,2,warm,0,1,0,69.354394,0,0,0,68.9006729,0.440752,0,,1854,1854,1854,0,0,48546987,193959120,0,9630dc5d377e379e,2513.72573,0,4.22
20260927T201140Z-a843,c66701076edbaf96,169940,gpu-frontier,gpu,resident,s0,49,0,0,0,2,warm,0,1,0,66.406835,0,0,0,65.9363174,0.455914,0,,1792,1792,1792,0,0,45904325,183399643,0,95882738bea78e48,2511.88159,0,4.22
20260927T201140Z-a843,c66701076edbaf96,834360,gpu-frontier,gpu,resident,s0,50,0,0,0,2,warm,0,1,0,63.475739,0,0,0,62.9894066,0.472232,0,,1714,1714,1714,0,0,43562232,174048822,0,b2af9c052f6aa536,2513.32465,0,4.22
20260927T201140Z-a843,c66701076edbaf96,518322,gpu-frontier,gpu,resident,s0,51,0,0,0,2,warm,0,1,0,68.991798,0,0,0,68.525856,0.451095,0,,1740,1740,1740,0,0,48595881,194165484,0,db073bf0f90b2a98,2513.72573,0,4.22
20260927T201140Z-a843,c66701076edbaf96,577541,gpu-frontier,gpu,resident,s0,52,0,0,0,2,warm,0,1,0,57.045606,0,0,0,56.5974388,0.434332,0,,1595,1595,1595,0,0,38742760,154787442,0,77a65005472fc098,2513.72573,0,4.22
20260927T201140Z-a843,c66701076edbaf96,764242,gpu-frontier,gpu,resident,s0,53,0,0,0,2,warm,0,1,0,57.376942,0,0,0,56.9394226,0.423837,0,,1619,1619,1619,0,0,39590121,158177838,0,9033d32d9660e9c4,2513.72573,0,4.22
20260927T201140Z-a843,c66701076edbaf96,14706,gpu-frontier,gpu,resident,s0,54,0,0,0,2,warm,0,1,0,48.656736,0,0,0,48.2096634,0.433925,0,,1356,1356,1356,0,0,32851057,131239874,0,a5e618cc4a6cd11c,2514.20737,0,4.22
20260927T201140Z-a843,c66701076edbaf96,471650,gpu-frontier,gpu,resident,s0,55,0,0,0,2,warm,0,1,0,48.781602,0,0,0,48.2618561,0.507722,0,,1423,1423,1423,0,0,32656753,130463083,0,5c2db82f624f6019,2513.72573,0,4.22
20260927T201140Z-a843,c66701076edbaf96,192150,gpu-frontier,gpu,resident,s0,56,0,0,0,2,warm,0,1,0,52.44788,0,0,0,51.928833,0.504746,0,,1534,1534,1534,0,0,34922633,139520999,0,a0aa745d6464a44e,2513.1642,0,4.22
20260927T201140Z-a843,c66701076edbaf96,59477,gpu-frontier,gpu,resident,s0,57,0,0,0,2,warm,0,1,0,69.913437,0,0,0,69.4272308,0.471351,0,,1849,1849,1849,0,0,48774184,194866766,0,a204b81edc32cc7e,2514.28751,0,4.22
20260927T201140Z-a843,c66701076edbaf96,201224,gpu-frontier,gpu,resident,s0,58,0,0,0,2,warm,0,1,0,49.808934,0,0,0,49.3298874,0.465321,0,,1510,1510,1510,0,0,32485676,129780058,0,7c70dcbcc6f31504,2513.72573,0,4.22
20260927T201140Z-a843,c66701076edbaf96,12846,gpu-frontier,gpu,resident,s0,59,0,0,0,2,warm,0,1,0,61.087254,0,0,0,60.6370888,0.436155,0,,1663,1663,1663,0,0,41364465,165267376,0,53492d3ce70c619e,2513.72573,0,4.22
20260927T201140Z-a843,c66701076edbaf96,88685,gpu-frontier,gpu,resident,s0,60,0,0,0,2,warm,0,1,0,74.260272,0,0,0,73.7965469,0.448759,0,,1938,1938,1938,0,0,51055953,203964488,0,0e83a3e19213231b,2513.72573,0,4.22
20260927T201140Z-a843,c66701076edbaf96,637,gpu-frontier,gpu,resident,s0,61,0,0,0,2,warm,0,1,0,54.546798,0,0,0,54.0807991,0.451932,0,,1545,1545,1545,0,0,36454465,145640580,0,cb147f7f9395de4d,2513.72573,0,4.22
20260927T201140Z-a843,c66701076edbaf96,140682,gpu-frontier,gpu,resident,s0,62,0,0,0,2,warm,0,1,0,64.240476,0,0,0,63.7878723,0.439013,0,,1755,1755,1755,0,0,44153432,176407665,0,05f6bf3b97ab9c44,2513.72573,0,4.22
20260927T201140Z-a843,c66701076edbaf96,242263,gpu-frontier,gpu,resident,s0,63,0,0,0,2,warm,0,1,0,57.535813,0,0,0,57.0909119,0.430325,0,,1494,1494,1494,0,0,40488853,161771635,0,909314f25aeaa7d5,2513.72573,0,4.22
20260927T201140Z-a843,c66701076edbaf96,955528,gpu-frontier,gpu,resident,s0,64,0,0,0,2,warm,0,1,0,43.425038,0,0,0,42.9812164,0.430962,0,,1251,1251,1251,0,0,28901385,115446165,0,b2722a7e696c72df,2513.32465,0,4.22
20260927T201140Z-a843,c66701076edbaf96,604431,gpu-frontier,gpu,resident,s0,65,0,0,0,2,warm,0,1,0,49.132541,0,0,0,48.6838722,0.435146,0,,1427,1427,1427,0,0,32088498,128190221,0,fd90c4b8cb50dbff,2513.72573,0,4.22
20260927T201140Z-a843,c66701076edbaf96,968747,gpu-frontier,gpu,resident,s0,66,0,0,0,2,warm,0,1,0,64.929616,0,0,0,64.4792633,0.436427,0,,1668,1668,1668,0,0,44449012,177594375,0,7e6718b380684cd1,2513.72573,0,4.22
20260927T201140Z-a843,c66701076edbaf96,25579,gpu-frontier,gpu,resident,s0,67,0,0,0,2,warm,0,1,0,72.834999,0,0,0,72.2768021,0.542843,0,,1933,1933,1933,0,0,49062978,196013435,0,3229d6200a4fb418,2513.72573,0,4.22
20260927T201140Z-a843,c66701076edbaf96,802074,gpu-frontier,gpu,resident,s0,68,0,0,0,2,warm,0,1,0,64.834153,0,0,0,64.2323837,0.587852,0,,1765,1765,1765,0,0,44366444,177256102,0,75cdb86da5eabfb0,2513.88626,0,4.22
20260927T201140Z-a843,c66701076edbaf96,785602,gpu-frontier,gpu,resident,s0,69,0,0,0,2,warm,0,1,0,58.246844,0,0,0,57.7381439,0.495356,0,,1540,1540,1540,0,0,40438966,161574297,0,816414c006cc404e,2513.72573,0,4.22
20260927T201140Z-a843,c66701076edbaf96,800647,gpu-frontier,gpu,resident,s0,70,0,0,0,2,warm,0,1,0,74.057021,0,0,0,73.5700836,0.472133,0,,1987,1987,1987,0,0,51400536,205336633,0,826cd67eaa9f4b33,2512.12189,0,4.22
20260927T201140Z-a843,c66701076edbaf96,1034835,gpu-frontier,gpu,resident,s0,71,0,0,0,2,warm,0,1,0,44.804787,0,0,0,44.317791,0.474652,0,,1352,1352,1352,0,0,29562031,118089221,0,aee93ced3cba03e1,2513.72573,0,4.22
20260927T201140Z-a843,c66701076edbaf96,591983,gpu-frontier,gpu,resident,s0,72,0,0,0,2,warm,0,1,0,65.304308,0,0,0,64.7657318,0.526048,0,,1728,1728,1728,0,0,45289790,180953020,0,06921044afbc0a6c,2513.72573,0,4.22
20260927T201140Z-a843,c66701076edbaf96,509143,gpu-frontier,gpu,resident,s0,73,0,0,0,2,warm,0,1,0,59.517687,0,0,0,59.0097618,0.495278,0,,1641,1641,1641,0,0,40905035,163430451,0,caa8a0c2a48999bb,2513.72573,0,4.22
20260927T201140Z-a843,c66701076edbaf96,258004,gpu-frontier,gpu,resident,s0,74,0,0,0,2,warm,0,1,0,70.490096,0,0,0,70.023201,0.452263,0,,1813,1813,1813,0,0,48324597,193074366,0,72de258eb31bb540,2513.1642,0,4.22
20260927T201140Z-a843,c66701076edbaf96,1008134,gpu-frontier,gpu,resident,s0,75,0,0,0,2,warm,0,1,0,74.524851,0,0,0,74.0802536,0.430532,0,,1971,1971,1971,0,0,50205529,200558274,0,ad81620dd0ccc9a5,2513.72573,0,4.22
20260927T201140Z-a843,c66701076edbaf96,693058,gpu-frontier,gpu,resident,s0,76,0,0,0,2,warm,0,1,0,70.454437,0,0,0,70.002594,0.437038,0,,1826,1826,1826,0,0,47862132,191222028,0,6a6111f023fb9ad7,2513.88626,0,4.22
20260927T201140Z-a843,c66701076edbaf96,567498,gpu-frontier,gpu,resident,s0,77,0,0,0,2,warm,0,1,0,66.80827,0,0,0,66.3676147,0.42565,0,,1836,1836,1836,0,0,45894048,183357171,0,4d57830ba3fcf997,2513.72573,0,4.22
20260927T201140Z-a843,c66701076edbaf96,626061,gpu-frontier,gpu,resident,s0,78,0,0,0,2,warm,0,1,0,68.316829,0,0,0,67.868576,0.435561,0,,1799,1799,1799,0,0,48199294,192569493,0,2bc79ed65418744c,2513.72573,0,4.22
20260927T201140Z-a843,c66701076edbaf96,599867,gpu-frontier,gpu,resident,s0,79,0,0,0,2,warm,0,1,0,59.989087,0,0,0,59.5501137,0.424837,0,,1568,1568,1568,0,0,41317005,165079676,0,bc4ff01d7bce33e5,2513.48513,0,4.22
20260927T201140Z-a843,c66701076edbaf96,721594,gpu-frontier,gpu,resident,s0,80,0,0,0,2,warm,0,1,0,64.795339,0,0,0,64.3429108,0.439249,0,,1691,1691,1691,0,0,44727802,178709642,0,e5d860fd5f515748,2512.2022,0,4.22
20260927T201140Z-a843,c66701076edbaf96,755768,gpu-frontier,gpu,resident,s0,81,0,0,0,2,warm,0,1,0,62.968228,0,0,0,62.5098228,0.445113,0,,1642,1642,1642,0,0,43548830,173996255,0,f0545bbc59e2b6d9,2513.72573,0,4.22
20260927T201140Z-a843,c66701076edbaf96,481879,gpu-frontier,gpu,resident,s0,82,0,0,0,2,warm,0,1,0,50.731446,0,0,0,50.2515182,0.466663,0,,1411,1411,1411,0,0,34083810,136165626,0,eb33c6eedfcb1504,2513.40474,0,4.22
20260927T201140Z-a843,c66701076edbaf96,666926,gpu-frontier,gpu,resident,s0,83,0,0,0,2,warm,0,1,0,55.931183,0,0,0,55.4708176,0.44692,0,,1495,1495,1495,0,0,39024366,155915840,0,3b100f409ba061e0,2513.72573,0,4.22
20260927T201140Z-a843,c66701076edbaf96,812308,gpu-frontier,gpu,resident,s0,84,0,0,0,2,warm,0,1,0,61.05629,0,0,0,60.5839996,0.45789,0,,1632,1632,1632,0,0,42866395,171277281,0,c31adf4c361e9520,2513.72573,0,4.22
20260927T201140Z-a843,c66701076edbaf96,940471,gpu-frontier,gpu,resident,s0,85,0,0,0,2,warm,0,1,0,73.749001,0,0,0,73.289505,0.445505,0,,2001,2001,2001,0,0,51051600,203929633,0,02bdf829a1772f2a,2514.20737,0,4.22
20260927T201140Z-a843,c66701076edbaf96,705817,gpu-frontier,gpu,resident,s0,86,0,0,0,2,warm,0,1,0,61.086688,0,0,0,60.6359024,0.436489,0,,1659,1659,1659,0,0,42191210,168569837,0,d08744491a4f6254,2514.0468,0,4.22
20260927T201140Z-a843,c66701076edbaf96,378775,gpu-frontier,gpu,resident,s0,87,0,0,0,2,warm,0,1,0,74.59105,0,0,0,74.1343994,0.442743,0,,1934,1934,1934,0,0,52961545,211597999,0,7976fe449628ee76,2513.72573,0,4.22
20260927T201140Z-a843,c66701076edbaf96,11928,gpu-frontier,gpu,resident,s0,88,0,0,0,2,warm,0,1,0,49.636305,0,0,0,49.1089935,0.514513,0,,1358,1358,1358,0,0,33461754,133680933,0,e313e61597c97dcc,2513.72573,0,4.22
20260927T201140Z-a843,c66701076edbaf96,149969,gpu-frontier,gpu,resident,s0,89,0,0,0,2,warm,0,1,0,65.424716,0,0,0,64.8858566,0.525433,0,,1759,1759,1759,0,0,45354310,181210849,0,90f30508e8b238e3,2513.72573,0,4.22
20260927T201140Z-a843,c66701076edbaf96,518422,gpu-frontier,gpu,resident,s0,90,0,0,0,2,warm,0,1,0,41.35346,0,0,0,40.840992,0.498922,0,,1171,1171,1171,0,0,27520516,109923435,0,c0b6e9e87d2215b0,2513.72573,0,4.22
20260927T201140Z-a843,c66701076edbaf96,764093,gpu-frontier,gpu,resident,s0,91,0,0,0,2,warm,0,1,0,56.50938,0,0,0,56.0247993,0.471048,0,,1603,1603,1603,0,0,37744671,150803212,0,53bfc44cc00c87db,2511.8016,0,4.22
20260927T201140Z-a843,c66701076edbaf96,818556,gpu-frontier,gpu,resident,s0,92,0,0,0,2,warm,0,1,0,69.399262,0,0,0,68.9364471,0.444482,0,,1820,1820,1820,0,0,48970146,195651235,0,3d8997c00e6cf508,2513.72573,0,4.22
20260927T201140Z-a843,c66701076edbaf96,284007,gpu-frontier,gpu,resident,s0,93,0,0,0,2,warm,0,1,0,44.739633,0,0,0,44.3020477,0.423197,0,,1295,1295,1295,0,0,29777809,118950069,0,2c0ccfa7ab97af66,2513.72573,0,4.22
20260927T201140Z-a843,c66701076edbaf96,147527,gpu-frontier,gpu,resident,s0,94,0,0,0,2,warm,0,1,0,68.208811,0,0,0,67.7721939,0.4235,0,,1785,1785,1785,0,0,48175313,192475347,0,6414f13426478617,2513.72573,0,4.22
20260927T201140Z-a843,c66701076edbaf96,810773,gpu-frontier,gpu,resident,s0,95,0,0,0,2,warm,0,1,0,48.3808,0,0,0,47.9313583,0.436202,0,,1389,1389,1389,0,0,32489432,129797159,0,26ab53717621d5f2,2513.24427,0,4.22
20260927T201140Z-a843,c66701076edbaf96,496849,gpu-frontier,gpu,resident,s0,96,0,0,0,2,warm,0,1,0,72.322279,0,0,0,71.8753891,0.433123,0,,1831,1831,1831,0,0,51147410,204352551,0,61fa850a08bc862f,2513.24427,0,4.22
20260927T201140Z-a843,c66701076edbaf96,1013688,gpu-frontier,gpu,resident,s0,97,0,0,0,2,warm,0,1,0,67.557769,0,0,0,66.991745,0.551925,0,,1722,1722,1722,0,0,46610947,186221814,0,1fa814dfb1f7b535,2513.72573,0,4.22
20260927T201140Z-a843,c66701076edbaf96,935512,gpu-frontier,gpu,resident,s0,98,0,0,0,2,warm,0,1,0,61.169675,0,0,0,60.5950394,0.557395,0,,1659,1659,1659,0,0,41954805,167624312,0,9403f9d957fe5c2b,2514.52827,0,4.22
20260927T201140Z-a843,c66701076edbaf96,714883,gpu-frontier,gpu,resident,s0,99,0,0,0,2,warm,0,1,0,67.486635,0,0,0,66.9582367,0.513909,0,,1816,1816,1816,0,0,46816626,187048417,0,4867872a759d804d,2513.72573,0,4.22
20260927T201140Z-a843,c66701076edbaf96,670214,gpu-frontier,gpu,resident,s0,100,0,0,0,2,warm,0,1,0,67.334863,0,0,0,66.8426895,0.478067,0,,1770,1770,1770,0,0,47003481,187800431,0,9888b5552dc26be3,2511.8016,0,4.22
20260927T201140Z-a843,c66701076edbaf96,922346,gpu-frontier,gpu,resident,s0,101,0,0,0,2,warm,0,1,0,45.046871,0,0,0,44.580864,0.45159,0,,1315,1315,1315,0,0,29113031,116295227,0,10711b84b3bef833,2513.88626,0,4.22
20260927T201140Z-a843,c66701076edbaf96,802242,gpu-frontier,gpu,resident,s0,102,0,0,0,2,warm,0,1,0,48.129619,0,0,0,47.6814728,0.434035,0,,1408,1408,1408,0,0,31473639,125735393,0,5f8b395e1c757b0b,2513.72573,0,4.22
20260927T201140Z-a843,c66701076edbaf96,45284,gpu-frontier,gpu,resident,s0,103,0,0,0,2,warm,0,1,0,70.369225,0,0,0,69.9166412,0.437898,0,,1841,1841,1841,0,0,48847455,195157490,0,101c5992f307ed7a,2513.24427,0,4.22
20260927T201140Z-a843,c66701076edbaf96,908797,gpu-frontier,gpu,resident,s0,104,0,0,0,2,warm,0,1,0,67.763338,0,0,0,67.2890549,0.459763,0,,1711,1711,1711,0,0,47202357,188593383,0,2c3edda3a4e7d134,2513.72573,0,4.22
20260927T201140Z-a843,c66701076edbaf96,281396,gpu-frontier,gpu,resident,s0,105,0,0,0,2,warm,0,1,0,77.199691,0,0,0,76.7437744,0.441076,0,,2026,2026,2026,0,0,52948114,211505194,0,9914811ae5975590,2513.72573,0,4.22
20260927T201140Z-a843,c66701076edbaf96,1000550,gpu-frontier,gpu,resident,s0,106,0,0,0,2,warm,0,1,0,50.51554,0,0,0,49.9927025,0.507965,0,,1395,1395,1395,0,0,33632310,134364907,0,657bfc39edfde598,2511.96159,0,4.22
20260927T201140Z-a843,c66701076edbaf96,73594,gpu-frontier,gpu,resident,s0,107,0,0,0,2,warm,0,1,0,65.173472,0,0,0,64.6808624,0.479248,0,,1795,1795,1795,0,0,44709421,178629719,0,89a0693a7eb907df,2512.12189,0,4.22
20260927T201140Z-a843,c66701076edbaf96,301631,gpu-frontier,gpu,resident,s0,108,0,0,0,2,warm,0,1,0,74.329332,0,0,0,73.8540497,0.461348,0,,1900,1900,1900,0,0,52814181,211008362,0,a13c34ca5c449e66,2513.72573,0,4.22
20260927T201140Z-a843,c66701076edbaf96,430170,gpu-frontier,gpu,resident,s0,109,0,0,0,2,warm,0,1,0,53.939055,0,0,0,53.4785271,0.445359,0,,1555,1555,1555,0,0,36475012,145726362,0,3139fb5fd0f393b3,2513.72573,0,4.22
20260927T201140Z-a843,c66701076edbaf96,752814,gpu-frontier,gpu,resident,s0,110,0,0,0,2,warm,0,1,0,44.803692,0,0,0,44.3441925,0.444318,0,,1208,1208,1208,0,0,30268922,120909001,0,8c917a45d206552d,2511.8016,0,4.22
20260927T201140Z-a843,c66701076edbaf96,679839,gpu-frontier,gpu,resident,s0,111,0,0,0,2,warm,0,1,0,61.620612,0,0,0,61.1647682,0.441439,0,,1683,1683,1683,0,0,42023377,167897744,0,71f28c62aa82d217,2514.28751,0,4.22
20260927T201140Z-a843,c66701076edbaf96,619664,gpu-frontier,gpu,resident,s0,112,0,0,0,2,warm,0,1,0,44.215922,0,0,0,43.6657295,0.536555,0,,1330,1330,1330,0,0,28394185,113424720,0,95f2dcfc501ad06e,2513.72573,0,4.22
20260927T201140Z-a843,c66701076edbaf96,98827,gpu-frontier,gpu,resident,s0,113,0,0,0,2,warm,0,1,0,46.870015,0,0,0,46.3152962,0.542534,0,,1346,1346,1346,0,0,30417428,121509584,0,00612f347f63bc08,2513.40474,0,4.22
20260927T201140Z-a843,c66701076edbaf96,105994,gpu-frontier,gpu,resident,s0,114,0,0,0,2,warm,0,1,0,72.960149,0,0,0,72.4703369,0.4758,0,,1733,1733,1733,0,0,51192672,204537931,0,4bfaff9193bbdfef,2513.72573,0,4.22
20260927T201140Z-a843,c66701076edbaf96,243457,gpu-frontier,gpu,resident,s0,115,0,0,0,2,warm,0,1,0,74.905105,0,0,0,74.4474869,0.44359,0,,1962,1962,1962,0,0,50696336,202524958,0,ad0dd27816987427,2513.72573,0,3.96
20260927T201140Z-a843,c66701076edbaf96,734875,gpu-frontier,gpu,resident,s0,116,0,0,0,2,warm,0,1,0,70.164173,0,0,0,69.669632,0.480099,0,,1919,1919,1919,0,0,48239207,192714476,0,17ef0d8567862766,2513.72573,0,3.96
20260927T201140Z-a843,c66701076edbaf96,370736,gpu-frontier,gpu,resident,s0,117,0,0,0,2,warm,0,1,0,63.779831,0,0,0,63.3177605,0.446353,0,,1746,1746,1746,0,0,43989977,175752732,0,5c3180fa34ea9049,2513.72573,0,3.96
20260927T201140Z-a843,c66701076edbaf96,521055,gpu-frontier,gpu,resident,s0,118,0,0,0,2,warm,0,1,0,63.906546,0,0,0,63.4581108,0.433507,0,,1719,1719,1719,0,0,44729874,178716174,0,ab61220815625a78,2514.0468,0,3.96
20260927T201140Z-a843,c66701076edbaf96,697461,gpu-frontier,gpu,resident,s0,119,0,0,0,2,warm,0,1,0,69.520194,0,0,0,69.0729294,0.432516,0,,1888,1888,1888,0,0,48160297,192400341,0,3ddf044e25f83d4f,2513.88626,0,3.96
20260927T201140Z-a843,c66701076edbaf96,696648,gpu-frontier,gpu,resident,s0,120,0,0,0,2,warm,0,1,0,63.557795,0,0,0,63.0596161,0.483127,0,,1713,1713,1713,0,0,44447995,177592436,0,254d9204a927830b,2513.72573,0,3.96
20260927T201140Z-a843,c66701076edbaf96,322939,gpu-frontier,gpu,resident,s0,121,0,0,0,2,warm,0,1,0,60.003855,0,0,0,59.4799995,0.509228,0,,1580,1580,1580,0,0,42537319,169956562,0,b26fbd06f48c7658,2512.2022,0,3.96
20260927T201140Z-a843,c66701076edbaf96,235403,gpu-frontier,gpu,resident,s0,122,0,0,0,2,warm,0,1,0,46.471919,0,0,0,45.9804153,0.477452,0,,1383,1383,1383,0,0,30526616,121946893,0,b78b1de2f5a26d81,2513.72573,0,3.96
20260927T201140Z-a843,c66701076edbaf96,842932,gpu-frontier,gpu,resident,s0,123,0,0,0,2,warm,0,1,0,52.317562,0,0,0,51.8503036,0.452674,0,,1441,1441,1441,0,0,36137382,144376287,0,292a2f6ed53c5012,2512.2022,0,3.96
20260927T201140Z-a843,c66701076edbaf96,776073,gpu-frontier,gpu,resident,s0,124,0,0,0,2,warm,0,1,0,56.198854,0,0,0,55.7504005,0.433657,0,,1562,1562,1562,0,0,38310628,153062432,0,a04df1093857d854,2513.88626,0,3.96
20260927T201140Z-a843,c66701076edbaf96,159157,gpu-frontier,gpu,resident,s0,125,0,0,0,2,warm,0,1,0,71.297627,0,0,0,70.8297577,0.454305,0,,1799,1799,1799,0,0,49812614,199018075,0,940851ec667c58ee,2513.40474,0,3.96
20260927T201140Z-a843,c66701076edbaf96,824874,gpu-frontier,gpu,resident,s0,126,0,0,0,2,warm,0,1,0,50.645474,0,0,0,50.2014389,0.430331,0,,1420,1420,1420,0,0,33379291,133347737,0,d42cb5898be984f3,2511.96159,0,3.96
20260927T201140Z-a843,c66701076edbaf96,523339,gpu-frontier,gpu,resident,s0,127,0,0,0,2,warm,0,1,0,48.63429,0,0,0,47.0261765,0.472164,1.121477,,1350,1350,1350,0,0,30445478,121622277,0,6b13bf0bd1b7f21b,2511.72132,0,3.96
20260927T201140Z-a843,c66701076edbaf96,140379,gpu-nearfar,gpu,resident,s0,0,0,0,0,3,warm,0,1,25,126.310839,0,0.253209,2.41523194,122.467491,0.547772,0,,7123,7123,19888,0,0,1075201,4296635,0,0194bc45aa2b7bd5,2513.00376,0,3.96
20260927T201140Z-a843,c66701076edbaf96,143033,gpu-nearfar,gpu,resident,s0,1,0,0,0,3,warm,0,1,25,134.114505,0,0,0,132.8927,0.508564,0,,7783,7783,21704,0,0,1075257,4296874,0,5b8da2ba23672360,2511.88159,0,3.96
20260927T201140Z-a843,c66701076edbaf96,473133,gpu-nearfar,gpu,resident,s0,2,0,0,0,3,warm,0,1,25,129.323704,0,0,0,128.103226,0.500354,0,,7505,7505,20896,0,0,1075395,4297410,0,551bb7beaf35b173,2509.00044,0,3.96
20260927T201140Z-a843,c66701076edbaf96,22045,gpu-nearfar,gpu,resident,s0,3,0,0,0,3,warm,0,1,25,89.637585,0,0,0,88.585022,0.483488,0,,5219,5219,14400,0,0,1075255,4296855,0,b659a1864c16f101,2508.92063,0,3.96
20260927T201140Z-a843,c66701076edbaf96,367943,gpu-nearfar,gpu,resident,s0,4,0,0,0,3,warm,0,1,25,147.225242,0,0,0,146.13385,0.503686,0,,8525,8525,23884,0,0,1075405,4297454,0,19ea500da30075b2,2510.76042,0,3.96
20260927T201140Z-a843,c66701076edbaf96,955628,gpu-nearfar,gpu,resident,s0,5,0,0,0,3,warm,0,1,25,143.888418,0,0,0,142.775238,0.516903,0,,8331,8331,23300,0,0,1075245,4296818,0,9315192044a47b21,2509.56011,0,3.96
20260927T201140Z-a843,c66701076edbaf96,493619,gpu-nearfar,gpu,resident,s0,6,0,0,0,3,warm,0,1,25,144.136618,0,0,0,142.998566,0.500644,0,,8366,8366,23390,0,0,1075303,4297043,0,10dd6ae381b84252,2511.16068,0,3.96
20260927T201140Z-a843,c66701076edbaf96,78040,gpu-nearfar,gpu,resident,s0,7,0,0,0,3,warm,0,1,25,144.072864,0,0,0,142.913635,0.500039,0,,8347,8347,23388,0,0,1075114,4296284,0,56a292fe41b7d54b,2508.60087,0,3.96
20260927T201140Z-a843,c66701076edbaf96,597528,gpu-nearfar,gpu,resident,s0,8,0,0,0,3,warm,0,1,25,132.342704,0,0,0,131.259354,0.498059,0,,7681,7681,21424,0,0,1075156,4296465,0,da01e5ba298e7e3b,2510.84035,0,3.96
20260927T201140Z-a843,c66701076edbaf96,666088,gpu-nearfar,gpu,resident,s0,9,0,0,0,3,warm,0,1,25,107.670062,0,0,0,106.59008,0.493771,0,,6251,6251,17396,0,0,1075410,4297464,0,d6d7e557f0f85169,2511.16068,0,3.96
20260927T201140Z-a843,c66701076edbaf96,93798,gpu-nearfar,gpu,resident,s0,10,0,0,0,3,warm,0,1,25,120.578868,0,0,0,119.510658,0.487336,0,,7004,7004,19538,0,0,1075459,4297668,0,6e7bf2cc1ae81de6,2511.16068,0,3.96
20260927T201140Z-a843,c66701076edbaf96,583195,gpu-nearfar,gpu,resident,s0,11,0,0,0,3,warm,0,1,25,139.156821,0,0,0,138.072861,0.499133,0,,8055,8055,22536,0,0,1075311,4297068,0,caff7e83ca886c86,2509.00044,0,3.96
20260927T201140Z-a843,c66701076edbaf96,828010,gpu-nearfar,gpu,resident,s0,12,0,0,0,3,warm,0,1,25,121.869843,0,0,0,120.796066,0.497137,0,,7081,7081,19708,0,0,1075541,4298004,0,7141a77e2ba6e87b,2508.44102,0,3.96
20260927T201140Z-a843,c66701076edbaf96,232399,gpu-nearfar,gpu,resident,s0,13,0,0,0,3,warm,0,1,25,119.181524,0,0,0,118.062721,0.544618,0,,6895,6895,19168,0,0,1075490,4297789,0,5acf05509edbbd79,2508.60087,0,3.96
20260927T201140Z-a843,c66701076edbaf96,439005,gpu-nearfar,gpu,resident,s0,14,0,0,0,3,warm,0,1,25,129.787346,0,0,0,128.618332,0.512281,0,,7515,7515,20916,0,0,1075377,4297327,0,a9ead817df417563,2508.84054,0,3.96
20260927T201140Z-a843,c66701076edbaf96,261911,gpu-nearfar,gpu,resident,s0,15,0,0,0,3,warm,0,1,25,104.444224,0,0,0,103.223137,0.538054,0,,6041,6041,16840,0,0,1075610,4298257,0,8984d55349b3d674,2509.56011,0,3.96
20260927T201140Z-a843,c66701076edbaf96,306042,gpu-nearfar,gpu,resident,s0,16,0,0,0,3,warm,0,1,25,124.854934,0,0,0,123.558975,0.533536,0,,7187,7187,20048,0,0,1075200,4296632,0,776f1233a5dbe9e9,2509.16036,0,3.96
20260927T201140Z-a843,c66701076edbaf96,842254,gpu-nearfar,gpu,resident,s0,17,0,0,0,3,warm,0,1,25,96.79229,0,0,0,95.5474243,0.515969,0,,5599,5599,15568,0,0,1075344,4297198,0,e1b753c9824ba2ac,2508.84054,0,3.96
20260927T201140Z-a843,c66701076edbaf96,497647,gpu-nearfar,gpu,resident,s0,18,0,0,0,3,warm,0,1,25,145.886547,0,0,0,144.713821,0.503508,0,,8455,8455,23680,0,0,1075122,4296320,0,2670421aa8297b39,2510.20022,0,3.96
20260927T201140Z-a843,c66701076edbaf96,283052,gpu-nearfar,gpu,resident,s0,19,0,0,0,3,warm,0,1,25,127.051561,0,0,0,125.915039,0.505609,0,,7353,7353,20528,0,0,1075569,4298099,0,433493362fbdc0e3,2511.16068,0,3.96
20260927T201140Z-a843,c66701076edbaf96,299936,gpu-nearfar,gpu,resident,s0,20,0,0,0,3,warm,0,1,25,144.515572,0,0,0,143.406937,0.49759,0,,8392,8392,23450,0,0,1075454,4297643,0,5c046e9da7034c27,2509.48027,0,3.96
20260927T201140Z-a843,c66701076edbaf96,785373,gpu-nearfar,gpu,resident,s0,21,0,0,0,3,warm,0,1,25,90.819016,0,0,0,89.7001953,0.515435,0,,5280,5280,14594,0,0,1075176,4296531,0,231eddebd76b6fad,2510.44019,0,3.96
20260927T201140Z-a843,c66701076edbaf96,480378,gpu-nearfar,gpu,resident,s0,22,0,0,0,3,warm,0,1,25,129.553119,0,0,0,128.4487,0.512947,0,,7466,7466,20830,0,0,1075476,4297726,0,fff9cc247687e936,2510.84035,0,3.96
20260927T201140Z-a843,c66701076edbaf96,321060,gpu-nearfar,gpu,resident,s0,23,0,0,0,3,warm,0,1,25,148.339899,0,0,0,147.194107,0.499285,0,,8603,8603,24092,0,0,1075431,4297556,0,13683e5eb406929a,2508.68095,0,3.96
20260927T201140Z-a843,c66701076edbaf96,337388,gpu-nearfar,gpu,resident,s0,24,0,0,0,3,warm,0,1,25,149.247823,0,0,0,148.10025,0.492105,0,,8649,8649,24208,0,0,1075586,4298157,0,13904ab293644b4b,2510.36029,0,3.96
20260927T201140Z-a843,c66701076edbaf96,118671,gpu-nearfar,gpu,resident,s0,25,0,0,0,3,warm,0,1,25,120.893348,0,0,0,119.745476,0.489019,0,,7017,7017,19552,0,0,1075302,4297032,0,355e763c9e30148a,2511.16068,0,3.96
20260927T201140Z-a843,c66701076edbaf96,125150,gpu-nearfar,gpu,resident,s0,26,0,0,0,3,warm,0,1,25,140.140765,0,0,0,139.018204,0.493325,0,,8120,8120,22682,0,0,1075449,4297619,0,2610cb4418c2fa33,2507.08354,0,3.96
20260927T201140Z-a843,c66701076edbaf96,72476,gpu-nearfar,gpu,resident,s0,27,0,0,0,3,warm,0,1,25,105.279918,0,0,0,104.221245,0.487716,0,,6112,6112,16986,0,0,1075400,4297426,0,511104ffeb974275,2508.60087,0,3.96
20260927T201140Z-a843,c66701076edbaf96,728509,gpu-nearfar,gpu,resident,s0,28,0,0,0,3,warm,0,1,25,149.721873,0,0,0,148.660385,0.488386,0,,8688,8688,24302,0,0,1075477,4297741,0,d5ba49a61aad2090,2508.84054,0,3.96
20260927T201140Z-a843,c66701076edbaf96,679264,gpu-nearfar,gpu,resident,s0,29,0,0,0,3,warm,0,1,25,140.216686,0,0,0,139.114075,0.521534,0,,8093,8093,22596,0,0,1075450,4297646,0,1f9f145164a8d3ba,2511.16068,0,3.96
20260927T201140Z-a843,c66701076edbaf96,828590,gpu-nearfar,gpu,resident,s0,30,0,0,0,3,warm,0,1,25,137.233799,0,0,0,136.009766,0.539832,0,,7943,7943,22164,0,0,1075334,4297176,0,75869235508b61de,2508.60087,0,3.96
20260927T201140Z-a843,c66701076edbaf96,411591,gpu-nearfar,gpu,resident,s0,31,0,0,0,3,warm,0,1,25,98.196951,0,0,0,96.8968353,0.554377,0,,5652,5652,15710,0,0,1075276,4296942,0,3a9a9b90ef518cee,2510.44019,0,3.8
20260927T201140Z-a843,c66701076edbaf96,555679,gpu-nearfar,gpu,resident,s0,32,0,0,0,3,warm,0,1,25,119.741529,0,0,0,118.530785,0.500584,0,,6941,6941,19352,0,0,1075497,4297820,0,afbdace234d8e184,2510.44019,0,3.8
20260927T201140Z-a843,c66701076edbaf96,417721,gpu-nearfar,gpu,resident,s0,33,0,0,0,3,warm,0,1,25,130.494441,0,0,0,129.366043,0.52617,0,,7578,7578,21114,0,0,1075436,4297566,0,bf42c08a928ad325,2508.60087,0,3.8
20260927T201140Z-a843,c66701076edbaf96,199603,gpu-nearfar,gpu,resident,s0,34,0,0,0,3,warm,0,1,25,113.017873,0,0,0,111.942558,0.495061,0,,6560,6560,18274,0,0,1075040,4295980,0,0f95736287a6c51b,2508.60087,0,3.8
20260927T201140Z-a843,c66701076edbaf96,625990,gpu-nearfar,gpu,resident,s0,35,0,0,0,3,warm,0,1,25,95.281678,0,0,0,94.2010574,0.495542,0,,5525,5525,15304,0,0,1075198,4296623,0,d023fd85e5b256d3,2510.68021,0,3.8
20260927T201140Z-a843,c66701076edbaf96,931576,gpu-nearfar,gpu,resident,s0,36,0,0,0,3,warm,0,1,25,128.576866,0,0,0,127.451965,0.504093,0,,7465,7465,20816,0,0,1075222,4296713,0,dc4ab5fe35160bb7,2510.68021,0,3.8
20260927T201140Z-a843,c66701076edbaf96,388607,gpu-nearfar,gpu,resident,s0,37,0,0,0,3,warm,0,1,25,109.198283,0,0,0,108.101891,0.495315,0,,6344,6344,17622,0,0,1075342,4297211,0,d60d882602bb2445,2511.16068,0,3.8
20260927T201140Z-a843,c66701076edbaf96,40305,gpu-nearfar,gpu,resident,s0,38,0,0,0,3,warm,0,1,25,144.356032,0,0,0,143.255936,0.514844,0,,8342,8342,23322,0,0,1075256,4296854,0,4867207887c75490,2508.60087,0,3.8
20260927T201140Z-a843,c66701076edbaf96,297024,gpu-nearfar,gpu,resident,s0,39,0,0,0,3,warm,0,1,25,111.619955,0,0,0,110.442146,0.491449,0,,6459,6459,17988,0,0,1075469,4297707,0,470a3109f4dfe476,2510.6003,0,3.8
20260927T201140Z-a843,c66701076edbaf96,928309,gpu-nearfar,gpu,resident,s0,40,0,0,0,3,warm,0,1,25,136.20838,0,0,0,134.977631,0.507254,0,,7899,7899,22028,0,0,1075524,4297938,0,beddfd281855b9d6,2511.16068,0,3.8
20260927T201140Z-a843,c66701076edbaf96,274490,gpu-nearfar,gpu,resident,s0,41,0,0,0,3,warm,0,1,25,151.238411,0,0,0,150.210556,0.489377,0,,8770,8770,24586,0,0,1075414,4297496,0,b76d667cc7b3dc10,2511.16068,0,3.8
20260927T201140Z-a843,c66701076edbaf96,545768,gpu-nearfar,gpu,resident,s0,42,0,0,0,3,warm,0,1,25,126.76134,0,0,0,125.693764,0.506344,0,,7370,7370,20490,0,0,1075295,4297002,0,5dcf8ffaad60d6ba,2509.16036,0,3.8
20260927T201140Z-a843,c66701076edbaf96,20469,gpu-nearfar,gpu,resident,s0,43,0,0,0,3,warm,0,1,25,140.937348,0,0,0,139.881287,0.494666,0,,8177,8177,22868,0,0,1075220,4296713,0,c5e981f86d212703,2509.32031,0,3.8
20260927T201140Z-a843,c66701076edbaf96,531301,gpu-nearfar,gpu,resident,s0,44,0,0,0,3,warm,0,1,25,143.208033,0,0,0,142.159973,0.492773,0,,8329,8329,23256,0,0,1075530,4297949,0,3386570d5a03a7e2,2510.2801,0,3.8
20260927T201140Z-a843,c66701076edbaf96,1047443,gpu-nearfar,gpu,resident,s0,45,0,0,0,3,warm,0,1,25,115.02865,0,0,0,113.958687,0.50001,0,,6696,6696,18586,0,0,1075325,4297126,0,758e4e780d07883b,2510.6003,0,3.8
20260927T201140Z-a843,c66701076edbaf96,638272,gpu-nearfar,gpu,resident,s0,46,0,0,0,3,warm,0,1,25,129.168925,0,0,0,128.048157,0.535546,0,,7438,7438,20690,0,0,1075598,4298219,0,19bcdf9016021200,2511.16068,0,3.8
20260927T201140Z-a843,c66701076edbaf96,975530,gpu-nearfar,gpu,resident,s0,47,0,0,0,3,warm,0,1,25,117.564487,0,0,0,116.374527,0.494067,0,,6816,6816,18970,0,0,1075502,4297818,0,b5cb4363695dc642,2508.60087,0,3.8
20260927T201140Z-a843,c66701076edbaf96,914696,gpu-nearfar,gpu,resident,s0,48,0,0,0,3,warm,0,1,25,144.290648,0,0,0,143.007431,0.501302,0,,8365,8365,23396,0,0,1075590,4298195,0,9630dc5d377e379e,2509.08055,0,3.8
20260927T201140Z-a843,c66701076edbaf96,169940,gpu-nearfar,gpu,resident,s0,49,0,0,0,3,warm,0,1,25,139.801551,0,0,0,138.743942,0.494633,0,,8096,8096,22638,0,0,1075503,4297841,0,95882738bea78e48,2509.24048,0,3.8
20260927T201140Z-a843,c66701076edbaf96,834360,gpu-nearfar,gpu,resident,s0,50,0,0,0,3,warm,0,1,25,136.377258,0,0,0,135.247101,0.495603,0,,7906,7906,22094,0,0,1075493,4297808,0,b2af9c052f6aa536,2511.16068,0,3.8
20260927T201140Z-a843,c66701076edbaf96,518322,gpu-nearfar,gpu,resident,s0,51,0,0,0,3,warm,0,1,25,136.209628,0,0,0,135.138489,0.492165,0,,7908,7908,22098,0,0,1075341,4297206,0,db073bf0f90b2a98,2511.00051,0,3.8
20260927T201140Z-a843,c66701076edbaf96,577541,gpu-nearfar,gpu,resident,s0,52,0,0,0,3,warm,0,1,25,125.590035,0,0,0,124.50499,0.506244,0,,7286,7286,20318,0,0,1075373,4297313,0,77a65005472fc098,2511.16068,0,3.8
20260927T201140Z-a843,c66701076edbaf96,764242,gpu-nearfar,gpu,resident,s0,53,0,0,0,3,warm,0,1,25,127.304544,0,0,0,126.202049,0.521954,0,,7391,7391,20624,0,0,1075068,4296099,0,9033d32d9660e9c4,2508.68095,0,3.8
20260927T201140Z-a843,c66701076edbaf96,14706,gpu-nearfar,gpu,resident,s0,54,0,0,0,3,warm,0,1,25,109.518259,0,0,0,108.374077,0.491978,0,,6352,6352,17642,0,0,1074979,4295758,0,a5e618cc4a6cd11c,2508.60087,0,3.8
20260927T201140Z-a843,c66701076edbaf96,471650,gpu-nearfar,gpu,resident,s0,55,0,0,0,3,warm,0,1,25,115.09789,0,0,0,113.948898,0.501595,0,,6674,6674,18590,0,0,1075516,4297891,0,5c2db82f624f6019,2508.76074,0,3.8
20260927T201140Z-a843,c66701076edbaf96,192150,gpu-nearfar,gpu,resident,s0,56,0,0,0,3,warm,0,1,25,123.096653,0,0,0,122.006882,0.522912,0,,7085,7085,19720,0,0,1075456,4297644,0,a0aa745d6464a44e,2511.16068,0,3.8
20260927T201140Z-a843,c66701076edbaf96,59477,gpu-nearfar,gpu,resident,s0,57,0,0,0,3,warm,0,1,25,145.728308,0,0,0,144.520325,0.511785,0,,8443,8443,23624,0,0,1075297,4297031,0,a204b81edc32cc7e,2508.60087,0,3.8
20260927T201140Z-a843,c66701076edbaf96,201224,gpu-nearfar,gpu,resident,s0,58,0,0,0,3,warm,0,1,25,120.05102,0,0,0,118.88205,0.498321,0,,6961,6961,19412,0,0,1075286,4296981,0,7c70dcbcc6f31504,2509.08055,0,3.8
20260927T201140Z-a843,c66701076edbaf96,12846,gpu-nearfar,gpu,resident,s0,59,0,0,0,3,warm,0,1,25,130.767931,0,0,0,129.623932,0.490194,0,,7583,7583,21160,0,0,1075188,4296568,0,53492d3ce70c619e,2508.60087,0,3.8
20260927T201140Z-a843,c66701076edbaf96,88685,gpu-nearfar,gpu,resident,s0,60,0,0,0,3,warm,0,1,25,150.661359,0,0,0,149.574661,0.493308,0,,8742,8742,24466,0,0,1075296,4297014,0,0e83a3e19213231b,2508.76074,0,3.8
20260927T201140Z-a843,c66701076edbaf96,637,gpu-nearfar,gpu,resident,s0,61,0,0,0,3,warm,0,1,25,122.997163,0,0,0,121.842911,0.550311,0,,7119,7119,19868,0,0,1075195,4296611,0,cb147f7f9395de4d,2509.16036,0,3.8
20260927T201140Z-a843,c66701076edbaf96,140682,gpu-nearfar,gpu,resident,s0,62,0,0,0,3,warm,0,1,25,138.088765,0,0,0,136.846207,0.509342,0,,7978,7978,22286,0,0,1075594,4298223,0,05f6bf3b97ab9c44,2508.60087,0,3.8
20260927T201140Z-a843,c66701076edbaf96,242263,gpu-nearfar,gpu,resident,s0,63,0,0,0,3,warm,0,1,25,118.845376,0,0,0,117.618462,0.531677,0,,6899,6899,19176,0,0,1075398,4297407,0,909314f25aeaa7d5,2510.6003,0,3.8
20260927T201140Z-a843,c66701076edbaf96,955528,gpu-nearfar,gpu,resident,s0,64,0,0,0,3,warm,0,1,25,99.020358,0,0,0,97.7998734,0.491523,0,,5741,5741,15976,0,0,1075213,4296690,0,b2722a7e696c72df,2511.16068,0,3.8
20260927T201140Z-a843,c66701076edbaf96,604431,gpu-nearfar,gpu,resident,s0,65,0,0,0,3,warm,0,1,25,113.25842,0,0,0,112.161758,0.486628,0,,6555,6555,18288,0,0,1075400,4297438,0,fd90c4b8cb50dbff,2509.56011,0,3.8
20260927T201140Z-a843,c66701076edbaf96,968747,gpu-nearfar,gpu,resident,s0,66,0,0,0,3,warm,0,1,25,132.203519,0,0,0,131.1017,0.501206,0,,7675,7675,21408,0,0,1075329,4297137,0,7e6718b380684cd1,2508.76074,0,3.8
20260927T201140Z-a843,c66701076edbaf96,25579,gpu-nearfar,gpu,resident,s0,67,0,0,0,3,warm,0,1,25,149.240416,0,0,0,148.160706,0.501711,0,,8648,8648,24234,0,0,1075173,4296515,0,3229d6200a4fb418,2510.44019,0,3.8
20260927T201140Z-a843,c66701076edbaf96,802074,gpu-nearfar,gpu,resident,s0,68,0,0,0,3,warm,0,1,25,138.790903,0,0,0,137.677979,0.516615,0,,8004,8004,22362,0,0,1075087,4296179,0,75cdb86da5eabfb0,2511.64134,0,3.8
20260927T201140Z-a843,c66701076edbaf96,785602,gpu-nearfar,gpu,resident,s0,69,0,0,0,3,warm,0,1,25,123.891256,0,0,0,122.715134,0.535757,0,,7183,7183,19984,0,0,1075317,4297101,0,816414c006cc404e,2511.16068,0,3.58
20260927T201140Z-a843,c66701076edbaf96,800647,gpu-nearfar,gpu,resident,s0,70,0,0,0,3,warm,0,1,25,153.717935,0,0,0,152.549438,0.51159,0,,8883,8883,24892,0,0,1075423,4297520,0,826cd67eaa9f4b33,2511.16068,0,3.58
20260927T201140Z-a843,c66701076edbaf96,1034835,gpu-nearfar,gpu,resident,s0,71,0,0,0,3,warm,0,1,25,106.775089,0,0,0,105.610115,0.504099,0,,6180,6180,17242,0,0,1075249,4296819,0,aee93ced3cba03e1,2508.60087,0,3.58
20260927T201140Z-a843,c66701076edbaf96,591983,gpu-nearfar,gpu,resident,s0,72,0,0,0,3,warm,0,1,25,139.695864,0,0,0,138.576065,0.491124,0,,8110,8110,22594,0,0,1075816,4299093,0,06921044afbc0a6c,2508.60087,0,3.58
20260927T201140Z-a843,c66701076edbaf96,509143,gpu-nearfar,gpu,resident,s0,73,0,0,0,3,warm,0,1,25,130.466361,0,0,0,129.376892,0.495834,0,,7578,7578,21150,0,0,1075287,4296976,0,caa8a0c2a48999bb,2511.16068,0,3.58
20260927T201140Z-a843,c66701076edbaf96,258004,gpu-nearfar,gpu,resident,s0,74,0,0,0,3,warm,0,1,25,142.838914,0,0,0,141.761658,0.492312,0,,8273,8273,23136,0,0,1075386,4297381,0,72de258eb31bb540,2508.60087,0,3.58
20260927T201140Z-a843,c66701076edbaf96,1008134,gpu-nearfar,gpu,resident,s0,75,0,0,0,3,warm,0,1,25,152.484671,0,0,0,151.398788,0.503064,0,,8827,8827,24756,0,0,1075401,4297443,0,ad81620dd0ccc9a5,2511.16068,0,3.58
20260927T201140Z-a843,c66701076edbaf96,693058,gpu-nearfar,gpu,resident,s0,76,0,0,0,3,warm,0,1,25,143.627179,0,0,0,142.47728,0.544241,0,,8236,8236,23046,0,0,1075240,4296793,0,6a6111f023fb9ad7,2511.16068,0,3.58
20260927T201140Z-a843,c66701076edbaf96,567498,gpu-nearfar,gpu,resident,s0,77,0,0,0,3,warm,0,1,25,143.378455,0,0,0,142.157532,0.519692,0,,8284,8284,23150,0,0,1075298,4297029,0,4d57830ba3fcf997,2511.56107,0,3.58
20260927T201140Z-a843,c66701076edbaf96,626061,gpu-nearfar,gpu,resident,s0,78,0,0,0,3,warm,0,1,25,140.473823,0,0,0,139.268127,0.506705,0,,8147,8147,22836,0,0,1075306,4297051,0,2bc79ed65418744c,2508.68095,0,3.58
20260927T201140Z-a843,c66701076edbaf96,599867,gpu-nearfar,gpu,resident,s0,79,0,0,0,3,warm,0,1,25,126.519113,0,0,0,125.284317,0.50252,0,,7333,7333,20424,0,0,1075521,4297917,0,bc4ff01d7bce33e5,2511.16068,0,3.58
20260927T201140Z-a843,c66701076edbaf96,721594,gpu-nearfar,gpu,resident,s0,80,0,0,0,3,warm,0,1,25,134.616138,0,0,0,133.525604,0.491902,0,,7819,7819,21812,0,0,1075647,4298412,0,e5d860fd5f515748,2509.00044,0,3.58
20260927T201140Z-a843,c66701076edbaf96,755768,gpu-nearfar,gpu,resident,s0,81,0,0,0,3,warm,0,1,25,129.404817,0,0,0,128.330078,0.494287,0,,7511,7511,20912,0,0,1075500,4297817,0,f0545bbc59e2b6d9,2510.84035,0,3.58
20260927T201140Z-a843,c66701076edbaf96,481879,gpu-nearfar,gpu,resident,s0,82,0,0,0,3,warm,0,1,25,114.429463,0,0,0,113.362045,0.491843,0,,6643,6643,18488,0,0,1075364,4297285,0,eb33c6eedfcb1504,2509.24048,0,3.58
20260927T201140Z-a843,c66701076edbaf96,666926,gpu-nearfar,gpu,resident,s0,83,0,0,0,3,warm,0,1,25,120.720994,0,0,0,119.619553,0.502243,0,,7006,7006,19494,0,0,1075617,4298298,0,3b100f409ba061e0,2510.76042,0,3.58
20260927T201140Z-a843,c66701076edbaf96,812308,gpu-nearfar,gpu,resident,s0,84,0,0,0,3,warm,0,1,25,129.924299,0,0,0,128.845474,0.501506,0,,7533,7533,20984,0,0,1075300,4297027,0,c31adf4c361e9520,2511.16068,0,3.58
20260927T201140Z-a843,c66701076edbaf96,940471,gpu-nearfar,gpu,resident,s0,85,0,0,0,3,warm,0,1,25,155.434506,0,0,0,154.346649,0.511882,0,,8951,8951,25100,0,0,1075582,4298162,0,02bdf829a1772f2a,2509.16036,0,3.58
20260927T201140Z-a843,c66701076edbaf96,705817,gpu-nearfar,gpu,resident,s0,86,0,0,0,3,warm,0,1,25,131.516385,0,0,0,130.342758,0.500334,0,,7601,7601,21240,0,0,1075204,4296656,0,d08744491a4f6254,2509.16036,0,3.58
20260927T201140Z-a843,c66701076edbaf96,378775,gpu-nearfar,gpu,resident,s0,87,0,0,0,3,warm,0,1,25,149.822247,0,0,0,148.642426,0.500119,0,,8681,8681,24308,0,0,1075165,4296490,0,7976fe449628ee76,2511.16068,0,3.58
20260927T201140Z-a843,c66701076edbaf96,11928,gpu-nearfar,gpu,resident,s0,88,0,0,0,3,warm,0,1,25,109.964959,0,0,0,108.884926,0.493101,0,,6381,6381,17708,0,0,1075401,4297438,0,e313e61597c97dcc,2508.60087,0,3.58
20260927T201140Z-a843,c66701076edbaf96,149969,gpu-nearfar,gpu,resident,s0,89,0,0,0,3,warm,0,1,25,139.117475,0,0,0,138.04567,0.490201,0,,8063,8063,22520,0,0,1075197,4296616,0,90f30508e8b238e3,2508.44102,0,3.58
20260927T201140Z-a843,c66701076edbaf96,518422,gpu-nearfar,gpu,resident,s0,90,0,0,0,3,warm,0,1,25,93.74587,0,0,0,92.602623,0.553763,0,,5413,5413,15028,0,0,1075162,4296463,0,c0b6e9e87d2215b0,2508.76074,0,3.58
20260927T201140Z-a843,c66701076edbaf96,764093,gpu-nearfar,gpu,resident,s0,91,0,0,0,3,warm,0,1,25,127.214901,0,0,0,125.860893,0.54212,0,,7338,7338,20478,0,0,1075329,4297153,0,53bfc44cc00c87db,2510.6003,0,3.58
20260927T201140Z-a843,c66701076edbaf96,818556,gpu-nearfar,gpu,resident,s0,92,0,0,0,3,warm,0,1,25,143.793688,0,0,0,142.545853,0.509102,0,,8305,8305,23232,0,0,1075422,4297527,0,3d8997c00e6cf508,2507.88184,0,3.58
20260927T201140Z-a843,c66701076edbaf96,284007,gpu-nearfar,gpu,resident,s0,93,0,0,0,3,warm,0,1,25,103.294987,0,0,0,102.074562,0.519846,0,,5989,5989,16612,0,0,1075287,4296976,0,2c0ccfa7ab97af66,2509.40044,0,3.58
20260927T201140Z-a843,c66701076edbaf96,147527,gpu-nearfar,gpu,resident,s0,94,0,0,0,3,warm,0,1,25,143.201391,0,0,0,142.013733,0.508133,0,,8293,8293,23180,0,0,1075330,4297154,0,6414f13426478617,2509.08055,0,3.58
20260927T201140Z-a843,c66701076edbaf96,810773,gpu-nearfar,gpu,resident,s0,95,0,0,0,3,warm,0,1,25,111.6575,0,0,0,110.467453,0.498592,0,,6477,6477,18000,0,0,1075348,4297227,0,26ab53717621d5f2,2508.60087,0,3.58
20260927T201140Z-a843,c66701076edbaf96,496849,gpu-nearfar,gpu,resident,s0,96,0,0,0,3,warm,0,1,25,141.699985,0,0,0,140.607803,0.490516,0,,8215,8215,22956,0,0,1075192,4296597,0,61fa850a08bc862f,2511.16068,0,3.58
20260927T201140Z-a843,c66701076edbaf96,1013688,gpu-nearfar,gpu,resident,s0,97,0,0,0,3,warm,0,1,25,137.003996,0,0,0,135.941116,0.487938,0,,7939,7939,22196,0,0,1075638,4298385,0,1fa814dfb1f7b535,2508.60087,0,3.58
20260927T201140Z-a843,c66701076edbaf96,935512,gpu-nearfar,gpu,resident,s0,98,0,0,0,3,warm,0,1,25,131.194623,0,0,0,130.119934,0.494298,0,,7603,7603,21240,0,0,1075486,4297761,0,9403f9d957fe5c2b,2508.60087,0,3.58
20260927T201140Z-a843,c66701076edbaf96,714883,gpu-nearfar,gpu,resident,s0,99,0,0,0,3,warm,0,1,25,142.980758,0,0,0,141.911331,0.492345,0,,8296,8296,23186,0,0,1075195,4296624,0,4867872a759d804d,2508.60087,0,3.58
20260927T201140Z-a843,c66701076edbaf96,670214,gpu-nearfar,gpu,resident,s0,100,0,0,0,3,warm,0,1,25,139.548855,0,0,0,138.462311,0.493392,0,,8081,8081,22608,0,0,1075349,4297234,0,9888b5552dc26be3,2508.44102,0,3.58
20260927T201140Z-a843,c66701076edbaf96,922346,gpu-nearfar,gpu,resident,s0,101,0,0,0,3,warm,0,1,25,104.287772,0,0,0,103.199135,0.484991,0,,6050,6050,16834,0,0,1075513,4297877,0,10711b84b3bef833,2508.60087,0,3.58
20260927T201140Z-a843,c66701076edbaf96,802242,gpu-nearfar,gpu,resident,s0,102,0,0,0,3,warm,0,1,25,112.763322,0,0,0,111.631325,0.513857,0,,6523,6523,18180,0,0,1075472,4297713,0,5f8b395e1c757b0b,2509.64026,0,3.58
20260927T201140Z-a843,c66701076edbaf96,45284,gpu-nearfar,gpu,resident,s0,103,0,0,0,3,warm,0,1,25,145.203421,0,0,0,144.061661,0.49335,0,,8416,8416,23534,0,0,1075311,4297065,0,101c5992f307ed7a,2508.76074,0,3.58
20260927T201140Z-a843,c66701076edbaf96,908797,gpu-nearfar,gpu,resident,s0,104,0,0,0,3,warm,0,1,25,136.71113,0,0,0,135.479904,0.533953,0,,7887,7887,21980,0,0,1075129,4296351,0,2c3edda3a4e7d134,2508.60087,0,3.58
20260927T201140Z-a843,c66701076edbaf96,281396,gpu-nearfar,gpu,resident,s0,105,0,0,0,3,warm,0,1,25,158.788603,0,0,0,157.534363,0.546923,0,,9122,9122,25598,0,0,1075216,4296711,0,9914811ae5975590,2508.28118,0,3.58
20260927T201140Z-a843,c66701076edbaf96,1000550,gpu-nearfar,gpu,resident,s0,106,0,0,0,3,warm,0,1,25,114.002306,0,0,0,112.759682,0.523889,0,,6573,6573,18264,0,0,1075454,4297638,0,657bfc39edfde598,2511.16068,0,3.37
20260927T201140Z-a843,c66701076edbaf96,73594,gpu-nearfar,gpu,resident,s0,107,0,0,0,3,warm,0,1,25,139.751628,0,0,0,138.526108,0.504893,0,,8093,8093,22620,0,0,1075335,4297153,0,89a0693a7eb907df,2508.76074,0,3.37
20260927T201140Z-a843,c66701076edbaf96,301631,gpu-nearfar,gpu,resident,s0,108,0,0,0,3,warm,0,1,25,147.822469,0,0,0,146.739746,0.495259,0,,8554,8554,23966,0,0,1075574,4298119,0,a13c34ca5c449e66,2509.08055,0,3.37
20260927T201140Z-a843,c66701076edbaf96,430170,gpu-nearfar,gpu,resident,s0,109,0,0,0,3,warm,0,1,25,123.373824,0,0,0,122.260895,0.519216,0,,7123,7123,19864,0,0,1075531,4297959,0,3139fb5fd0f393b3,2508.84054,0,3.37
20260927T201140Z-a843,c66701076edbaf96,752814,gpu-nearfar,gpu,resident,s0,110,0,0,0,3,warm,0,1,25,97.254079,0,0,0,96.0906219,0.490899,0,,5643,5643,15628,0,0,1075284,4296960,0,8c917a45d206552d,2511.16068,0,3.37
20260927T201140Z-a843,c66701076edbaf96,679839,gpu-nearfar,gpu,resident,s0,111,0,0,0,3,warm,0,1,25,132.048739,0,0,0,130.886078,0.503254,0,,7650,7650,21362,0,0,1075427,4297536,0,71f28c62aa82d217,2508.60087,0,3.37
20260927T201140Z-a843,c66701076edbaf96,619664,gpu-nearfar,gpu,resident,s0,112,0,0,0,3,warm,0,1,25,106.961346,0,0,0,105.902687,0.495942,0,,6158,6158,17158,0,0,1075089,4296195,0,95f2dcfc501ad06e,2508.60087,0,3.37
20260927T201140Z-a843,c66701076edbaf96,98827,gpu-nearfar,gpu,resident,s0,113,0,0,0,3,warm,0,1,25,107.397756,0,0,0,106.334465,0.494433,0,,6209,6209,17232,0,0,1075649,4298418,0,00612f347f63bc08,2506.84421,0,3.37
20260927T201140Z-a843,c66701076edbaf96,105994,gpu-nearfar,gpu,resident,s0,114,0,0,0,3,warm,0,1,25,134.995926,0,0,0,133.898941,0.501172,0,,7819,7819,21816,0,0,1075327,4297139,0,4bfaff9193bbdfef,2511.56107,0,3.37
20260927T201140Z-a843,c66701076edbaf96,243457,gpu-nearfar,gpu,resident,s0,115,0,0,0,3,warm,0,1,25,151.696776,0,0,0,150.558212,0.513399,0,,8757,8757,24548,0,0,1075605,4298261,0,ad0dd27816987427,2511.16068,0,3.37
20260927T201140Z-a843,c66701076edbaf96,734875,gpu-nearfar,gpu,resident,s0,116,0,0,0,3,warm,0,1,25,148.699227,0,0,0,147.566208,0.504466,0,,8613,8613,24100,0,0,1075445,4297611,0,17ef0d8567862766,2508.68095,0,3.37
20260927T201140Z-a843,c66701076edbaf96,370736,gpu-nearfar,gpu,resident,s0,117,0,0,0,3,warm,0,1,25,136.582915,0,0,0,135.458817,0.512479,0,,7903,7903,22084,0,0,1075129,4296342,0,5c3180fa34ea9049,2511.16068,0,3.37
20260927T201140Z-a843,c66701076edbaf96,521055,gpu-nearfar,gpu,resident,s0,118,0,0,0,3,warm,0,1,25,135.682472,0,0,0,134.53862,0.50897,0,,7843,7843,21900,0,0,1075641,4298397,0,ab61220815625a78,2508.60087,0,3.37
20260927T201140Z-a843,c66701076edbaf96,697461,gpu-nearfar,gpu,resident,s0,119,0,0,0,3,warm,0,1,25,146.094143,0,0,0,144.938232,0.507527,0,,8460,8460,23694,0,0,1075434,4297582,0,3ddf044e25f83d4f,2508.36125,0,3.37
20260927T201140Z-a843,c66701076edbaf96,696648,gpu-nearfar,gpu,resident,s0,120,0,0,0,3,warm,0,1,25,136.337157,0,0,0,135.195999,0.54894,0,,7837,7837,21884,0,0,1075457,4297663,0,254d9204a927830b,2509.16036,0,3.37
20260927T201140Z-a843,c66701076edbaf96,322939,gpu-nearfar,gpu,resident,s0,121,0,0,0,3,warm,0,1,25,128.642993,0,0,0,127.374466,0.504471,0,,7449,7449,20756,0,0,1075245,4296805,0,b26fbd06f48c7658,2508.84054,0,3.37
20260927T201140Z-a843,c66701076edbaf96,235403,gpu-nearfar,gpu,resident,s0,122,0,0,0,3,warm,0,1,25,110.727731,0,0,0,109.511581,0.495957,0,,6413,6413,17844,0,0,1075160,4296465,0,b78b1de2f5a26d81,2509.08055,0,3.37
20260927T201140Z-a843,c66701076edbaf96,842932,gpu-nearfar,gpu,resident,s0,123,0,0,0,3,warm,0,1,25,116.160683,0,0,0,115.052834,0.51958,0,,6742,6742,18714,0,0,1075290,4296992,0,292a2f6ed53c5012,2508.60087,0,3.37
20260927T201140Z-a843,c66701076edbaf96,776073,gpu-nearfar,gpu,resident,s0,124,0,0,0,3,warm,0,1,25,122.616005,0,0,0,121.478371,0.54552,0,,7111,7111,19816,0,0,1075448,4297621,0,a04df1093857d854,2508.92063,0,3.37
20260927T201140Z-a843,c66701076edbaf96,159157,gpu-nearfar,gpu,resident,s0,125,0,0,0,3,warm,0,1,25,140.385925,0,0,0,139.307098,0.507807,0,,8093,8093,22652,0,0,1075182,4296567,0,940851ec667c58ee,2508.36125,0,3.37
20260927T201140Z-a843,c66701076edbaf96,824874,gpu-nearfar,gpu,resident,s0,126,0,0,0,3,warm,0,1,25,112.239129,0,0,0,111.087967,0.494507,0,,6502,6502,18098,0,0,1075312,4297067,0,d42cb5898be984f3,2508.60087,0,3.37
20260927T201140Z-a843,c66701076edbaf96,523339,gpu-nearfar,gpu,resident,s0,127,0,0,0,3,warm,0,1,25,109.808705,0,0,0,107.276482,0.49702,1.366926,,6290,6290,17490,0,0,1075084,4296168,0,6b13bf0bd1b7f21b,2510.20022,0,3.37
20260927T201140Z-a843,c66701076edbaf96,140379,delta-omp,cpu,resident,s1,0,1,0,0,0,warm,24,1,25,83.89737,0,0.825057,0,83.071574,0,0,,1411,7092,0,0,7092,1142294,9129504,0,0194bc45aa2b7bd5,,0,3.37
20260927T201140Z-a843,c66701076edbaf96,143033,delta-omp,cpu,resident,s1,1,1,0,0,0,warm,24,1,25,80.233839,0,0.920716,0,79.312467,0,0,,1535,7722,0,0,7722,1142586,9131836,0,5b8da2ba23672360,,0,3.37
20260927T201140Z-a843,c66701076edbaf96,473133,delta-omp,cpu,resident,s1,2,1,0,0,0,warm,24,1,25,81.683613,0,0.880551,0,80.802325,0,0,,1472,7484,0,0,7484,1142883,9134186,0,551bb7beaf35b173,,0,3.37
20260927T201140Z-a843,c66701076edbaf96,22045,delta-omp,cpu,resident,s1,3,1,0,0,0,warm,24,1,25,84.826619,0,0.889868,0,83.935927,0,0,,991,5140,0,0,5140,1142861,9134028,0,b659a1864c16f101,,0,3.37
20260927T201140Z-a843,c66701076edbaf96,367943,delta-omp,cpu,resident,s1,4,1,0,0,0,warm,24,1,25,84.235696,0,0.88719,0,83.347951,0,0,,1709,8543,0,0,8543,1142725,9132908,0,19ea500da30075b2,,0,3.37
20260927T201140Z-a843,c66701076edbaf96,955628,delta-omp,cpu,resident,s1,5,1,0,0,0,warm,24,1,25,81.749601,0,0.95915,0,80.789729,0,0,,1660,8309,0,0,8309,1142591,9131810,0,9315192044a47b21,,0,3.37
20260927T201140Z-a843,c66701076edbaf96,493619,delta-omp,cpu,resident,s1,6,1,0,0,0,warm,24,1,25,81.934271,0,0.883261,0,81.050377,0,0,,1667,8374,0,0,8374,1142537,9131456,0,10dd6ae381b84252,,0,3.37
20260927T201140Z-a843,c66701076edbaf96,78040,delta-omp,cpu,resident,s1,7,1,0,0,0,warm,24,1,25,82.181947,0,0.916419,0,81.264802,0,0,,1676,8367,0,0,8367,1142298,9129530,0,56a292fe41b7d54b,,0,3.37
20260927T201140Z-a843,c66701076edbaf96,597528,delta-omp,cpu,resident,s1,8,1,0,0,0,warm,24,1,25,82.285062,0,0.923184,0,81.361325,0,0,,1516,7647,0,0,7647,1142329,9129848,0,da01e5ba298e7e3b,,0,3.37
20260927T201140Z-a843,c66701076edbaf96,666088,delta-omp,cpu,resident,s1,9,1,0,0,0,warm,24,1,25,84.720084,0,0.927153,0,83.792023,0,0,,1224,6220,0,0,6220,1142833,9133768,0,d6d7e557f0f85169,,0,3.37
20260927T201140Z-a843,c66701076edbaf96,93798,delta-omp,cpu,resident,s1,10,1,0,0,0,warm,24,1,25,82.051854,0,0.918097,0,81.132811,0,0,,1384,6964,0,0,6964,1142824,9133758,0,6e7bf2cc1ae81de6,,0,3.37
20260927T201140Z-a843,c66701076edbaf96,583195,delta-omp,cpu,resident,s1,11,1,0,0,0,warm,24,1,25,82.319863,0,0.921888,0,81.397167,0,0,,1608,8030,0,0,8030,1142234,9129032,0,caff7e83ca886c86,,0,3.37
20260927T201140Z-a843,c66701076edbaf96,828010,delta-omp,cpu,resident,s1,12,1,0,0,0,warm,24,1,25,82.171986,0,0.885733,0,81.285584,0,0,,1387,6998,0,0,6998,1142562,9131624,0,7141a77e2ba6e87b,,0,3.37
20260927T201140Z-a843,c66701076edbaf96,232399,delta-omp,cpu,resident,s1,13,1,0,0,0,warm,24,1,25,86.60036,0,1.048645,0,85.551109,0,0,,1346,6831,0,0,6831,1142938,9134654,0,5acf05509edbbd79,,0,3.37
20260927T201140Z-a843,c66701076edbaf96,439005,delta-omp,cpu,resident,s1,14,1,0,0,0,warm,24,1,25,83.244413,0,0.917453,0,82.326127,0,0,,1473,7495,0,0,7495,1142516,9131288,0,a9ead817df417563,,0,3.37
20260927T201140Z-a843,c66701076edbaf96,261911,delta-omp,cpu,resident,s1,15,1,0,0,0,warm,24,1,25,82.339937,0,0.908757,0,81.430477,0,0,,1189,6015,0,0,6015,1142461,9130820,0,8984d55349b3d674,,0,3.37
20260927T201140Z-a843,c66701076edbaf96,306042,delta-omp,cpu,resident,s1,16,1,0,0,0,warm,24,1,25,81.322952,0,0.935286,0,80.387025,0,0,,1421,7176,0,0,7176,1142270,9129320,0,776f1233a5dbe9e9,,0,3.37
20260927T201140Z-a843,c66701076edbaf96,842254,delta-omp,cpu,resident,s1,17,1,0,0,0,warm,24,1,25,83.284024,0,0.936928,0,82.345927,0,0,,1094,5545,0,0,5545,1142483,9131010,0,e1b753c9824ba2ac,,0,3.37
20260927T201140Z-a843,c66701076edbaf96,497647,delta-omp,cpu,resident,s1,18,1,0,0,0,warm,24,1,25,82.410299,0,0.882475,0,81.526739,0,0,,1693,8433,0,0,8433,1142392,9130328,0,2670421aa8297b39,,0,3.37
20260927T201140Z-a843,c66701076edbaf96,283052,delta-omp,cpu,resident,s1,19,1,0,0,0,warm,24,1,25,83.919866,0,0.911571,0,83.007556,0,0,,1458,7346,0,0,7346,1142370,9130104,0,433493362fbdc0e3,,0,3.37
20260927T201140Z-a843,c66701076edbaf96,299936,delta-omp,cpu,resident,s1,20,1,0,0,0,warm,24,1,25,83.142453,0,0.999293,0,82.142608,0,0,,1668,8355,0,0,8355,1142575,9131756,0,5c046e9da7034c27,,0,3.37
20260927T201140Z-a843,c66701076edbaf96,785373,delta-omp,cpu,resident,s1,21,1,0,0,0,warm,24,1,25,82.679892,0,0.908015,0,81.771056,0,0,,1010,5208,0,0,5208,1142962,9134846,0,231eddebd76b6fad,,0,3.37
20260927T201140Z-a843,c66701076edbaf96,480378,delta-omp,cpu,resident,s1,22,1,0,0,0,warm,24,1,25,84.664946,0,0.908923,0,83.754807,0,0,,1475,7411,0,0,7411,1142387,9130232,0,fff9cc247687e936,,0,3.37
20260927T201140Z-a843,c66701076edbaf96,321060,delta-omp,cpu,resident,s1,23,1,0,0,0,warm,24,1,25,85.407866,0,1.113733,0,84.293415,0,0,,1723,8585,0,0,8585,1142755,9133198,0,13683e5eb406929a,,0,3.37
20260927T201140Z-a843,c66701076edbaf96,337388,delta-omp,cpu,resident,s1,24,1,0,0,0,warm,24,1,25,82.6818,0,0.92739,0,81.753839,0,0,,1728,8633,0,0,8633,1142643,9132248,0,13904ab293644b4b,,0,3.18
20260927T201140Z-a843,c66701076edbaf96,118671,delta-omp,cpu,resident,s1,25,1,0,0,0,warm,24,1,25,81.155967,0,0.952519,0,80.202424,0,0,,1380,6983,0,0,6983,1142785,9133392,0,355e763c9e30148a,,0,3.18
20260927T201140Z-a843,c66701076edbaf96,125150,delta-omp,cpu,resident,s1,26,1,0,0,0,warm,24,1,25,81.135008,0,0.932235,0,80.202047,0,0,,1612,8106,0,0,8106,1142837,9133862,0,2610cb4418c2fa33,,0,3.18
20260927T201140Z-a843,c66701076edbaf96,72476,delta-omp,cpu,resident,s1,27,1,0,0,0,warm,24,1,25,80.764348,0,1.023974,0,79.739864,0,0,,1193,6039,0,0,6039,1142555,9131602,0,511104ffeb974275,,0,3.18
20260927T201140Z-a843,c66701076edbaf96,728509,delta-omp,cpu,resident,s1,28,1,0,0,0,warm,24,1,25,80.410628,0,0.995756,0,79.414564,0,0,,1732,8664,0,0,8664,1142555,9131564,0,d5ba49a61aad2090,,0,3.18
20260927T201140Z-a843,c66701076edbaf96,679264,delta-omp,cpu,resident,s1,29,1,0,0,0,warm,24,1,25,80.256287,0,0.935083,0,79.320669,0,0,,1603,8062,0,0,8062,1142850,9133934,0,1f9f145164a8d3ba,,0,3.18
20260927T201140Z-a843,c66701076edbaf96,828590,delta-omp,cpu,resident,s1,30,1,0,0,0,warm,24,1,25,80.812573,0,0.856489,0,79.955543,0,0,,1570,7911,0,0,7911,1142975,9134920,0,75869235508b61de,,0,3.18
20260927T201140Z-a843,c66701076edbaf96,411591,delta-omp,cpu,resident,s1,31,1,0,0,0,warm,24,1,25,81.578684,0,0.877981,0,80.700066,0,0,,1104,5653,0,0,5653,1141989,9127090,0,3a9a9b90ef518cee,,0,3.18
20260927T201140Z-a843,c66701076edbaf96,555679,delta-omp,cpu,resident,s1,32,1,0,0,0,warm,24,1,25,80.246645,0,0.901426,0,79.344787,0,0,,1368,6933,0,0,6933,1142666,9132450,0,afbdace234d8e184,,0,3.18
20260927T201140Z-a843,c66701076edbaf96,417721,delta-omp,cpu,resident,s1,33,1,0,0,0,warm,24,1,25,81.260333,0,0.863579,0,80.396324,0,0,,1490,7523,0,0,7523,1142540,9131418,0,bf42c08a928ad325,,0,3.18
20260927T201140Z-a843,c66701076edbaf96,199603,delta-omp,cpu,resident,s1,34,1,0,0,0,warm,24,1,25,82.212725,0,0.915602,0,81.296693,0,0,,1289,6559,0,0,6559,1142713,9132872,0,0f95736287a6c51b,,0,3.18
20260927T201140Z-a843,c66701076edbaf96,625990,delta-omp,cpu,resident,s1,35,1,0,0,0,warm,24,1,25,84.867084,0,0.910563,0,83.95592,0,0,,1064,5474,0,0,5474,1142558,9131558,0,d023fd85e5b256d3,,0,3.18
20260927T201140Z-a843,c66701076edbaf96,931576,delta-omp,cpu,resident,s1,36,1,0,0,0,warm,24,1,25,83.08691,0,0.884933,0,82.201513,0,0,,1472,7440,0,0,7440,1142665,9132430,0,dc4ab5fe35160bb7,,0,3.18
20260927T201140Z-a843,c66701076edbaf96,388607,delta-omp,cpu,resident,s1,37,1,0,0,0,warm,24,1,25,87.29068,0,0.946857,0,86.343136,0,0,,1234,6291,0,0,6291,1142842,9133882,0,d60d882602bb2445,,0,3.18
20260927T201140Z-a843,c66701076edbaf96,40305,delta-omp,cpu,resident,s1,38,1,0,0,0,warm,24,1,25,80.998661,0,0.964328,0,80.033774,0,0,,1660,8305,0,0,8305,1142416,9130484,0,4867207887c75490,,0,3.18
20260927T201140Z-a843,c66701076edbaf96,297024,delta-omp,cpu,resident,s1,39,1,0,0,0,warm,24,1,25,82.361456,0,0.871154,0,81.489777,0,0,,1268,6416,0,0,6416,1142711,9132778,0,470a3109f4dfe476,,0,3.18
20260927T201140Z-a843,c66701076edbaf96,928309,delta-omp,cpu,resident,s1,40,1,0,0,0,warm,24,1,25,82.881496,0,0.903769,0,81.977116,0,0,,1558,7830,0,0,7830,1142416,9130462,0,beddfd281855b9d6,,0,3.18
20260927T201140Z-a843,c66701076edbaf96,274490,delta-omp,cpu,resident,s1,41,1,0,0,0,warm,24,1,25,81.778491,0,0.900689,0,80.877183,0,0,,1762,8803,0,0,8803,1142481,9131060,0,b76d667cc7b3dc10,,0,3.18
20260927T201140Z-a843,c66701076edbaf96,545768,delta-omp,cpu,resident,s1,42,1,0,0,0,warm,24,1,25,80.309051,0,0.911848,0,79.396668,0,0,,1438,7333,0,0,7333,1142806,9133570,0,5dcf8ffaad60d6ba,,0,3.18
20260927T201140Z-a843,c66701076edbaf96,20469,delta-omp,cpu,resident,s1,43,1,0,0,0,warm,24,1,25,81.988692,0,0.855671,0,81.132443,0,0,,1629,8175,0,0,8175,1142600,9132000,0,c5e981f86d212703,,0,3.18
20260927T201140Z-a843,c66701076edbaf96,531301,delta-omp,cpu,resident,s1,44,1,0,0,0,warm,24,1,25,81.559202,0,0.895485,0,80.663365,0,0,,1650,8294,0,0,8294,1142946,9134736,0,3386570d5a03a7e2,,0,3.18
20260927T201140Z-a843,c66701076edbaf96,1047443,delta-omp,cpu,resident,s1,45,1,0,0,0,warm,24,1,25,82.609195,0,0.877294,0,81.731432,0,0,,1299,6637,0,0,6637,1142742,9133084,0,758e4e780d07883b,,0,3.18
20260927T201140Z-a843,c66701076edbaf96,638272,delta-omp,cpu,resident,s1,46,1,0,0,0,warm,24,1,25,82.042873,0,0.892883,0,81.149395,0,0,,1455,7405,0,0,7405,1142905,9134352,0,19bcdf9016021200,,0,3.18
20260927T201140Z-a843,c66701076edbaf96,975530,delta-omp,cpu,resident,s1,47,1,0,0,0,warm,24,1,25,81.736149,0,0.892837,0,80.842885,0,0,,1334,6772,0,0,6772,1143092,9135856,0,b5cb4363695dc642,,0,3.18
20260927T201140Z-a843,c66701076edbaf96,914696,delta-omp,cpu,resident,s1,48,1,0,0,0,warm,24,1,25,84.483119,0,0.881949,0,83.600665,0,0,,1667,8360,0,0,8360,1143061,9135636,0,9630dc5d377e379e,,0,3.18
20260927T201140Z-a843,c66701076edbaf96,169940,delta-omp,cpu,resident,s1,49,1,0,0,0,warm,24,1,25,80.359966,0,0.882291,0,79.477184,0,0,,1612,8082,0,0,8082,1142596,9131880,0,95882738bea78e48,,0,3.18
20260927T201140Z-a843,c66701076edbaf96,834360,delta-omp,cpu,resident,s1,50,1,0,0,0,warm,24,1,25,80.406035,0,0.907908,0,79.497747,0,0,,1570,7917,0,0,7917,1142627,9132090,0,b2af9c052f6aa536,,0,3.18
20260927T201140Z-a843,c66701076edbaf96,518322,delta-omp,cpu,resident,s1,51,1,0,0,0,warm,24,1,25,81.459665,0,0.849541,0,80.60969,0,0,,1572,7918,0,0,7918,1142397,9130354,0,db073bf0f90b2a98,,0,3.18
20260927T201140Z-a843,c66701076edbaf96,577541,delta-omp,cpu,resident,s1,52,1,0,0,0,warm,24,1,25,82.637773,0,0.86224,0,81.774872,0,0,,1437,7310,0,0,7310,1142826,9133738,0,77a65005472fc098,,0,3.18
20260927T201140Z-a843,c66701076edbaf96,764242,delta-omp,cpu,resident,s1,53,1,0,0,0,warm,24,1,25,81.47696,0,0.894842,0,80.581603,0,0,,1463,7364,0,0,7364,1142553,9131576,0,9033d32d9660e9c4,,0,3.18
20260927T201140Z-a843,c66701076edbaf96,14706,delta-omp,cpu,resident,s1,54,1,0,0,0,warm,24,1,25,82.849203,0,0.913514,0,81.935184,0,0,,1235,6258,0,0,6258,1142242,9129110,0,a5e618cc4a6cd11c,,0,3.18
20260927T201140Z-a843,c66701076edbaf96,471650,delta-omp,cpu,resident,s1,55,1,0,0,0,warm,24,1,25,82.724133,0,0.908201,0,81.815358,0,0,,1310,6669,0,0,6669,1142852,9133930,0,5c2db82f624f6019,,0,3.18
20260927T201140Z-a843,c66701076edbaf96,192150,delta-omp,cpu,resident,s1,56,1,0,0,0,warm,24,1,25,80.934549,0,0.875042,0,80.059004,0,0,,1387,7004,0,0,7004,1143029,9135312,0,a0aa745d6464a44e,,0,3.18
20260927T201140Z-a843,c66701076edbaf96,59477,delta-omp,cpu,resident,s1,57,1,0,0,0,warm,24,1,25,80.234236,0,0.86976,0,79.364018,0,0,,1685,8399,0,0,8399,1142475,9131008,0,a204b81edc32cc7e,,0,3.18
20260927T201140Z-a843,c66701076edbaf96,201224,delta-omp,cpu,resident,s1,58,1,0,0,0,warm,24,1,25,81.559085,0,0.867958,0,80.690813,0,0,,1375,6889,0,0,6889,1142376,9130142,0,7c70dcbcc6f31504,,0,3.18
20260927T201140Z-a843,c66701076edbaf96,12846,delta-omp,cpu,resident,s1,59,1,0,0,0,warm,24,1,25,80.639622,0,0.90285,0,79.736262,0,0,,1499,7561,0,0,7561,1142929,9134516,0,53492d3ce70c619e,,0,3.18
20260927T201140Z-a843,c66701076edbaf96,88685,delta-omp,cpu,resident,s1,60,1,0,0,0,warm,24,1,25,84.429984,0,0.885663,0,83.543807,0,0,,1746,8701,0,0,8701,1142359,9129998,0,0e83a3e19213231b,,0,3.18
20260927T201140Z-a843,c66701076edbaf96,637,delta-omp,cpu,resident,s1,61,1,0,0,0,warm,24,1,25,84.127704,0,0.877934,0,83.24925,0,0,,1408,7075,0,0,7075,1142673,9132512,0,cb147f7f9395de4d,,0,3.18
20260927T201140Z-a843,c66701076edbaf96,140682,delta-omp,cpu,resident,s1,62,1,0,0,0,warm,24,1,25,86.23318,0,1.10565,0,85.127159,0,0,,1583,7934,0,0,7934,1142847,9133918,0,05f6bf3b97ab9c44,,0,3.18
20260927T201140Z-a843,c66701076edbaf96,242263,delta-omp,cpu,resident,s1,63,1,0,0,0,warm,24,1,25,82.313117,0,0.941846,0,81.370804,0,0,,1345,6855,0,0,6855,1142855,9133946,0,909314f25aeaa7d5,,0,3.18
20260927T201140Z-a843,c66701076edbaf96,955528,delta-omp,cpu,resident,s1,64,1,0,0,0,warm,24,1,25,83.953242,0,0.961305,0,82.989216,0,0,,1124,5707,0,0,5707,1142548,9131536,0,b2722a7e696c72df,,0,3.18
20260927T201140Z-a843,c66701076edbaf96,604431,delta-omp,cpu,resident,s1,65,1,0,0,0,warm,24,1,25,83.714116,0,0.920175,0,82.793373,0,0,,1295,6529,0,0,6529,1142530,9131320,0,fd90c4b8cb50dbff,,0,3.18
20260927T201140Z-a843,c66701076edbaf96,968747,delta-omp,cpu,resident,s1,66,1,0,0,0,warm,24,1,25,82.509522,0,0.924202,0,81.58486,0,0,,1514,7606,0,0,7606,1142591,9131874,0,7e6718b380684cd1,,0,3.18
20260927T201140Z-a843,c66701076edbaf96,25579,delta-omp,cpu,resident,s1,67,1,0,0,0,warm,24,1,25,82.014364,0,0.92428,0,81.089563,0,0,,1735,8623,0,0,8623,1142655,9132308,0,3229d6200a4fb418,,0,3.18
20260927T201140Z-a843,c66701076edbaf96,802074,delta-omp,cpu,resident,s1,68,1,0,0,0,warm,24,1,25,82.613049,0,0.94018,0,81.67247,0,0,,1589,7993,0,0,7993,1142131,9128208,0,75cdb86da5eabfb0,,0,3.18
20260927T201140Z-a843,c66701076edbaf96,785602,delta-omp,cpu,resident,s1,69,1,0,0,0,warm,24,1,25,82.797319,0,0.936382,0,81.860529,0,0,,1406,7124,0,0,7124,1142624,9132150,0,816414c006cc404e,,0,3.18
20260927T201140Z-a843,c66701076edbaf96,800647,delta-omp,cpu,resident,s1,70,1,0,0,0,warm,24,1,25,81.280874,0,0.900615,0,80.379794,0,0,,1783,8884,0,0,8884,1142690,9132660,0,826cd67eaa9f4b33,,0,3.18
20260927T201140Z-a843,c66701076edbaf96,1034835,delta-omp,cpu,resident,s1,71,1,0,0,0,warm,24,1,25,82.815799,0,0.934634,0,81.88061,0,0,,1221,6167,0,0,6167,1142782,9133454,0,aee93ced3cba03e1,,0,3.18
20260927T201140Z-a843,c66701076edbaf96,591983,delta-omp,cpu,resident,s1,72,1,0,0,0,warm,24,1,25,82.991182,0,0.929728,0,82.060957,0,0,,1595,8041,0,0,8041,1142968,9134878,0,06921044afbc0a6c,,0,3.18
20260927T201140Z-a843,c66701076edbaf96,509143,delta-omp,cpu,resident,s1,73,1,0,0,0,warm,24,1,25,85.454284,0,1.03431,0,84.419471,0,0,,1499,7508,0,0,7508,1142369,9130134,0,caa8a0c2a48999bb,,0,3.18
20260927T201140Z-a843,c66701076edbaf96,258004,delta-omp,cpu,resident,s1,74,1,0,0,0,warm,24,1,25,83.227022,0,0.89012,0,82.336479,0,0,,1649,8261,0,0,8261,1142564,9131656,0,72de258eb31bb540,,0,3.18
20260927T201140Z-a843,c66701076edbaf96,1008134,delta-omp,cpu,resident,s1,75,1,0,0,0,warm,24,1,25,83.272362,0,0.95589,0,82.315942,0,0,,1776,8864,0,0,8864,1142884,9134266,0,ad81620dd0ccc9a5,,0,3.18
20260927T201140Z-a843,c66701076edbaf96,693058,delta-omp,cpu,resident,s1,76,1,0,0,0,warm,24,1,25,82.810618,0,0.940661,0,81.869483,0,0,,1644,8243,0,0,8243,1142521,9131294,0,6a6111f023fb9ad7,,0,3.18
20260927T201140Z-a843,c66701076edbaf96,567498,delta-omp,cpu,resident,s1,77,1,0,0,0,warm,24,1,25,81.401669,0,0.920266,0,80.480663,0,0,,1646,8294,0,0,8294,1142386,9130212,0,4d57830ba3fcf997,,0,3.18
20260927T201140Z-a843,c66701076edbaf96,626061,delta-omp,cpu,resident,s1,78,1,0,0,0,warm,24,1,25,82.141603,0,0.883717,0,81.257464,0,0,,1638,8194,0,0,8194,1142320,9129690,0,2bc79ed65418744c,,0,3.18
20260927T201140Z-a843,c66701076edbaf96,599867,delta-omp,cpu,resident,s1,79,1,0,0,0,warm,24,1,25,82.688872,0,0.955506,0,81.73291,0,0,,1440,7311,0,0,7311,1142432,9130618,0,bc4ff01d7bce33e5,,0,3.18
20260927T201140Z-a843,c66701076edbaf96,721594,delta-omp,cpu,resident,s1,80,1,0,0,0,warm,24,1,25,80.910613,0,0.916666,0,79.993411,0,0,,1545,7778,0,0,7778,1142962,9134826,0,e5d860fd5f515748,,0,3.18
20260927T201140Z-a843,c66701076edbaf96,755768,delta-omp,cpu,resident,s1,81,1,0,0,0,warm,24,1,25,83.004925,0,0.966125,0,82.038461,0,0,,1472,7458,0,0,7458,1142756,9133128,0,f0545bbc59e2b6d9,,0,3.18
20260927T201140Z-a843,c66701076edbaf96,481879,delta-omp,cpu,resident,s1,82,1,0,0,0,warm,24,1,25,82.816743,0,0.893407,0,81.922569,0,0,,1300,6632,0,0,6632,1142775,9133314,0,eb33c6eedfcb1504,,0,3.18
20260927T201140Z-a843,c66701076edbaf96,666926,delta-omp,cpu,resident,s1,83,1,0,0,0,warm,24,1,25,84.592983,0,0.915129,0,83.677398,0,0,,1371,6965,0,0,6965,1142767,9133244,0,3b100f409ba061e0,,0,3.18
20260927T201140Z-a843,c66701076edbaf96,812308,delta-omp,cpu,resident,s1,84,1,0,0,0,warm,24,1,25,82.011055,0,0.89782,0,81.112674,0,0,,1480,7477,0,0,7477,1142420,9130518,0,c31adf4c361e9520,,0,3.01
20260927T201140Z-a843,c66701076edbaf96,940471,delta-omp,cpu,resident,s1,85,1,0,0,0,warm,24,1,25,83.773909,0,0.875359,0,82.898183,0,0,,1800,8943,0,0,8943,1142995,9135086,0,02bdf829a1772f2a,,0,3.01
20260927T201140Z-a843,c66701076edbaf96,705817,delta-omp,cpu,resident,s1,86,1,0,0,0,warm,24,1,25,87.381397,0,1.026717,0,86.35416,0,0,,1512,7582,0,0,7582,1142086,9127822,0,d08744491a4f6254,,0,3.01
20260927T201140Z-a843,c66701076edbaf96,378775,delta-omp,cpu,resident,s1,87,1,0,0,0,warm,24,1,25,81.332299,0,0.940521,0,80.391239,0,0,,1737,8652,0,0,8652,1142262,9129286,0,7976fe449628ee76,,0,3.01
20260927T201140Z-a843,c66701076edbaf96,11928,delta-omp,cpu,resident,s1,88,1,0,0,0,warm,24,1,25,81.93887,0,0.946651,0,80.99182,0,0,,1238,6293,0,0,6293,1142544,9131472,0,e313e61597c97dcc,,0,3.01
20260927T201140Z-a843,c66701076edbaf96,149969,delta-omp,cpu,resident,s1,89,1,0,0,0,warm,24,1,25,82.217967,0,0.929931,0,81.287566,0,0,,1600,8022,0,0,8022,1142613,9132052,0,90f30508e8b238e3,,0,3.01
20260927T201140Z-a843,c66701076edbaf96,518422,delta-omp,cpu,resident,s1,90,1,0,0,0,warm,24,1,25,82.571968,0,0.951092,0,81.620364,0,0,,1051,5362,0,0,5362,1142629,9132152,0,c0b6e9e87d2215b0,,0,3.01
20260927T201140Z-a843,c66701076edbaf96,764093,delta-omp,cpu,resident,s1,91,1,0,0,0,warm,24,1,25,82.340672,0,0.936166,0,81.404005,0,0,,1451,7319,0,0,7319,1142631,9132142,0,53bfc44cc00c87db,,0,3.01
20260927T201140Z-a843,c66701076edbaf96,818556,delta-omp,cpu,resident,s1,92,1,0,0,0,warm,24,1,25,80.502861,0,0.896516,0,79.605726,0,0,,1656,8345,0,0,8345,1142375,9130128,0,3d8997c00e6cf508,,0,3.01
20260927T201140Z-a843,c66701076edbaf96,284007,delta-omp,cpu,resident,s1,93,1,0,0,0,warm,24,1,25,82.337888,0,0.897614,0,81.439767,0,0,,1160,5906,0,0,5906,1143036,9135422,0,2c0ccfa7ab97af66,,0,3.01
20260927T201140Z-a843,c66701076edbaf96,147527,delta-omp,cpu,resident,s1,94,1,0,0,0,warm,24,1,25,82.2268,0,0.948348,0,81.278045,0,0,,1650,8253,0,0,8253,1142849,9133942,0,6414f13426478617,,0,3.01
20260927T201140Z-a843,c66701076edbaf96,810773,delta-omp,cpu,resident,s1,95,1,0,0,0,warm,24,1,25,82.097478,0,0.906419,0,81.190689,0,0,,1262,6427,0,0,6427,1142934,9134644,0,26ab53717621d5f2,,0,3.01
20260927T201140Z-a843,c66701076edbaf96,496849,delta-omp,cpu,resident,s1,96,1,0,0,0,warm,24,1,25,81.185116,0,0.887948,0,80.296653,0,0,,1632,8201,0,0,8201,1142413,9130472,0,61fa850a08bc862f,,0,3.01
20260927T201140Z-a843,c66701076edbaf96,1013688,delta-omp,cpu,resident,s1,97,1,0,0,0,warm,24,1,25,81.432191,0,0.898969,0,80.532762,0,0,,1580,7920,0,0,7920,1142360,9129978,0,1fa814dfb1f7b535,,0,3.01
20260927T201140Z-a843,c66701076edbaf96,935512,delta-omp,cpu,resident,s1,98,1,0,0,0,warm,24,1,25,85.140035,0,0.922209,0,84.217367,0,0,,1508,7602,0,0,7602,1142578,9131708,0,9403f9d957fe5c2b,,0,3.01
20260927T201140Z-a843,c66701076edbaf96,714883,delta-omp,cpu,resident,s1,99,1,0,0,0,warm,24,1,25,80.119032,0,0.910441,0,79.208129,0,0,,1649,8280,0,0,8280,1142346,9129966,0,4867872a759d804d,,0,3.01
20260927T201140Z-a843,c66701076edbaf96,670214,delta-omp,cpu,resident,s1,100,1,0,0,0,warm,24,1,25,80.273514,0,0.935367,0,79.337835,0,0,,1613,8064,0,0,8064,1142694,9132732,0,9888b5552dc26be3,,0,3.01
20260927T201140Z-a843,c66701076edbaf96,922346,delta-omp,cpu,resident,s1,101,1,0,0,0,warm,24,1,25,83.081865,0,0.855302,0,82.226201,0,0,,1184,6017,0,0,6017,1142584,9131826,0,10711b84b3bef833,,0,3.01
20260927T201140Z-a843,c66701076edbaf96,802242,delta-omp,cpu,resident,s1,102,1,0,0,0,warm,24,1,25,82.045547,0,0.951767,0,81.093018,0,0,,1283,6517,0,0,6517,1142811,9133610,0,5f8b395e1c757b0b,,0,3.01
20260927T201140Z-a843,c66701076edbaf96,45284,delta-omp,cpu,resident,s1,103,1,0,0,0,warm,24,1,25,80.586481,0,0.95236,0,79.633446,0,0,,1676,8390,0,0,8390,1142627,9132126,0,101c5992f307ed7a,,0,3.01
20260927T201140Z-a843,c66701076edbaf96,908797,delta-omp,cpu,resident,s1,104,1,0,0,0,warm,24,1,25,82.385582,0,0.940785,0,81.444394,0,0,,1552,7810,0,0,7810,1142688,9132678,0,2c3edda3a4e7d134,,0,3.01
20260927T201140Z-a843,c66701076edbaf96,281396,delta-omp,cpu,resident,s1,105,1,0,0,0,warm,24,1,25,80.324721,0,0.941466,0,79.382679,0,0,,1839,9107,0,0,9107,1142888,9134260,0,9914811ae5975590,,0,3.01
20260927T201140Z-a843,c66701076edbaf96,1000550,delta-omp,cpu,resident,s1,106,1,0,0,0,warm,24,1,25,82.413554,0,0.911264,0,81.501796,0,0,,1280,6546,0,0,6546,1142588,9131802,0,657bfc39edfde598,,0,3.01
20260927T201140Z-a843,c66701076edbaf96,73594,delta-omp,cpu,resident,s1,107,1,0,0,0,warm,24,1,25,82.467818,0,0.979041,0,81.488415,0,0,,1609,8088,0,0,8088,1142539,9131430,0,89a0693a7eb907df,,0,3.01
20260927T201140Z-a843,c66701076edbaf96,301631,delta-omp,cpu,resident,s1,108,1,0,0,0,warm,24,1,25,82.985065,0,0.986654,0,81.997556,0,0,,1714,8574,0,0,8574,1142613,9132002,0,a13c34ca5c449e66,,0,3.01
20260927T201140Z-a843,c66701076edbaf96,430170,delta-omp,cpu,resident,s1,109,1,0,0,0,warm,24,1,25,83.375191,0,0.887641,0,82.486995,0,0,,1405,7075,0,0,7075,1142634,9132192,0,3139fb5fd0f393b3,,0,3.01
20260927T201140Z-a843,c66701076edbaf96,752814,delta-omp,cpu,resident,s1,110,1,0,0,0,warm,24,1,25,89.825492,0,0.889334,0,88.935553,0,0,,1087,5537,0,0,5537,1142986,9135008,0,8c917a45d206552d,,0,3.01
20260927T201140Z-a843,c66701076edbaf96,679839,delta-omp,cpu,resident,s1,111,1,0,0,0,warm,24,1,25,81.587937,0,0.904362,0,80.682865,0,0,,1516,7631,0,0,7631,1143082,9135732,0,71f28c62aa82d217,,0,3.01
20260927T201140Z-a843,c66701076edbaf96,619664,delta-omp,cpu,resident,s1,112,1,0,0,0,warm,24,1,25,82.790802,0,0.933108,0,81.857006,0,0,,1212,6092,0,0,6092,1142713,9132838,0,95f2dcfc501ad06e,,0,3.01
20260927T201140Z-a843,c66701076edbaf96,98827,delta-omp,cpu,resident,s1,113,1,0,0,0,warm,24,1,25,88.062964,0,0.958313,0,87.104192,0,0,,1204,6116,0,0,6116,1142923,9134490,0,00612f347f63bc08,,0,3.01
20260927T201140Z-a843,c66701076edbaf96,105994,delta-omp,cpu,resident,s1,114,1,0,0,0,warm,24,1,25,85.410463,0,1.055474,0,84.354306,0,0,,1545,7774,0,0,7774,1143038,9135438,0,4bfaff9193bbdfef,,0,3.01
20260927T201140Z-a843,c66701076edbaf96,243457,delta-omp,cpu,resident,s1,115,1,0,0,0,warm,24,1,25,84.215369,0,0.934662,0,83.280018,0,0,,1760,8732,0,0,8732,1142914,9134484,0,ad0dd27816987427,,0,3.01
20260927T201140Z-a843,c66701076edbaf96,734875,delta-omp,cpu,resident,s1,116,1,0,0,0,warm,24,1,25,83.170496,0,0.925427,0,82.244553,0,0,,1720,8609,0,0,8609,1142568,9131722,0,17ef0d8567862766,,0,3.01
20260927T201140Z-a843,c66701076edbaf96,370736,delta-omp,cpu,resident,s1,117,1,0,0,0,warm,24,1,25,81.474389,0,0.977377,0,80.49646,0,0,,1570,7858,0,0,7858,1142003,9127176,0,5c3180fa34ea9049,,0,3.01
20260927T201140Z-a843,c66701076edbaf96,521055,delta-omp,cpu,resident,s1,118,1,0,0,0,warm,24,1,25,83.190434,0,0.899617,0,82.290253,0,0,,1554,7817,0,0,7817,1142901,9134366,0,ab61220815625a78,,0,3.01
20260927T201140Z-a843,c66701076edbaf96,697461,delta-omp,cpu,resident,s1,119,1,0,0,0,warm,24,1,25,80.71943,0,0.923558,0,79.795274,0,0,,1694,8486,0,0,8486,1142429,9130630,0,3ddf044e25f83d4f,,0,3.01
20260927T201140Z-a843,c66701076edbaf96,696648,delta-omp,cpu,resident,s1,120,1,0,0,0,warm,24,1,25,81.17171,0,0.869965,0,80.301119,0,0,,1553,7820,0,0,7820,1142917,9134486,0,254d9204a927830b,,0,3.01
20260927T201140Z-a843,c66701076edbaf96,322939,delta-omp,cpu,resident,s1,121,1,0,0,0,warm,24,1,25,82.698767,0,0.895544,0,81.802517,0,0,,1464,7400,0,0,7400,1142489,9131044,0,b26fbd06f48c7658,,0,3.01
20260927T201140Z-a843,c66701076edbaf96,235403,delta-omp,cpu,resident,s1,122,1,0,0,0,warm,24,1,25,82.56751,0,0.952255,0,81.614431,0,0,,1255,6313,0,0,6313,1142600,9131960,0,b78b1de2f5a26d81,,0,3.01
20260927T201140Z-a843,c66701076edbaf96,842932,delta-omp,cpu,resident,s1,123,1,0,0,0,warm,24,1,25,86.578686,0,0.905882,0,85.672023,0,0,,1308,6688,0,0,6688,1142922,9134496,0,292a2f6ed53c5012,,0,3.01
20260927T201140Z-a843,c66701076edbaf96,776073,delta-omp,cpu,resident,s1,124,1,0,0,0,warm,24,1,25,81.001331,0,0.948375,0,80.052176,0,0,,1399,7098,0,0,7098,1142653,9132310,0,a04df1093857d854,,0,3.01
20260927T201140Z-a843,c66701076edbaf96,159157,delta-omp,cpu,resident,s1,125,1,0,0,0,warm,24,1,25,86.267194,0,0.865609,0,85.400869,0,0,,1617,8101,0,0,8101,1142424,9130550,0,940851ec667c58ee,,0,3.01
20260927T201140Z-a843,c66701076edbaf96,824874,delta-omp,cpu,resident,s1,126,1,0,0,0,warm,24,1,25,82.782255,0,0.902332,0,81.878946,0,0,,1274,6463,0,0,6463,1142224,9128976,0,d42cb5898be984f3,,0,3.01
20260927T201140Z-a843,c66701076edbaf96,523339,delta-omp,cpu,resident,s1,127,1,0,0,0,warm,24,1,25,83.288729,0,0.949087,0,82.338652,0,0.000252,,1228,6229,0,0,6229,1142875,9134148,0,6b13bf0bd1b7f21b,,0,3.01
20260927T201140Z-a843,c66701076edbaf96,140379,gpu-frontier,gpu,resident,s1,0,1,0,0,1,warm,0,1,0,63.72728,0,0.271485,2.2794559,60.7104645,0.440376,0,,1571,1571,1571,0,0,39565918,158078846,0,0194bc45aa2b7bd5,2508.60087,0,3.01
20260927T201140Z-a843,c66701076edbaf96,143033,gpu-frontier,gpu,resident,s1,1,1,0,0,1,warm,0,1,0,67.042414,0,0,0,66.4869156,0.533908,0,,1680,1680,1680,0,0,43574218,174101674,0,5b8da2ba23672360,2508.60087,0,3.01
20260927T201140Z-a843,c66701076edbaf96,473133,gpu-frontier,gpu,resident,s1,2,1,0,0,1,warm,0,1,0,68.551029,0,0,0,68.0550385,0.481367,0,,1604,1604,1604,0,0,45471742,181680974,0,551bb7beaf35b173,2511.16068,0,3.01
20260927T201140Z-a843,c66701076edbaf96,22045,gpu-frontier,gpu,resident,s1,3,1,0,0,1,warm,0,1,0,39.326389,0,0,0,38.8617592,0.449822,0,,1103,1103,1103,0,0,26763214,106897622,0,b659a1864c16f101,2511.4811,0,3.01
20260927T201140Z-a843,c66701076edbaf96,367943,gpu-frontier,gpu,resident,s1,4,1,0,0,1,warm,0,1,0,70.730004,0,0,0,70.2608032,0.453735,0,,1892,1892,1892,0,0,49309627,197006325,0,19ea500da30075b2,2514.12694,0,3.01
20260927T201140Z-a843,c66701076edbaf96,955628,gpu-frontier,gpu,resident,s1,5,1,0,0,1,warm,0,1,0,68.432039,0,0,0,67.9510727,0.465154,0,,1833,1833,1833,0,0,47915434,191433921,0,9315192044a47b21,2513.72573,0,3.01
20260927T201140Z-a843,c66701076edbaf96,493619,gpu-frontier,gpu,resident,s1,6,1,0,0,1,warm,0,1,0,69.577357,0,0,0,69.1086426,0.453143,0,,1842,1842,1842,0,0,47519797,189856566,0,10dd6ae381b84252,2513.72573,0,3.01
20260927T201140Z-a843,c66701076edbaf96,78040,gpu-frontier,gpu,resident,s1,7,1,0,0,1,warm,0,1,0,70.190234,0,0,0,69.6107178,0.564723,0,,1842,1842,1842,0,0,48106774,192198974,0,56a292fe41b7d54b,2511.96159,0,3.01
20260927T201140Z-a843,c66701076edbaf96,597528,gpu-frontier,gpu,resident,s1,8,1,0,0,1,warm,0,1,0,62.105351,0,0,0,61.5450249,0.539135,0,,1668,1668,1668,0,0,42403831,169420790,0,da01e5ba298e7e3b,2511.88159,0,3.01
20260927T201140Z-a843,c66701076edbaf96,666088,gpu-frontier,gpu,resident,s1,9,1,0,0,1,warm,0,1,0,46.578189,0,0,0,46.0618248,0.501034,0,,1347,1347,1347,0,0,31087478,124189794,0,d6d7e557f0f85169,2513.72573,0,3.01
20260927T201140Z-a843,c66701076edbaf96,93798,gpu-frontier,gpu,resident,s1,10,1,0,0,1,warm,0,1,0,53.611787,0,0,0,53.0954247,0.501757,0,,1520,1520,1520,0,0,36073952,144121188,0,6e7bf2cc1ae81de6,2511.72132,0,3.01
20260927T201140Z-a843,c66701076edbaf96,583195,gpu-frontier,gpu,resident,s1,11,1,0,0,1,warm,0,1,0,68.011942,0,0,0,67.5328979,0.46588,0,,1765,1765,1765,0,0,47987124,191733950,0,caff7e83ca886c86,2512.2022,0,3.01
20260927T201140Z-a843,c66701076edbaf96,828010,gpu-frontier,gpu,resident,s1,12,1,0,0,1,warm,0,1,0,55.15759,0,0,0,54.6959343,0.447807,0,,1517,1517,1517,0,0,37304605,149039435,0,7141a77e2ba6e87b,2513.72573,0,3.01
20260927T201140Z-a843,c66701076edbaf96,232399,gpu-frontier,gpu,resident,s1,13,1,0,0,1,warm,0,1,0,52.15382,0,0,0,51.7138863,0.424922,0,,1485,1485,1485,0,0,34165959,136498518,0,5acf05509edbbd79,2513.72573,0,3.01
20260927T201140Z-a843,c66701076edbaf96,439005,gpu-frontier,gpu,resident,s1,14,1,0,0,1,warm,0,1,0,67.911346,0,0,0,67.4179535,0.478669,0,,1644,1644,1644,0,0,48225803,192685412,0,a9ead817df417563,2512.04188,0,3.01
20260927T201140Z-a843,c66701076edbaf96,261911,gpu-frontier,gpu,resident,s1,15,1,0,0,1,warm,0,1,0,45.145634,0,0,0,44.6954231,0.43578,0,,1297,1297,1297,0,0,30038645,119993210,0,8984d55349b3d674,2513.40474,0,3.01
20260927T201140Z-a843,c66701076edbaf96,306042,gpu-frontier,gpu,resident,s1,16,1,0,0,1,warm,0,1,0,55.323699,0,0,0,54.8637123,0.4465,0,,1574,1574,1574,0,0,37275498,148925151,0,776f1233a5dbe9e9,2513.88626,0,3.01
20260927T201140Z-a843,c66701076edbaf96,842254,gpu-frontier,gpu,resident,s1,17,1,0,0,1,warm,0,1,0,40.43851,0,0,0,39.9941444,0.430304,0,,1200,1200,1200,0,0,26590647,106210007,0,e1b753c9824ba2ac,2513.72573,0,3.01
20260927T201140Z-a843,c66701076edbaf96,497647,gpu-frontier,gpu,resident,s1,18,1,0,0,1,warm,0,1,0,70.673814,0,0,0,70.2219162,0.436907,0,,1875,1875,1875,0,0,49811942,199015683,0,2670421aa8297b39,2513.72573,0,3.01
20260927T201140Z-a843,c66701076edbaf96,283052,gpu-frontier,gpu,resident,s1,19,1,0,0,1,warm,0,1,0,58.267407,0,0,0,57.7809601,0.470885,0,,1615,1615,1615,0,0,39704189,158632274,0,433493362fbdc0e3,2513.40474,0,3.01
20260927T201140Z-a843,c66701076edbaf96,299936,gpu-frontier,gpu,resident,s1,20,1,0,0,1,warm,0,1,0,68.896704,0,0,0,68.3459549,0.534774,0,,1802,1802,1802,0,0,48823955,195066141,0,5c046e9da7034c27,2514.20737,0,3.01
20260927T201140Z-a843,c66701076edbaf96,785373,gpu-frontier,gpu,resident,s1,21,1,0,0,1,warm,0,1,0,39.734252,0,0,0,39.2243195,0.494899,0,,1097,1097,1097,0,0,27122492,108333190,0,231eddebd76b6fad,2513.72573,0,2.93
20260927T201140Z-a843,c66701076edbaf96,480378,gpu-frontier,gpu,resident,s1,22,1,0,0,1,warm,0,1,0,61.121695,0,0,0,60.6216316,0.485231,0,,1642,1642,1642,0,0,41491931,165779854,0,fff9cc247687e936,2513.80584,0,2.93
20260927T201140Z-a843,c66701076edbaf96,321060,gpu-frontier,gpu,resident,s1,23,1,0,0,1,warm,0,1,0,72.25326,0,0,0,71.7664948,0.471356,0,,1923,1923,1923,0,0,49883710,199295097,0,13683e5eb406929a,2511.88159,0,2.93
20260927T201140Z-a843,c66701076edbaf96,337388,gpu-frontier,gpu,resident,s1,24,1,0,0,1,warm,0,1,0,71.788471,0,0,0,71.3285446,0.447122,0,,1921,1921,1921,0,0,49778395,198868327,0,13904ab293644b4b,2513.72573,0,2.93
20260927T201140Z-a843,c66701076edbaf96,118671,gpu-frontier,gpu,resident,s1,25,1,0,0,1,warm,0,1,0,54.181944,0,0,0,53.6318092,0.534973,0,,1535,1535,1535,0,0,36954268,147640215,0,355e763c9e30148a,2513.72573,0,2.93
20260927T201140Z-a843,c66701076edbaf96,125150,gpu-frontier,gpu,resident,s1,26,1,0,0,1,warm,0,1,0,68.827618,0,0,0,68.3221741,0.491782,0,,1762,1762,1762,0,0,48814806,195035838,0,2610cb4418c2fa33,2511.40084,0,2.93
20260927T201140Z-a843,c66701076edbaf96,72476,gpu-frontier,gpu,resident,s1,27,1,0,0,1,warm,0,1,0,46.247791,0,0,0,45.7697906,0.462725,0,,1322,1322,1322,0,0,30823829,123132462,0,511104ffeb974275,2513.72573,0,2.93
20260927T201140Z-a843,c66701076edbaf96,728509,gpu-frontier,gpu,resident,s1,28,1,0,0,1,warm,0,1,0,70.937976,0,0,0,70.4747543,0.446782,0,,1918,1918,1918,0,0,48564778,194020917,0,d5ba49a61aad2090,2513.72573,0,2.93
20260927T201140Z-a843,c66701076edbaf96,679264,gpu-frontier,gpu,resident,s1,29,1,0,0,1,warm,0,1,0,63.685497,0,0,0,63.2328644,0.437962,0,,1756,1756,1756,0,0,43467978,173662314,0,1f9f145164a8d3ba,2512.12189,0,2.93
20260927T201140Z-a843,c66701076edbaf96,828590,gpu-frontier,gpu,resident,s1,30,1,0,0,1,warm,0,1,0,64.126605,0,0,0,63.667263,0.44393,0,,1724,1724,1724,0,0,44012619,175847705,0,75869235508b61de,2512.12189,0,2.93
20260927T201140Z-a843,c66701076edbaf96,411591,gpu-frontier,gpu,resident,s1,31,1,0,0,1,warm,0,1,0,42.60085,0,0,0,42.1578255,0.429065,0,,1226,1226,1226,0,0,28458406,113677138,0,3a9a9b90ef518cee,2514.36796,0,2.93
20260927T201140Z-a843,c66701076edbaf96,555679,gpu-frontier,gpu,resident,s1,32,1,0,0,1,warm,0,1,0,55.481692,0,0,0,55.0274887,0.439383,0,,1528,1528,1528,0,0,37568729,150097176,0,afbdace234d8e184,2513.72573,0,2.93
20260927T201140Z-a843,c66701076edbaf96,417721,gpu-frontier,gpu,resident,s1,33,1,0,0,1,warm,0,1,0,61.858237,0,0,0,61.3977585,0.446177,0,,1653,1653,1653,0,0,42233873,168741096,0,bf42c08a928ad325,2513.40474,0,2.93
20260927T201140Z-a843,c66701076edbaf96,199603,gpu-frontier,gpu,resident,s1,34,1,0,0,1,warm,0,1,0,48.986053,0,0,0,48.5334702,0.438274,0,,1418,1418,1418,0,0,31977470,127748347,0,0f95736287a6c51b,2513.72573,0,2.93
20260927T201140Z-a843,c66701076edbaf96,625990,gpu-frontier,gpu,resident,s1,35,1,0,0,1,warm,0,1,0,41.128605,0,0,0,40.6822739,0.431963,0,,1171,1171,1171,0,0,27150153,108445819,0,d023fd85e5b256d3,2513.72573,0,2.93
20260927T201140Z-a843,c66701076edbaf96,931576,gpu-frontier,gpu,resident,s1,36,1,0,0,1,warm,0,1,0,60.81332,0,0,0,60.3606415,0.438989,0,,1633,1633,1633,0,0,41177398,164518943,0,dc4ab5fe35160bb7,2513.72573,0,2.93
20260927T201140Z-a843,c66701076edbaf96,388607,gpu-frontier,gpu,resident,s1,37,1,0,0,1,warm,0,1,0,47.218453,0,0,0,46.7680016,0.436278,0,,1342,1342,1342,0,0,31259552,124879248,0,d60d882602bb2445,2513.96638,0,2.93
20260927T201140Z-a843,c66701076edbaf96,40305,gpu-frontier,gpu,resident,s1,38,1,0,0,1,warm,0,1,0,68.283802,0,0,0,67.817215,0.451918,0,,1844,1844,1844,0,0,46820787,187061162,0,4867207887c75490,2513.72573,0,2.93
20260927T201140Z-a843,c66701076edbaf96,297024,gpu-frontier,gpu,resident,s1,39,1,0,0,1,warm,0,1,0,48.457688,0,0,0,47.9999695,0.442178,0,,1393,1393,1393,0,0,31672324,126526883,0,470a3109f4dfe476,2513.72573,0,2.93
20260927T201140Z-a843,c66701076edbaf96,928309,gpu-frontier,gpu,resident,s1,40,1,0,0,1,warm,0,1,0,64.679256,0,0,0,64.1101151,0.552813,0,,1700,1700,1700,0,0,44849007,179193928,0,beddfd281855b9d6,2513.72573,0,2.93
20260927T201140Z-a843,c66701076edbaf96,274490,gpu-frontier,gpu,resident,s1,41,1,0,0,1,warm,0,1,0,71.69449,0,0,0,71.1675873,0.512139,0,,1931,1931,1931,0,0,49837626,199085691,0,b76d667cc7b3dc10,2513.72573,0,2.93
20260927T201140Z-a843,c66701076edbaf96,545768,gpu-frontier,gpu,resident,s1,42,1,0,0,1,warm,0,1,0,61.34036,0,0,0,60.8265915,0.49843,0,,1567,1567,1567,0,0,43518107,173873077,0,5dcf8ffaad60d6ba,2514.44811,0,2.93
20260927T201140Z-a843,c66701076edbaf96,20469,gpu-frontier,gpu,resident,s1,43,1,0,0,1,warm,0,1,0,65.227318,0,0,0,64.7116165,0.501518,0,,1793,1793,1793,0,0,44839031,179145513,0,c5e981f86d212703,2513.72573,0,2.93
20260927T201140Z-a843,c66701076edbaf96,531301,gpu-frontier,gpu,resident,s1,44,1,0,0,1,warm,0,1,0,69.273763,0,0,0,68.7828827,0.475795,0,,1833,1833,1833,0,0,47730456,190699274,0,3386570d5a03a7e2,2513.72573,0,2.93
20260927T201140Z-a843,c66701076edbaf96,1047443,gpu-frontier,gpu,resident,s1,45,1,0,0,1,warm,0,1,0,52.780669,0,0,0,52.3294411,0.43708,0,,1431,1431,1431,0,0,36310037,145066442,0,758e4e780d07883b,2513.72573,0,2.93
20260927T201140Z-a843,c66701076edbaf96,638272,gpu-frontier,gpu,resident,s1,46,1,0,0,1,warm,0,1,0,60.009554,0,0,0,59.5455666,0.448161,0,,1609,1609,1609,0,0,41352270,165225936,0,19bcdf9016021200,2514.44811,0,2.93
20260927T201140Z-a843,c66701076edbaf96,975530,gpu-frontier,gpu,resident,s1,47,1,0,0,1,warm,0,1,0,52.249312,0,0,0,51.7967987,0.438042,0,,1465,1465,1465,0,0,35126876,140336840,0,b5cb4363695dc642,2513.1642,0,2.93
20260927T201140Z-a843,c66701076edbaf96,914696,gpu-frontier,gpu,resident,s1,48,1,0,0,1,warm,0,1,0,70.055519,0,0,0,69.5910416,0.448855,0,,1854,1854,1854,0,0,48546987,193959120,0,9630dc5d377e379e,2513.72573,0,2.93
20260927T201140Z-a843,c66701076edbaf96,169940,gpu-frontier,gpu,resident,s1,49,1,0,0,1,warm,0,1,0,66.385392,0,0,0,65.9250259,0.445833,0,,1792,1792,1792,0,0,45904325,183399643,0,95882738bea78e48,2513.72573,0,2.93
20260927T201140Z-a843,c66701076edbaf96,834360,gpu-frontier,gpu,resident,s1,50,1,0,0,1,warm,0,1,0,63.005913,0,0,0,62.5511055,0.44089,0,,1714,1714,1714,0,0,43562232,174048822,0,b2af9c052f6aa536,2513.72573,0,2.93
20260927T201140Z-a843,c66701076edbaf96,518322,gpu-frontier,gpu,resident,s1,51,1,0,0,1,warm,0,1,0,68.28585,0,0,0,67.838913,0.432287,0,,1740,1740,1740,0,0,48595881,194165484,0,db073bf0f90b2a98,2514.0468,0,2.93
20260927T201140Z-a843,c66701076edbaf96,577541,gpu-frontier,gpu,resident,s1,52,1,0,0,1,warm,0,1,0,57.046054,0,0,0,56.5903053,0.440549,0,,1595,1595,1595,0,0,38742760,154787442,0,77a65005472fc098,2512.12189,0,2.93
20260927T201140Z-a843,c66701076edbaf96,764242,gpu-frontier,gpu,resident,s1,53,1,0,0,1,warm,0,1,0,58.288593,0,0,0,57.838623,0.435489,0,,1619,1619,1619,0,0,39590121,158177838,0,9033d32d9660e9c4,2513.72573,0,2.93
20260927T201140Z-a843,c66701076edbaf96,14706,gpu-frontier,gpu,resident,s1,54,1,0,0,1,warm,0,1,0,49.093865,0,0,0,48.6173134,0.461651,0,,1356,1356,1356,0,0,32851057,131239874,0,a5e618cc4a6cd11c,2513.80584,0,2.93
20260927T201140Z-a843,c66701076edbaf96,471650,gpu-frontier,gpu,resident,s1,55,1,0,0,1,warm,0,1,0,48.860619,0,0,0,48.4227219,0.422958,0,,1423,1423,1423,0,0,32656753,130463083,0,5c2db82f624f6019,2513.72573,0,2.93
20260927T201140Z-a843,c66701076edbaf96,192150,gpu-frontier,gpu,resident,s1,56,1,0,0,1,warm,0,1,0,53.097337,0,0,0,52.6487694,0.43388,0,,1534,1534,1534,0,0,34922633,139520999,0,a0aa745d6464a44e,2513.72573,0,2.93
20260927T201140Z-a843,c66701076edbaf96,59477,gpu-frontier,gpu,resident,s1,57,1,0,0,1,warm,0,1,0,70.5392,0,0,0,70.0751648,0.449949,0,,1849,1849,1849,0,0,48774184,194866766,0,a204b81edc32cc7e,2513.72573,0,2.93
20260927T201140Z-a843,c66701076edbaf96,201224,gpu-frontier,gpu,resident,s1,58,1,0,0,1,warm,0,1,0,50.139941,0,0,0,49.6861763,0.439231,0,,1510,1510,1510,0,0,32485676,129780058,0,7c70dcbcc6f31504,2511.88159,0,2.93
20260927T201140Z-a843,c66701076edbaf96,12846,gpu-frontier,gpu,resident,s1,59,1,0,0,1,warm,0,1,0,61.233488,0,0,0,60.7508469,0.468268,0,,1663,1663,1663,0,0,41364465,165267376,0,53492d3ce70c619e,2513.72573,0,2.93
20260927T201140Z-a843,c66701076edbaf96,88685,gpu-frontier,gpu,resident,s1,60,1,0,0,1,warm,0,1,0,74.665515,0,0,0,74.1368637,0.513309,0,,1938,1938,1938,0,0,51055953,203964488,0,0e83a3e19213231b,2514.12694,0,2.93
20260927T201140Z-a843,c66701076edbaf96,637,gpu-frontier,gpu,resident,s1,61,1,0,0,1,warm,0,1,0,54.925986,0,0,0,54.4090881,0.501141,0,,1545,1545,1545,0,0,36454465,145640580,0,cb147f7f9395de4d,2513.72573,0,2.93
20260927T201140Z-a843,c66701076edbaf96,140682,gpu-frontier,gpu,resident,s1,62,1,0,0,1,warm,0,1,0,64.276876,0,0,0,63.7935028,0.468172,0,,1755,1755,1755,0,0,44153432,176407665,0,05f6bf3b97ab9c44,2513.56522,0,2.93
20260927T201140Z-a843,c66701076edbaf96,242263,gpu-frontier,gpu,resident,s1,63,1,0,0,1,warm,0,1,0,57.63577,0,0,0,57.1412468,0.480353,0,,1494,1494,1494,0,0,40488853,161771635,0,909314f25aeaa7d5,2514.20737,0,2.93
20260927T201140Z-a843,c66701076edbaf96,955528,gpu-frontier,gpu,resident,s1,64,1,0,0,1,warm,0,1,0,43.340491,0,0,0,42.8805771,0.443504,0,,1251,1251,1251,0,0,28901385,115446165,0,b2722a7e696c72df,2514.12694,0,2.93
20260927T201140Z-a843,c66701076edbaf96,604431,gpu-frontier,gpu,resident,s1,65,1,0,0,1,warm,0,1,0,48.489227,0,0,0,48.0289612,0.444883,0,,1427,1427,1427,0,0,32088498,128190221,0,fd90c4b8cb50dbff,2512.2022,0,2.93
20260927T201140Z-a843,c66701076edbaf96,968747,gpu-frontier,gpu,resident,s1,66,1,0,0,1,warm,0,1,0,63.467761,0,0,0,63.0149422,0.43958,0,,1668,1668,1668,0,0,44449012,177594375,0,7e6718b380684cd1,2512.12189,0,2.93
20260927T201140Z-a843,c66701076edbaf96,25579,gpu-frontier,gpu,resident,s1,67,1,0,0,1,warm,0,1,0,71.524192,0,0,0,71.0563507,0.454122,0,,1933,1933,1933,0,0,49062978,196013435,0,3229d6200a4fb418,2513.72573,0,2.93
20260927T201140Z-a843,c66701076edbaf96,802074,gpu-frontier,gpu,resident,s1,68,1,0,0,1,warm,0,1,0,64.749953,0,0,0,64.2889633,0.445585,0,,1765,1765,1765,0,0,44366444,177256102,0,75cdb86da5eabfb0,2513.72573,0,2.93
20260927T201140Z-a843,c66701076edbaf96,785602,gpu-frontier,gpu,resident,s1,69,1,0,0,1,warm,0,1,0,58.627201,0,0,0,58.1633263,0.448426,0,,1540,1540,1540,0,0,40438966,161574297,0,816414c006cc404e,2512.2022,0,2.93
20260927T201140Z-a843,c66701076edbaf96,800647,gpu-frontier,gpu,resident,s1,70,1,0,0,1,warm,0,1,0,74.784089,0,0,0,74.1976929,0.570009,0,,1987,1987,1987,0,0,51400536,205336633,0,826cd67eaa9f4b33,2513.72573,0,2.93
20260927T201140Z-a843,c66701076edbaf96,1034835,gpu-frontier,gpu,resident,s1,71,1,0,0,1,warm,0,1,0,45.427409,0,0,0,44.8441925,0.564339,0,,1352,1352,1352,0,0,29562031,118089221,0,aee93ced3cba03e1,2513.72573,0,2.93
20260927T201140Z-a843,c66701076edbaf96,591983,gpu-frontier,gpu,resident,s1,72,1,0,0,1,warm,0,1,0,65.660726,0,0,0,65.1430435,0.50159,0,,1728,1728,1728,0,0,45289790,180953020,0,06921044afbc0a6c,2513.72573,0,2.93
20260927T201140Z-a843,c66701076edbaf96,509143,gpu-frontier,gpu,resident,s1,73,1,0,0,1,warm,0,1,0,60.025209,0,0,0,59.5352974,0.474436,0,,1641,1641,1641,0,0,40905035,163430451,0,caa8a0c2a48999bb,2513.72573,0,2.93
20260927T201140Z-a843,c66701076edbaf96,258004,gpu-frontier,gpu,resident,s1,74,1,0,0,1,warm,0,1,0,69.070705,0,0,0,68.5683517,0.48739,0,,1813,1813,1813,0,0,48324597,193074366,0,72de258eb31bb540,2511.8016,0,2.93
20260927T201140Z-a843,c66701076edbaf96,1008134,gpu-frontier,gpu,resident,s1,75,1,0,0,1,warm,0,1,0,73.354563,0,0,0,72.8146591,0.524074,0,,1971,1971,1971,0,0,50205529,200558274,0,ad81620dd0ccc9a5,2513.72573,0,2.93
20260927T201140Z-a843,c66701076edbaf96,693058,gpu-frontier,gpu,resident,s1,76,1,0,0,1,warm,0,1,0,69.080362,0,0,0,68.5763168,0.488631,0,,1826,1826,1826,0,0,47862132,191222028,0,6a6111f023fb9ad7,2511.8016,0,2.93
20260927T201140Z-a843,c66701076edbaf96,567498,gpu-frontier,gpu,resident,s1,77,1,0,0,1,warm,0,1,0,66.9077,0,0,0,66.4199982,0.473205,0,,1836,1836,1836,0,0,45894048,183357171,0,4d57830ba3fcf997,2512.12189,0,2.93
20260927T201140Z-a843,c66701076edbaf96,626061,gpu-frontier,gpu,resident,s1,78,1,0,0,1,warm,0,1,0,68.368519,0,0,0,67.9045792,0.448779,0,,1799,1799,1799,0,0,48199294,192569493,0,2bc79ed65418744c,2513.72573,0,2.93
20260927T201140Z-a843,c66701076edbaf96,599867,gpu-frontier,gpu,resident,s1,79,1,0,0,1,warm,0,1,0,59.869478,0,0,0,59.3734093,0.480988,0,,1568,1568,1568,0,0,41317005,165079676,0,bc4ff01d7bce33e5,2513.72573,0,2.93
20260927T201140Z-a843,c66701076edbaf96,721594,gpu-frontier,gpu,resident,s1,80,1,0,0,1,warm,0,1,0,63.945777,0,0,0,63.4828148,0.447974,0,,1691,1691,1691,0,0,44727802,178709642,0,e5d860fd5f515748,2513.72573,0,2.93
20260927T201140Z-a843,c66701076edbaf96,755768,gpu-frontier,gpu,resident,s1,81,1,0,0,1,warm,0,1,0,61.837659,0,0,0,61.3671989,0.455259,0,,1642,1642,1642,0,0,43548830,173996255,0,f0545bbc59e2b6d9,2513.72573,0,2.93
20260927T201140Z-a843,c66701076edbaf96,481879,gpu-frontier,gpu,resident,s1,82,1,0,0,1,warm,0,1,0,49.785803,0,0,0,49.3288651,0.442738,0,,1411,1411,1411,0,0,34083810,136165626,0,eb33c6eedfcb1504,2513.72573,0,2.93
20260927T201140Z-a843,c66701076edbaf96,666926,gpu-frontier,gpu,resident,s1,83,1,0,0,1,warm,0,1,0,56.651239,0,0,0,56.1980476,0.438235,0,,1495,1495,1495,0,0,39024366,155915840,0,3b100f409ba061e0,2513.88626,0,2.93
20260927T201140Z-a843,c66701076edbaf96,812308,gpu-frontier,gpu,resident,s1,84,1,0,0,1,warm,0,1,0,62.001041,0,0,0,61.5436172,0.44218,0,,1632,1632,1632,0,0,42866395,171277281,0,c31adf4c361e9520,2513.72573,0,2.93
20260927T201140Z-a843,c66701076edbaf96,940471,gpu-frontier,gpu,resident,s1,85,1,0,0,1,warm,0,1,0,74.381183,0,0,0,73.9163818,0.450144,0,,2001,2001,2001,0,0,51051600,203929633,0,02bdf829a1772f2a,2513.72573,0,2.93
20260927T201140Z-a843,c66701076edbaf96,705817,gpu-frontier,gpu,resident,s1,86,1,0,0,1,warm,0,1,0,60.939483,0,0,0,60.4939537,0.430346,0,,1659,1659,1659,0,0,42191210,168569837,0,d08744491a4f6254,2513.72573,0,2.93
20260927T201140Z-a843,c66701076edbaf96,378775,gpu-frontier,gpu,resident,s1,87,1,0,0,1,warm,0,1,0,74.369161,0,0,0,73.9205093,0.433124,0,,1934,1934,1934,0,0,52961545,211597999,0,7976fe449628ee76,2513.72573,0,2.93
20260927T201140Z-a843,c66701076edbaf96,11928,gpu-frontier,gpu,resident,s1,88,1,0,0,1,warm,0,1,0,49.194432,0,0,0,48.7361908,0.444247,0,,1358,1358,1358,0,0,33461754,133680933,0,e313e61597c97dcc,2513.72573,0,2.93
20260927T201140Z-a843,c66701076edbaf96,149969,gpu-frontier,gpu,resident,s1,89,1,0,0,1,warm,0,1,0,65.390642,0,0,0,64.9450226,0.4315,0,,1759,1759,1759,0,0,45354310,181210849,0,90f30508e8b238e3,2513.72573,0,2.93
20260927T201140Z-a843,c66701076edbaf96,518422,gpu-frontier,gpu,resident,s1,90,1,0,0,1,warm,0,1,0,41.350087,0,0,0,40.8962898,0.438426,0,,1171,1171,1171,0,0,27520516,109923435,0,c0b6e9e87d2215b0,2513.32465,0,2.93
20260927T201140Z-a843,c66701076edbaf96,764093,gpu-frontier,gpu,resident,s1,91,1,0,0,1,warm,0,1,0,56.513692,0,0,0,56.0627518,0.436625,0,,1603,1603,1603,0,0,37744671,150803212,0,53bfc44cc00c87db,2513.72573,0,2.93
20260927T201140Z-a843,c66701076edbaf96,818556,gpu-frontier,gpu,resident,s1,92,1,0,0,1,warm,0,1,0,71.190155,0,0,0,70.6596832,0.514801,0,,1820,1820,1820,0,0,48970146,195651235,0,3d8997c00e6cf508,2513.72573,0,2.93
20260927T201140Z-a843,c66701076edbaf96,284007,gpu-frontier,gpu,resident,s1,93,1,0,0,1,warm,0,1,0,45.707165,0,0,0,45.1880302,0.501304,0,,1295,1295,1295,0,0,29777809,118950069,0,2c0ccfa7ab97af66,2513.72573,0,2.93
20260927T201140Z-a843,c66701076edbaf96,147527,gpu-frontier,gpu,resident,s1,94,1,0,0,1,warm,0,1,0,69.221343,0,0,0,68.7071991,0.499375,0,,1785,1785,1785,0,0,48175313,192475347,0,6414f13426478617,2513.72573,0,2.93
20260927T201140Z-a843,c66701076edbaf96,810773,gpu-frontier,gpu,resident,s1,95,1,0,0,1,warm,0,1,0,47.921269,0,0,0,47.4409294,0.465523,0,,1389,1389,1389,0,0,32489432,129797159,0,26ab53717621d5f2,2513.1642,0,2.93
20260927T201140Z-a843,c66701076edbaf96,496849,gpu-frontier,gpu,resident,s1,96,1,0,0,1,warm,0,1,0,71.891754,0,0,0,71.4109726,0.466612,0,,1831,1831,1831,0,0,51147410,204352551,0,61fa850a08bc862f,2513.72573,0,2.93
20260927T201140Z-a843,c66701076edbaf96,1013688,gpu-frontier,gpu,resident,s1,97,1,0,0,1,warm,0,1,0,66.413772,0,0,0,65.8657608,0.532078,0,,1722,1722,1722,0,0,46610947,186221814,0,1fa814dfb1f7b535,2513.72573,0,2.77
20260927T201140Z-a843,c66701076edbaf96,935512,gpu-frontier,gpu,resident,s1,98,1,0,0,1,warm,0,1,0,60.885083,0,0,0,60.3677444,0.502182,0,,1659,1659,1659,0,0,41954805,167624312,0,9403f9d957fe5c2b,2513.72573,0,2.77
20260927T201140Z-a843,c66701076edbaf96,714883,gpu-frontier,gpu,resident,s1,99,1,0,0,1,warm,0,1,0,67.556691,0,0,0,67.0680618,0.473767,0,,1816,1816,1816,0,0,46816626,187048417,0,4867872a759d804d,2513.72573,0,2.77
20260927T201140Z-a843,c66701076edbaf96,670214,gpu-frontier,gpu,resident,s1,100,1,0,0,1,warm,0,1,0,67.226633,0,0,0,66.7177887,0.494777,0,,1770,1770,1770,0,0,47003481,187800431,0,9888b5552dc26be3,2513.72573,0,2.77
20260927T201140Z-a843,c66701076edbaf96,922346,gpu-frontier,gpu,resident,s1,101,1,0,0,1,warm,0,1,0,44.453932,0,0,0,43.8987846,0.540345,0,,1315,1315,1315,0,0,29113031,116295227,0,10711b84b3bef833,2513.72573,0,2.77
20260927T201140Z-a843,c66701076edbaf96,802242,gpu-frontier,gpu,resident,s1,102,1,0,0,1,warm,0,1,0,47.353884,0,0,0,46.8303375,0.508905,0,,1408,1408,1408,0,0,31473639,125735393,0,5f8b395e1c757b0b,2514.0468,0,2.77
20260927T201140Z-a843,c66701076edbaf96,45284,gpu-frontier,gpu,resident,s1,103,1,0,0,1,warm,0,1,0,69.586759,0,0,0,69.0975342,0.473631,0,,1841,1841,1841,0,0,48847455,195157490,0,101c5992f307ed7a,2512.12189,0,2.77
20260927T201140Z-a843,c66701076edbaf96,908797,gpu-frontier,gpu,resident,s1,104,1,0,0,1,warm,0,1,0,67.40323,0,0,0,66.9354858,0.452287,0,,1711,1711,1711,0,0,47202357,188593383,0,2c3edda3a4e7d134,2513.72573,0,2.77
20260927T201140Z-a843,c66701076edbaf96,281396,gpu-frontier,gpu,resident,s1,105,1,0,0,1,warm,0,1,0,77.181175,0,0,0,76.705986,0.460631,0,,2026,2026,2026,0,0,52948114,211505194,0,9914811ae5975590,2513.72573,0,2.77
20260927T201140Z-a843,c66701076edbaf96,1000550,gpu-frontier,gpu,resident,s1,106,1,0,0,1,warm,0,1,0,50.40452,0,0,0,49.9415665,0.447872,0,,1395,1395,1395,0,0,33632310,134364907,0,657bfc39edfde598,2512.04188,0,2.77
20260927T201140Z-a843,c66701076edbaf96,73594,gpu-frontier,gpu,resident,s1,107,1,0,0,1,warm,0,1,0,65.30321,0,0,0,64.8429413,0.446298,0,,1795,1795,1795,0,0,44709421,178629719,0,89a0693a7eb907df,2511.24093,0,2.77
20260927T201140Z-a843,c66701076edbaf96,301631,gpu-frontier,gpu,resident,s1,108,1,0,0,1,warm,0,1,0,74.585358,0,0,0,73.9921951,0.578434,0,,1900,1900,1900,0,0,52814181,211008362,0,a13c34ca5c449e66,2513.72573,0,2.77
20260927T201140Z-a843,c66701076edbaf96,430170,gpu-frontier,gpu,resident,s1,109,1,0,0,1,warm,0,1,0,54.105538,0,0,0,53.5789108,0.511275,0,,1555,1555,1555,0,0,36475012,145726362,0,3139fb5fd0f393b3,2512.12189,0,2.77
20260927T201140Z-a843,c66701076edbaf96,752814,gpu-frontier,gpu,resident,s1,110,1,0,0,1,warm,0,1,0,44.218274,0,0,0,43.7472305,0.456531,0,,1208,1208,1208,0,0,30268922,120909001,0,8c917a45d206552d,2513.72573,0,2.77
20260927T201140Z-a843,c66701076edbaf96,679839,gpu-frontier,gpu,resident,s1,111,1,0,0,1,warm,0,1,0,61.165571,0,0,0,60.6751671,0.475353,0,,1683,1683,1683,0,0,42023377,167897744,0,71f28c62aa82d217,2513.72573,0,2.77
20260927T201140Z-a843,c66701076edbaf96,619664,gpu-frontier,gpu,resident,s1,112,1,0,0,1,warm,0,1,0,43.319321,0,0,0,42.8767357,0.428259,0,,1330,1330,1330,0,0,28394185,113424720,0,95f2dcfc501ad06e,2511.88159,0,2.77
20260927T201140Z-a843,c66701076edbaf96,98827,gpu-frontier,gpu,resident,s1,113,1,0,0,1,warm,0,1,0,45.949097,0,0,0,45.4912338,0.443617,0,,1346,1346,1346,0,0,30417428,121509584,0,00612f347f63bc08,2513.72573,0,2.77
20260927T201140Z-a843,c66701076edbaf96,105994,gpu-frontier,gpu,resident,s1,114,1,0,0,1,warm,0,1,0,71.983004,0,0,0,71.5253754,0.442369,0,,1733,1733,1733,0,0,51192672,204537931,0,4bfaff9193bbdfef,2513.64562,0,2.77
20260927T201140Z-a843,c66701076edbaf96,243457,gpu-frontier,gpu,resident,s1,115,1,0,0,1,warm,0,1,0,73.951757,0,0,0,73.4716187,0.465707,0,,1962,1962,1962,0,0,50696336,202524958,0,ad0dd27816987427,2511.96159,0,2.77
20260927T201140Z-a843,c66701076edbaf96,734875,gpu-frontier,gpu,resident,s1,116,1,0,0,1,warm,0,1,0,70.80318,0,0,0,70.3356781,0.45269,0,,1919,1919,1919,0,0,48239207,192714476,0,17ef0d8567862766,2513.72573,0,2.77
20260927T201140Z-a843,c66701076edbaf96,370736,gpu-frontier,gpu,resident,s1,117,1,0,0,1,warm,0,1,0,64.35424,0,0,0,63.809761,0.529388,0,,1746,1746,1746,0,0,43989977,175752732,0,5c3180fa34ea9049,2513.32465,0,2.77
20260927T201140Z-a843,c66701076edbaf96,521055,gpu-frontier,gpu,resident,s1,118,1,0,0,1,warm,0,1,0,64.399873,0,0,0,63.9172783,0.4672,0,,1719,1719,1719,0,0,44729874,178716174,0,ab61220815625a78,2513.72573,0,2.77
20260927T201140Z-a843,c66701076edbaf96,697461,gpu-frontier,gpu,resident,s1,119,1,0,0,1,warm,0,1,0,70.173101,0,0,0,69.6658249,0.492026,0,,1888,1888,1888,0,0,48160297,192400341,0,3ddf044e25f83d4f,2513.72573,0,2.77
20260927T201140Z-a843,c66701076edbaf96,696648,gpu-frontier,gpu,resident,s1,120,1,0,0,1,warm,0,1,0,64.172082,0,0,0,63.6940155,0.462984,0,,1713,1713,1713,0,0,44447995,177592436,0,254d9204a927830b,2513.40474,0,2.77
20260927T201140Z-a843,c66701076edbaf96,322939,gpu-frontier,gpu,resident,s1,121,1,0,0,1,warm,0,1,0,60.337045,0,0,0,59.8458862,0.476338,0,,1580,1580,1580,0,0,42537319,169956562,0,b26fbd06f48c7658,2513.72573,0,2.77
20260927T201140Z-a843,c66701076edbaf96,235403,gpu-frontier,gpu,resident,s1,122,1,0,0,1,warm,0,1,0,46.370981,0,0,0,45.9132156,0.441449,0,,1383,1383,1383,0,0,30526616,121946893,0,b78b1de2f5a26d81,2513.72573,0,2.77
20260927T201140Z-a843,c66701076edbaf96,842932,gpu-frontier,gpu,resident,s1,123,1,0,0,1,warm,0,1,0,52.232243,0,0,0,51.7797432,0.438991,0,,1441,1441,1441,0,0,36137382,144376287,0,292a2f6ed53c5012,2513.72573,0,2.77
20260927T201140Z-a843,c66701076edbaf96,776073,gpu-frontier,gpu,resident,s1,124,1,0,0,1,warm,0,1,0,56.402349,0,0,0,55.8774414,0.509092,0,,1562,1562,1562,0,0,38310628,153062432,0,a04df1093857d854,2513.72573,0,2.77
20260927T201140Z-a843,c66701076edbaf96,159157,gpu-frontier,gpu,resident,s1,125,1,0,0,1,warm,0,1,0,70.597207,0,0,0,70.09021,0.492824,0,,1799,1799,1799,0,0,49812614,199018075,0,940851ec667c58ee,2512.12189,0,2.77
20260927T201140Z-a843,c66701076edbaf96,824874,gpu-frontier,gpu,resident,s1,126,1,0,0,1,warm,0,1,0,50.01794,0,0,0,49.5156479,0.487932,0,,1420,1420,1420,0,0,33379291,133347737,0,d42cb5898be984f3,2513.72573,0,2.77
20260927T201140Z-a843,c66701076edbaf96,523339,gpu-frontier,gpu,resident,s1,127,1,0,0,1,warm,0,1,0,47.255307,0,0,0,45.7176628,0.43405,1.08943,,1350,1350,1350,0,0,30445478,121622277,0,6b13bf0bd1b7f21b,2514.36796,0,2.77
20260927T201140Z-a843,c66701076edbaf96,140379,dial,cpu,resident,s1,0,1,0,0,2,warm,24,1,0,48.175397,0,0.736671,0,47.438221,0,0,,34598,0,0,0,0,1048576,4190208,0,0194bc45aa2b7bd5,,0,2.77
20260927T201140Z-a843,c66701076edbaf96,143033,dial,cpu,resident,s1,1,1,0,0,2,warm,24,1,0,46.76734,0,0.531389,0,46.235594,0,0,,37857,0,0,0,0,1048576,4190208,0,5b8da2ba23672360,,0,2.77
20260927T201140Z-a843,c66701076edbaf96,473133,dial,cpu,resident,s1,2,1,0,0,2,warm,24,1,0,46.770755,0,0.529359,0,46.240871,0,0,,36177,0,0,0,0,1048576,4190208,0,551bb7beaf35b173,,0,2.77
20260927T201140Z-a843,c66701076edbaf96,22045,dial,cpu,resident,s1,3,1,0,0,2,warm,24,1,0,46.815646,0,0.53848,0,46.276749,0,0,,24368,0,0,0,0,1048576,4190208,0,b659a1864c16f101,,0,2.77
20260927T201140Z-a843,c66701076edbaf96,367943,dial,cpu,resident,s1,4,1,0,0,2,warm,24,1,0,47.370914,0,0.546216,0,46.824365,0,0,,42099,0,0,0,0,1048576,4190208,0,19ea500da30075b2,,0,2.77
20260927T201140Z-a843,c66701076edbaf96,955628,dial,cpu,resident,s1,5,1,0,0,2,warm,24,1,0,50.342583,0,0.524678,0,49.817747,0,0,,40919,0,0,0,0,1048576,4190208,0,9315192044a47b21,,0,2.77
20260927T201140Z-a843,c66701076edbaf96,493619,dial,cpu,resident,s1,6,1,0,0,2,warm,24,1,0,49.625708,0,0.606327,0,49.019084,0,0,,40998,0,0,0,0,1048576,4190208,0,10dd6ae381b84252,,0,2.77
20260927T201140Z-a843,c66701076edbaf96,78040,dial,cpu,resident,s1,7,1,0,0,2,warm,24,1,0,47.682628,0,0.552177,0,47.129992,0,0,,41218,0,0,0,0,1048576,4190208,0,56a292fe41b7d54b,,0,2.77
20260927T201140Z-a843,c66701076edbaf96,597528,dial,cpu,resident,s1,8,1,0,0,2,warm,24,1,0,46.822466,0,0.493225,0,46.32892,0,0,,37261,0,0,0,0,1048576,4190208,0,da01e5ba298e7e3b,,0,2.77
20260927T201140Z-a843,c66701076edbaf96,666088,dial,cpu,resident,s1,9,1,0,0,2,warm,24,1,0,46.992963,0,0.490072,0,46.502506,0,0,,29953,0,0,0,0,1048576,4190208,0,d6d7e557f0f85169,,0,2.77
20260927T201140Z-a843,c66701076edbaf96,93798,dial,cpu,resident,s1,10,1,0,0,2,warm,24,1,0,47.431169,0,0.535215,0,46.895551,0,0,,33953,0,0,0,0,1048576,4190208,0,6e7bf2cc1ae81de6,,0,2.77
20260927T201140Z-a843,c66701076edbaf96,583195,dial,cpu,resident,s1,11,1,0,0,2,warm,24,1,0,48.204986,0,0.527904,0,47.676649,0,0,,39540,0,0,0,0,1048576,4190208,0,caff7e83ca886c86,,0,2.77
20260927T201140Z-a843,c66701076edbaf96,828010,dial,cpu,resident,s1,12,1,0,0,2,warm,24,1,0,47.641135,0,0.55763,0,47.083161,0,0,,34121,0,0,0,0,1048576,4190208,0,7141a77e2ba6e87b,,0,2.77
20260927T201140Z-a843,c66701076edbaf96,232399,dial,cpu,resident,s1,13,1,0,0,2,warm,24,1,0,46.867533,0,0.512224,0,46.354792,0,0,,33093,0,0,0,0,1048576,4190208,0,5acf05509edbbd79,,0,2.77
20260927T201140Z-a843,c66701076edbaf96,439005,dial,cpu,resident,s1,14,1,0,0,2,warm,24,1,0,47.513114,0,0.526616,0,46.9862,0,0,,36373,0,0,0,0,1048576,4190208,0,a9ead817df417563,,0,2.77
20260927T201140Z-a843,c66701076edbaf96,261911,dial,cpu,resident,s1,15,1,0,0,2,warm,24,1,0,47.125475,0,0.54604,0,46.579042,0,0,,29077,0,0,0,0,1048576,4190208,0,8984d55349b3d674,,0,2.77
20260927T201140Z-a843,c66701076edbaf96,306042,dial,cpu,resident,s1,16,1,0,0,2,warm,24,1,0,47.468008,0,0.533273,0,46.934444,0,0,,34849,0,0,0,0,1048576,4190208,0,776f1233a5dbe9e9,,0,2.77
20260927T201140Z-a843,c66701076edbaf96,842254,dial,cpu,resident,s1,17,1,0,0,2,warm,24,1,0,48.501436,0,0.54941,0,47.951726,0,0,,26680,0,0,0,0,1048576,4190208,0,e1b753c9824ba2ac,,0,2.77
20260927T201140Z-a843,c66701076edbaf96,497647,dial,cpu,resident,s1,18,1,0,0,2,warm,24,1,0,47.606614,0,0.501862,0,47.104405,0,0,,41668,0,0,0,0,1048576,4190208,0,2670421aa8297b39,,0,2.77
20260927T201140Z-a843,c66701076edbaf96,283052,dial,cpu,resident,s1,19,1,0,0,2,warm,24,1,0,46.872688,0,0.500124,0,46.372163,0,0,,35769,0,0,0,0,1048576,4190208,0,433493362fbdc0e3,,0,2.77
20260927T201140Z-a843,c66701076edbaf96,299936,dial,cpu,resident,s1,20,1,0,0,2,warm,24,1,0,46.823791,0,0.493718,0,46.329761,0,0,,41129,0,0,0,0,1048576,4190208,0,5c046e9da7034c27,,0,2.77
20260927T201140Z-a843,c66701076edbaf96,785373,dial,cpu,resident,s1,21,1,0,0,2,warm,24,1,0,48.224533,0,0.486015,0,47.738193,0,0,,24756,0,0,0,0,1048576,4190208,0,231eddebd76b6fad,,0,2.77
20260927T201140Z-a843,c66701076edbaf96,480378,dial,cpu,resident,s1,22,1,0,0,2,warm,24,1,0,47.2604,0,0.528033,0,46.731973,0,0,,36209,0,0,0,0,1048576,4190208,0,fff9cc247687e936,,0,2.77
20260927T201140Z-a843,c66701076edbaf96,321060,dial,cpu,resident,s1,23,1,0,0,2,warm,24,1,0,47.39066,0,0.514059,0,46.876189,0,0,,42516,0,0,0,0,1048576,4190208,0,13683e5eb406929a,,0,2.77
20260927T201140Z-a843,c66701076edbaf96,337388,dial,cpu,resident,s1,24,1,0,0,2,warm,24,1,0,47.135105,0,0.521955,0,46.612763,0,0,,42506,0,0,0,0,1048576,4190208,0,13904ab293644b4b,,0,2.77
20260927T201140Z-a843,c66701076edbaf96,118671,dial,cpu,resident,s1,25,1,0,0,2,warm,24,1,0,46.85228,0,0.537491,0,46.314389,0,0,,33900,0,0,0,0,1048576,4190208,0,355e763c9e30148a,,0,2.77
20260927T201140Z-a843,c66701076edbaf96,125150,dial,cpu,resident,s1,26,1,0,0,2,warm,24,1,0,47.551527,0,0.540826,0,47.010339,0,0,,39751,0,0,0,0,1048576,4190208,0,2610cb4418c2fa33,,0,2.77
20260927T201140Z-a843,c66701076edbaf96,72476,dial,cpu,resident,s1,27,1,0,0,2,warm,24,1,0,46.675346,0,0.530883,0,46.144216,0,0,,29115,0,0,0,0,1048576,4190208,0,511104ffeb974275,,0,2.77
20260927T201140Z-a843,c66701076edbaf96,728509,dial,cpu,resident,s1,28,1,0,0,2,warm,24,1,0,47.7196,0,0.497776,0,47.221502,0,0,,42604,0,0,0,0,1048576,4190208,0,d5ba49a61aad2090,,0,2.77
20260927T201140Z-a843,c66701076edbaf96,679264,dial,cpu,resident,s1,29,1,0,0,2,warm,24,1,0,48.001022,0,0.519492,0,47.481278,0,0,,39500,0,0,0,0,1048576,4190208,0,1f9f145164a8d3ba,,0,2.77
20260927T201140Z-a843,c66701076edbaf96,828590,dial,cpu,resident,s1,30,1,0,0,2,warm,24,1,0,49.055202,0,0.500726,0,48.554119,0,0,,38672,0,0,0,0,1048576,4190208,0,75869235508b61de,,0,2.77
20260927T201140Z-a843,c66701076edbaf96,411591,dial,cpu,resident,s1,31,1,0,0,2,warm,24,1,0,48.082138,0,0.525303,0,47.55641,0,0,,26931,0,0,0,0,1048576,4190208,0,3a9a9b90ef518cee,,0,2.77
20260927T201140Z-a843,c66701076edbaf96,555679,dial,cpu,resident,s1,32,1,0,0,2,warm,24,1,0,46.860092,0,0.503591,0,46.356139,0,0,,33579,0,0,0,0,1048576,4190208,0,afbdace234d8e184,,0,2.77
20260927T201140Z-a843,c66701076edbaf96,417721,dial,cpu,resident,s1,33,1,0,0,2,warm,24,1,0,48.055702,0,0.539989,0,47.515409,0,0,,36563,0,0,0,0,1048576,4190208,0,bf42c08a928ad325,,0,2.77
20260927T201140Z-a843,c66701076edbaf96,199603,dial,cpu,resident,s1,34,1,0,0,2,warm,24,1,0,47.289003,0,0.544898,0,46.743616,0,0,,31631,0,0,0,0,1048576,4190208,0,0f95736287a6c51b,,0,2.77
20260927T201140Z-a843,c66701076edbaf96,625990,dial,cpu,resident,s1,35,1,0,0,2,warm,24,1,0,47.35758,0,0.540173,0,46.816993,0,0,,26040,0,0,0,0,1048576,4190208,0,d023fd85e5b256d3,,0,2.77
20260927T201140Z-a843,c66701076edbaf96,931576,dial,cpu,resident,s1,36,1,0,0,2,warm,24,1,0,47.468073,0,0.533072,0,46.93454,0,0,,36127,0,0,0,0,1048576,4190208,0,dc4ab5fe35160bb7,,0,2.77
20260927T201140Z-a843,c66701076edbaf96,388607,dial,cpu,resident,s1,37,1,0,0,2,warm,24,1,0,47.642609,0,0.509196,0,47.133233,0,0,,30359,0,0,0,0,1048576,4190208,0,d60d882602bb2445,,0,2.77
20260927T201140Z-a843,c66701076edbaf96,40305,dial,cpu,resident,s1,38,1,0,0,2,warm,24,1,0,47.845949,0,0.506984,0,47.338614,0,0,,40850,0,0,0,0,1048576,4190208,0,4867207887c75490,,0,2.77
20260927T201140Z-a843,c66701076edbaf96,297024,dial,cpu,resident,s1,39,1,0,0,2,warm,24,1,0,46.561679,0,0.515601,0,46.045738,0,0,,31080,0,0,0,0,1048576,4190208,0,470a3109f4dfe476,,0,2.77
20260927T201140Z-a843,c66701076edbaf96,928309,dial,cpu,resident,s1,40,1,0,0,2,warm,24,1,0,46.668102,0,0.514865,0,46.152749,0,0,,38386,0,0,0,0,1048576,4190208,0,beddfd281855b9d6,,0,2.77
20260927T201140Z-a843,c66701076edbaf96,274490,dial,cpu,resident,s1,41,1,0,0,2,warm,24,1,0,48.843409,0,0.530557,0,48.312551,0,0,,43481,0,0,0,0,1048576,4190208,0,b76d667cc7b3dc10,,0,2.77
20260927T201140Z-a843,c66701076edbaf96,545768,dial,cpu,resident,s1,42,1,0,0,2,warm,24,1,0,47.530381,0,0.568126,0,46.962026,0,0,,35500,0,0,0,0,1048576,4190208,0,5dcf8ffaad60d6ba,,0,2.77
20260927T201140Z-a843,c66701076edbaf96,20469,dial,cpu,resident,s1,43,1,0,0,2,warm,24,1,0,47.395603,0,0.561405,0,46.833901,0,0,,40106,0,0,0,0,1048576,4190208,0,c5e981f86d212703,,0,2.77
20260927T201140Z-a843,c66701076edbaf96,531301,dial,cpu,resident,s1,44,1,0,0,2,warm,24,1,0,47.234989,0,0.54448,0,46.690225,0,0,,40659,0,0,0,0,1048576,4190208,0,3386570d5a03a7e2,,0,2.77
20260927T201140Z-a843,c66701076edbaf96,1047443,dial,cpu,resident,s1,45,1,0,0,2,warm,24,1,0,46.698086,0,0.534825,0,46.162727,0,0,,31953,0,0,0,0,1048576,4190208,0,758e4e780d07883b,,0,2.77
20260927T201140Z-a843,c66701076edbaf96,638272,dial,cpu,resident,s1,46,1,0,0,2,warm,24,1,0,46.811886,0,0.530131,0,46.281487,0,0,,35835,0,0,0,0,1048576,4190208,0,19bcdf9016021200,,0,2.77
20260927T201140Z-a843,c66701076edbaf96,975530,dial,cpu,resident,s1,47,1,0,0,2,warm,24,1,0,48.528013,0,0.530075,0,47.997786,0,0,,32677,0,0,0,0,1048576,4190208,0,b5cb4363695dc642,,0,2.77
20260927T201140Z-a843,c66701076edbaf96,914696,dial,cpu,resident,s1,48,1,0,0,2,warm,24,1,0,49.954148,0,0.632191,0,49.32165,0,0,,41108,0,0,0,0,1048576,4190208,0,9630dc5d377e379e,,0,2.77
20260927T201140Z-a843,c66701076edbaf96,169940,dial,cpu,resident,s1,49,1,0,0,2,warm,24,1,0,46.634181,0,0.499461,0,46.134414,0,0,,39685,0,0,0,0,1048576,4190208,0,95882738bea78e48,,0,2.77
20260927T201140Z-a843,c66701076edbaf96,834360,dial,cpu,resident,s1,50,1,0,0,2,warm,24,1,0,47.340749,0,0.509466,0,46.830994,0,0,,38731,0,0,0,0,1048576,4190208,0,b2af9c052f6aa536,,0,2.77
20260927T201140Z-a843,c66701076edbaf96,518322,dial,cpu,resident,s1,51,1,0,0,2,warm,24,1,0,47.737352,0,0.513419,0,47.223602,0,0,,38783,0,0,0,0,1048576,4190208,0,db073bf0f90b2a98,,0,2.77
20260927T201140Z-a843,c66701076edbaf96,577541,dial,cpu,resident,s1,52,1,0,0,2,warm,24,1,0,47.056634,0,0.498193,0,46.55804,0,0,,35228,0,0,0,0,1048576,4190208,0,77a65005472fc098,,0,2.77
20260927T201140Z-a843,c66701076edbaf96,764242,dial,cpu,resident,s1,53,1,0,0,2,warm,24,1,0,46.924509,0,0.530272,0,46.39378,0,0,,35910,0,0,0,0,1048576,4190208,0,9033d32d9660e9c4,,0,2.77
20260927T201140Z-a843,c66701076edbaf96,14706,dial,cpu,resident,s1,54,1,0,0,2,warm,24,1,0,46.987677,0,0.495899,0,46.491331,0,0,,30313,0,0,0,0,1048576,4190208,0,a5e618cc4a6cd11c,,0,2.77
20260927T201140Z-a843,c66701076edbaf96,471650,dial,cpu,resident,s1,55,1,0,0,2,warm,24,1,0,46.719834,0,0.555612,0,46.163864,0,0,,32070,0,0,0,0,1048576,4190208,0,5c2db82f624f6019,,0,2.77
20260927T201140Z-a843,c66701076edbaf96,192150,dial,cpu,resident,s1,56,1,0,0,2,warm,24,1,0,46.692432,0,0.505179,0,46.186927,0,0,,33986,0,0,0,0,1048576,4190208,0,a0aa745d6464a44e,,0,2.77
20260927T201140Z-a843,c66701076edbaf96,59477,dial,cpu,resident,s1,57,1,0,0,2,warm,24,1,0,47.516289,0,0.543725,0,46.972258,0,0,,41512,0,0,0,0,1048576,4190208,0,a204b81edc32cc7e,,0,2.77
20260927T201140Z-a843,c66701076edbaf96,201224,dial,cpu,resident,s1,58,1,0,0,2,warm,24,1,0,47.725682,0,0.515242,0,47.210147,0,0,,33676,0,0,0,0,1048576,4190208,0,7c70dcbcc6f31504,,0,2.77
20260927T201140Z-a843,c66701076edbaf96,12846,dial,cpu,resident,s1,59,1,0,0,2,warm,24,1,0,46.829451,0,0.526966,0,46.302256,0,0,,36753,0,0,0,0,1048576,4190208,0,53492d3ce70c619e,,0,2.77
20260927T201140Z-a843,c66701076edbaf96,88685,dial,cpu,resident,s1,60,1,0,0,2,warm,24,1,0,47.548697,0,0.521455,0,47.026948,0,0,,43007,0,0,0,0,1048576,4190208,0,0e83a3e19213231b,,0,2.77
20260927T201140Z-a843,c66701076edbaf96,637,dial,cpu,resident,s1,61,1,0,0,2,warm,24,1,0,47.27205,0,0.504976,0,46.766769,0,0,,34548,0,0,0,0,1048576,4190208,0,cb147f7f9395de4d,,0,2.77
20260927T201140Z-a843,c66701076edbaf96,140682,dial,cpu,resident,s1,62,1,0,0,2,warm,24,1,0,49.674678,0,0.542702,0,49.131732,0,0,,39024,0,0,0,0,1048576,4190208,0,05f6bf3b97ab9c44,,0,2.63
20260927T201140Z-a843,c66701076edbaf96,242263,dial,cpu,resident,s1,63,1,0,0,2,warm,24,1,0,49.173859,0,0.509644,0,48.663865,0,0,,33162,0,0,0,0,1048576,4190208,0,909314f25aeaa7d5,,0,2.63
20260927T201140Z-a843,c66701076edbaf96,955528,dial,cpu,resident,s1,64,1,0,0,2,warm,24,1,0,48.669838,0,0.564381,0,48.104996,0,0,,27510,0,0,0,0,1048576,4190208,0,b2722a7e696c72df,,0,2.63
20260927T201140Z-a843,c66701076edbaf96,604431,dial,cpu,resident,s1,65,1,0,0,2,warm,24,1,0,47.300429,0,0.548704,0,46.751313,0,0,,31754,0,0,0,0,1048576,4190208,0,fd90c4b8cb50dbff,,0,2.63
20260927T201140Z-a843,c66701076edbaf96,968747,dial,cpu,resident,s1,66,1,0,0,2,warm,24,1,0,47.138433,0,0.507002,0,46.631003,0,0,,37232,0,0,0,0,1048576,4190208,0,7e6718b380684cd1,,0,2.63
20260927T201140Z-a843,c66701076edbaf96,25579,dial,cpu,resident,s1,67,1,0,0,2,warm,24,1,0,47.133394,0,0.563339,0,46.569581,0,0,,42804,0,0,0,0,1048576,4190208,0,3229d6200a4fb418,,0,2.63
20260927T201140Z-a843,c66701076edbaf96,802074,dial,cpu,resident,s1,68,1,0,0,2,warm,24,1,0,46.461216,0,0.515961,0,45.944753,0,0,,39130,0,0,0,0,1048576,4190208,0,75cdb86da5eabfb0,,0,2.63
20260927T201140Z-a843,c66701076edbaf96,785602,dial,cpu,resident,s1,69,1,0,0,2,warm,24,1,0,47.54482,0,0.54365,0,47.00094,0,0,,34506,0,0,0,0,1048576,4190208,0,816414c006cc404e,,0,2.63
20260927T201140Z-a843,c66701076edbaf96,800647,dial,cpu,resident,s1,70,1,0,0,2,warm,24,1,0,47.361972,0,0.528837,0,46.832737,0,0,,44053,0,0,0,0,1048576,4190208,0,826cd67eaa9f4b33,,0,2.63
20260927T201140Z-a843,c66701076edbaf96,1034835,dial,cpu,resident,s1,71,1,0,0,2,warm,24,1,0,47.09934,0,0.581022,0,46.518112,0,0,,29864,0,0,0,0,1048576,4190208,0,aee93ced3cba03e1,,0,2.63
20260927T201140Z-a843,c66701076edbaf96,591983,dial,cpu,resident,s1,72,1,0,0,2,warm,24,1,0,47.228376,0,0.56356,0,46.664507,0,0,,39339,0,0,0,0,1048576,4190208,0,06921044afbc0a6c,,0,2.63
20260927T201140Z-a843,c66701076edbaf96,509143,dial,cpu,resident,s1,73,1,0,0,2,warm,24,1,0,46.772037,0,0.533231,0,46.238514,0,0,,36815,0,0,0,0,1048576,4190208,0,caa8a0c2a48999bb,,0,2.63
20260927T201140Z-a843,c66701076edbaf96,258004,dial,cpu,resident,s1,74,1,0,0,2,warm,24,1,0,46.837865,0,0.562652,0,46.274933,0,0,,40537,0,0,0,0,1048576,4190208,0,72de258eb31bb540,,0,2.63
20260927T201140Z-a843,c66701076edbaf96,1008134,dial,cpu,resident,s1,75,1,0,0,2,warm,24,1,0,47.435387,0,0.529277,0,46.905795,0,0,,43802,0,0,0,0,1048576,4190208,0,ad81620dd0ccc9a5,,0,2.63
20260927T201140Z-a843,c66701076edbaf96,693058,dial,cpu,resident,s1,76,1,0,0,2,warm,24,1,0,48.232059,0,0.521354,0,47.710427,0,0,,40450,0,0,0,0,1048576,4190208,0,6a6111f023fb9ad7,,0,2.63
20260927T201140Z-a843,c66701076edbaf96,567498,dial,cpu,resident,s1,77,1,0,0,2,warm,24,1,0,47.773671,0,0.580068,0,47.193394,0,0,,40604,0,0,0,0,1048576,4190208,0,4d57830ba3fcf997,,0,2.63
20260927T201140Z-a843,c66701076edbaf96,626061,dial,cpu,resident,s1,78,1,0,0,2,warm,24,1,0,46.93181,0,0.501277,0,46.43017,0,0,,40233,0,0,0,0,1048576,4190208,0,2bc79ed65418744c,,0,2.63
20260927T201140Z-a843,c66701076edbaf96,599867,dial,cpu,resident,s1,79,1,0,0,2,warm,24,1,0,47.46908,0,0.520771,0,46.948069,0,0,,35437,0,0,0,0,1048576,4190208,0,bc4ff01d7bce33e5,,0,2.63
20260927T201140Z-a843,c66701076edbaf96,721594,dial,cpu,resident,s1,80,1,0,0,2,warm,24,1,0,47.408236,0,0.496994,0,46.910888,0,0,,38083,0,0,0,0,1048576,4190208,0,e5d860fd5f515748,,0,2.63
20260927T201140Z-a843,c66701076edbaf96,755768,dial,cpu,resident,s1,81,1,0,0,2,warm,24,1,0,46.570517,0,0.500032,0,46.0702,0,0,,36167,0,0,0,0,1048576,4190208,0,f0545bbc59e2b6d9,,0,2.63
20260927T201140Z-a843,c66701076edbaf96,481879,dial,cpu,resident,s1,82,1,0,0,2,warm,24,1,0,46.83107,0,0.519941,0,46.310833,0,0,,31815,0,0,0,0,1048576,4190208,0,eb33c6eedfcb1504,,0,2.63
20260927T201140Z-a843,c66701076edbaf96,666926,dial,cpu,resident,s1,83,1,0,0,2,warm,24,1,0,47.476846,0,0.543465,0,46.933143,0,0,,33720,0,0,0,0,1048576,4190208,0,3b100f409ba061e0,,0,2.63
20260927T201140Z-a843,c66701076edbaf96,812308,dial,cpu,resident,s1,84,1,0,0,2,warm,24,1,0,47.098857,0,0.549234,0,46.549374,0,0,,36496,0,0,0,0,1048576,4190208,0,c31adf4c361e9520,,0,2.63
20260927T201140Z-a843,c66701076edbaf96,940471,dial,cpu,resident,s1,85,1,0,0,2,warm,24,1,0,47.376768,0,0.5161,0,46.860422,0,0,,44369,0,0,0,0,1048576,4190208,0,02bdf829a1772f2a,,0,2.63
20260927T201140Z-a843,c66701076edbaf96,705817,dial,cpu,resident,s1,86,1,0,0,2,warm,24,1,0,48.751398,0,0.528797,0,48.222222,0,0,,37136,0,0,0,0,1048576,4190208,0,d08744491a4f6254,,0,2.63
20260927T201140Z-a843,c66701076edbaf96,378775,dial,cpu,resident,s1,87,1,0,0,2,warm,24,1,0,48.00289,0,0.5347,0,47.467764,0,0,,42758,0,0,0,0,1048576,4190208,0,7976fe449628ee76,,0,2.63
20260927T201140Z-a843,c66701076edbaf96,11928,dial,cpu,resident,s1,88,1,0,0,2,warm,24,1,0,46.783215,0,0.508606,0,46.274138,0,0,,30359,0,0,0,0,1048576,4190208,0,e313e61597c97dcc,,0,2.63
20260927T201140Z-a843,c66701076edbaf96,149969,dial,cpu,resident,s1,89,1,0,0,2,warm,24,1,0,48.367386,0,0.521585,0,47.845471,0,0,,39314,0,0,0,0,1048576,4190208,0,90f30508e8b238e3,,0,2.63
20260927T201140Z-a843,c66701076edbaf96,518422,dial,cpu,resident,s1,90,1,0,0,2,warm,24,1,0,50.517118,0,0.588472,0,49.928405,0,0,,25619,0,0,0,0,1048576,4190208,0,c0b6e9e87d2215b0,,0,2.63
20260927T201140Z-a843,c66701076edbaf96,764093,dial,cpu,resident,s1,91,1,0,0,2,warm,24,1,0,47.760804,0,0.497053,0,47.263416,0,0,,35692,0,0,0,0,1048576,4190208,0,53bfc44cc00c87db,,0,2.63
20260927T201140Z-a843,c66701076edbaf96,818556,dial,cpu,resident,s1,92,1,0,0,2,warm,24,1,0,48.015027,0,0.536033,0,47.478843,0,0,,40828,0,0,0,0,1048576,4190208,0,3d8997c00e6cf508,,0,2.63
20260927T201140Z-a843,c66701076edbaf96,284007,dial,cpu,resident,s1,93,1,0,0,2,warm,24,1,0,47.233754,0,0.537142,0,46.696316,0,0,,28451,0,0,0,0,1048576,4190208,0,2c0ccfa7ab97af66,,0,2.63
20260927T201140Z-a843,c66701076edbaf96,147527,dial,cpu,resident,s1,94,1,0,0,2,warm,24,1,0,47.162167,0,0.509707,0,46.652236,0,0,,40698,0,0,0,0,1048576,4190208,0,6414f13426478617,,0,2.63
20260927T201140Z-a843,c66701076edbaf96,810773,dial,cpu,resident,s1,95,1,0,0,2,warm,24,1,0,46.499917,0,0.539847,0,45.959748,0,0,,31024,0,0,0,0,1048576,4190208,0,26ab53717621d5f2,,0,2.63
20260927T201140Z-a843,c66701076edbaf96,496849,dial,cpu,resident,s1,96,1,0,0,2,warm,24,1,0,46.651674,0,0.502839,0,46.148394,0,0,,40149,0,0,0,0,1048576,4190208,0,61fa850a08bc862f,,0,2.63
20260927T201140Z-a843,c66701076edbaf96,1013688,dial,cpu,resident,s1,97,1,0,0,2,warm,24,1,0,47.223268,0,0.535815,0,46.687139,0,0,,38836,0,0,0,0,1048576,4190208,0,1fa814dfb1f7b535,,0,2.63
20260927T201140Z-a843,c66701076edbaf96,935512,dial,cpu,resident,s1,98,1,0,0,2,warm,24,1,0,47.497008,0,0.546612,0,46.950129,0,0,,37009,0,0,0,0,1048576,4190208,0,9403f9d957fe5c2b,,0,2.63
20260927T201140Z-a843,c66701076edbaf96,714883,dial,cpu,resident,s1,99,1,0,0,2,warm,24,1,0,47.104256,0,0.509425,0,46.594437,0,0,,40601,0,0,0,0,1048576,4190208,0,4867872a759d804d,,0,2.63
20260927T201140Z-a843,c66701076edbaf96,670214,dial,cpu,resident,s1,100,1,0,0,2,warm,24,1,0,46.526946,0,0.524096,0,46.002452,0,0,,39657,0,0,0,0,1048576,4190208,0,9888b5552dc26be3,,0,2.63
20260927T201140Z-a843,c66701076edbaf96,922346,dial,cpu,resident,s1,101,1,0,0,2,warm,24,1,0,46.65226,0,0.506197,0,46.145664,0,0,,29015,0,0,0,0,1048576,4190208,0,10711b84b3bef833,,0,2.63
20260927T201140Z-a843,c66701076edbaf96,802242,dial,cpu,resident,s1,102,1,0,0,2,warm,24,1,0,46.928525,0,0.508938,0,46.419153,0,0,,31392,0,0,0,0,1048576,4190208,0,5f8b395e1c757b0b,,0,2.63
20260927T201140Z-a843,c66701076edbaf96,45284,dial,cpu,resident,s1,103,1,0,0,2,warm,24,1,0,47.723569,0,0.546869,0,47.176171,0,0,,41351,0,0,0,0,1048576,4190208,0,101c5992f307ed7a,,0,2.63
20260927T201140Z-a843,c66701076edbaf96,908797,dial,cpu,resident,s1,104,1,0,0,2,warm,24,1,0,47.390792,0,0.494143,0,46.896261,0,0,,38140,0,0,0,0,1048576,4190208,0,2c3edda3a4e7d134,,0,2.63
20260927T201140Z-a843,c66701076edbaf96,281396,dial,cpu,resident,s1,105,1,0,0,2,warm,24,1,0,47.016684,0,0.527958,0,46.488273,0,0,,45355,0,0,0,0,1048576,4190208,0,9914811ae5975590,,0,2.63
20260927T201140Z-a843,c66701076edbaf96,1000550,dial,cpu,resident,s1,106,1,0,0,2,warm,24,1,0,46.81875,0,0.536889,0,46.281566,0,0,,31438,0,0,0,0,1048576,4190208,0,657bfc39edfde598,,0,2.63
20260927T201140Z-a843,c66701076edbaf96,73594,dial,cpu,resident,s1,107,1,0,0,2,warm,24,1,0,47.446517,0,0.496014,0,46.950177,0,0,,39567,0,0,0,0,1048576,4190208,0,89a0693a7eb907df,,0,2.63
20260927T201140Z-a843,c66701076edbaf96,301631,dial,cpu,resident,s1,108,1,0,0,2,warm,24,1,0,48.851145,0,0.535541,0,48.315207,0,0,,42170,0,0,0,0,1048576,4190208,0,a13c34ca5c449e66,,0,2.63
20260927T201140Z-a843,c66701076edbaf96,430170,dial,cpu,resident,s1,109,1,0,0,2,warm,24,1,0,47.599781,0,0.572871,0,47.026515,0,0,,34514,0,0,0,0,1048576,4190208,0,3139fb5fd0f393b3,,0,2.63
20260927T201140Z-a843,c66701076edbaf96,752814,dial,cpu,resident,s1,110,1,0,0,2,warm,24,1,0,47.030364,0,0.511655,0,46.518328,0,0,,26687,0,0,0,0,1048576,4190208,0,8c917a45d206552d,,0,2.63
20260927T201140Z-a843,c66701076edbaf96,679839,dial,cpu,resident,s1,111,1,0,0,2,warm,24,1,0,46.554946,0,0.498539,0,46.056067,0,0,,37191,0,0,0,0,1048576,4190208,0,71f28c62aa82d217,,0,2.63
20260927T201140Z-a843,c66701076edbaf96,619664,dial,cpu,resident,s1,112,1,0,0,2,warm,24,1,0,46.724175,0,0.502365,0,46.221311,0,0,,29652,0,0,0,0,1048576,4190208,0,95f2dcfc501ad06e,,0,2.63
20260927T201140Z-a843,c66701076edbaf96,98827,dial,cpu,resident,s1,113,1,0,0,2,warm,24,1,0,47.741288,0,0.515608,0,47.22529,0,0,,29428,0,0,0,0,1048576,4190208,0,00612f347f63bc08,,0,2.63
20260927T201140Z-a843,c66701076edbaf96,105994,dial,cpu,resident,s1,114,1,0,0,2,warm,24,1,0,47.132076,0,0.533548,0,46.598094,0,0,,38048,0,0,0,0,1048576,4190208,0,4bfaff9193bbdfef,,0,2.63
20260927T201140Z-a843,c66701076edbaf96,243457,dial,cpu,resident,s1,115,1,0,0,2,warm,24,1,0,47.560321,0,0.512409,0,47.047449,0,0,,43457,0,0,0,0,1048576,4190208,0,ad0dd27816987427,,0,2.63
20260927T201140Z-a843,c66701076edbaf96,734875,dial,cpu,resident,s1,116,1,0,0,2,warm,24,1,0,47.370713,0,0.498342,0,46.871893,0,0,,42482,0,0,0,0,1048576,4190208,0,17ef0d8567862766,,0,2.63
20260927T201140Z-a843,c66701076edbaf96,370736,dial,cpu,resident,s1,117,1,0,0,2,warm,24,1,0,46.901525,0,0.517823,0,46.383409,0,0,,38609,0,0,0,0,1048576,4190208,0,5c3180fa34ea9049,,0,2.63
20260927T201140Z-a843,c66701076edbaf96,521055,dial,cpu,resident,s1,118,1,0,0,2,warm,24,1,0,47.653534,0,0.500046,0,47.153213,0,0,,38284,0,0,0,0,1048576,4190208,0,ab61220815625a78,,0,2.63
20260927T201140Z-a843,c66701076edbaf96,697461,dial,cpu,resident,s1,119,1,0,0,2,warm,24,1,0,46.971864,0,0.536134,0,46.435491,0,0,,41824,0,0,0,0,1048576,4190208,0,3ddf044e25f83d4f,,0,2.63
20260927T201140Z-a843,c66701076edbaf96,696648,dial,cpu,resident,s1,120,1,0,0,2,warm,24,1,0,47.698799,0,0.534114,0,47.164386,0,0,,38266,0,0,0,0,1048576,4190208,0,254d9204a927830b,,0,2.63
20260927T201140Z-a843,c66701076edbaf96,322939,dial,cpu,resident,s1,121,1,0,0,2,warm,24,1,0,47.126332,0,0.512635,0,46.613488,0,0,,35996,0,0,0,0,1048576,4190208,0,b26fbd06f48c7658,,0,2.63
20260927T201140Z-a843,c66701076edbaf96,235403,dial,cpu,resident,s1,122,1,0,0,2,warm,24,1,0,46.691777,0,0.521904,0,46.169475,0,0,,30712,0,0,0,0,1048576,4190208,0,b78b1de2f5a26d81,,0,2.63
20260927T201140Z-a843,c66701076edbaf96,842932,dial,cpu,resident,s1,123,1,0,0,2,warm,24,1,0,47.066738,0,0.53474,0,46.531603,0,0,,32177,0,0,0,0,1048576,4190208,0,292a2f6ed53c5012,,0,2.63
20260927T201140Z-a843,c66701076edbaf96,776073,dial,cpu,resident,s1,124,1,0,0,2,warm,24,1,0,47.443139,0,0.568053,0,46.874669,0,0,,34421,0,0,0,0,1048576,4190208,0,a04df1093857d854,,0,2.63
20260927T201140Z-a843,c66701076edbaf96,159157,dial,cpu,resident,s1,125,1,0,0,2,warm,24,1,0,47.494922,0,0.549119,0,46.945554,0,0,,39700,0,0,0,0,1048576,4190208,0,940851ec667c58ee,,0,2.63
20260927T201140Z-a843,c66701076edbaf96,824874,dial,cpu,resident,s1,126,1,0,0,2,warm,24,1,0,47.410949,0,0.526225,0,46.884433,0,0,,31224,0,0,0,0,1048576,4190208,0,d42cb5898be984f3,,0,2.63
20260927T201140Z-a843,c66701076edbaf96,523339,dial,cpu,resident,s1,127,1,0,0,2,warm,24,1,0,46.751562,0,0.532296,0,46.218868,0,0.000175,,30076,0,0,0,0,1048576,4190208,0,6b13bf0bd1b7f21b,,0,2.63
20260927T201140Z-a843,c66701076edbaf96,140379,gpu-nearfar,gpu,resident,s1,0,1,0,0,3,warm,0,1,25,126.320735,0,0.307486,2.27670407,122.681633,0.487678,0,,7128,7128,19898,0,0,1075236,4296773,0,0194bc45aa2b7bd5,2508.60087,0,2.63
20260927T201140Z-a843,c66701076edbaf96,143033,gpu-nearfar,gpu,resident,s1,1,1,0,0,3,warm,0,1,25,136.554511,0,0,0,135.374298,0.551863,0,,7802,7802,21742,0,0,1075390,4297405,0,5b8da2ba23672360,2508.60087,0,2.63
20260927T201140Z-a843,c66701076edbaf96,473133,gpu-nearfar,gpu,resident,s1,2,1,0,0,3,warm,0,1,25,129.94184,0,0,0,128.705734,0.529373,0,,7511,7511,20908,0,0,1075477,4297740,0,551bb7beaf35b173,2511.16068,0,2.63
20260927T201140Z-a843,c66701076edbaf96,22045,gpu-nearfar,gpu,resident,s1,3,1,0,0,3,warm,0,1,25,90.729291,0,0,0,89.4933472,0.51023,0,,5199,5199,14360,0,0,1075228,4296749,0,b659a1864c16f101,2508.84054,0,2.63
20260927T201140Z-a843,c66701076edbaf96,367943,gpu-nearfar,gpu,resident,s1,4,1,0,0,3,warm,0,1,25,148.197323,0,0,0,146.977127,0.505502,0,,8582,8582,23998,0,0,1075352,4297247,0,19ea500da30075b2,2508.60087,0,2.63
20260927T201140Z-a843,c66701076edbaf96,955628,gpu-nearfar,gpu,resident,s1,5,1,0,0,3,warm,0,1,25,144.123705,0,0,0,142.952286,0.499021,0,,8340,8340,23318,0,0,1075468,4297706,0,9315192044a47b21,2508.60087,0,2.63
20260927T201140Z-a843,c66701076edbaf96,493619,gpu-nearfar,gpu,resident,s1,6,1,0,0,3,warm,0,1,25,144.328109,0,0,0,143.192551,0.497464,0,,8358,8358,23374,0,0,1075254,4296859,0,10dd6ae381b84252,2511.16068,0,2.63
20260927T201140Z-a843,c66701076edbaf96,78040,gpu-nearfar,gpu,resident,s1,7,1,0,0,3,warm,0,1,25,144.561292,0,0,0,143.435043,0.492628,0,,8358,8358,23410,0,0,1075203,4296643,0,56a292fe41b7d54b,2511.08074,0,2.63
20260927T201140Z-a843,c66701076edbaf96,597528,gpu-nearfar,gpu,resident,s1,8,1,0,0,3,warm,0,1,25,132.2278,0,0,0,131.120422,0.492376,0,,7670,7670,21402,0,0,1075118,4296317,0,da01e5ba298e7e3b,2509.40044,0,2.63
20260927T201140Z-a843,c66701076edbaf96,666088,gpu-nearfar,gpu,resident,s1,9,1,0,0,3,warm,0,1,25,107.836924,0,0,0,106.708221,0.507052,0,,6251,6251,17396,0,0,1075499,4297824,0,d6d7e557f0f85169,2508.92063,0,2.63
20260927T201140Z-a843,c66701076edbaf96,93798,gpu-nearfar,gpu,resident,s1,10,1,0,0,3,warm,0,1,25,121.727643,0,0,0,120.633568,0.514608,0,,7013,7013,19556,0,0,1075391,4297389,0,6e7bf2cc1ae81de6,2506.84421,0,2.63
20260927T201140Z-a843,c66701076edbaf96,583195,gpu-nearfar,gpu,resident,s1,11,1,0,0,3,warm,0,1,25,139.326254,0,0,0,138.170074,0.50661,0,,8058,8058,22542,0,0,1075232,4296757,0,caff7e83ca886c86,2508.60087,0,2.63
20260927T201140Z-a843,c66701076edbaf96,828010,gpu-nearfar,gpu,resident,s1,12,1,0,0,3,warm,0,1,25,121.886291,0,0,0,120.716576,0.503966,0,,7057,7057,19660,0,0,1075695,4298627,0,7141a77e2ba6e87b,2508.60087,0,2.63
20260927T201140Z-a843,c66701076edbaf96,232399,gpu-nearfar,gpu,resident,s1,13,1,0,0,3,warm,0,1,25,118.519925,0,0,0,117.349731,0.532463,0,,6865,6865,19108,0,0,1075441,4297595,0,5acf05509edbbd79,2511.16068,0,2.63
20260927T201140Z-a843,c66701076edbaf96,439005,gpu-nearfar,gpu,resident,s1,14,1,0,0,3,warm,0,1,25,130.143784,0,0,0,128.901474,0.527952,0,,7529,7529,20944,0,0,1075449,4297617,0,a9ead817df417563,2509.56011,0,2.5
20260927T201140Z-a843,c66701076edbaf96,261911,gpu-nearfar,gpu,resident,s1,15,1,0,0,3,warm,0,1,25,104.636136,0,0,0,103.46109,0.493424,0,,6057,6057,16872,0,0,1075606,4298239,0,8984d55349b3d674,2511.16068,0,2.5
20260927T201140Z-a843,c66701076edbaf96,306042,gpu-nearfar,gpu,resident,s1,16,1,0,0,3,warm,0,1,25,125.562224,0,0,0,124.352097,0.552865,0,,7194,7194,20062,0,0,1075232,4296759,0,776f1233a5dbe9e9,2508.60087,0,2.5
20260927T201140Z-a843,c66701076edbaf96,842254,gpu-nearfar,gpu,resident,s1,17,1,0,0,3,warm,0,1,25,97.329782,0,0,0,96.0721588,0.513966,0,,5601,5601,15572,0,0,1075419,4297509,0,e1b753c9824ba2ac,2511.16068,0,2.5
20260927T201140Z-a843,c66701076edbaf96,497647,gpu-nearfar,gpu,resident,s1,18,1,0,0,3,warm,0,1,25,146.533344,0,0,0,145.301178,0.508708,0,,8480,8480,23730,0,0,1075154,4296449,0,2670421aa8297b39,2508.60087,0,2.5
20260927T201140Z-a843,c66701076edbaf96,283052,gpu-nearfar,gpu,resident,s1,19,1,0,0,3,warm,0,1,25,127.412533,0,0,0,126.307426,0.513502,0,,7346,7346,20514,0,0,1075304,4297037,0,433493362fbdc0e3,2509.24048,0,2.5
20260927T201140Z-a843,c66701076edbaf96,299936,gpu-nearfar,gpu,resident,s1,20,1,0,0,3,warm,0,1,25,144.643404,0,0,0,143.487045,0.493468,0,,8388,8388,23442,0,0,1075261,4296869,0,5c046e9da7034c27,2508.76074,0,2.5
20260927T201140Z-a843,c66701076edbaf96,785373,gpu-nearfar,gpu,resident,s1,21,1,0,0,3,warm,0,1,25,91.725863,0,0,0,90.5429153,0.503464,0,,5287,5287,14608,0,0,1075219,4296706,0,231eddebd76b6fad,2511.16068,0,2.5
20260927T201140Z-a843,c66701076edbaf96,480378,gpu-nearfar,gpu,resident,s1,22,1,0,0,3,warm,0,1,25,128.315477,0,0,0,127.232384,0.511852,0,,7428,7428,20754,0,0,1075319,4297107,0,fff9cc247687e936,2509.48027,0,2.5
20260927T201140Z-a843,c66701076edbaf96,321060,gpu-nearfar,gpu,resident,s1,23,1,0,0,3,warm,0,1,25,148.897964,0,0,0,147.791107,0.49494,0,,8617,8617,24120,0,0,1075431,4297559,0,13683e5eb406929a,2508.60087,0,2.5
20260927T201140Z-a843,c66701076edbaf96,337388,gpu-nearfar,gpu,resident,s1,24,1,0,0,3,warm,0,1,25,149.313977,0,0,0,148.116638,0.527476,0,,8618,8618,24146,0,0,1075764,4298865,0,13904ab293644b4b,2511.16068,0,2.5
20260927T201140Z-a843,c66701076edbaf96,118671,gpu-nearfar,gpu,resident,s1,25,1,0,0,3,warm,0,1,25,120.798225,0,0,0,119.676003,0.512915,0,,6996,6996,19510,0,0,1075195,4296603,0,355e763c9e30148a,2509.16036,0,2.5
20260927T201140Z-a843,c66701076edbaf96,125150,gpu-nearfar,gpu,resident,s1,26,1,0,0,3,warm,0,1,25,140.445053,0,0,0,139.33815,0.495347,0,,8142,8142,22726,0,0,1075386,4297367,0,2610cb4418c2fa33,2510.2801,0,2.5
20260927T201140Z-a843,c66701076edbaf96,72476,gpu-nearfar,gpu,resident,s1,27,1,0,0,3,warm,0,1,25,105.832434,0,0,0,104.713089,0.519237,0,,6094,6094,16950,0,0,1075292,4296996,0,511104ffeb974275,2508.60087,0,2.5
20260927T201140Z-a843,c66701076edbaf96,728509,gpu-nearfar,gpu,resident,s1,28,1,0,0,3,warm,0,1,25,149.688176,0,0,0,148.526047,0.503283,0,,8659,8659,24244,0,0,1075388,4297384,0,d5ba49a61aad2090,2511.16068,0,2.5
20260927T201140Z-a843,c66701076edbaf96,679264,gpu-nearfar,gpu,resident,s1,29,1,0,0,3,warm,0,1,25,139.386659,0,0,0,138.230087,0.498074,0,,8077,8077,22564,0,0,1075296,4297028,0,1f9f145164a8d3ba,2511.16068,0,2.5
20260927T201140Z-a843,c66701076edbaf96,828590,gpu-nearfar,gpu,resident,s1,30,1,0,0,3,warm,0,1,25,136.813249,0,0,0,135.727493,0.485481,0,,7941,7941,22160,0,0,1075260,4296887,0,75869235508b61de,2508.60087,0,2.5
20260927T201140Z-a843,c66701076edbaf96,411591,gpu-nearfar,gpu,resident,s1,31,1,0,0,3,warm,0,1,25,98.15337,0,0,0,97.0267181,0.537809,0,,5678,5678,15762,0,0,1075368,4297308,0,3a9a9b90ef518cee,2511.16068,0,2.5
20260927T201140Z-a843,c66701076edbaf96,555679,gpu-nearfar,gpu,resident,s1,32,1,0,0,3,warm,0,1,25,120.942107,0,0,0,119.641441,0.531116,0,,6947,6947,19364,0,0,1075641,4298397,0,afbdace234d8e184,2511.16068,0,2.5
20260927T201140Z-a843,c66701076edbaf96,417721,gpu-nearfar,gpu,resident,s1,33,1,0,0,3,warm,0,1,25,130.633066,0,0,0,129.434586,0.49753,0,,7557,7557,21072,0,0,1075200,4296626,0,bf42c08a928ad325,2511.00051,0,2.5
20260927T201140Z-a843,c66701076edbaf96,199603,gpu-nearfar,gpu,resident,s1,34,1,0,0,3,warm,0,1,25,113.30695,0,0,0,112.131363,0.501115,0,,6566,6566,18286,0,0,1075027,4295930,0,0f95736287a6c51b,2508.60087,0,2.5
20260927T201140Z-a843,c66701076edbaf96,625990,gpu-nearfar,gpu,resident,s1,35,1,0,0,3,warm,0,1,25,95.124133,0,0,0,93.9811859,0.499936,0,,5517,5517,15288,0,0,1075216,4296684,0,d023fd85e5b256d3,2508.60087,0,2.5
20260927T201140Z-a843,c66701076edbaf96,931576,gpu-nearfar,gpu,resident,s1,36,1,0,0,3,warm,0,1,25,128.376436,0,0,0,127.26918,0.517294,0,,7423,7423,20732,0,0,1075096,4296213,0,dc4ab5fe35160bb7,2508.60087,0,2.5
20260927T201140Z-a843,c66701076edbaf96,388607,gpu-nearfar,gpu,resident,s1,37,1,0,0,3,warm,0,1,25,109.429569,0,0,0,108.267807,0.495471,0,,6346,6346,17626,0,0,1075232,4296773,0,d60d882602bb2445,2511.16068,0,2.5
20260927T201140Z-a843,c66701076edbaf96,40305,gpu-nearfar,gpu,resident,s1,38,1,0,0,3,warm,0,1,25,143.563254,0,0,0,142.379929,0.502944,0,,8311,8311,23260,0,0,1075407,4297464,0,4867207887c75490,2511.24093,0,2.5
20260927T201140Z-a843,c66701076edbaf96,297024,gpu-nearfar,gpu,resident,s1,39,1,0,0,3,warm,0,1,25,111.425171,0,0,0,110.351456,0.494842,0,,6459,6459,17988,0,0,1075397,4297419,0,470a3109f4dfe476,2508.84054,0,2.5
20260927T201140Z-a843,c66701076edbaf96,928309,gpu-nearfar,gpu,resident,s1,40,1,0,0,3,warm,0,1,25,136.728551,0,0,0,135.621826,0.521791,0,,7863,7863,21956,0,0,1075435,4297578,0,beddfd281855b9d6,2509.16036,0,2.5
20260927T201140Z-a843,c66701076edbaf96,274490,gpu-nearfar,gpu,resident,s1,41,1,0,0,3,warm,0,1,25,151.445025,0,0,0,150.261887,0.502394,0,,8765,8765,24576,0,0,1075359,4297272,0,b76d667cc7b3dc10,2509.40044,0,2.5
20260927T201140Z-a843,c66701076edbaf96,545768,gpu-nearfar,gpu,resident,s1,42,1,0,0,3,warm,0,1,25,126.657964,0,0,0,125.429405,0.504949,0,,7347,7347,20440,0,0,1075262,4296867,0,5dcf8ffaad60d6ba,2509.24048,0,2.5
20260927T201140Z-a843,c66701076edbaf96,20469,gpu-nearfar,gpu,resident,s1,43,1,0,0,3,warm,0,1,25,141.457954,0,0,0,140.356796,0.509397,0,,8175,8175,22864,0,0,1075324,4297135,0,c5e981f86d212703,2511.16068,0,2.5
20260927T201140Z-a843,c66701076edbaf96,531301,gpu-nearfar,gpu,resident,s1,44,1,0,0,3,warm,0,1,25,143.764138,0,0,0,142.507812,0.499789,0,,8307,8307,23212,0,0,1075487,4297779,0,3386570d5a03a7e2,2511.16068,0,2.5
20260927T201140Z-a843,c66701076edbaf96,1047443,gpu-nearfar,gpu,resident,s1,45,1,0,0,3,warm,0,1,25,115.36427,0,0,0,114.187485,0.501394,0,,6696,6696,18586,0,0,1075306,4297048,0,758e4e780d07883b,2511.08074,0,2.5
20260927T201140Z-a843,c66701076edbaf96,638272,gpu-nearfar,gpu,resident,s1,46,1,0,0,3,warm,0,1,25,127.995049,0,0,0,126.916672,0.496641,0,,7432,7432,20678,0,0,1075462,4297677,0,19bcdf9016021200,2511.16068,0,2.5
20260927T201140Z-a843,c66701076edbaf96,975530,gpu-nearfar,gpu,resident,s1,47,1,0,0,3,warm,0,1,25,118.512658,0,0,0,117.388351,0.541713,0,,6814,6814,18966,0,0,1075483,4297740,0,b5cb4363695dc642,2507.96188,0,2.5
20260927T201140Z-a843,c66701076edbaf96,914696,gpu-nearfar,gpu,resident,s1,48,1,0,0,3,warm,0,1,25,144.381837,0,0,0,143.167419,0.5029,0,,8363,8363,23392,0,0,1075618,4298303,0,9630dc5d377e379e,2508.60087,0,2.5
20260927T201140Z-a843,c66701076edbaf96,169940,gpu-nearfar,gpu,resident,s1,49,1,0,0,3,warm,0,1,25,140.216826,0,0,0,138.972641,0.521187,0,,8114,8114,22674,0,0,1075480,4297746,0,95882738bea78e48,2509.32031,0,2.5
20260927T201140Z-a843,c66701076edbaf96,834360,gpu-nearfar,gpu,resident,s1,50,1,0,0,3,warm,0,1,25,136.473195,0,0,0,135.319611,0.498975,0,,7918,7918,22118,0,0,1075577,4298149,0,b2af9c052f6aa536,2511.16068,0,2.5
20260927T201140Z-a843,c66701076edbaf96,518322,gpu-nearfar,gpu,resident,s1,51,1,0,0,3,warm,0,1,25,138.968209,0,0,0,137.740601,0.549114,0,,7954,7954,22190,0,0,1075370,4297323,0,db073bf0f90b2a98,2509.24048,0,2.5
20260927T201140Z-a843,c66701076edbaf96,577541,gpu-nearfar,gpu,resident,s1,52,1,0,0,3,warm,0,1,25,126.346479,0,0,0,125.127357,0.502402,0,,7307,7307,20360,0,0,1075347,4297209,0,77a65005472fc098,2511.16068,0,2.46
20260927T201140Z-a843,c66701076edbaf96,764242,gpu-nearfar,gpu,resident,s1,53,1,0,0,3,warm,0,1,25,127.410682,0,0,0,126.160225,0.534753,0,,7381,7381,20604,0,0,1075083,4296162,0,9033d32d9660e9c4,2509.24048,0,2.46
20260927T201140Z-a843,c66701076edbaf96,14706,gpu-nearfar,gpu,resident,s1,54,1,0,0,3,warm,0,1,25,109.00226,0,0,0,107.891426,0.482994,0,,6335,6335,17608,0,0,1074872,4295334,0,a5e618cc4a6cd11c,2508.60087,0,2.46
20260927T201140Z-a843,c66701076edbaf96,471650,gpu-nearfar,gpu,resident,s1,55,1,0,0,3,warm,0,1,25,115.889061,0,0,0,114.126366,0.491391,0,,6671,6671,18584,0,0,1075523,4297914,0,5c2db82f624f6019,2508.84054,0,2.46
20260927T201140Z-a843,c66701076edbaf96,192150,gpu-nearfar,gpu,resident,s1,56,1,0,0,3,warm,0,1,25,121.736097,0,0,0,120.634209,0.495424,0,,7057,7057,19664,0,0,1075439,4297572,0,a0aa745d6464a44e,2508.84054,0,2.46
20260927T201140Z-a843,c66701076edbaf96,59477,gpu-nearfar,gpu,resident,s1,57,1,0,0,3,warm,0,1,25,146.012994,0,0,0,144.939163,0.490228,0,,8466,8466,23670,0,0,1075276,4296952,0,a204b81edc32cc7e,2509.40044,0,2.46
20260927T201140Z-a843,c66701076edbaf96,201224,gpu-nearfar,gpu,resident,s1,58,1,0,0,3,warm,0,1,25,119.876524,0,0,0,118.798302,0.503155,0,,6957,6957,19404,0,0,1075253,4296852,0,7c70dcbcc6f31504,2511.16068,0,2.46
20260927T201140Z-a843,c66701076edbaf96,12846,gpu-nearfar,gpu,resident,s1,59,1,0,0,3,warm,0,1,25,130.636701,0,0,0,129.512192,0.543575,0,,7559,7559,21112,0,0,1075280,4296935,0,53492d3ce70c619e,2508.68095,0,2.46
20260927T201140Z-a843,c66701076edbaf96,88685,gpu-nearfar,gpu,resident,s1,60,1,0,0,3,warm,0,1,25,150.800283,0,0,0,149.678619,0.503959,0,,8716,8716,24414,0,0,1075334,4297174,0,0e83a3e19213231b,2508.60087,0,2.46
20260927T201140Z-a843,c66701076edbaf96,637,gpu-nearfar,gpu,resident,s1,61,1,0,0,3,warm,0,1,25,122.622764,0,0,0,121.478912,0.497783,0,,7113,7113,19856,0,0,1075218,4296704,0,cb147f7f9395de4d,2509.08055,0,2.46
20260927T201140Z-a843,c66701076edbaf96,140682,gpu-nearfar,gpu,resident,s1,62,1,0,0,3,warm,0,1,25,138.990411,0,0,0,137.864288,0.536192,0,,7980,7980,22290,0,0,1075626,4298348,0,05f6bf3b97ab9c44,2509.48027,0,2.46
20260927T201140Z-a843,c66701076edbaf96,242263,gpu-nearfar,gpu,resident,s1,63,1,0,0,3,warm,0,1,25,119.190917,0,0,0,117.982147,0.504696,0,,6913,6913,19204,0,0,1075408,4297449,0,909314f25aeaa7d5,2508.60087,0,2.46
20260927T201140Z-a843,c66701076edbaf96,955528,gpu-nearfar,gpu,resident,s1,64,1,0,0,3,warm,0,1,25,99.380624,0,0,0,98.1659164,0.503014,0,,5746,5746,15986,0,0,1075221,4296723,0,b2722a7e696c72df,2508.60087,0,2.46
20260927T201140Z-a843,c66701076edbaf96,604431,gpu-nearfar,gpu,resident,s1,65,1,0,0,3,warm,0,1,25,113.683523,0,0,0,112.604515,0.48732,0,,6578,6578,18334,0,0,1075390,4297388,0,fd90c4b8cb50dbff,2509.00044,0,2.46
20260927T201140Z-a843,c66701076edbaf96,968747,gpu-nearfar,gpu,resident,s1,66,1,0,0,3,warm,0,1,25,132.335139,0,0,0,131.265671,0.498332,0,,7664,7664,21386,0,0,1075232,4296756,0,7e6718b380684cd1,2510.92057,0,2.46
20260927T201140Z-a843,c66701076edbaf96,25579,gpu-nearfar,gpu,resident,s1,67,1,0,0,3,warm,0,1,25,149.9768,0,0,0,148.869919,0.530046,0,,8649,8649,24236,0,0,1075068,4296097,0,3229d6200a4fb418,2511.16068,0,2.46
20260927T201140Z-a843,c66701076edbaf96,802074,gpu-nearfar,gpu,resident,s1,68,1,0,0,3,warm,0,1,25,138.737832,0,0,0,137.567551,0.521493,0,,8010,8010,22374,0,0,1075218,4296705,0,75cdb86da5eabfb0,2509.64026,0,2.46
20260927T201140Z-a843,c66701076edbaf96,785602,gpu-nearfar,gpu,resident,s1,69,1,0,0,3,warm,0,1,25,123.626678,0,0,0,122.464256,0.496324,0,,7167,7167,19952,0,0,1075419,4297512,0,816414c006cc404e,2509.56011,0,2.46
20260927T201140Z-a843,c66701076edbaf96,800647,gpu-nearfar,gpu,resident,s1,70,1,0,0,3,warm,0,1,25,153.781218,0,0,0,152.595612,0.502433,0,,8909,8909,24944,0,0,1075481,4297755,0,826cd67eaa9f4b33,2509.00044,0,2.46
20260927T201140Z-a843,c66701076edbaf96,1034835,gpu-nearfar,gpu,resident,s1,71,1,0,0,3,warm,0,1,25,107.287807,0,0,0,106.186722,0.487751,0,,6202,6202,17286,0,0,1075253,4296834,0,aee93ced3cba03e1,2508.68095,0,2.46
20260927T201140Z-a843,c66701076edbaf96,591983,gpu-nearfar,gpu,resident,s1,72,1,0,0,3,warm,0,1,25,139.658233,0,0,0,138.554535,0.493663,0,,8095,8095,22564,0,0,1075672,4298516,0,06921044afbc0a6c,2509.32031,0,2.46
20260927T201140Z-a843,c66701076edbaf96,509143,gpu-nearfar,gpu,resident,s1,73,1,0,0,3,warm,0,1,25,130.714518,0,0,0,129.619003,0.487716,0,,7578,7578,21150,0,0,1075135,4296369,0,caa8a0c2a48999bb,2509.16036,0,2.46
20260927T201140Z-a843,c66701076edbaf96,258004,gpu-nearfar,gpu,resident,s1,74,1,0,0,3,warm,0,1,25,142.771179,0,0,0,141.6745,0.49197,0,,8284,8284,23158,0,0,1075364,4297292,0,72de258eb31bb540,2511.16068,0,2.46
20260927T201140Z-a843,c66701076edbaf96,1008134,gpu-nearfar,gpu,resident,s1,75,1,0,0,3,warm,0,1,25,153.864063,0,0,0,152.757828,0.517335,0,,8847,8847,24796,0,0,1075472,4297730,0,ad81620dd0ccc9a5,2509.56011,0,2.46
20260927T201140Z-a843,c66701076edbaf96,693058,gpu-nearfar,gpu,resident,s1,76,1,0,0,3,warm,0,1,25,142.28388,0,0,0,141.077347,0.5453,0,,8244,8244,23062,0,0,1075344,4297210,0,6a6111f023fb9ad7,2508.60087,0,2.46
20260927T201140Z-a843,c66701076edbaf96,567498,gpu-nearfar,gpu,resident,s1,77,1,0,0,3,warm,0,1,25,143.213585,0,0,0,141.918655,0.542865,0,,8282,8282,23146,0,0,1075339,4297191,0,4d57830ba3fcf997,2510.52039,0,2.46
20260927T201140Z-a843,c66701076edbaf96,626061,gpu-nearfar,gpu,resident,s1,78,1,0,0,3,warm,0,1,25,141.031753,0,0,0,139.776901,0.520898,0,,8157,8157,22856,0,0,1075266,4296885,0,2bc79ed65418744c,2510.68021,0,2.46
20260927T201140Z-a843,c66701076edbaf96,599867,gpu-nearfar,gpu,resident,s1,79,1,0,0,3,warm,0,1,25,126.076817,0,0,0,124.912064,0.495709,0,,7308,7308,20374,0,0,1075386,4297381,0,bc4ff01d7bce33e5,2506.76424,0,2.46
20260927T201140Z-a843,c66701076edbaf96,721594,gpu-nearfar,gpu,resident,s1,80,1,0,0,3,warm,0,1,25,134.847533,0,0,0,133.777695,0.48602,0,,7828,7828,21830,0,0,1075618,4298300,0,e5d860fd5f515748,2511.16068,0,2.46
20260927T201140Z-a843,c66701076edbaf96,755768,gpu-nearfar,gpu,resident,s1,81,1,0,0,3,warm,0,1,25,129.190846,0,0,0,128.110214,0.492132,0,,7508,7508,20906,0,0,1075472,4297697,0,f0545bbc59e2b6d9,2511.16068,0,2.46
20260927T201140Z-a843,c66701076edbaf96,481879,gpu-nearfar,gpu,resident,s1,82,1,0,0,3,warm,0,1,25,114.479909,0,0,0,113.393631,0.495972,0,,6640,6640,18482,0,0,1075241,4296795,0,eb33c6eedfcb1504,2508.60087,0,2.46
20260927T201140Z-a843,c66701076edbaf96,666926,gpu-nearfar,gpu,resident,s1,83,1,0,0,3,warm,0,1,25,121.62398,0,0,0,120.44381,0.557405,0,,7002,7002,19486,0,0,1075632,4298357,0,3b100f409ba061e0,2508.60087,0,2.46
20260927T201140Z-a843,c66701076edbaf96,812308,gpu-nearfar,gpu,resident,s1,84,1,0,0,3,warm,0,1,25,130.132215,0,0,0,128.917374,0.503004,0,,7548,7548,21014,0,0,1075462,4297680,0,c31adf4c361e9520,2508.60087,0,2.46
20260927T201140Z-a843,c66701076edbaf96,940471,gpu-nearfar,gpu,resident,s1,85,1,0,0,3,warm,0,1,25,155.352534,0,0,0,154.126617,0.499285,0,,8988,8988,25174,0,0,1075508,4297868,0,02bdf829a1772f2a,2511.16068,0,2.46
20260927T201140Z-a843,c66701076edbaf96,705817,gpu-nearfar,gpu,resident,s1,86,1,0,0,3,warm,0,1,25,131.433155,0,0,0,130.340103,0.510269,0,,7608,7608,21254,0,0,1075171,4296514,0,d08744491a4f6254,2508.68095,0,2.46
20260927T201140Z-a843,c66701076edbaf96,378775,gpu-nearfar,gpu,resident,s1,87,1,0,0,3,warm,0,1,25,149.76343,0,0,0,148.67952,0.491404,0,,8666,8666,24278,0,0,1075032,4295961,0,7976fe449628ee76,2511.16068,0,2.46
20260927T201140Z-a843,c66701076edbaf96,11928,gpu-nearfar,gpu,resident,s1,88,1,0,0,3,warm,0,1,25,110.360209,0,0,0,109.226013,0.536804,0,,6379,6379,17704,0,0,1075330,4297154,0,e313e61597c97dcc,2510.20022,0,2.34
20260927T201140Z-a843,c66701076edbaf96,149969,gpu-nearfar,gpu,resident,s1,89,1,0,0,3,warm,0,1,25,139.300416,0,0,0,138.110855,0.505033,0,,8054,8054,22502,0,0,1075247,4296808,0,90f30508e8b238e3,2508.68095,0,2.34
20260927T201140Z-a843,c66701076edbaf96,518422,gpu-nearfar,gpu,resident,s1,90,1,0,0,3,warm,0,1,25,94.40375,0,0,0,93.1620789,0.51997,0,,5414,5414,15030,0,0,1075191,4296585,0,c0b6e9e87d2215b0,2510.52039,0,2.34
20260927T201140Z-a843,c66701076edbaf96,764093,gpu-nearfar,gpu,resident,s1,91,1,0,0,3,warm,0,1,25,127.668879,0,0,0,126.405823,0.54794,0,,7308,7308,20418,0,0,1075209,4296669,0,53bfc44cc00c87db,2510.68021,0,2.34
20260927T201140Z-a843,c66701076edbaf96,818556,gpu-nearfar,gpu,resident,s1,92,1,0,0,3,warm,0,1,25,144.686076,0,0,0,143.398682,0.526499,0,,8335,8335,23292,0,0,1075377,4297349,0,3d8997c00e6cf508,2508.92063,0,2.34
20260927T201140Z-a843,c66701076edbaf96,284007,gpu-nearfar,gpu,resident,s1,93,1,0,0,3,warm,0,1,25,103.092202,0,0,0,101.878914,0.507115,0,,5966,5966,16566,0,0,1075282,4296956,0,2c0ccfa7ab97af66,2508.60087,0,2.34
20260927T201140Z-a843,c66701076edbaf96,147527,gpu-nearfar,gpu,resident,s1,94,1,0,0,3,warm,0,1,25,143.136132,0,0,0,142.01152,0.487517,0,,8289,8289,23172,0,0,1075370,4297317,0,6414f13426478617,2508.60087,0,2.34
20260927T201140Z-a843,c66701076edbaf96,810773,gpu-nearfar,gpu,resident,s1,95,1,0,0,3,warm,0,1,25,111.285648,0,0,0,110.209023,0.488235,0,,6454,6454,17954,0,0,1075552,4298036,0,26ab53717621d5f2,2506.44502,0,2.34
20260927T201140Z-a843,c66701076edbaf96,496849,gpu-nearfar,gpu,resident,s1,96,1,0,0,3,warm,0,1,25,141.93745,0,0,0,140.84726,0.504501,0,,8204,8204,22934,0,0,1075165,4296489,0,61fa850a08bc862f,2508.60087,0,2.34
20260927T201140Z-a843,c66701076edbaf96,1013688,gpu-nearfar,gpu,resident,s1,97,1,0,0,3,warm,0,1,25,137.498687,0,0,0,136.427353,0.492404,0,,7951,7951,22220,0,0,1075652,4298444,0,1fa814dfb1f7b535,2510.20022,0,2.34
20260927T201140Z-a843,c66701076edbaf96,935512,gpu-nearfar,gpu,resident,s1,98,1,0,0,3,warm,0,1,25,131.576043,0,0,0,130.46019,0.521108,0,,7594,7594,21222,0,0,1075548,4298011,0,9403f9d957fe5c2b,2510.2801,0,2.34
20260927T201140Z-a843,c66701076edbaf96,714883,gpu-nearfar,gpu,resident,s1,99,1,0,0,3,warm,0,1,25,143.403914,0,0,0,142.197662,0.503682,0,,8295,8295,23184,0,0,1075133,4296364,0,4867872a759d804d,2508.36125,0,2.34
20260927T201140Z-a843,c66701076edbaf96,670214,gpu-nearfar,gpu,resident,s1,100,1,0,0,3,warm,0,1,25,139.437502,0,0,0,138.278244,0.499215,0,,8082,8082,22610,0,0,1075361,4297283,0,9888b5552dc26be3,2508.84054,0,2.34
20260927T201140Z-a843,c66701076edbaf96,922346,gpu-nearfar,gpu,resident,s1,101,1,0,0,3,warm,0,1,25,104.343705,0,0,0,103.219101,0.490748,0,,6050,6050,16834,0,0,1075468,4297699,0,10711b84b3bef833,2511.16068,0,2.34
20260927T201140Z-a843,c66701076edbaf96,802242,gpu-nearfar,gpu,resident,s1,102,1,0,0,3,warm,0,1,25,113.218874,0,0,0,112.066269,0.556511,0,,6558,6558,18250,0,0,1075505,4297845,0,5f8b395e1c757b0b,2506.44502,0,2.34
20260927T201140Z-a843,c66701076edbaf96,45284,gpu-nearfar,gpu,resident,s1,103,1,0,0,3,warm,0,1,25,145.266915,0,0,0,144.152512,0.497906,0,,8427,8427,23556,0,0,1075298,4297010,0,101c5992f307ed7a,2509.64026,0,2.34
20260927T201140Z-a843,c66701076edbaf96,908797,gpu-nearfar,gpu,resident,s1,104,1,0,0,3,warm,0,1,25,135.397936,0,0,0,134.311676,0.495347,0,,7861,7861,21928,0,0,1075118,4296307,0,2c3edda3a4e7d134,2508.60087,0,2.34
20260927T201140Z-a843,c66701076edbaf96,281396,gpu-nearfar,gpu,resident,s1,105,1,0,0,3,warm,0,1,25,157.508006,0,0,0,156.427109,0.490344,0,,9122,9122,25598,0,0,1075252,4296844,0,9914811ae5975590,2508.60087,0,2.34
20260927T201140Z-a843,c66701076edbaf96,1000550,gpu-nearfar,gpu,resident,s1,106,1,0,0,3,warm,0,1,25,113.197069,0,0,0,112.053596,0.544368,0,,6562,6562,18242,0,0,1075212,4296671,0,657bfc39edfde598,2507.88184,0,2.34
20260927T201140Z-a843,c66701076edbaf96,73594,gpu-nearfar,gpu,resident,s1,107,1,0,0,3,warm,0,1,25,139.832321,0,0,0,138.610626,0.507487,0,,8085,8085,22604,0,0,1075399,4297404,0,89a0693a7eb907df,2508.60087,0,2.34
20260927T201140Z-a843,c66701076edbaf96,301631,gpu-nearfar,gpu,resident,s1,108,1,0,0,3,warm,0,1,25,148.075861,0,0,0,146.845596,0.51103,0,,8573,8573,24004,0,0,1075577,4298132,0,a13c34ca5c449e66,2508.28118,0,2.34
20260927T201140Z-a843,c66701076edbaf96,430170,gpu-nearfar,gpu,resident,s1,109,1,0,0,3,warm,0,1,25,122.810594,0,0,0,121.678658,0.550508,0,,7115,7115,19848,0,0,1075619,4298308,0,3139fb5fd0f393b3,2508.60087,0,2.34
20260927T201140Z-a843,c66701076edbaf96,752814,gpu-nearfar,gpu,resident,s1,110,1,0,0,3,warm,0,1,25,96.826946,0,0,0,95.7482224,0.493928,0,,5622,5622,15586,0,0,1075197,4296611,0,8c917a45d206552d,2510.20022,0,2.34
20260927T201140Z-a843,c66701076edbaf96,679839,gpu-nearfar,gpu,resident,s1,111,1,0,0,3,warm,0,1,25,132.404769,0,0,0,131.31514,0.498533,0,,7658,7658,21378,0,0,1075400,4297430,0,71f28c62aa82d217,2507.00356,0,2.34
20260927T201140Z-a843,c66701076edbaf96,619664,gpu-nearfar,gpu,resident,s1,112,1,0,0,3,warm,0,1,25,106.815419,0,0,0,105.753601,0.501886,0,,6167,6167,17176,0,0,1075147,4296420,0,95f2dcfc501ad06e,2509.64026,0,2.34
20260927T201140Z-a843,c66701076edbaf96,98827,gpu-nearfar,gpu,resident,s1,113,1,0,0,3,warm,0,1,25,106.621775,0,0,0,105.522339,0.487731,0,,6182,6182,17178,0,0,1075793,4298996,0,00612f347f63bc08,2508.60087,0,2.34
20260927T201140Z-a843,c66701076edbaf96,105994,gpu-nearfar,gpu,resident,s1,114,1,0,0,3,warm,0,1,25,136.194528,0,0,0,135.050079,0.527672,0,,7812,7812,21802,0,0,1075427,4297532,0,4bfaff9193bbdfef,2509.24048,0,2.34
20260927T201140Z-a843,c66701076edbaf96,243457,gpu-nearfar,gpu,resident,s1,115,1,0,0,3,warm,0,1,25,152.132662,0,0,0,150.933792,0.524141,0,,8778,8778,24590,0,0,1075626,4298341,0,ad0dd27816987427,2511.16068,0,2.34
20260927T201140Z-a843,c66701076edbaf96,734875,gpu-nearfar,gpu,resident,s1,116,1,0,0,3,warm,0,1,25,149.178022,0,0,0,147.974503,0.493622,0,,8638,8638,24150,0,0,1075280,4296952,0,17ef0d8567862766,2506.04627,0,2.34
20260927T201140Z-a843,c66701076edbaf96,370736,gpu-nearfar,gpu,resident,s1,117,1,0,0,3,warm,0,1,25,136.283708,0,0,0,135.064285,0.497062,0,,7890,7890,22058,0,0,1075095,4296209,0,5c3180fa34ea9049,2508.60087,0,2.34
20260927T201140Z-a843,c66701076edbaf96,521055,gpu-nearfar,gpu,resident,s1,118,1,0,0,3,warm,0,1,25,135.30772,0,0,0,134.283493,0.479255,0,,7853,7853,21920,0,0,1075662,4298482,0,ab61220815625a78,2508.60087,0,2.34
20260927T201140Z-a843,c66701076edbaf96,697461,gpu-nearfar,gpu,resident,s1,119,1,0,0,3,warm,0,1,25,145.704498,0,0,0,144.651108,0.506595,0,,8428,8428,23630,0,0,1075436,4297584,0,3ddf044e25f83d4f,2509.24048,0,2.34
20260927T201140Z-a843,c66701076edbaf96,696648,gpu-nearfar,gpu,resident,s1,120,1,0,0,3,warm,0,1,25,135.961617,0,0,0,134.884644,0.504912,0,,7875,7875,21960,0,0,1075484,4297768,0,254d9204a927830b,2511.16068,0,2.34
20260927T201140Z-a843,c66701076edbaf96,322939,gpu-nearfar,gpu,resident,s1,121,1,0,0,3,warm,0,1,25,128.220967,0,0,0,127.079903,0.543503,0,,7398,7398,20654,0,0,1075133,4296354,0,b26fbd06f48c7658,2509.16036,0,2.34
20260927T201140Z-a843,c66701076edbaf96,235403,gpu-nearfar,gpu,resident,s1,122,1,0,0,3,warm,0,1,25,111.537408,0,0,0,110.298332,0.527379,0,,6406,6406,17830,0,0,1075191,4296593,0,b78b1de2f5a26d81,2508.60087,0,2.34
20260927T201140Z-a843,c66701076edbaf96,842932,gpu-nearfar,gpu,resident,s1,123,1,0,0,3,warm,0,1,25,116.290636,0,0,0,115.085571,0.497367,0,,6745,6745,18720,0,0,1075304,4297052,0,292a2f6ed53c5012,2511.16068,0,2.34
20260927T201140Z-a843,c66701076edbaf96,776073,gpu-nearfar,gpu,resident,s1,124,1,0,0,3,warm,0,1,25,123.038285,0,0,0,121.807297,0.504234,0,,7119,7119,19832,0,0,1075521,4297910,0,a04df1093857d854,2509.24048,0,2.34
20260927T201140Z-a843,c66701076edbaf96,159157,gpu-nearfar,gpu,resident,s1,125,1,0,0,3,warm,0,1,25,140.112441,0,0,0,138.979614,0.544937,0,,8104,8104,22674,0,0,1075103,4296248,0,940851ec667c58ee,2511.16068,0,2.34
20260927T201140Z-a843,c66701076edbaf96,824874,gpu-nearfar,gpu,resident,s1,126,1,0,0,3,warm,0,1,25,114.039468,0,0,0,112.821472,0.530807,0,,6502,6502,18098,0,0,1075231,4296749,0,d42cb5898be984f3,2508.84054,0,2.23
20260927T201140Z-a843,c66701076edbaf96,523339,gpu-nearfar,gpu,resident,s1,127,1,0,0,3,warm,0,1,25,110.351401,0,0,0,107.849823,0.495446,1.331092,,6311,6311,17532,0,0,1075263,4296879,0,6b13bf0bd1b7f21b,2511.16068,0,2.23
20260927T201140Z-a843,c66701076edbaf96,140379,gpu-frontier,gpu,resident,s2,0,2,0,0,0,warm,0,1,0,64.073715,0,0.261588,2.40064001,60.8889923,0.498594,0,,1571,1571,1571,0,0,39565918,158078846,0,0194bc45aa2b7bd5,2508.60087,0,2.23
20260927T201140Z-a843,c66701076edbaf96,143033,gpu-frontier,gpu,resident,s2,1,2,0,0,0,warm,0,1,0,66.977509,0,0,0,66.4964142,0.467823,0,,1680,1680,1680,0,0,43574218,174101674,0,5b8da2ba23672360,2508.60087,0,2.23
20260927T201140Z-a843,c66701076edbaf96,473133,gpu-frontier,gpu,resident,s2,2,2,0,0,0,warm,0,1,0,68.712997,0,0,0,68.2341156,0.463696,0,,1604,1604,1604,0,0,45471742,181680974,0,551bb7beaf35b173,2508.60087,0,2.23
20260927T201140Z-a843,c66701076edbaf96,22045,gpu-frontier,gpu,resident,s2,3,2,0,0,0,warm,0,1,0,42.247714,0,0,0,41.7842255,0.448594,0,,1103,1103,1103,0,0,26763214,106897622,0,b659a1864c16f101,2508.60087,0,2.23
20260927T201140Z-a843,c66701076edbaf96,367943,gpu-frontier,gpu,resident,s2,4,2,0,0,0,warm,0,1,0,75.372119,0,0,0,74.823616,0.533504,0,,1892,1892,1892,0,0,49309627,197006325,0,19ea500da30075b2,2510.2801,0,2.23
20260927T201140Z-a843,c66701076edbaf96,955628,gpu-frontier,gpu,resident,s2,5,2,0,0,0,warm,0,1,0,68.506126,0,0,0,68.002594,0.48954,0,,1833,1833,1833,0,0,47915434,191433921,0,9315192044a47b21,2513.24427,0,2.23
20260927T201140Z-a843,c66701076edbaf96,493619,gpu-frontier,gpu,resident,s2,6,2,0,0,0,warm,0,1,0,68.392849,0,0,0,67.9279709,0.45242,0,,1842,1842,1842,0,0,47519797,189856566,0,10dd6ae381b84252,2511.40084,0,2.23
20260927T201140Z-a843,c66701076edbaf96,78040,gpu-frontier,gpu,resident,s2,7,2,0,0,0,warm,0,1,0,69.788217,0,0,0,69.3286743,0.446286,0,,1842,1842,1842,0,0,48106774,192198974,0,56a292fe41b7d54b,2513.1642,0,2.23
20260927T201140Z-a843,c66701076edbaf96,597528,gpu-frontier,gpu,resident,s2,8,2,0,0,0,warm,0,1,0,62.499826,0,0,0,62.0461769,0.440548,0,,1668,1668,1668,0,0,42403831,169420790,0,da01e5ba298e7e3b,2511.8016,0,2.23
20260927T201140Z-a843,c66701076edbaf96,666088,gpu-frontier,gpu,resident,s2,9,2,0,0,0,warm,0,1,0,47.495405,0,0,0,47.048481,0.433312,0,,1347,1347,1347,0,0,31087478,124189794,0,d6d7e557f0f85169,2514.28751,0,2.23
20260927T201140Z-a843,c66701076edbaf96,93798,gpu-frontier,gpu,resident,s2,10,2,0,0,0,warm,0,1,0,54.109308,0,0,0,53.6368332,0.45988,0,,1520,1520,1520,0,0,36073952,144121188,0,6e7bf2cc1ae81de6,2513.88626,0,2.23
20260927T201140Z-a843,c66701076edbaf96,583195,gpu-frontier,gpu,resident,s2,11,2,0,0,0,warm,0,1,0,68.079247,0,0,0,67.6287994,0.436822,0,,1765,1765,1765,0,0,47987124,191733950,0,caff7e83ca886c86,2513.32465,0,2.23
20260927T201140Z-a843,c66701076edbaf96,828010,gpu-frontier,gpu,resident,s2,12,2,0,0,0,warm,0,1,0,54.340917,0,0,0,53.8899193,0.43709,0,,1517,1517,1517,0,0,37304605,149039435,0,7141a77e2ba6e87b,2511.96159,0,2.23
20260927T201140Z-a843,c66701076edbaf96,232399,gpu-frontier,gpu,resident,s2,13,2,0,0,0,warm,0,1,0,50.987833,0,0,0,50.543457,0.430058,0,,1485,1485,1485,0,0,34165959,136498518,0,5acf05509edbbd79,2513.24427,0,2.23
20260927T201140Z-a843,c66701076edbaf96,439005,gpu-frontier,gpu,resident,s2,14,2,0,0,0,warm,0,1,0,66.640484,0,0,0,66.1778259,0.448629,0,,1644,1644,1644,0,0,48225803,192685412,0,a9ead817df417563,2512.12189,0,2.23
20260927T201140Z-a843,c66701076edbaf96,261911,gpu-frontier,gpu,resident,s2,15,2,0,0,0,warm,0,1,0,45.086217,0,0,0,44.6431999,0.430391,0,,1297,1297,1297,0,0,30038645,119993210,0,8984d55349b3d674,2511.16068,0,2.23
20260927T201140Z-a843,c66701076edbaf96,306042,gpu-frontier,gpu,resident,s2,16,2,0,0,0,warm,0,1,0,55.232353,0,0,0,54.785759,0.432113,0,,1574,1574,1574,0,0,37275498,148925151,0,776f1233a5dbe9e9,2513.72573,0,2.23
20260927T201140Z-a843,c66701076edbaf96,842254,gpu-frontier,gpu,resident,s2,17,2,0,0,0,warm,0,1,0,41.007628,0,0,0,40.5698242,0.424427,0,,1200,1200,1200,0,0,26590647,106210007,0,e1b753c9824ba2ac,2514.0468,0,2.23
20260927T201140Z-a843,c66701076edbaf96,497647,gpu-frontier,gpu,resident,s2,18,2,0,0,0,warm,0,1,0,71.584939,0,0,0,71.0277405,0.541015,0,,1875,1875,1875,0,0,49811942,199015683,0,2670421aa8297b39,2511.88159,0,2.23
20260927T201140Z-a843,c66701076edbaf96,283052,gpu-frontier,gpu,resident,s2,19,2,0,0,0,warm,0,1,0,58.896663,0,0,0,58.3804817,0.504258,0,,1615,1615,1615,0,0,39704189,158632274,0,433493362fbdc0e3,2511.16068,0,2.23
20260927T201140Z-a843,c66701076edbaf96,299936,gpu-frontier,gpu,resident,s2,20,2,0,0,0,warm,0,1,0,72.534292,0,0,0,72.0049286,0.51368,0,,1802,1802,1802,0,0,48823955,195066141,0,5c046e9da7034c27,2513.72573,0,2.23
20260927T201140Z-a843,c66701076edbaf96,785373,gpu-frontier,gpu,resident,s2,21,2,0,0,0,warm,0,1,0,41.804188,0,0,0,41.2949448,0.494332,0,,1097,1097,1097,0,0,27122492,108333190,0,231eddebd76b6fad,2511.64134,0,2.23
20260927T201140Z-a843,c66701076edbaf96,480378,gpu-frontier,gpu,resident,s2,22,2,0,0,0,warm,0,1,0,63.320958,0,0,0,62.8275528,0.479279,0,,1642,1642,1642,0,0,41491931,165779854,0,fff9cc247687e936,2511.88159,0,2.23
20260927T201140Z-a843,c66701076edbaf96,321060,gpu-frontier,gpu,resident,s2,23,2,0,0,0,warm,0,1,0,72.273354,0,0,0,71.8128662,0.444995,0,,1923,1923,1923,0,0,49883710,199295097,0,13683e5eb406929a,2513.72573,0,2.23
20260927T201140Z-a843,c66701076edbaf96,337388,gpu-frontier,gpu,resident,s2,24,2,0,0,0,warm,0,1,0,71.34988,0,0,0,70.8843842,0.451252,0,,1921,1921,1921,0,0,49778395,198868327,0,13904ab293644b4b,2514.28751,0,2.23
20260927T201140Z-a843,c66701076edbaf96,118671,gpu-frontier,gpu,resident,s2,25,2,0,0,0,warm,0,1,0,54.049499,0,0,0,53.6012154,0.434388,0,,1535,1535,1535,0,0,36954268,147640215,0,355e763c9e30148a,2511.16068,0,2.23
20260927T201140Z-a843,c66701076edbaf96,125150,gpu-frontier,gpu,resident,s2,26,2,0,0,0,warm,0,1,0,68.6213,0,0,0,68.1656952,0.440555,0,,1762,1762,1762,0,0,48814806,195035838,0,2610cb4418c2fa33,2513.72573,0,2.23
20260927T201140Z-a843,c66701076edbaf96,72476,gpu-frontier,gpu,resident,s2,27,2,0,0,0,warm,0,1,0,46.261076,0,0,0,45.8054733,0.439809,0,,1322,1322,1322,0,0,30823829,123132462,0,511104ffeb974275,2513.56522,0,2.23
20260927T201140Z-a843,c66701076edbaf96,728509,gpu-frontier,gpu,resident,s2,28,2,0,0,0,warm,0,1,0,70.143891,0,0,0,69.6902084,0.439011,0,,1918,1918,1918,0,0,48564778,194020917,0,d5ba49a61aad2090,2513.72573,0,2.23
20260927T201140Z-a843,c66701076edbaf96,679264,gpu-frontier,gpu,resident,s2,29,2,0,0,0,warm,0,1,0,63.783368,0,0,0,63.3362885,0.432715,0,,1756,1756,1756,0,0,43467978,173662314,0,1f9f145164a8d3ba,2513.72573,0,2.23
20260927T201140Z-a843,c66701076edbaf96,828590,gpu-frontier,gpu,resident,s2,30,2,0,0,0,warm,0,1,0,64.092838,0,0,0,63.6457596,0.432029,0,,1724,1724,1724,0,0,44012619,175847705,0,75869235508b61de,2512.12189,0,2.23
20260927T201140Z-a843,c66701076edbaf96,411591,gpu-frontier,gpu,resident,s2,31,2,0,0,0,warm,0,1,0,42.648911,0,0,0,42.2071686,0.427566,0,,1226,1226,1226,0,0,28458406,113677138,0,3a9a9b90ef518cee,2512.2022,0,2.23
20260927T201140Z-a843,c66701076edbaf96,555679,gpu-frontier,gpu,resident,s2,32,2,0,0,0,warm,0,1,0,55.606002,0,0,0,55.1606712,0.432601,0,,1528,1528,1528,0,0,37568729,150097176,0,afbdace234d8e184,2513.72573,0,2.23
20260927T201140Z-a843,c66701076edbaf96,417721,gpu-frontier,gpu,resident,s2,33,2,0,0,0,warm,0,1,0,61.846346,0,0,0,61.3855667,0.4471,0,,1653,1653,1653,0,0,42233873,168741096,0,bf42c08a928ad325,2513.24427,0,2.23
20260927T201140Z-a843,c66701076edbaf96,199603,gpu-frontier,gpu,resident,s2,34,2,0,0,0,warm,0,1,0,48.767531,0,0,0,48.3202896,0.433595,0,,1418,1418,1418,0,0,31977470,127748347,0,0f95736287a6c51b,2513.72573,0,2.23
20260927T201140Z-a843,c66701076edbaf96,625990,gpu-frontier,gpu,resident,s2,35,2,0,0,0,warm,0,1,0,40.987636,0,0,0,40.553215,0.420448,0,,1171,1171,1171,0,0,27150153,108445819,0,d023fd85e5b256d3,2512.12189,0,2.23
20260927T201140Z-a843,c66701076edbaf96,931576,gpu-frontier,gpu,resident,s2,36,2,0,0,0,warm,0,1,0,60.06758,0,0,0,59.5428162,0.510367,0,,1633,1633,1633,0,0,41177398,164518943,0,dc4ab5fe35160bb7,2512.12189,0,2.23
20260927T201140Z-a843,c66701076edbaf96,388607,gpu-frontier,gpu,resident,s2,37,2,0,0,0,warm,0,1,0,46.323218,0,0,0,45.8268471,0.481791,0,,1342,1342,1342,0,0,31259552,124879248,0,d60d882602bb2445,2513.72573,0,2.23
20260927T201140Z-a843,c66701076edbaf96,40305,gpu-frontier,gpu,resident,s2,38,2,0,0,0,warm,0,1,0,67.482185,0,0,0,67.0031967,0.46465,0,,1844,1844,1844,0,0,46820787,187061162,0,4867207887c75490,2513.72573,0,2.23
20260927T201140Z-a843,c66701076edbaf96,297024,gpu-frontier,gpu,resident,s2,39,2,0,0,0,warm,0,1,0,48.50424,0,0,0,48.0365448,0.453185,0,,1393,1393,1393,0,0,31672324,126526883,0,470a3109f4dfe476,2514.44811,0,2.23
20260927T201140Z-a843,c66701076edbaf96,928309,gpu-frontier,gpu,resident,s2,40,2,0,0,0,warm,0,1,0,64.633538,0,0,0,64.1720352,0.446795,0,,1700,1700,1700,0,0,44849007,179193928,0,beddfd281855b9d6,2513.72573,0,2.23
20260927T201140Z-a843,c66701076edbaf96,274490,gpu-frontier,gpu,resident,s2,41,2,0,0,0,warm,0,1,0,72.755178,0,0,0,72.3001633,0.441425,0,,1931,1931,1931,0,0,49837626,199085691,0,b76d667cc7b3dc10,2514.28751,0,2.23
20260927T201140Z-a843,c66701076edbaf96,545768,gpu-frontier,gpu,resident,s2,42,2,0,0,0,warm,0,1,0,61.666507,0,0,0,61.2075844,0.444062,0,,1567,1567,1567,0,0,43518107,173873077,0,5dcf8ffaad60d6ba,2512.2022,0,2.23
20260927T201140Z-a843,c66701076edbaf96,20469,gpu-frontier,gpu,resident,s2,43,2,0,0,0,warm,0,1,0,65.731128,0,0,0,65.2920609,0.424082,0,,1793,1793,1793,0,0,44839031,179145513,0,c5e981f86d212703,2513.72573,0,2.23
20260927T201140Z-a843,c66701076edbaf96,531301,gpu-frontier,gpu,resident,s2,44,2,0,0,0,warm,0,1,0,69.024127,0,0,0,68.575264,0.433645,0,,1833,1833,1833,0,0,47730456,190699274,0,3386570d5a03a7e2,2514.44811,0,2.23
20260927T201140Z-a843,c66701076edbaf96,1047443,gpu-frontier,gpu,resident,s2,45,2,0,0,0,warm,0,1,0,52.291645,0,0,0,51.8069763,0.469796,0,,1431,1431,1431,0,0,36310037,145066442,0,758e4e780d07883b,2511.88159,0,2.23
20260927T201140Z-a843,c66701076edbaf96,638272,gpu-frontier,gpu,resident,s2,46,2,0,0,0,warm,0,1,0,59.603628,0,0,0,59.1492462,0.438767,0,,1609,1609,1609,0,0,41352270,165225936,0,19bcdf9016021200,2513.72573,0,2.23
20260927T201140Z-a843,c66701076edbaf96,975530,gpu-frontier,gpu,resident,s2,47,2,0,0,0,warm,0,1,0,51.871272,0,0,0,51.4166718,0.441223,0,,1465,1465,1465,0,0,35126876,140336840,0,b5cb4363695dc642,2513.72573,0,2.23
20260927T201140Z-a843,c66701076edbaf96,914696,gpu-frontier,gpu,resident,s2,48,2,0,0,0,warm,0,1,0,71.47272,0,0,0,70.9999008,0.458536,0,,1854,1854,1854,0,0,48546987,193959120,0,9630dc5d377e379e,2512.12189,0,2.23
20260927T201140Z-a843,c66701076edbaf96,169940,gpu-frontier,gpu,resident,s2,49,2,0,0,0,warm,0,1,0,67.390777,0,0,0,66.8210526,0.54966,0,,1792,1792,1792,0,0,45904325,183399643,0,95882738bea78e48,2513.72573,0,2.23
20260927T201140Z-a843,c66701076edbaf96,834360,gpu-frontier,gpu,resident,s2,50,2,0,0,0,warm,0,1,0,64.172704,0,0,0,63.6374092,0.520829,0,,1714,1714,1714,0,0,43562232,174048822,0,b2af9c052f6aa536,2511.40084,0,2.23
20260927T201140Z-a843,c66701076edbaf96,518322,gpu-frontier,gpu,resident,s2,51,2,0,0,0,warm,0,1,0,68.318779,0,0,0,67.8223343,0.482018,0,,1740,1740,1740,0,0,48595881,194165484,0,db073bf0f90b2a98,2513.72573,0,2.23
20260927T201140Z-a843,c66701076edbaf96,577541,gpu-frontier,gpu,resident,s2,52,2,0,0,0,warm,0,1,0,57.046962,0,0,0,56.532959,0.498589,0,,1595,1595,1595,0,0,38742760,154787442,0,77a65005472fc098,2513.72573,0,2.23
20260927T201140Z-a843,c66701076edbaf96,764242,gpu-frontier,gpu,resident,s2,53,2,0,0,0,warm,0,1,0,57.402622,0,0,0,56.9096642,0.47882,0,,1619,1619,1619,0,0,39590121,158177838,0,9033d32d9660e9c4,2513.72573,0,2.23
20260927T201140Z-a843,c66701076edbaf96,14706,gpu-frontier,gpu,resident,s2,54,2,0,0,0,warm,0,1,0,49.195586,0,0,0,48.7257614,0.454885,0,,1356,1356,1356,0,0,32851057,131239874,0,a5e618cc4a6cd11c,2513.72573,0,2.23
20260927T201140Z-a843,c66701076edbaf96,471650,gpu-frontier,gpu,resident,s2,55,2,0,0,0,warm,0,1,0,49.025618,0,0,0,48.5478401,0.463352,0,,1423,1423,1423,0,0,32656753,130463083,0,5c2db82f624f6019,2511.96159,0,2.23
20260927T201140Z-a843,c66701076edbaf96,192150,gpu-frontier,gpu,resident,s2,56,2,0,0,0,warm,0,1,0,52.951239,0,0,0,52.4809914,0.455504,0,,1534,1534,1534,0,0,34922633,139520999,0,a0aa745d6464a44e,2513.96638,0,2.23
20260927T201140Z-a843,c66701076edbaf96,59477,gpu-frontier,gpu,resident,s2,57,2,0,0,0,warm,0,1,0,70.78681,0,0,0,70.3281937,0.443362,0,,1849,1849,1849,0,0,48774184,194866766,0,a204b81edc32cc7e,2513.72573,0,2.23
20260927T201140Z-a843,c66701076edbaf96,201224,gpu-frontier,gpu,resident,s2,58,2,0,0,0,warm,0,1,0,51.132146,0,0,0,50.6776009,0.43977,0,,1510,1510,1510,0,0,32485676,129780058,0,7c70dcbcc6f31504,2511.16068,0,2.23
20260927T201140Z-a843,c66701076edbaf96,12846,gpu-frontier,gpu,resident,s2,59,2,0,0,0,warm,0,1,0,61.79882,0,0,0,61.3384972,0.445032,0,,1663,1663,1663,0,0,41364465,165267376,0,53492d3ce70c619e,2513.72573,0,2.23
20260927T201140Z-a843,c66701076edbaf96,88685,gpu-frontier,gpu,resident,s2,60,2,0,0,0,warm,0,1,0,74.540906,0,0,0,74.0760956,0.448882,0,,1938,1938,1938,0,0,51055953,203964488,0,0e83a3e19213231b,2513.72573,0,2.23
20260927T201140Z-a843,c66701076edbaf96,637,gpu-frontier,gpu,resident,s2,61,2,0,0,0,warm,0,1,0,54.076377,0,0,0,53.6133766,0.443802,0,,1545,1545,1545,0,0,36454465,145640580,0,cb147f7f9395de4d,2513.72573,0,2.23
20260927T201140Z-a843,c66701076edbaf96,140682,gpu-frontier,gpu,resident,s2,62,2,0,0,0,warm,0,1,0,64.643792,0,0,0,64.1922913,0.437622,0,,1755,1755,1755,0,0,44153432,176407665,0,05f6bf3b97ab9c44,2513.72573,0,2.23
20260927T201140Z-a843,c66701076edbaf96,242263,gpu-frontier,gpu,resident,s2,63,2,0,0,0,warm,0,1,0,57.690621,0,0,0,57.2290573,0.448742,0,,1494,1494,1494,0,0,40488853,161771635,0,909314f25aeaa7d5,2513.80584,0,2.23
20260927T201140Z-a843,c66701076edbaf96,955528,gpu-frontier,gpu,resident,s2,64,2,0,0,0,warm,0,1,0,43.416138,0,0,0,42.9605446,0.441131,0,,1251,1251,1251,0,0,28901385,115446165,0,b2722a7e696c72df,2513.64562,0,2.23
20260927T201140Z-a843,c66701076edbaf96,604431,gpu-frontier,gpu,resident,s2,65,2,0,0,0,warm,0,1,0,48.472127,0,0,0,48.0230408,0.43395,0,,1427,1427,1427,0,0,32088498,128190221,0,fd90c4b8cb50dbff,2511.16068,0,2.23
20260927T201140Z-a843,c66701076edbaf96,968747,gpu-frontier,gpu,resident,s2,66,2,0,0,0,warm,0,1,0,62.99207,0,0,0,62.5467834,0.428987,0,,1668,1668,1668,0,0,44449012,177594375,0,7e6718b380684cd1,2513.72573,0,2.23
20260927T201140Z-a843,c66701076edbaf96,25579,gpu-frontier,gpu,resident,s2,67,2,0,0,0,warm,0,1,0,71.085206,0,0,0,70.6271973,0.443837,0,,1933,1933,1933,0,0,49062978,196013435,0,3229d6200a4fb418,2513.72573,0,2.23
20260927T201140Z-a843,c66701076edbaf96,802074,gpu-frontier,gpu,resident,s2,68,2,0,0,0,warm,0,1,0,64.451536,0,0,0,63.9661102,0.471233,0,,1765,1765,1765,0,0,44366444,177256102,0,75cdb86da5eabfb0,2511.16068,0,2.23
20260927T201140Z-a843,c66701076edbaf96,785602,gpu-frontier,gpu,resident,s2,69,2,0,0,0,warm,0,1,0,58.35507,0,0,0,57.8087692,0.508887,0,,1540,1540,1540,0,0,40438966,161574297,0,816414c006cc404e,2513.72573,0,2.23
20260927T201140Z-a843,c66701076edbaf96,800647,gpu-frontier,gpu,resident,s2,70,2,0,0,0,warm,0,1,0,75.064784,0,0,0,74.5357132,0.515802,0,,1987,1987,1987,0,0,51400536,205336633,0,826cd67eaa9f4b33,2513.72573,0,2.23
20260927T201140Z-a843,c66701076edbaf96,1034835,gpu-frontier,gpu,resident,s2,71,2,0,0,0,warm,0,1,0,46.030468,0,0,0,45.4766731,0.540315,0,,1352,1352,1352,0,0,29562031,118089221,0,aee93ced3cba03e1,2511.16068,0,2.23
20260927T201140Z-a843,c66701076edbaf96,591983,gpu-frontier,gpu,resident,s2,72,2,0,0,0,warm,0,1,0,65.942182,0,0,0,65.467453,0.459972,0,,1728,1728,1728,0,0,45289790,180953020,0,06921044afbc0a6c,2511.16068,0,2.13
20260927T201140Z-a843,c66701076edbaf96,509143,gpu-frontier,gpu,resident,s2,73,2,0,0,0,warm,0,1,0,60.06878,0,0,0,59.5059853,0.546509,0,,1641,1641,1641,0,0,40905035,163430451,0,caa8a0c2a48999bb,2514.60873,0,2.13
20260927T201140Z-a843,c66701076edbaf96,258004,gpu-frontier,gpu,resident,s2,74,2,0,0,0,warm,0,1,0,69.171264,0,0,0,68.6487656,0.509566,0,,1813,1813,1813,0,0,48324597,193074366,0,72de258eb31bb540,2513.72573,0,2.13
20260927T201140Z-a843,c66701076edbaf96,1008134,gpu-frontier,gpu,resident,s2,75,2,0,0,0,warm,0,1,0,73.275231,0,0,0,72.783905,0.47664,0,,1971,1971,1971,0,0,50205529,200558274,0,ad81620dd0ccc9a5,2513.72573,0,2.13
20260927T201140Z-a843,c66701076edbaf96,693058,gpu-frontier,gpu,resident,s2,76,2,0,0,0,warm,0,1,0,69.075276,0,0,0,68.6118698,0.449096,0,,1826,1826,1826,0,0,47862132,191222028,0,6a6111f023fb9ad7,2511.88159,0,2.13
20260927T201140Z-a843,c66701076edbaf96,567498,gpu-frontier,gpu,resident,s2,77,2,0,0,0,warm,0,1,0,67.469987,0,0,0,66.9971848,0.458286,0,,1836,1836,1836,0,0,45894048,183357171,0,4d57830ba3fcf997,2513.72573,0,2.13
20260927T201140Z-a843,c66701076edbaf96,626061,gpu-frontier,gpu,resident,s2,78,2,0,0,0,warm,0,1,0,69.653226,0,0,0,69.1855698,0.452497,0,,1799,1799,1799,0,0,48199294,192569493,0,2bc79ed65418744c,2513.72573,0,2.13
20260927T201140Z-a843,c66701076edbaf96,599867,gpu-frontier,gpu,resident,s2,79,2,0,0,0,warm,0,1,0,60.563684,0,0,0,60.0270729,0.52061,0,,1568,1568,1568,0,0,41317005,165079676,0,bc4ff01d7bce33e5,2513.1642,0,2.13
20260927T201140Z-a843,c66701076edbaf96,721594,gpu-frontier,gpu,resident,s2,80,2,0,0,0,warm,0,1,0,64.664201,0,0,0,64.0976944,0.545903,0,,1691,1691,1691,0,0,44727802,178709642,0,e5d860fd5f515748,2513.24427,0,2.13
20260927T201140Z-a843,c66701076edbaf96,755768,gpu-frontier,gpu,resident,s2,81,2,0,0,0,warm,0,1,0,61.935608,0,0,0,61.4184952,0.503023,0,,1642,1642,1642,0,0,43548830,173996255,0,f0545bbc59e2b6d9,2513.72573,0,2.13
20260927T201140Z-a843,c66701076edbaf96,481879,gpu-frontier,gpu,resident,s2,82,2,0,0,0,warm,0,1,0,49.884609,0,0,0,49.3813744,0.489037,0,,1411,1411,1411,0,0,34083810,136165626,0,eb33c6eedfcb1504,2513.72573,0,2.13
20260927T201140Z-a843,c66701076edbaf96,666926,gpu-frontier,gpu,resident,s2,83,2,0,0,0,warm,0,1,0,55.919908,0,0,0,55.4679985,0.436797,0,,1495,1495,1495,0,0,39024366,155915840,0,3b100f409ba061e0,2512.9237,0,2.13
20260927T201140Z-a843,c66701076edbaf96,812308,gpu-frontier,gpu,resident,s2,84,2,0,0,0,warm,0,1,0,61.900501,0,0,0,61.4518738,0.43393,0,,1632,1632,1632,0,0,42866395,171277281,0,c31adf4c361e9520,2513.96638,0,2.13
20260927T201140Z-a843,c66701076edbaf96,940471,gpu-frontier,gpu,resident,s2,85,2,0,0,0,warm,0,1,0,74.683498,0,0,0,74.1508789,0.517681,0,,2001,2001,2001,0,0,51051600,203929633,0,02bdf829a1772f2a,2513.72573,0,2.13
20260927T201140Z-a843,c66701076edbaf96,705817,gpu-frontier,gpu,resident,s2,86,2,0,0,0,warm,0,1,0,61.479847,0,0,0,61.0027199,0.463676,0,,1659,1659,1659,0,0,42191210,168569837,0,d08744491a4f6254,2513.80584,0,2.13
20260927T201140Z-a843,c66701076edbaf96,378775,gpu-frontier,gpu,resident,s2,87,2,0,0,0,warm,0,1,0,75.382771,0,0,0,74.9116821,0.456033,0,,1934,1934,1934,0,0,52961545,211597999,0,7976fe449628ee76,2514.0468,0,2.13
20260927T201140Z-a843,c66701076edbaf96,11928,gpu-frontier,gpu,resident,s2,88,2,0,0,0,warm,0,1,0,49.587154,0,0,0,49.1446724,0.427699,0,,1358,1358,1358,0,0,33461754,133680933,0,e313e61597c97dcc,2513.72573,0,2.13
20260927T201140Z-a843,c66701076edbaf96,149969,gpu-frontier,gpu,resident,s2,89,2,0,0,0,warm,0,1,0,65.21423,0,0,0,64.7792664,0.420787,0,,1759,1759,1759,0,0,45354310,181210849,0,90f30508e8b238e3,2514.44811,0,2.13
20260927T201140Z-a843,c66701076edbaf96,518422,gpu-frontier,gpu,resident,s2,90,2,0,0,0,warm,0,1,0,41.032494,0,0,0,40.595295,0.423129,0,,1171,1171,1171,0,0,27520516,109923435,0,c0b6e9e87d2215b0,2511.72132,0,2.13
20260927T201140Z-a843,c66701076edbaf96,764093,gpu-frontier,gpu,resident,s2,91,2,0,0,0,warm,0,1,0,55.880256,0,0,0,55.4463692,0.420101,0,,1603,1603,1603,0,0,37744671,150803212,0,53bfc44cc00c87db,2514.60873,0,2.13
20260927T201140Z-a843,c66701076edbaf96,818556,gpu-frontier,gpu,resident,s2,92,2,0,0,0,warm,0,1,0,69.38067,0,0,0,68.8750381,0.490511,0,,1820,1820,1820,0,0,48970146,195651235,0,3d8997c00e6cf508,2513.48513,0,2.13
20260927T201140Z-a843,c66701076edbaf96,284007,gpu-frontier,gpu,resident,s2,93,2,0,0,0,warm,0,1,0,44.944514,0,0,0,44.4903679,0.438561,0,,1295,1295,1295,0,0,29777809,118950069,0,2c0ccfa7ab97af66,2511.32088,0,2.13
20260927T201140Z-a843,c66701076edbaf96,147527,gpu-frontier,gpu,resident,s2,94,2,0,0,0,warm,0,1,0,68.790543,0,0,0,68.3498917,0.42555,0,,1785,1785,1785,0,0,48175313,192475347,0,6414f13426478617,2513.72573,0,2.13
20260927T201140Z-a843,c66701076edbaf96,810773,gpu-frontier,gpu,resident,s2,95,2,0,0,0,warm,0,1,0,48.474743,0,0,0,47.9987831,0.437477,0,,1389,1389,1389,0,0,32489432,129797159,0,26ab53717621d5f2,2512.04188,0,2.13
20260927T201140Z-a843,c66701076edbaf96,496849,gpu-frontier,gpu,resident,s2,96,2,0,0,0,warm,0,1,0,72.027823,0,0,0,71.5917435,0.421984,0,,1831,1831,1831,0,0,51147410,204352551,0,61fa850a08bc862f,2513.72573,0,2.13
20260927T201140Z-a843,c66701076edbaf96,1013688,gpu-frontier,gpu,resident,s2,97,2,0,0,0,warm,0,1,0,66.523558,0,0,0,66.0376663,0.472272,0,,1722,1722,1722,0,0,46610947,186221814,0,1fa814dfb1f7b535,2513.72573,0,2.13
20260927T201140Z-a843,c66701076edbaf96,935512,gpu-frontier,gpu,resident,s2,98,2,0,0,0,warm,0,1,0,60.927732,0,0,0,60.46912,0.444055,0,,1659,1659,1659,0,0,41954805,167624312,0,9403f9d957fe5c2b,2513.72573,0,2.13
20260927T201140Z-a843,c66701076edbaf96,714883,gpu-frontier,gpu,resident,s2,99,2,0,0,0,warm,0,1,0,67.912134,0,0,0,67.4537582,0.444045,0,,1816,1816,1816,0,0,46816626,187048417,0,4867872a759d804d,2513.08413,0,2.13
20260927T201140Z-a843,c66701076edbaf96,670214,gpu-frontier,gpu,resident,s2,100,2,0,0,0,warm,0,1,0,67.728335,0,0,0,67.2808304,0.433801,0,,1770,1770,1770,0,0,47003481,187800431,0,9888b5552dc26be3,2513.72573,0,2.13
20260927T201140Z-a843,c66701076edbaf96,922346,gpu-frontier,gpu,resident,s2,101,2,0,0,0,warm,0,1,0,44.877232,0,0,0,44.3758736,0.48832,0,,1315,1315,1315,0,0,29113031,116295227,0,10711b84b3bef833,2513.72573,0,2.13
20260927T201140Z-a843,c66701076edbaf96,802242,gpu-frontier,gpu,resident,s2,102,2,0,0,0,warm,0,1,0,47.993726,0,0,0,47.4684143,0.511348,0,,1408,1408,1408,0,0,31473639,125735393,0,5f8b395e1c757b0b,2513.72573,0,2.13
20260927T201140Z-a843,c66701076edbaf96,45284,gpu-frontier,gpu,resident,s2,103,2,0,0,0,warm,0,1,0,69.761642,0,0,0,69.2816925,0.464748,0,,1841,1841,1841,0,0,48847455,195157490,0,101c5992f307ed7a,2511.24093,0,2.13
20260927T201140Z-a843,c66701076edbaf96,908797,gpu-frontier,gpu,resident,s2,104,2,0,0,0,warm,0,1,0,66.918571,0,0,0,66.4662399,0.438063,0,,1711,1711,1711,0,0,47202357,188593383,0,2c3edda3a4e7d134,2513.72573,0,2.13
20260927T201140Z-a843,c66701076edbaf96,281396,gpu-frontier,gpu,resident,s2,105,2,0,0,0,warm,0,1,0,76.438643,0,0,0,76.0002594,0.424341,0,,2026,2026,2026,0,0,52948114,211505194,0,9914811ae5975590,2511.16068,0,2.13
20260927T201140Z-a843,c66701076edbaf96,1000550,gpu-frontier,gpu,resident,s2,106,2,0,0,0,warm,0,1,0,50.016626,0,0,0,49.5716476,0.4262,0,,1395,1395,1395,0,0,33632310,134364907,0,657bfc39edfde598,2513.72573,0,2.13
20260927T201140Z-a843,c66701076edbaf96,73594,gpu-frontier,gpu,resident,s2,107,2,0,0,0,warm,0,1,0,65.858715,0,0,0,65.4231644,0.421326,0,,1795,1795,1795,0,0,44709421,178629719,0,89a0693a7eb907df,2513.72573,0,2.13
20260927T201140Z-a843,c66701076edbaf96,301631,gpu-frontier,gpu,resident,s2,108,2,0,0,0,warm,0,1,0,75.104379,0,0,0,74.6606369,0.429502,0,,1900,1900,1900,0,0,52814181,211008362,0,a13c34ca5c449e66,2513.72573,0,2.13
20260927T201140Z-a843,c66701076edbaf96,430170,gpu-frontier,gpu,resident,s2,109,2,0,0,0,warm,0,1,0,54.397035,0,0,0,53.9635849,0.418802,0,,1555,1555,1555,0,0,36475012,145726362,0,3139fb5fd0f393b3,2512.28221,0,2.13
20260927T201140Z-a843,c66701076edbaf96,752814,gpu-frontier,gpu,resident,s2,110,2,0,0,0,warm,0,1,0,44.798666,0,0,0,44.2393265,0.545364,0,,1208,1208,1208,0,0,30268922,120909001,0,8c917a45d206552d,2513.72573,0,2.13
20260927T201140Z-a843,c66701076edbaf96,679839,gpu-frontier,gpu,resident,s2,111,2,0,0,0,warm,0,1,0,61.57074,0,0,0,60.9986229,0.555486,0,,1683,1683,1683,0,0,42023377,167897744,0,71f28c62aa82d217,2513.72573,0,2.13
20260927T201140Z-a843,c66701076edbaf96,619664,gpu-frontier,gpu,resident,s2,112,2,0,0,0,warm,0,1,0,43.51048,0,0,0,42.9982071,0.497099,0,,1330,1330,1330,0,0,28394185,113424720,0,95f2dcfc501ad06e,2512.28221,0,2.13
20260927T201140Z-a843,c66701076edbaf96,98827,gpu-frontier,gpu,resident,s2,113,2,0,0,0,warm,0,1,0,46.038698,0,0,0,45.5390701,0.483396,0,,1346,1346,1346,0,0,30417428,121509584,0,00612f347f63bc08,2514.12694,0,2.13
20260927T201140Z-a843,c66701076edbaf96,105994,gpu-frontier,gpu,resident,s2,114,2,0,0,0,warm,0,1,0,70.457258,0,0,0,70.0127716,0.429903,0,,1733,1733,1733,0,0,51192672,204537931,0,4bfaff9193bbdfef,2513.40474,0,2.13
20260927T201140Z-a843,c66701076edbaf96,243457,gpu-frontier,gpu,resident,s2,115,2,0,0,0,warm,0,1,0,73.702132,0,0,0,73.2555237,0.43194,0,,1962,1962,1962,0,0,50696336,202524958,0,ad0dd27816987427,2513.72573,0,2.13
20260927T201140Z-a843,c66701076edbaf96,734875,gpu-frontier,gpu,resident,s2,116,2,0,0,0,warm,0,1,0,70.646725,0,0,0,70.2021408,0.430261,0,,1919,1919,1919,0,0,48239207,192714476,0,17ef0d8567862766,2512.12189,0,2.13
20260927T201140Z-a843,c66701076edbaf96,370736,gpu-frontier,gpu,resident,s2,117,2,0,0,0,warm,0,1,0,64.198899,0,0,0,63.7656631,0.419674,0,,1746,1746,1746,0,0,43989977,175752732,0,5c3180fa34ea9049,2512.12189,0,2.13
20260927T201140Z-a843,c66701076edbaf96,521055,gpu-frontier,gpu,resident,s2,118,2,0,0,0,warm,0,1,0,64.53752,0,0,0,64.0900192,0.431179,0,,1719,1719,1719,0,0,44729874,178716174,0,ab61220815625a78,2513.32465,0,2.13
20260927T201140Z-a843,c66701076edbaf96,697461,gpu-frontier,gpu,resident,s2,119,2,0,0,0,warm,0,1,0,70.52772,0,0,0,69.9996185,0.512815,0,,1888,1888,1888,0,0,48160297,192400341,0,3ddf044e25f83d4f,2513.96638,0,2.13
20260927T201140Z-a843,c66701076edbaf96,696648,gpu-frontier,gpu,resident,s2,120,2,0,0,0,warm,0,1,0,64.233531,0,0,0,63.7212791,0.499345,0,,1713,1713,1713,0,0,44447995,177592436,0,254d9204a927830b,2513.80584,0,2.13
20260927T201140Z-a843,c66701076edbaf96,322939,gpu-frontier,gpu,resident,s2,121,2,0,0,0,warm,0,1,0,60.276471,0,0,0,59.8003502,0.460542,0,,1580,1580,1580,0,0,42537319,169956562,0,b26fbd06f48c7658,2513.72573,0,2.13
20260927T201140Z-a843,c66701076edbaf96,235403,gpu-frontier,gpu,resident,s2,122,2,0,0,0,warm,0,1,0,46.775377,0,0,0,46.3010559,0.459765,0,,1383,1383,1383,0,0,30526616,121946893,0,b78b1de2f5a26d81,2511.8016,0,2.13
20260927T201140Z-a843,c66701076edbaf96,842932,gpu-frontier,gpu,resident,s2,123,2,0,0,0,warm,0,1,0,52.5181,0,0,0,52.0660477,0.439837,0,,1441,1441,1441,0,0,36137382,144376287,0,292a2f6ed53c5012,2513.72573,0,2.13
20260927T201140Z-a843,c66701076edbaf96,776073,gpu-frontier,gpu,resident,s2,124,2,0,0,0,warm,0,1,0,56.163124,0,0,0,55.7279663,0.420632,0,,1562,1562,1562,0,0,38310628,153062432,0,a04df1093857d854,2512.12189,0,2.13
20260927T201140Z-a843,c66701076edbaf96,159157,gpu-frontier,gpu,resident,s2,125,2,0,0,0,warm,0,1,0,70.473381,0,0,0,69.9383392,0.520345,0,,1799,1799,1799,0,0,49812614,199018075,0,940851ec667c58ee,2513.72573,0,2.13
20260927T201140Z-a843,c66701076edbaf96,824874,gpu-frontier,gpu,resident,s2,126,2,0,0,0,warm,0,1,0,49.524058,0,0,0,49.0347214,0.475414,0,,1420,1420,1420,0,0,33379291,133347737,0,d42cb5898be984f3,2513.80584,0,2.13
20260927T201140Z-a843,c66701076edbaf96,523339,gpu-frontier,gpu,resident,s2,127,2,0,0,0,warm,0,1,0,46.944566,0,0,0,45.3487053,0.502426,1.078626,,1350,1350,1350,0,0,30445478,121622277,0,6b13bf0bd1b7f21b,2511.96159,0,2.13
20260927T201140Z-a843,c66701076edbaf96,140379,dial,cpu,resident,s2,0,2,0,0,1,warm,24,1,0,47.579055,0,0.722637,0,46.855941,0,0,,34598,0,0,0,0,1048576,4190208,0,0194bc45aa2b7bd5,,0,2.13
20260927T201140Z-a843,c66701076edbaf96,143033,dial,cpu,resident,s2,1,2,0,0,1,warm,24,1,0,46.746369,0,0.521187,0,46.224829,0,0,,37857,0,0,0,0,1048576,4190208,0,5b8da2ba23672360,,0,2.13
20260927T201140Z-a843,c66701076edbaf96,473133,dial,cpu,resident,s2,2,2,0,0,1,warm,24,1,0,47.359514,0,0.48431,0,46.874881,0,0,,36177,0,0,0,0,1048576,4190208,0,551bb7beaf35b173,,0,2.13
20260927T201140Z-a843,c66701076edbaf96,22045,dial,cpu,resident,s2,3,2,0,0,1,warm,24,1,0,46.363921,0,0.511495,0,45.851779,0,0,,24368,0,0,0,0,1048576,4190208,0,b659a1864c16f101,,0,2.13
20260927T201140Z-a843,c66701076edbaf96,367943,dial,cpu,resident,s2,4,2,0,0,1,warm,24,1,0,47.257568,0,0.508571,0,46.748496,0,0,,42099,0,0,0,0,1048576,4190208,0,19ea500da30075b2,,0,2.13
20260927T201140Z-a843,c66701076edbaf96,955628,dial,cpu,resident,s2,5,2,0,0,1,warm,24,1,0,48.397029,0,0.524877,0,47.871585,0,0,,40919,0,0,0,0,1048576,4190208,0,9315192044a47b21,,0,2.13
20260927T201140Z-a843,c66701076edbaf96,493619,dial,cpu,resident,s2,6,2,0,0,1,warm,24,1,0,47.397825,0,0.495045,0,46.90252,0,0,,40998,0,0,0,0,1048576,4190208,0,10dd6ae381b84252,,0,2.13
20260927T201140Z-a843,c66701076edbaf96,78040,dial,cpu,resident,s2,7,2,0,0,1,warm,24,1,0,47.058737,0,0.488028,0,46.570372,0,0,,41218,0,0,0,0,1048576,4190208,0,56a292fe41b7d54b,,0,2.13
20260927T201140Z-a843,c66701076edbaf96,597528,dial,cpu,resident,s2,8,2,0,0,1,warm,24,1,0,46.400175,0,0.51622,0,45.883546,0,0,,37261,0,0,0,0,1048576,4190208,0,da01e5ba298e7e3b,,0,2.13
20260927T201140Z-a843,c66701076edbaf96,666088,dial,cpu,resident,s2,9,2,0,0,1,warm,24,1,0,46.557988,0,0.472439,0,46.085094,0,0,,29953,0,0,0,0,1048576,4190208,0,d6d7e557f0f85169,,0,2.13
20260927T201140Z-a843,c66701076edbaf96,93798,dial,cpu,resident,s2,10,2,0,0,1,warm,24,1,0,46.571637,0,0.514782,0,46.056405,0,0,,33953,0,0,0,0,1048576,4190208,0,6e7bf2cc1ae81de6,,0,2.13
20260927T201140Z-a843,c66701076edbaf96,583195,dial,cpu,resident,s2,11,2,0,0,1,warm,24,1,0,46.659852,0,0.479903,0,46.1795,0,0,,39540,0,0,0,0,1048576,4190208,0,caff7e83ca886c86,,0,2.13
20260927T201140Z-a843,c66701076edbaf96,828010,dial,cpu,resident,s2,12,2,0,0,1,warm,24,1,0,47.341167,0,0.509775,0,46.831048,0,0,,34121,0,0,0,0,1048576,4190208,0,7141a77e2ba6e87b,,0,2.13
20260927T201140Z-a843,c66701076edbaf96,232399,dial,cpu,resident,s2,13,2,0,0,1,warm,24,1,0,48.561933,0,0.523026,0,48.038567,0,0,,33093,0,0,0,0,1048576,4190208,0,5acf05509edbbd79,,0,2.13
20260927T201140Z-a843,c66701076edbaf96,439005,dial,cpu,resident,s2,14,2,0,0,1,warm,24,1,0,46.933733,0,0.534443,0,46.398856,0,0,,36373,0,0,0,0,1048576,4190208,0,a9ead817df417563,,0,2.13
20260927T201140Z-a843,c66701076edbaf96,261911,dial,cpu,resident,s2,15,2,0,0,1,warm,24,1,0,46.755659,0,0.5169,0,46.238321,0,0,,29077,0,0,0,0,1048576,4190208,0,8984d55349b3d674,,0,2.13
20260927T201140Z-a843,c66701076edbaf96,306042,dial,cpu,resident,s2,16,2,0,0,1,warm,24,1,0,46.993122,0,0.534883,0,46.457855,0,0,,34849,0,0,0,0,1048576,4190208,0,776f1233a5dbe9e9,,0,2.13
20260927T201140Z-a843,c66701076edbaf96,842254,dial,cpu,resident,s2,17,2,0,0,1,warm,24,1,0,47.192344,0,0.481949,0,46.710054,0,0,,26680,0,0,0,0,1048576,4190208,0,e1b753c9824ba2ac,,0,2.13
20260927T201140Z-a843,c66701076edbaf96,497647,dial,cpu,resident,s2,18,2,0,0,1,warm,24,1,0,47.948971,0,0.493662,0,47.454977,0,0,,41668,0,0,0,0,1048576,4190208,0,2670421aa8297b39,,0,2.13
20260927T201140Z-a843,c66701076edbaf96,283052,dial,cpu,resident,s2,19,2,0,0,1,warm,24,1,0,50.522019,0,0.520555,0,50.001001,0,0,,35769,0,0,0,0,1048576,4190208,0,433493362fbdc0e3,,0,2.13
20260927T201140Z-a843,c66701076edbaf96,299936,dial,cpu,resident,s2,20,2,0,0,1,warm,24,1,0,47.355098,0,0.537972,0,46.816794,0,0,,41129,0,0,0,0,1048576,4190208,0,5c046e9da7034c27,,0,2.13
20260927T201140Z-a843,c66701076edbaf96,785373,dial,cpu,resident,s2,21,2,0,0,1,warm,24,1,0,46.250723,0,0.478021,0,45.772218,0,0,,24756,0,0,0,0,1048576,4190208,0,231eddebd76b6fad,,0,2.13
20260927T201140Z-a843,c66701076edbaf96,480378,dial,cpu,resident,s2,22,2,0,0,1,warm,24,1,0,46.618132,0,0.544184,0,46.073605,0,0,,36209,0,0,0,0,1048576,4190208,0,fff9cc247687e936,,0,2.13
20260927T201140Z-a843,c66701076edbaf96,321060,dial,cpu,resident,s2,23,2,0,0,1,warm,24,1,0,47.229193,0,0.559491,0,46.669221,0,0,,42516,0,0,0,0,1048576,4190208,0,13683e5eb406929a,,0,2.13
20260927T201140Z-a843,c66701076edbaf96,337388,dial,cpu,resident,s2,24,2,0,0,1,warm,24,1,0,46.289518,0,0.477443,0,45.811636,0,0,,42506,0,0,0,0,1048576,4190208,0,13904ab293644b4b,,0,2.13
20260927T201140Z-a843,c66701076edbaf96,118671,dial,cpu,resident,s2,25,2,0,0,1,warm,24,1,0,46.534858,0,0.485875,0,46.048441,0,0,,33900,0,0,0,0,1048576,4190208,0,355e763c9e30148a,,0,2.13
20260927T201140Z-a843,c66701076edbaf96,125150,dial,cpu,resident,s2,26,2,0,0,1,warm,24,1,0,46.513716,0,0.483829,0,46.029361,0,0,,39751,0,0,0,0,1048576,4190208,0,2610cb4418c2fa33,,0,2.13
20260927T201140Z-a843,c66701076edbaf96,72476,dial,cpu,resident,s2,27,2,0,0,1,warm,24,1,0,46.230017,0,0.479565,0,45.750006,0,0,,29115,0,0,0,0,1048576,4190208,0,511104ffeb974275,,0,2.04
20260927T201140Z-a843,c66701076edbaf96,728509,dial,cpu,resident,s2,28,2,0,0,1,warm,24,1,0,46.706218,0,0.511463,0,46.194364,0,0,,42604,0,0,0,0,1048576,4190208,0,d5ba49a61aad2090,,0,2.04
20260927T201140Z-a843,c66701076edbaf96,679264,dial,cpu,resident,s2,29,2,0,0,1,warm,24,1,0,47.954562,0,0.514981,0,47.439331,0,0,,39500,0,0,0,0,1048576,4190208,0,1f9f145164a8d3ba,,0,2.04
20260927T201140Z-a843,c66701076edbaf96,828590,dial,cpu,resident,s2,30,2,0,0,1,warm,24,1,0,48.138313,0,0.591425,0,47.546337,0,0,,38672,0,0,0,0,1048576,4190208,0,75869235508b61de,,0,2.04
20260927T201140Z-a843,c66701076edbaf96,411591,dial,cpu,resident,s2,31,2,0,0,1,warm,24,1,0,46.892938,0,0.532781,0,46.359726,0,0,,26931,0,0,0,0,1048576,4190208,0,3a9a9b90ef518cee,,0,2.04
20260927T201140Z-a843,c66701076edbaf96,555679,dial,cpu,resident,s2,32,2,0,0,1,warm,24,1,0,46.864947,0,0.533437,0,46.331105,0,0,,33579,0,0,0,0,1048576,4190208,0,afbdace234d8e184,,0,2.04
20260927T201140Z-a843,c66701076edbaf96,417721,dial,cpu,resident,s2,33,2,0,0,1,warm,24,1,0,47.284991,0,0.484443,0,46.800198,0,0,,36563,0,0,0,0,1048576,4190208,0,bf42c08a928ad325,,0,2.04
20260927T201140Z-a843,c66701076edbaf96,199603,dial,cpu,resident,s2,34,2,0,0,1,warm,24,1,0,48.010948,0,0.50149,0,47.509043,0,0,,31631,0,0,0,0,1048576,4190208,0,0f95736287a6c51b,,0,2.04
20260927T201140Z-a843,c66701076edbaf96,625990,dial,cpu,resident,s2,35,2,0,0,1,warm,24,1,0,46.865004,0,0.53283,0,46.331582,0,0,,26040,0,0,0,0,1048576,4190208,0,d023fd85e5b256d3,,0,2.04
20260927T201140Z-a843,c66701076edbaf96,931576,dial,cpu,resident,s2,36,2,0,0,1,warm,24,1,0,47.083239,0,0.496804,0,46.586025,0,0,,36127,0,0,0,0,1048576,4190208,0,dc4ab5fe35160bb7,,0,2.04
20260927T201140Z-a843,c66701076edbaf96,388607,dial,cpu,resident,s2,37,2,0,0,1,warm,24,1,0,46.440008,0,0.500634,0,45.939028,0,0,,30359,0,0,0,0,1048576,4190208,0,d60d882602bb2445,,0,2.04
20260927T201140Z-a843,c66701076edbaf96,40305,dial,cpu,resident,s2,38,2,0,0,1,warm,24,1,0,47.493099,0,0.518067,0,46.974695,0,0,,40850,0,0,0,0,1048576,4190208,0,4867207887c75490,,0,2.04
20260927T201140Z-a843,c66701076edbaf96,297024,dial,cpu,resident,s2,39,2,0,0,1,warm,24,1,0,46.925811,0,0.550828,0,46.374596,0,0,,31080,0,0,0,0,1048576,4190208,0,470a3109f4dfe476,,0,2.04
20260927T201140Z-a843,c66701076edbaf96,928309,dial,cpu,resident,s2,40,2,0,0,1,warm,24,1,0,46.816239,0,0.499052,0,46.316792,0,0,,38386,0,0,0,0,1048576,4190208,0,beddfd281855b9d6,,0,2.04
20260927T201140Z-a843,c66701076edbaf96,274490,dial,cpu,resident,s2,41,2,0,0,1,warm,24,1,0,47.639063,0,0.499465,0,47.139326,0,0,,43481,0,0,0,0,1048576,4190208,0,b76d667cc7b3dc10,,0,2.04
20260927T201140Z-a843,c66701076edbaf96,545768,dial,cpu,resident,s2,42,2,0,0,1,warm,24,1,0,47.501997,0,0.558634,0,46.943024,0,0,,35500,0,0,0,0,1048576,4190208,0,5dcf8ffaad60d6ba,,0,2.04
20260927T201140Z-a843,c66701076edbaf96,20469,dial,cpu,resident,s2,43,2,0,0,1,warm,24,1,0,47.103223,0,0.523851,0,46.579026,0,0,,40106,0,0,0,0,1048576,4190208,0,c5e981f86d212703,,0,2.04
20260927T201140Z-a843,c66701076edbaf96,531301,dial,cpu,resident,s2,44,2,0,0,1,warm,24,1,0,47.140222,0,0.53346,0,46.606343,0,0,,40659,0,0,0,0,1048576,4190208,0,3386570d5a03a7e2,,0,2.04
20260927T201140Z-a843,c66701076edbaf96,1047443,dial,cpu,resident,s2,45,2,0,0,1,warm,24,1,0,47.188224,0,0.491142,0,46.696657,0,0,,31953,0,0,0,0,1048576,4190208,0,758e4e780d07883b,,0,2.04
20260927T201140Z-a843,c66701076edbaf96,638272,dial,cpu,resident,s2,46,2,0,0,1,warm,24,1,0,47.023684,0,0.544311,0,46.479151,0,0,,35835,0,0,0,0,1048576,4190208,0,19bcdf9016021200,,0,2.04
20260927T201140Z-a843,c66701076edbaf96,975530,dial,cpu,resident,s2,47,2,0,0,1,warm,24,1,0,46.402686,0,0.487368,0,45.914933,0,0,,32677,0,0,0,0,1048576,4190208,0,b5cb4363695dc642,,0,2.04
20260927T201140Z-a843,c66701076edbaf96,914696,dial,cpu,resident,s2,48,2,0,0,1,warm,24,1,0,46.483682,0,0.519794,0,45.963458,0,0,,41108,0,0,0,0,1048576,4190208,0,9630dc5d377e379e,,0,2.04
20260927T201140Z-a843,c66701076edbaf96,169940,dial,cpu,resident,s2,49,2,0,0,1,warm,24,1,0,46.771249,0,0.495749,0,46.275108,0,0,,39685,0,0,0,0,1048576,4190208,0,95882738bea78e48,,0,2.04
20260927T201140Z-a843,c66701076edbaf96,834360,dial,cpu,resident,s2,50,2,0,0,1,warm,24,1,0,47.395065,0,0.528064,0,46.866687,0,0,,38731,0,0,0,0,1048576,4190208,0,b2af9c052f6aa536,,0,2.04
20260927T201140Z-a843,c66701076edbaf96,518322,dial,cpu,resident,s2,51,2,0,0,1,warm,24,1,0,47.182436,0,0.536992,0,46.645066,0,0,,38783,0,0,0,0,1048576,4190208,0,db073bf0f90b2a98,,0,2.04
20260927T201140Z-a843,c66701076edbaf96,577541,dial,cpu,resident,s2,52,2,0,0,1,warm,24,1,0,46.562184,0,0.490422,0,46.071433,0,0,,35228,0,0,0,0,1048576,4190208,0,77a65005472fc098,,0,2.04
20260927T201140Z-a843,c66701076edbaf96,764242,dial,cpu,resident,s2,53,2,0,0,1,warm,24,1,0,47.316224,0,0.53992,0,46.775783,0,0,,35910,0,0,0,0,1048576,4190208,0,9033d32d9660e9c4,,0,2.04
20260927T201140Z-a843,c66701076edbaf96,14706,dial,cpu,resident,s2,54,2,0,0,1,warm,24,1,0,47.048293,0,0.548738,0,46.499245,0,0,,30313,0,0,0,0,1048576,4190208,0,a5e618cc4a6cd11c,,0,2.04
20260927T201140Z-a843,c66701076edbaf96,471650,dial,cpu,resident,s2,55,2,0,0,1,warm,24,1,0,46.78285,0,0.522283,0,46.259995,0,0,,32070,0,0,0,0,1048576,4190208,0,5c2db82f624f6019,,0,2.04
20260927T201140Z-a843,c66701076edbaf96,192150,dial,cpu,resident,s2,56,2,0,0,1,warm,24,1,0,46.881918,0,0.523497,0,46.358083,0,0,,33986,0,0,0,0,1048576,4190208,0,a0aa745d6464a44e,,0,2.04
20260927T201140Z-a843,c66701076edbaf96,59477,dial,cpu,resident,s2,57,2,0,0,1,warm,24,1,0,47.266399,0,0.493167,0,46.772836,0,0,,41512,0,0,0,0,1048576,4190208,0,a204b81edc32cc7e,,0,2.04
20260927T201140Z-a843,c66701076edbaf96,201224,dial,cpu,resident,s2,58,2,0,0,1,warm,24,1,0,46.835578,0,0.527102,0,46.308068,0,0,,33676,0,0,0,0,1048576,4190208,0,7c70dcbcc6f31504,,0,2.04
20260927T201140Z-a843,c66701076edbaf96,12846,dial,cpu,resident,s2,59,2,0,0,1,warm,24,1,0,47.288607,0,0.534988,0,46.753295,0,0,,36753,0,0,0,0,1048576,4190208,0,53492d3ce70c619e,,0,2.04
20260927T201140Z-a843,c66701076edbaf96,88685,dial,cpu,resident,s2,60,2,0,0,1,warm,24,1,0,47.217978,0,0.485324,0,46.732244,0,0,,43007,0,0,0,0,1048576,4190208,0,0e83a3e19213231b,,0,2.04
20260927T201140Z-a843,c66701076edbaf96,637,dial,cpu,resident,s2,61,2,0,0,1,warm,24,1,0,51.011633,0,0.53062,0,50.480571,0,0,,34548,0,0,0,0,1048576,4190208,0,cb147f7f9395de4d,,0,2.04
20260927T201140Z-a843,c66701076edbaf96,140682,dial,cpu,resident,s2,62,2,0,0,1,warm,24,1,0,47.960666,0,0.519001,0,47.440884,0,0,,39024,0,0,0,0,1048576,4190208,0,05f6bf3b97ab9c44,,0,2.04
20260927T201140Z-a843,c66701076edbaf96,242263,dial,cpu,resident,s2,63,2,0,0,1,warm,24,1,0,47.067113,0,0.519893,0,46.546785,0,0,,33162,0,0,0,0,1048576,4190208,0,909314f25aeaa7d5,,0,2.04
20260927T201140Z-a843,c66701076edbaf96,955528,dial,cpu,resident,s2,64,2,0,0,1,warm,24,1,0,47.215829,0,0.528659,0,46.686463,0,0,,27510,0,0,0,0,1048576,4190208,0,b2722a7e696c72df,,0,2.04
20260927T201140Z-a843,c66701076edbaf96,604431,dial,cpu,resident,s2,65,2,0,0,1,warm,24,1,0,47.618049,0,0.497612,0,47.12005,0,0,,31754,0,0,0,0,1048576,4190208,0,fd90c4b8cb50dbff,,0,2.04
20260927T201140Z-a843,c66701076edbaf96,968747,dial,cpu,resident,s2,66,2,0,0,1,warm,24,1,0,47.790662,0,0.581571,0,47.208682,0,0,,37232,0,0,0,0,1048576,4190208,0,7e6718b380684cd1,,0,2.04
20260927T201140Z-a843,c66701076edbaf96,25579,dial,cpu,resident,s2,67,2,0,0,1,warm,24,1,0,46.71912,0,0.515453,0,46.203366,0,0,,42804,0,0,0,0,1048576,4190208,0,3229d6200a4fb418,,0,2.04
20260927T201140Z-a843,c66701076edbaf96,802074,dial,cpu,resident,s2,68,2,0,0,1,warm,24,1,0,47.437378,0,0.525043,0,46.912016,0,0,,39130,0,0,0,0,1048576,4190208,0,75cdb86da5eabfb0,,0,2.04
20260927T201140Z-a843,c66701076edbaf96,785602,dial,cpu,resident,s2,69,2,0,0,1,warm,24,1,0,46.380615,0,0.521714,0,45.858358,0,0,,34506,0,0,0,0,1048576,4190208,0,816414c006cc404e,,0,2.04
20260927T201140Z-a843,c66701076edbaf96,800647,dial,cpu,resident,s2,70,2,0,0,1,warm,24,1,0,47.306257,0,0.518428,0,46.787507,0,0,,44053,0,0,0,0,1048576,4190208,0,826cd67eaa9f4b33,,0,2.04
20260927T201140Z-a843,c66701076edbaf96,1034835,dial,cpu,resident,s2,71,2,0,0,1,warm,24,1,0,46.720771,0,0.555875,0,46.164434,0,0,,29864,0,0,0,0,1048576,4190208,0,aee93ced3cba03e1,,0,2.04
20260927T201140Z-a843,c66701076edbaf96,591983,dial,cpu,resident,s2,72,2,0,0,1,warm,24,1,0,46.413782,0,0.492009,0,45.921369,0,0,,39339,0,0,0,0,1048576,4190208,0,06921044afbc0a6c,,0,2.04
20260927T201140Z-a843,c66701076edbaf96,509143,dial,cpu,resident,s2,73,2,0,0,1,warm,24,1,0,47.399983,0,0.529345,0,46.870373,0,0,,36815,0,0,0,0,1048576,4190208,0,caa8a0c2a48999bb,,0,2.04
20260927T201140Z-a843,c66701076edbaf96,258004,dial,cpu,resident,s2,74,2,0,0,1,warm,24,1,0,46.944174,0,0.49812,0,46.445726,0,0,,40537,0,0,0,0,1048576,4190208,0,72de258eb31bb540,,0,2.04
20260927T201140Z-a843,c66701076edbaf96,1008134,dial,cpu,resident,s2,75,2,0,0,1,warm,24,1,0,47.370242,0,0.510747,0,46.859176,0,0,,43802,0,0,0,0,1048576,4190208,0,ad81620dd0ccc9a5,,0,2.04
20260927T201140Z-a843,c66701076edbaf96,693058,dial,cpu,resident,s2,76,2,0,0,1,warm,24,1,0,47.077162,0,0.52708,0,46.549686,0,0,,40450,0,0,0,0,1048576,4190208,0,6a6111f023fb9ad7,,0,2.04
20260927T201140Z-a843,c66701076edbaf96,567498,dial,cpu,resident,s2,77,2,0,0,1,warm,24,1,0,47.234596,0,0.543715,0,46.690618,0,0,,40604,0,0,0,0,1048576,4190208,0,4d57830ba3fcf997,,0,2.04
20260927T201140Z-a843,c66701076edbaf96,626061,dial,cpu,resident,s2,78,2,0,0,1,warm,24,1,0,47.472436,0,0.4985,0,46.973442,0,0,,40233,0,0,0,0,1048576,4190208,0,2bc79ed65418744c,,0,2.04
20260927T201140Z-a843,c66701076edbaf96,599867,dial,cpu,resident,s2,79,2,0,0,1,warm,24,1,0,46.990596,0,0.516991,0,46.47329,0,0,,35437,0,0,0,0,1048576,4190208,0,bc4ff01d7bce33e5,,0,2.04
20260927T201140Z-a843,c66701076edbaf96,721594,dial,cpu,resident,s2,80,2,0,0,1,warm,24,1,0,46.337292,0,0.494058,0,45.842912,0,0,,38083,0,0,0,0,1048576,4190208,0,e5d860fd5f515748,,0,2.04
20260927T201140Z-a843,c66701076edbaf96,755768,dial,cpu,resident,s2,81,2,0,0,1,warm,24,1,0,46.654053,0,0.519796,0,46.133863,0,0,,36167,0,0,0,0,1048576,4190208,0,f0545bbc59e2b6d9,,0,2.04
20260927T201140Z-a843,c66701076edbaf96,481879,dial,cpu,resident,s2,82,2,0,0,1,warm,24,1,0,46.825393,0,0.483625,0,46.34133,0,0,,31815,0,0,0,0,1048576,4190208,0,eb33c6eedfcb1504,,0,2.04
20260927T201140Z-a843,c66701076edbaf96,666926,dial,cpu,resident,s2,83,2,0,0,1,warm,24,1,0,46.603895,0,0.487661,0,46.115709,0,0,,33720,0,0,0,0,1048576,4190208,0,3b100f409ba061e0,,0,2.04
20260927T201140Z-a843,c66701076edbaf96,812308,dial,cpu,resident,s2,84,2,0,0,1,warm,24,1,0,47.267718,0,0.495449,0,46.772019,0,0,,36496,0,0,0,0,1048576,4190208,0,c31adf4c361e9520,,0,2.04
20260927T201140Z-a843,c66701076edbaf96,940471,dial,cpu,resident,s2,85,2,0,0,1,warm,24,1,0,47.577868,0,0.550669,0,47.026874,0,0,,44369,0,0,0,0,1048576,4190208,0,02bdf829a1772f2a,,0,2.04
20260927T201140Z-a843,c66701076edbaf96,705817,dial,cpu,resident,s2,86,2,0,0,1,warm,24,1,0,47.503758,0,0.523272,0,46.980216,0,0,,37136,0,0,0,0,1048576,4190208,0,d08744491a4f6254,,0,2.04
20260927T201140Z-a843,c66701076edbaf96,378775,dial,cpu,resident,s2,87,2,0,0,1,warm,24,1,0,47.259903,0,0.519533,0,46.739989,0,0,,42758,0,0,0,0,1048576,4190208,0,7976fe449628ee76,,0,2.04
20260927T201140Z-a843,c66701076edbaf96,11928,dial,cpu,resident,s2,88,2,0,0,1,warm,24,1,0,47.457546,0,0.496456,0,46.960563,0,0,,30359,0,0,0,0,1048576,4190208,0,e313e61597c97dcc,,0,2.04
20260927T201140Z-a843,c66701076edbaf96,149969,dial,cpu,resident,s2,89,2,0,0,1,warm,24,1,0,46.38921,0,0.488378,0,45.900363,0,0,,39314,0,0,0,0,1048576,4190208,0,90f30508e8b238e3,,0,2.04
20260927T201140Z-a843,c66701076edbaf96,518422,dial,cpu,resident,s2,90,2,0,0,1,warm,24,1,0,46.446195,0,0.521265,0,45.924616,0,0,,25619,0,0,0,0,1048576,4190208,0,c0b6e9e87d2215b0,,0,2.04
20260927T201140Z-a843,c66701076edbaf96,764093,dial,cpu,resident,s2,91,2,0,0,1,warm,24,1,0,46.796061,0,0.547969,0,46.247734,0,0,,35692,0,0,0,0,1048576,4190208,0,53bfc44cc00c87db,,0,2.04
20260927T201140Z-a843,c66701076edbaf96,818556,dial,cpu,resident,s2,92,2,0,0,1,warm,24,1,0,47.516227,0,0.530015,0,46.985786,0,0,,40828,0,0,0,0,1048576,4190208,0,3d8997c00e6cf508,,0,2.04
20260927T201140Z-a843,c66701076edbaf96,284007,dial,cpu,resident,s2,93,2,0,0,1,warm,24,1,0,46.652284,0,0.553321,0,46.098648,0,0,,28451,0,0,0,0,1048576,4190208,0,2c0ccfa7ab97af66,,0,2.04
20260927T201140Z-a843,c66701076edbaf96,147527,dial,cpu,resident,s2,94,2,0,0,1,warm,24,1,0,46.960931,0,0.487996,0,46.472558,0,0,,40698,0,0,0,0,1048576,4190208,0,6414f13426478617,,0,2.04
20260927T201140Z-a843,c66701076edbaf96,810773,dial,cpu,resident,s2,95,2,0,0,1,warm,24,1,0,46.521285,0,0.487431,0,46.033469,0,0,,31024,0,0,0,0,1048576,4190208,0,26ab53717621d5f2,,0,2.04
20260927T201140Z-a843,c66701076edbaf96,496849,dial,cpu,resident,s2,96,2,0,0,1,warm,24,1,0,48.610734,0,0.535214,0,48.075214,0,0,,40149,0,0,0,0,1048576,4190208,0,61fa850a08bc862f,,0,2.04
20260927T201140Z-a843,c66701076edbaf96,1013688,dial,cpu,resident,s2,97,2,0,0,1,warm,24,1,0,47.568583,0,0.580269,0,46.987802,0,0,,38836,0,0,0,0,1048576,4190208,0,1fa814dfb1f7b535,,0,2.04
20260927T201140Z-a843,c66701076edbaf96,935512,dial,cpu,resident,s2,98,2,0,0,1,warm,24,1,0,46.723761,0,0.553291,0,46.169969,0,0,,37009,0,0,0,0,1048576,4190208,0,9403f9d957fe5c2b,,0,2.04
20260927T201140Z-a843,c66701076edbaf96,714883,dial,cpu,resident,s2,99,2,0,0,1,warm,24,1,0,46.662649,0,0.540277,0,46.121861,0,0,,40601,0,0,0,0,1048576,4190208,0,4867872a759d804d,,0,2.04
20260927T201140Z-a843,c66701076edbaf96,670214,dial,cpu,resident,s2,100,2,0,0,1,warm,24,1,0,47.554151,0,0.529169,0,47.024634,0,0,,39657,0,0,0,0,1048576,4190208,0,9888b5552dc26be3,,0,2.04
20260927T201140Z-a843,c66701076edbaf96,922346,dial,cpu,resident,s2,101,2,0,0,1,warm,24,1,0,47.209514,0,0.504773,0,46.704351,0,0,,29015,0,0,0,0,1048576,4190208,0,10711b84b3bef833,,0,2.04
20260927T201140Z-a843,c66701076edbaf96,802242,dial,cpu,resident,s2,102,2,0,0,1,warm,24,1,0,47.072858,0,0.522391,0,46.549941,0,0,,31392,0,0,0,0,1048576,4190208,0,5f8b395e1c757b0b,,0,2.04
20260927T201140Z-a843,c66701076edbaf96,45284,dial,cpu,resident,s2,103,2,0,0,1,warm,24,1,0,48.710285,0,0.521243,0,48.188612,0,0,,41351,0,0,0,0,1048576,4190208,0,101c5992f307ed7a,,0,2.04
20260927T201140Z-a843,c66701076edbaf96,908797,dial,cpu,resident,s2,104,2,0,0,1,warm,24,1,0,48.622462,0,0.588641,0,48.033397,0,0,,38140,0,0,0,0,1048576,4190208,0,2c3edda3a4e7d134,,0,2.04
20260927T201140Z-a843,c66701076edbaf96,281396,dial,cpu,resident,s2,105,2,0,0,1,warm,24,1,0,47.960382,0,0.485583,0,47.47442,0,0,,45355,0,0,0,0,1048576,4190208,0,9914811ae5975590,,0,2.04
20260927T201140Z-a843,c66701076edbaf96,1000550,dial,cpu,resident,s2,106,2,0,0,1,warm,24,1,0,46.982234,0,0.521631,0,46.460173,0,0,,31438,0,0,0,0,1048576,4190208,0,657bfc39edfde598,,0,2.04
20260927T201140Z-a843,c66701076edbaf96,73594,dial,cpu,resident,s2,107,2,0,0,1,warm,24,1,0,47.222328,0,0.513978,0,46.707712,0,0,,39567,0,0,0,0,1048576,4190208,0,89a0693a7eb907df,,0,2.04
20260927T201140Z-a843,c66701076edbaf96,301631,dial,cpu,resident,s2,108,2,0,0,1,warm,24,1,0,48.428082,0,0.503067,0,47.924488,0,0,,42170,0,0,0,0,1048576,4190208,0,a13c34ca5c449e66,,0,2.04
20260927T201140Z-a843,c66701076edbaf96,430170,dial,cpu,resident,s2,109,2,0,0,1,warm,24,1,0,47.061873,0,0.496264,0,46.565265,0,0,,34514,0,0,0,0,1048576,4190208,0,3139fb5fd0f393b3,,0,2.04
20260927T201140Z-a843,c66701076edbaf96,752814,dial,cpu,resident,s2,110,2,0,0,1,warm,24,1,0,46.50591,0,0.481506,0,46.024017,0,0,,26687,0,0,0,0,1048576,4190208,0,8c917a45d206552d,,0,2.04
20260927T201140Z-a843,c66701076edbaf96,679839,dial,cpu,resident,s2,111,2,0,0,1,warm,24,1,0,47.093508,0,0.523414,0,46.569874,0,0,,37191,0,0,0,0,1048576,4190208,0,71f28c62aa82d217,,0,2.04
20260927T201140Z-a843,c66701076edbaf96,619664,dial,cpu,resident,s2,112,2,0,0,1,warm,24,1,0,47.275563,0,0.525921,0,46.749289,0,0,,29652,0,0,0,0,1048576,4190208,0,95f2dcfc501ad06e,,0,2.04
20260927T201140Z-a843,c66701076edbaf96,98827,dial,cpu,resident,s2,113,2,0,0,1,warm,24,1,0,46.659437,0,0.569794,0,46.089209,0,0,,29428,0,0,0,0,1048576,4190208,0,00612f347f63bc08,,0,2.04
20260927T201140Z-a843,c66701076edbaf96,105994,dial,cpu,resident,s2,114,2,0,0,1,warm,24,1,0,46.65668,0,0.501915,0,46.15422,0,0,,38048,0,0,0,0,1048576,4190208,0,4bfaff9193bbdfef,,0,2.04
20260927T201140Z-a843,c66701076edbaf96,243457,dial,cpu,resident,s2,115,2,0,0,1,warm,24,1,0,46.790792,0,0.512398,0,46.277988,0,0,,43457,0,0,0,0,1048576,4190208,0,ad0dd27816987427,,0,2.04
20260927T201140Z-a843,c66701076edbaf96,734875,dial,cpu,resident,s2,116,2,0,0,1,warm,24,1,0,46.341657,0,0.490174,0,45.851172,0,0,,42482,0,0,0,0,1048576,4190208,0,17ef0d8567862766,,0,2.04
20260927T201140Z-a843,c66701076edbaf96,370736,dial,cpu,resident,s2,117,2,0,0,1,warm,24,1,0,46.448933,0,0.497392,0,45.951263,0,0,,38609,0,0,0,0,1048576,4190208,0,5c3180fa34ea9049,,0,2.04
20260927T201140Z-a843,c66701076edbaf96,521055,dial,cpu,resident,s2,118,2,0,0,1,warm,24,1,0,47.476318,0,0.523493,0,46.952583,0,0,,38284,0,0,0,0,1048576,4190208,0,ab61220815625a78,,0,2.04
20260927T201140Z-a843,c66701076edbaf96,697461,dial,cpu,resident,s2,119,2,0,0,1,warm,24,1,0,48.413339,0,0.534853,0,47.878064,0,0,,41824,0,0,0,0,1048576,4190208,0,3ddf044e25f83d4f,,0,2.04
20260927T201140Z-a843,c66701076edbaf96,696648,dial,cpu,resident,s2,120,2,0,0,1,warm,24,1,0,46.839025,0,0.476209,0,46.362522,0,0,,38266,0,0,0,0,1048576,4190208,0,254d9204a927830b,,0,2.04
20260927T201140Z-a843,c66701076edbaf96,322939,dial,cpu,resident,s2,121,2,0,0,1,warm,24,1,0,47.121633,0,0.527626,0,46.593489,0,0,,35996,0,0,0,0,1048576,4190208,0,b26fbd06f48c7658,,0,2.04
20260927T201140Z-a843,c66701076edbaf96,235403,dial,cpu,resident,s2,122,2,0,0,1,warm,24,1,0,47.046877,0,0.536356,0,46.510231,0,0,,30712,0,0,0,0,1048576,4190208,0,b78b1de2f5a26d81,,0,2.04
20260927T201140Z-a843,c66701076edbaf96,842932,dial,cpu,resident,s2,123,2,0,0,1,warm,24,1,0,47.412919,0,0.536195,0,46.876288,0,0,,32177,0,0,0,0,1048576,4190208,0,292a2f6ed53c5012,,0,2.04
20260927T201140Z-a843,c66701076edbaf96,776073,dial,cpu,resident,s2,124,2,0,0,1,warm,24,1,0,46.426624,0,0.558137,0,45.868286,0,0,,34421,0,0,0,0,1048576,4190208,0,a04df1093857d854,,0,2.04
20260927T201140Z-a843,c66701076edbaf96,159157,dial,cpu,resident,s2,125,2,0,0,1,warm,24,1,0,46.876411,0,0.495638,0,46.380543,0,0,,39700,0,0,0,0,1048576,4190208,0,940851ec667c58ee,,0,2.04
20260927T201140Z-a843,c66701076edbaf96,824874,dial,cpu,resident,s2,126,2,0,0,1,warm,24,1,0,46.456164,0,0.492562,0,45.96325,0,0,,31224,0,0,0,0,1048576,4190208,0,d42cb5898be984f3,,0,2.04
20260927T201140Z-a843,c66701076edbaf96,523339,dial,cpu,resident,s2,127,2,0,0,1,warm,24,1,0,46.21163,0,0.493542,0,45.717626,0,0.000223,,30076,0,0,0,0,1048576,4190208,0,6b13bf0bd1b7f21b,,0,2.04
20260927T201140Z-a843,c66701076edbaf96,140379,gpu-nearfar,gpu,resident,s2,0,2,0,0,2,warm,0,1,25,125.828185,0,0.312977,2.27820802,122.195839,0.487773,0,,7132,7132,19906,0,0,1075338,4297178,0,0194bc45aa2b7bd5,2511.16068,0,2.04
20260927T201140Z-a843,c66701076edbaf96,143033,gpu-nearfar,gpu,resident,s2,1,2,0,0,2,warm,0,1,25,134.379785,0,0,0,133.341415,0.498124,0,,7800,7800,21738,0,0,1075353,4297258,0,5b8da2ba23672360,2508.28118,0,2.04
20260927T201140Z-a843,c66701076edbaf96,473133,gpu-nearfar,gpu,resident,s2,2,2,0,0,2,warm,0,1,25,130.227925,0,0,0,129.138947,0.531963,0,,7522,7522,20930,0,0,1075607,4298259,0,551bb7beaf35b173,2510.2801,0,1.96
20260927T201140Z-a843,c66701076edbaf96,22045,gpu-nearfar,gpu,resident,s2,3,2,0,0,2,warm,0,1,25,89.49835,0,0,0,88.3355865,0.497345,0,,5192,5192,14346,0,0,1075222,4296726,0,b659a1864c16f101,2508.60087,0,1.96
20260927T201140Z-a843,c66701076edbaf96,367943,gpu-nearfar,gpu,resident,s2,4,2,0,0,2,warm,0,1,25,148.352066,0,0,0,147.143417,0.523109,0,,8537,8537,23908,0,0,1075307,4297068,0,19ea500da30075b2,2508.76074,0,1.96
20260927T201140Z-a843,c66701076edbaf96,955628,gpu-nearfar,gpu,resident,s2,5,2,0,0,2,warm,0,1,25,143.919428,0,0,0,142.78685,0.502272,0,,8334,8334,23306,0,0,1075452,4297638,0,9315192044a47b21,2509.08055,0,1.96
20260927T201140Z-a843,c66701076edbaf96,493619,gpu-nearfar,gpu,resident,s2,6,2,0,0,2,warm,0,1,25,145.99338,0,0,0,144.771683,0.551153,0,,8353,8353,23364,0,0,1075335,4297176,0,10dd6ae381b84252,2508.60087,0,1.96
20260927T201140Z-a843,c66701076edbaf96,78040,gpu-nearfar,gpu,resident,s2,7,2,0,0,2,warm,0,1,25,144.251543,0,0,0,143.016281,0.503719,0,,8338,8338,23370,0,0,1075195,4296612,0,56a292fe41b7d54b,2511.16068,0,1.96
20260927T201140Z-a843,c66701076edbaf96,597528,gpu-nearfar,gpu,resident,s2,8,2,0,0,2,warm,0,1,25,131.84109,0,0,0,130.615295,0.503847,0,,7637,7637,21336,0,0,1075185,4296582,0,da01e5ba298e7e3b,2510.52039,0,1.96
20260927T201140Z-a843,c66701076edbaf96,666088,gpu-nearfar,gpu,resident,s2,9,2,0,0,2,warm,0,1,25,107.577684,0,0,0,106.480736,0.507484,0,,6236,6236,17366,0,0,1075363,4297278,0,d6d7e557f0f85169,2508.28118,0,1.96
20260927T201140Z-a843,c66701076edbaf96,93798,gpu-nearfar,gpu,resident,s2,10,2,0,0,2,warm,0,1,25,120.725575,0,0,0,119.647392,0.499966,0,,6993,6993,19516,0,0,1075479,4297748,0,6e7bf2cc1ae81de6,2508.68095,0,1.96
20260927T201140Z-a843,c66701076edbaf96,583195,gpu-nearfar,gpu,resident,s2,11,2,0,0,2,warm,0,1,25,139.489862,0,0,0,138.380737,0.491617,0,,8068,8068,22562,0,0,1075387,4297381,0,caff7e83ca886c86,2508.68095,0,1.96
20260927T201140Z-a843,c66701076edbaf96,828010,gpu-nearfar,gpu,resident,s2,12,2,0,0,2,warm,0,1,25,122.626051,0,0,0,121.487488,0.549648,0,,7077,7077,19700,0,0,1075640,4298400,0,7141a77e2ba6e87b,2511.16068,0,1.96
20260927T201140Z-a843,c66701076edbaf96,232399,gpu-nearfar,gpu,resident,s2,13,2,0,0,2,warm,0,1,25,118.842797,0,0,0,117.681984,0.500174,0,,6898,6898,19174,0,0,1075428,4297538,0,5acf05509edbbd79,2508.36125,0,1.96
20260927T201140Z-a843,c66701076edbaf96,439005,gpu-nearfar,gpu,resident,s2,14,2,0,0,2,warm,0,1,25,129.527915,0,0,0,128.332962,0.502018,0,,7499,7499,20884,0,0,1075487,4297771,0,a9ead817df417563,2510.6003,0,1.96
20260927T201140Z-a843,c66701076edbaf96,261911,gpu-nearfar,gpu,resident,s2,15,2,0,0,2,warm,0,1,25,105.264542,0,0,0,104.228355,0.497973,0,,6090,6090,16938,0,0,1075525,4297917,0,8984d55349b3d674,2510.20022,0,1.96
20260927T201140Z-a843,c66701076edbaf96,306042,gpu-nearfar,gpu,resident,s2,16,2,0,0,2,warm,0,1,25,124.110634,0,0,0,123.052483,0.496863,0,,7180,7180,20034,0,0,1075243,4296802,0,776f1233a5dbe9e9,2510.6003,0,1.96
20260927T201140Z-a843,c66701076edbaf96,842254,gpu-nearfar,gpu,resident,s2,17,2,0,0,2,warm,0,1,25,96.71927,0,0,0,95.6580811,0.500786,0,,5601,5601,15572,0,0,1075279,4296944,0,e1b753c9824ba2ac,2510.76042,0,1.96
20260927T201140Z-a843,c66701076edbaf96,497647,gpu-nearfar,gpu,resident,s2,18,2,0,0,2,warm,0,1,25,146.141627,0,0,0,145.088089,0.498731,0,,8434,8434,23638,0,0,1075059,4296068,0,2670421aa8297b39,2509.48027,0,1.96
20260927T201140Z-a843,c66701076edbaf96,283052,gpu-nearfar,gpu,resident,s2,19,2,0,0,2,warm,0,1,25,126.726186,0,0,0,125.605949,0.494924,0,,7331,7331,20484,0,0,1075384,4297351,0,433493362fbdc0e3,2508.60087,0,1.96
20260927T201140Z-a843,c66701076edbaf96,299936,gpu-nearfar,gpu,resident,s2,20,2,0,0,2,warm,0,1,25,144.782449,0,0,0,143.693893,0.496497,0,,8395,8395,23456,0,0,1075252,4296830,0,5c046e9da7034c27,2510.20022,0,1.96
20260927T201140Z-a843,c66701076edbaf96,785373,gpu-nearfar,gpu,resident,s2,21,2,0,0,2,warm,0,1,25,91.765491,0,0,0,90.6749115,0.55747,0,,5266,5266,14566,0,0,1075243,4296806,0,231eddebd76b6fad,2511.16068,0,1.96
20260927T201140Z-a843,c66701076edbaf96,480378,gpu-nearfar,gpu,resident,s2,22,2,0,0,2,warm,0,1,25,129.2165,0,0,0,127.950211,0.542924,0,,7427,7427,20752,0,0,1075396,4297418,0,fff9cc247687e936,2508.28118,0,1.96
20260927T201140Z-a843,c66701076edbaf96,321060,gpu-nearfar,gpu,resident,s2,23,2,0,0,2,warm,0,1,25,148.771133,0,0,0,147.565796,0.500269,0,,8597,8597,24080,0,0,1075374,4297328,0,13683e5eb406929a,2506.04627,0,1.96
20260927T201140Z-a843,c66701076edbaf96,337388,gpu-nearfar,gpu,resident,s2,24,2,0,0,2,warm,0,1,25,149.125884,0,0,0,147.926086,0.503006,0,,8608,8608,24126,0,0,1075588,4298160,0,13904ab293644b4b,2511.16068,0,1.96
20260927T201140Z-a843,c66701076edbaf96,118671,gpu-nearfar,gpu,resident,s2,25,2,0,0,2,warm,0,1,25,120.876764,0,0,0,119.738205,0.488375,0,,7006,7006,19530,0,0,1075364,4297281,0,355e763c9e30148a,2511.16068,0,1.96
20260927T201140Z-a843,c66701076edbaf96,125150,gpu-nearfar,gpu,resident,s2,26,2,0,0,2,warm,0,1,25,140.819328,0,0,0,139.785217,0.484513,0,,8161,8161,22764,0,0,1075299,4297018,0,2610cb4418c2fa33,2510.20022,0,1.96
20260927T201140Z-a843,c66701076edbaf96,72476,gpu-nearfar,gpu,resident,s2,27,2,0,0,2,warm,0,1,25,105.851818,0,0,0,104.790977,0.499963,0,,6132,6132,17026,0,0,1075538,4297979,0,511104ffeb974275,2510.68021,0,1.96
20260927T201140Z-a843,c66701076edbaf96,728509,gpu-nearfar,gpu,resident,s2,28,2,0,0,2,warm,0,1,25,150.587722,0,0,0,149.474304,0.53538,0,,8651,8651,24228,0,0,1075380,4297352,0,d5ba49a61aad2090,2511.16068,0,1.96
20260927T201140Z-a843,c66701076edbaf96,679264,gpu-nearfar,gpu,resident,s2,29,2,0,0,2,warm,0,1,25,140.512198,0,0,0,139.280487,0.539225,0,,8117,8117,22644,0,0,1075455,4297658,0,1f9f145164a8d3ba,2511.16068,0,1.96
20260927T201140Z-a843,c66701076edbaf96,828590,gpu-nearfar,gpu,resident,s2,30,2,0,0,2,warm,0,1,25,136.765597,0,0,0,135.532639,0.500753,0,,7920,7920,22118,0,0,1075427,4297541,0,75869235508b61de,2511.16068,0,1.96
20260927T201140Z-a843,c66701076edbaf96,411591,gpu-nearfar,gpu,resident,s2,31,2,0,0,2,warm,0,1,25,97.768813,0,0,0,96.7368927,0.482861,0,,5654,5654,15714,0,0,1075220,4296714,0,3a9a9b90ef518cee,2511.16068,0,1.96
20260927T201140Z-a843,c66701076edbaf96,555679,gpu-nearfar,gpu,resident,s2,32,2,0,0,2,warm,0,1,25,119.587058,0,0,0,118.520798,0.504711,0,,6920,6920,19310,0,0,1075518,4297907,0,afbdace234d8e184,2511.16068,0,1.96
20260927T201140Z-a843,c66701076edbaf96,417721,gpu-nearfar,gpu,resident,s2,33,2,0,0,2,warm,0,1,25,130.576831,0,0,0,129.501694,0.496302,0,,7569,7569,21096,0,0,1075258,4296859,0,bf42c08a928ad325,2509.48027,0,1.96
20260927T201140Z-a843,c66701076edbaf96,199603,gpu-nearfar,gpu,resident,s2,34,2,0,0,2,warm,0,1,25,113.100291,0,0,0,112.059296,0.48918,0,,6555,6555,18264,0,0,1075087,4296167,0,0f95736287a6c51b,2510.20022,0,1.96
20260927T201140Z-a843,c66701076edbaf96,625990,gpu-nearfar,gpu,resident,s2,35,2,0,0,2,warm,0,1,25,95.609551,0,0,0,94.5742416,0.481217,0,,5545,5545,15344,0,0,1075342,4297202,0,d023fd85e5b256d3,2511.16068,0,1.96
20260927T201140Z-a843,c66701076edbaf96,931576,gpu-nearfar,gpu,resident,s2,36,2,0,0,2,warm,0,1,25,128.373389,0,0,0,127.29261,0.493514,0,,7438,7438,20762,0,0,1075177,4296533,0,dc4ab5fe35160bb7,2508.60087,0,1.96
20260927T201140Z-a843,c66701076edbaf96,388607,gpu-nearfar,gpu,resident,s2,37,2,0,0,2,warm,0,1,25,110.728447,0,0,0,109.620384,0.551176,0,,6346,6346,17626,0,0,1075301,4297047,0,d60d882602bb2445,2511.16068,0,1.96
20260927T201140Z-a843,c66701076edbaf96,40305,gpu-nearfar,gpu,resident,s2,38,2,0,0,2,warm,0,1,25,144.075511,0,0,0,142.85527,0.508463,0,,8322,8322,23282,0,0,1075347,4297221,0,4867207887c75490,2511.16068,0,1.96
20260927T201140Z-a843,c66701076edbaf96,297024,gpu-nearfar,gpu,resident,s2,39,2,0,0,2,warm,0,1,25,111.632672,0,0,0,110.403389,0.488651,0,,6442,6442,17954,0,0,1075460,4297670,0,470a3109f4dfe476,2511.16068,0,1.96
20260927T201140Z-a843,c66701076edbaf96,928309,gpu-nearfar,gpu,resident,s2,40,2,0,0,2,warm,0,1,25,135.997038,0,0,0,134.890244,0.530197,0,,7876,7876,21982,0,0,1075491,4297803,0,beddfd281855b9d6,2510.20022,0,1.88
20260927T201140Z-a843,c66701076edbaf96,274490,gpu-nearfar,gpu,resident,s2,41,2,0,0,2,warm,0,1,25,151.430962,0,0,0,150.24823,0.500918,0,,8753,8753,24552,0,0,1075299,4297029,0,b76d667cc7b3dc10,2509.40044,0,1.88
20260927T201140Z-a843,c66701076edbaf96,545768,gpu-nearfar,gpu,resident,s2,42,2,0,0,2,warm,0,1,25,127.073478,0,0,0,125.883133,0.501165,0,,7352,7352,20454,0,0,1075354,4297243,0,5dcf8ffaad60d6ba,2511.16068,0,1.88
20260927T201140Z-a843,c66701076edbaf96,20469,gpu-nearfar,gpu,resident,s2,43,2,0,0,2,warm,0,1,25,141.218549,0,0,0,140.175079,0.498591,0,,8194,8194,22902,0,0,1075201,4296642,0,c5e981f86d212703,2509.08055,0,1.88
20260927T201140Z-a843,c66701076edbaf96,531301,gpu-nearfar,gpu,resident,s2,44,2,0,0,2,warm,0,1,25,144.165784,0,0,0,143.099518,0.508728,0,,8326,8326,23250,0,0,1075510,4297872,0,3386570d5a03a7e2,2511.16068,0,1.88
20260927T201140Z-a843,c66701076edbaf96,1047443,gpu-nearfar,gpu,resident,s2,45,2,0,0,2,warm,0,1,25,115.683229,0,0,0,114.540382,0.50044,0,,6696,6696,18586,0,0,1075363,4297276,0,758e4e780d07883b,2508.68095,0,1.88
20260927T201140Z-a843,c66701076edbaf96,638272,gpu-nearfar,gpu,resident,s2,46,2,0,0,2,warm,0,1,25,128.227697,0,0,0,127.040543,0.498496,0,,7427,7427,20668,0,0,1075443,4297599,0,19bcdf9016021200,2511.16068,0,1.88
20260927T201140Z-a843,c66701076edbaf96,975530,gpu-nearfar,gpu,resident,s2,47,2,0,0,2,warm,0,1,25,117.352216,0,0,0,116.27507,0.484483,0,,6806,6806,18950,0,0,1075519,4297887,0,b5cb4363695dc642,2508.60087,0,1.88
20260927T201140Z-a843,c66701076edbaf96,914696,gpu-nearfar,gpu,resident,s2,48,2,0,0,2,warm,0,1,25,144.920403,0,0,0,143.807587,0.492434,0,,8371,8371,23408,0,0,1075683,4298567,0,9630dc5d377e379e,2511.16068,0,1.88
20260927T201140Z-a843,c66701076edbaf96,169940,gpu-nearfar,gpu,resident,s2,49,2,0,0,2,warm,0,1,25,139.787518,0,0,0,138.715225,0.49199,0,,8094,8094,22634,0,0,1075435,4297560,0,95882738bea78e48,2511.16068,0,1.88
20260927T201140Z-a843,c66701076edbaf96,834360,gpu-nearfar,gpu,resident,s2,50,2,0,0,2,warm,0,1,25,136.257464,0,0,0,135.173218,0.490284,0,,7896,7896,22074,0,0,1075507,4297871,0,b2af9c052f6aa536,2511.16068,0,1.88
20260927T201140Z-a843,c66701076edbaf96,518322,gpu-nearfar,gpu,resident,s2,51,2,0,0,2,warm,0,1,25,136.992737,0,0,0,135.892868,0.54586,0,,7939,7939,22160,0,0,1075276,4296938,0,db073bf0f90b2a98,2511.24093,0,1.88
20260927T201140Z-a843,c66701076edbaf96,577541,gpu-nearfar,gpu,resident,s2,52,2,0,0,2,warm,0,1,25,127.538117,0,0,0,126.31459,0.536635,0,,7307,7307,20360,0,0,1075441,4297581,0,77a65005472fc098,2510.84035,0,1.88
20260927T201140Z-a843,c66701076edbaf96,764242,gpu-nearfar,gpu,resident,s2,53,2,0,0,2,warm,0,1,25,127.963604,0,0,0,126.720924,0.51263,0,,7383,7383,20608,0,0,1075085,4296171,0,9033d32d9660e9c4,2509.48027,0,1.88
20260927T201140Z-a843,c66701076edbaf96,14706,gpu-nearfar,gpu,resident,s2,54,2,0,0,2,warm,0,1,25,109.502089,0,0,0,108.311806,0.496758,0,,6350,6350,17638,0,0,1075029,4295961,0,a5e618cc4a6cd11c,2509.64026,0,1.88
20260927T201140Z-a843,c66701076edbaf96,471650,gpu-nearfar,gpu,resident,s2,55,2,0,0,2,warm,0,1,25,115.052345,0,0,0,113.828354,0.497799,0,,6663,6663,18568,0,0,1075535,4297966,0,5c2db82f624f6019,2508.60087,0,1.88
20260927T201140Z-a843,c66701076edbaf96,192150,gpu-nearfar,gpu,resident,s2,56,2,0,0,2,warm,0,1,25,122.072623,0,0,0,121.059616,0.48766,0,,7099,7099,19748,0,0,1075405,4297433,0,a0aa745d6464a44e,2511.16068,0,1.88
20260927T201140Z-a843,c66701076edbaf96,59477,gpu-nearfar,gpu,resident,s2,57,2,0,0,2,warm,0,1,25,145.558196,0,0,0,144.544769,0.487124,0,,8415,8415,23568,0,0,1075179,4296566,0,a204b81edc32cc7e,2511.16068,0,1.88
20260927T201140Z-a843,c66701076edbaf96,201224,gpu-nearfar,gpu,resident,s2,58,2,0,0,2,warm,0,1,25,119.93681,0,0,0,118.894493,0.491976,0,,6960,6960,19410,0,0,1075358,4297268,0,7c70dcbcc6f31504,2508.60087,0,1.88
20260927T201140Z-a843,c66701076edbaf96,12846,gpu-nearfar,gpu,resident,s2,59,2,0,0,2,warm,0,1,25,130.727413,0,0,0,129.664871,0.499722,0,,7585,7585,21164,0,0,1075447,4297605,0,53492d3ce70c619e,2508.60087,0,1.88
20260927T201140Z-a843,c66701076edbaf96,88685,gpu-nearfar,gpu,resident,s2,60,2,0,0,2,warm,0,1,25,150.936748,0,0,0,149.855194,0.53731,0,,8716,8716,24414,0,0,1075352,4297243,0,0e83a3e19213231b,2508.60087,0,1.88
20260927T201140Z-a843,c66701076edbaf96,637,gpu-nearfar,gpu,resident,s2,61,2,0,0,2,warm,0,1,25,123.054967,0,0,0,121.886749,0.498306,0,,7102,7102,19834,0,0,1075128,4296342,0,cb147f7f9395de4d,2509.16036,0,1.88
20260927T201140Z-a843,c66701076edbaf96,140682,gpu-nearfar,gpu,resident,s2,62,2,0,0,2,warm,0,1,25,137.566619,0,0,0,136.405212,0.495059,0,,7978,7978,22286,0,0,1075580,4298160,0,05f6bf3b97ab9c44,2508.60087,0,1.88
20260927T201140Z-a843,c66701076edbaf96,242263,gpu-nearfar,gpu,resident,s2,63,2,0,0,2,warm,0,1,25,118.543824,0,0,0,117.525505,0.478074,0,,6889,6889,19156,0,0,1075386,4297357,0,909314f25aeaa7d5,2508.68095,0,1.88
20260927T201140Z-a843,c66701076edbaf96,955528,gpu-nearfar,gpu,resident,s2,64,2,0,0,2,warm,0,1,25,98.903072,0,0,0,97.8633957,0.484818,0,,5730,5730,15954,0,0,1075160,4296481,0,b2722a7e696c72df,2508.68095,0,1.88
20260927T201140Z-a843,c66701076edbaf96,604431,gpu-nearfar,gpu,resident,s2,65,2,0,0,2,warm,0,1,25,113.795386,0,0,0,112.746429,0.498441,0,,6598,6598,18374,0,0,1075352,4297237,0,fd90c4b8cb50dbff,2509.48027,0,1.88
20260927T201140Z-a843,c66701076edbaf96,968747,gpu-nearfar,gpu,resident,s2,66,2,0,0,2,warm,0,1,25,132.820584,0,0,0,131.733887,0.496146,0,,7707,7707,21472,0,0,1075333,4297154,0,7e6718b380684cd1,2508.60087,0,1.88
20260927T201140Z-a843,c66701076edbaf96,25579,gpu-nearfar,gpu,resident,s2,67,2,0,0,2,warm,0,1,25,149.507178,0,0,0,148.395782,0.544351,0,,8641,8641,24220,0,0,1075100,4296220,0,3229d6200a4fb418,2508.60087,0,1.88
20260927T201140Z-a843,c66701076edbaf96,802074,gpu-nearfar,gpu,resident,s2,68,2,0,0,2,warm,0,1,25,138.856277,0,0,0,137.623077,0.526386,0,,8004,8004,22362,0,0,1075110,4296273,0,75cdb86da5eabfb0,2508.84054,0,1.88
20260927T201140Z-a843,c66701076edbaf96,785602,gpu-nearfar,gpu,resident,s2,69,2,0,0,2,warm,0,1,25,123.912104,0,0,0,122.705757,0.502626,0,,7179,7179,19976,0,0,1075316,4297098,0,816414c006cc404e,2509.48027,0,1.88
20260927T201140Z-a843,c66701076edbaf96,800647,gpu-nearfar,gpu,resident,s2,70,2,0,0,2,warm,0,1,25,153.467723,0,0,0,152.263809,0.49776,0,,8881,8881,24888,0,0,1075400,4297430,0,826cd67eaa9f4b33,2510.20022,0,1.88
20260927T201140Z-a843,c66701076edbaf96,1034835,gpu-nearfar,gpu,resident,s2,71,2,0,0,2,warm,0,1,25,107.207805,0,0,0,106.178719,0.484751,0,,6211,6211,17304,0,0,1075313,4297070,0,aee93ced3cba03e1,2508.60087,0,1.88
20260927T201140Z-a843,c66701076edbaf96,591983,gpu-nearfar,gpu,resident,s2,72,2,0,0,2,warm,0,1,25,139.352163,0,0,0,138.312347,0.497514,0,,8086,8086,22546,0,0,1075783,4298960,0,06921044afbc0a6c,2507.56264,0,1.88
20260927T201140Z-a843,c66701076edbaf96,509143,gpu-nearfar,gpu,resident,s2,73,2,0,0,2,warm,0,1,25,130.450995,0,0,0,129.390213,0.492683,0,,7563,7563,21120,0,0,1075142,4296399,0,caa8a0c2a48999bb,2509.48027,0,1.88
20260927T201140Z-a843,c66701076edbaf96,258004,gpu-nearfar,gpu,resident,s2,74,2,0,0,2,warm,0,1,25,142.459223,0,0,0,141.363129,0.493793,0,,8255,8255,23100,0,0,1075284,4296976,0,72de258eb31bb540,2511.16068,0,1.88
20260927T201140Z-a843,c66701076edbaf96,1008134,gpu-nearfar,gpu,resident,s2,75,2,0,0,2,warm,0,1,25,153.056521,0,0,0,152.035553,0.480632,0,,8864,8864,24830,0,0,1075495,4297820,0,ad81620dd0ccc9a5,2505.64763,0,1.88
20260927T201140Z-a843,c66701076edbaf96,693058,gpu-nearfar,gpu,resident,s2,76,2,0,0,2,warm,0,1,25,143.355187,0,0,0,142.272934,0.51294,0,,8282,8282,23138,0,0,1075314,4297093,0,6a6111f023fb9ad7,2508.60087,0,1.81
20260927T201140Z-a843,c66701076edbaf96,567498,gpu-nearfar,gpu,resident,s2,77,2,0,0,2,warm,0,1,25,143.344501,0,0,0,142.166138,0.531851,0,,8285,8285,23152,0,0,1075329,4297155,0,4d57830ba3fcf997,2506.76424,0,1.81
20260927T201140Z-a843,c66701076edbaf96,626061,gpu-nearfar,gpu,resident,s2,78,2,0,0,2,warm,0,1,25,140.932825,0,0,0,139.753082,0.499012,0,,8161,8161,22864,0,0,1075420,4297500,0,2bc79ed65418744c,2508.28118,0,1.81
20260927T201140Z-a843,c66701076edbaf96,599867,gpu-nearfar,gpu,resident,s2,79,2,0,0,2,warm,0,1,25,126.837405,0,0,0,125.647774,0.494674,0,,7300,7300,20358,0,0,1075399,4297425,0,bc4ff01d7bce33e5,2508.60087,0,1.81
20260927T201140Z-a843,c66701076edbaf96,721594,gpu-nearfar,gpu,resident,s2,80,2,0,0,2,warm,0,1,25,135.03185,0,0,0,133.960892,0.497195,0,,7838,7838,21850,0,0,1075527,4297935,0,e5d860fd5f515748,2510.36029,0,1.81
20260927T201140Z-a843,c66701076edbaf96,755768,gpu-nearfar,gpu,resident,s2,81,2,0,0,2,warm,0,1,25,129.183141,0,0,0,128.051331,0.543546,0,,7487,7487,20864,0,0,1075418,4297489,0,f0545bbc59e2b6d9,2508.60087,0,1.81
20260927T201140Z-a843,c66701076edbaf96,481879,gpu-nearfar,gpu,resident,s2,82,2,0,0,2,warm,0,1,25,115.134378,0,0,0,113.816734,0.539714,0,,6648,6648,18498,0,0,1075268,4296897,0,eb33c6eedfcb1504,2509.16036,0,1.81
20260927T201140Z-a843,c66701076edbaf96,666926,gpu-nearfar,gpu,resident,s2,83,2,0,0,2,warm,0,1,25,120.955759,0,0,0,119.686012,0.503391,0,,7005,7005,19492,0,0,1075622,4298319,0,3b100f409ba061e0,2511.08074,0,1.81
20260927T201140Z-a843,c66701076edbaf96,812308,gpu-nearfar,gpu,resident,s2,84,2,0,0,2,warm,0,1,25,130.762644,0,0,0,129.674271,0.510148,0,,7553,7553,21024,0,0,1075405,4297452,0,c31adf4c361e9520,2506.92388,0,1.81
20260927T201140Z-a843,c66701076edbaf96,940471,gpu-nearfar,gpu,resident,s2,85,2,0,0,2,warm,0,1,25,154.703536,0,0,0,153.550629,0.488731,0,,8962,8962,25122,0,0,1075563,4298086,0,02bdf829a1772f2a,2511.16068,0,1.81
20260927T201140Z-a843,c66701076edbaf96,705817,gpu-nearfar,gpu,resident,s2,86,2,0,0,2,warm,0,1,25,131.880689,0,0,0,130.636124,0.500944,0,,7649,7649,21336,0,0,1075201,4296640,0,d08744491a4f6254,2509.40044,0,1.81
20260927T201140Z-a843,c66701076edbaf96,378775,gpu-nearfar,gpu,resident,s2,87,2,0,0,2,warm,0,1,25,149.464199,0,0,0,148.431747,0.49222,0,,8664,8664,24274,0,0,1075124,4296327,0,7976fe449628ee76,2510.76042,0,1.81
20260927T201140Z-a843,c66701076edbaf96,11928,gpu-nearfar,gpu,resident,s2,88,2,0,0,2,warm,0,1,25,109.483935,0,0,0,108.419136,0.485421,0,,6357,6357,17660,0,0,1075343,4297205,0,e313e61597c97dcc,2508.60087,0,1.81
20260927T201140Z-a843,c66701076edbaf96,149969,gpu-nearfar,gpu,resident,s2,89,2,0,0,2,warm,0,1,25,138.947816,0,0,0,137.900925,0.493244,0,,8058,8058,22510,0,0,1075273,4296915,0,90f30508e8b238e3,2511.16068,0,1.81
20260927T201140Z-a843,c66701076edbaf96,518422,gpu-nearfar,gpu,resident,s2,90,2,0,0,2,warm,0,1,25,93.683046,0,0,0,92.6111679,0.49994,0,,5413,5413,15028,0,0,1075170,4296502,0,c0b6e9e87d2215b0,2511.16068,0,1.81
20260927T201140Z-a843,c66701076edbaf96,764093,gpu-nearfar,gpu,resident,s2,91,2,0,0,2,warm,0,1,25,126.533822,0,0,0,125.430367,0.498608,0,,7319,7319,20440,0,0,1075281,4296956,0,53bfc44cc00c87db,2510.68021,0,1.81
20260927T201140Z-a843,c66701076edbaf96,818556,gpu-nearfar,gpu,resident,s2,92,2,0,0,2,warm,0,1,25,144.333812,0,0,0,143.233154,0.508552,0,,8337,8337,23296,0,0,1075345,4297215,0,3d8997c00e6cf508,2508.68095,0,1.81
20260927T201140Z-a843,c66701076edbaf96,284007,gpu-nearfar,gpu,resident,s2,93,2,0,0,2,warm,0,1,25,102.632081,0,0,0,101.462463,0.493336,0,,5952,5952,16538,0,0,1075179,4296542,0,2c0ccfa7ab97af66,2507.72208,0,1.81
20260927T201140Z-a843,c66701076edbaf96,147527,gpu-nearfar,gpu,resident,s2,94,2,0,0,2,warm,0,1,25,142.866942,0,0,0,141.71933,0.496851,0,,8277,8277,23148,0,0,1075306,4297065,0,6414f13426478617,2508.76074,0,1.81
20260927T201140Z-a843,c66701076edbaf96,810773,gpu-nearfar,gpu,resident,s2,95,2,0,0,2,warm,0,1,25,111.21052,0,0,0,110.180611,0.4834,0,,6446,6446,17938,0,0,1075439,4297589,0,26ab53717621d5f2,2508.60087,0,1.81
20260927T201140Z-a843,c66701076edbaf96,496849,gpu-nearfar,gpu,resident,s2,96,2,0,0,2,warm,0,1,25,141.808998,0,0,0,140.705887,0.55736,0,,8188,8188,22902,0,0,1075123,4296317,0,61fa850a08bc862f,2509.40044,0,1.81
20260927T201140Z-a843,c66701076edbaf96,1013688,gpu-nearfar,gpu,resident,s2,97,2,0,0,2,warm,0,1,25,138.443347,0,0,0,137.193726,0.538348,0,,7931,7931,22180,0,0,1075558,4298066,0,1fa814dfb1f7b535,2509.08055,0,1.81
20260927T201140Z-a843,c66701076edbaf96,935512,gpu-nearfar,gpu,resident,s2,98,2,0,0,2,warm,0,1,25,131.789179,0,0,0,130.587616,0.502917,0,,7614,7614,21262,0,0,1075465,4297676,0,9403f9d957fe5c2b,2511.16068,0,1.81
20260927T201140Z-a843,c66701076edbaf96,714883,gpu-nearfar,gpu,resident,s2,99,2,0,0,2,warm,0,1,25,141.342725,0,0,0,139.53949,1.061695,0,,8289,8289,23172,0,0,1075208,4296667,0,4867872a759d804d,2511.16068,0,1.81
20260927T201140Z-a843,c66701076edbaf96,670214,gpu-nearfar,gpu,resident,s2,100,2,0,0,2,warm,0,1,25,139.585549,0,0,0,138.480743,0.509383,0,,8073,8073,22592,0,0,1075439,4297598,0,9888b5552dc26be3,2508.60087,0,1.81
20260927T201140Z-a843,c66701076edbaf96,922346,gpu-nearfar,gpu,resident,s2,101,2,0,0,2,warm,0,1,25,104.354318,0,0,0,103.240479,0.483444,0,,6055,6055,16844,0,0,1075498,4297817,0,10711b84b3bef833,2508.60087,0,1.81
20260927T201140Z-a843,c66701076edbaf96,802242,gpu-nearfar,gpu,resident,s2,102,2,0,0,2,warm,0,1,25,112.96922,0,0,0,111.827904,0.512508,0,,6545,6545,18224,0,0,1075532,4297946,0,5f8b395e1c757b0b,2508.60087,0,1.81
20260927T201140Z-a843,c66701076edbaf96,45284,gpu-nearfar,gpu,resident,s2,103,2,0,0,2,warm,0,1,25,146.028184,0,0,0,144.913254,0.52287,0,,8409,8409,23520,0,0,1075224,4296723,0,101c5992f307ed7a,2511.16068,0,1.81
20260927T201140Z-a843,c66701076edbaf96,908797,gpu-nearfar,gpu,resident,s2,104,2,0,0,2,warm,0,1,25,136.52628,0,0,0,135.357285,0.510037,0,,7836,7836,21878,0,0,1074983,4295767,0,2c3edda3a4e7d134,2508.60087,0,1.81
20260927T201140Z-a843,c66701076edbaf96,281396,gpu-nearfar,gpu,resident,s2,105,2,0,0,2,warm,0,1,25,157.426801,0,0,0,156.28096,0.494048,0,,9122,9122,25598,0,0,1075238,4296797,0,9914811ae5975590,2510.52039,0,1.81
20260927T201140Z-a843,c66701076edbaf96,1000550,gpu-nearfar,gpu,resident,s2,106,2,0,0,2,warm,0,1,25,113.332697,0,0,0,112.226143,0.487964,0,,6580,6580,18278,0,0,1075271,4296906,0,657bfc39edfde598,2508.60087,0,1.81
20260927T201140Z-a843,c66701076edbaf96,73594,gpu-nearfar,gpu,resident,s2,107,2,0,0,2,warm,0,1,25,139.093265,0,0,0,138.045242,0.476467,0,,8070,8070,22574,0,0,1075379,4297328,0,89a0693a7eb907df,2510.68021,0,1.81
20260927T201140Z-a843,c66701076edbaf96,301631,gpu-nearfar,gpu,resident,s2,108,2,0,0,2,warm,0,1,25,148.226613,0,0,0,147.144455,0.512916,0,,8583,8583,24024,0,0,1075538,4297981,0,a13c34ca5c449e66,2511.16068,0,1.81
20260927T201140Z-a843,c66701076edbaf96,430170,gpu-nearfar,gpu,resident,s2,109,2,0,0,2,warm,0,1,25,123.119241,0,0,0,121.934975,0.544869,0,,7137,7137,19892,0,0,1075578,4298141,0,3139fb5fd0f393b3,2508.60087,0,1.81
20260927T201140Z-a843,c66701076edbaf96,752814,gpu-nearfar,gpu,resident,s2,110,2,0,0,2,warm,0,1,25,97.236031,0,0,0,96.046814,0.536888,0,,5635,5635,15612,0,0,1075170,4296506,0,8c917a45d206552d,2508.60087,0,1.81
20260927T201140Z-a843,c66701076edbaf96,679839,gpu-nearfar,gpu,resident,s2,111,2,0,0,2,warm,0,1,25,132.780763,0,0,0,131.649017,0.544432,0,,7669,7669,21400,0,0,1075527,4297932,0,71f28c62aa82d217,2508.60087,0,1.81
20260927T201140Z-a843,c66701076edbaf96,619664,gpu-nearfar,gpu,resident,s2,112,2,0,0,2,warm,0,1,25,107.030231,0,0,0,105.727425,0.530672,0,,6163,6163,17168,0,0,1075122,4296322,0,95f2dcfc501ad06e,2508.68095,0,1.81
20260927T201140Z-a843,c66701076edbaf96,98827,gpu-nearfar,gpu,resident,s2,113,2,0,0,2,warm,0,1,25,106.678216,0,0,0,105.419708,0.503095,0,,6179,6179,17172,0,0,1075681,4298550,0,00612f347f63bc08,2511.00051,0,1.81
20260927T201140Z-a843,c66701076edbaf96,105994,gpu-nearfar,gpu,resident,s2,114,2,0,0,2,warm,0,1,25,135.023627,0,0,0,133.83754,0.524462,0,,7821,7821,21820,0,0,1075340,4297190,0,4bfaff9193bbdfef,2508.60087,0,1.75
20260927T201140Z-a843,c66701076edbaf96,243457,gpu-nearfar,gpu,resident,s2,115,2,0,0,2,warm,0,1,25,151.389034,0,0,0,150.176544,0.533968,0,,8762,8762,24558,0,0,1075608,4298269,0,ad0dd27816987427,2509.32031,0,1.75
20260927T201140Z-a843,c66701076edbaf96,734875,gpu-nearfar,gpu,resident,s2,116,2,0,0,2,warm,0,1,25,149.089707,0,0,0,147.874695,0.520581,0,,8632,8632,24138,0,0,1075396,4297415,0,17ef0d8567862766,2509.16036,0,1.75
20260927T201140Z-a843,c66701076edbaf96,370736,gpu-nearfar,gpu,resident,s2,117,2,0,0,2,warm,0,1,25,137.235876,0,0,0,136.040192,0.525929,0,,7925,7925,22128,0,0,1075333,4297164,0,5c3180fa34ea9049,2508.04162,0,1.75
20260927T201140Z-a843,c66701076edbaf96,521055,gpu-nearfar,gpu,resident,s2,118,2,0,0,2,warm,0,1,25,135.215841,0,0,0,133.999969,0.509206,0,,7835,7835,21884,0,0,1075560,4298072,0,ab61220815625a78,2511.16068,0,1.75
20260927T201140Z-a843,c66701076edbaf96,697461,gpu-nearfar,gpu,resident,s2,119,2,0,0,2,warm,0,1,25,145.672753,0,0,0,144.589127,0.4898,0,,8449,8449,23672,0,0,1075530,4297962,0,3ddf044e25f83d4f,2509.40044,0,1.75
20260927T201140Z-a843,c66701076edbaf96,696648,gpu-nearfar,gpu,resident,s2,120,2,0,0,2,warm,0,1,25,135.413021,0,0,0,134.309723,0.518141,0,,7849,7849,21908,0,0,1075359,4297274,0,254d9204a927830b,2508.60087,0,1.75
20260927T201140Z-a843,c66701076edbaf96,322939,gpu-nearfar,gpu,resident,s2,121,2,0,0,2,warm,0,1,25,128.341391,0,0,0,127.238045,0.499395,0,,7439,7439,20736,0,0,1075139,4296376,0,b26fbd06f48c7658,2510.52039,0,1.75
20260927T201140Z-a843,c66701076edbaf96,235403,gpu-nearfar,gpu,resident,s2,122,2,0,0,2,warm,0,1,25,110.528811,0,0,0,109.400513,0.49947,0,,6417,6417,17852,0,0,1075173,4296521,0,b78b1de2f5a26d81,2509.32031,0,1.75
20260927T201140Z-a843,c66701076edbaf96,842932,gpu-nearfar,gpu,resident,s2,123,2,0,0,2,warm,0,1,25,116.193806,0,0,0,115.124992,0.492536,0,,6757,6757,18744,0,0,1075248,4296829,0,292a2f6ed53c5012,2509.32031,0,1.75
20260927T201140Z-a843,c66701076edbaf96,776073,gpu-nearfar,gpu,resident,s2,124,2,0,0,2,warm,0,1,25,123.308754,0,0,0,122.198944,0.518039,0,,7102,7102,19798,0,0,1075480,4297745,0,a04df1093857d854,2510.12004,0,1.75
20260927T201140Z-a843,c66701076edbaf96,159157,gpu-nearfar,gpu,resident,s2,125,2,0,0,2,warm,0,1,25,139.953078,0,0,0,138.778366,0.50255,0,,8106,8106,22678,0,0,1075060,4296077,0,940851ec667c58ee,2508.68095,0,1.75
20260927T201140Z-a843,c66701076edbaf96,824874,gpu-nearfar,gpu,resident,s2,126,2,0,0,2,warm,0,1,25,112.937299,0,0,0,111.712318,0.559403,0,,6535,6535,18164,0,0,1075278,4296936,0,d42cb5898be984f3,2508.60087,0,1.75
20260927T201140Z-a843,c66701076edbaf96,523339,gpu-nearfar,gpu,resident,s2,127,2,0,0,2,warm,0,1,25,109.66821,0,0,0,107.065826,0.537326,1.331712,,6284,6284,17478,0,0,1075320,4297101,0,6b13bf0bd1b7f21b,2510.6003,0,1.75
20260927T201140Z-a843,c66701076edbaf96,140379,delta-omp,cpu,resident,s2,0,2,0,0,3,warm,24,1,25,85.861623,0,1.096697,0,84.764276,0,0,,1411,7092,0,0,7092,1142294,9129504,0,0194bc45aa2b7bd5,,0,1.75
20260927T201140Z-a843,c66701076edbaf96,143033,delta-omp,cpu,resident,s2,1,2,0,0,3,warm,24,1,25,80.57501,0,0.928594,0,79.645666,0,0,,1535,7722,0,0,7722,1142586,9131836,0,5b8da2ba23672360,,0,1.75
20260927T201140Z-a843,c66701076edbaf96,473133,delta-omp,cpu,resident,s2,2,2,0,0,3,warm,24,1,25,83.167318,0,0.895173,0,82.27153,0,0,,1472,7484,0,0,7484,1142883,9134186,0,551bb7beaf35b173,,0,1.75
20260927T201140Z-a843,c66701076edbaf96,22045,delta-omp,cpu,resident,s2,3,2,0,0,3,warm,24,1,25,83.346385,0,0.928123,0,82.417785,0,0,,991,5140,0,0,5140,1142861,9134028,0,b659a1864c16f101,,0,1.75
20260927T201140Z-a843,c66701076edbaf96,367943,delta-omp,cpu,resident,s2,4,2,0,0,3,warm,24,1,25,81.248172,0,0.986748,0,80.261063,0,0,,1709,8543,0,0,8543,1142725,9132908,0,19ea500da30075b2,,0,1.75
20260927T201140Z-a843,c66701076edbaf96,955628,delta-omp,cpu,resident,s2,5,2,0,0,3,warm,24,1,25,82.93272,0,0.936167,0,81.996111,0,0,,1660,8309,0,0,8309,1142591,9131810,0,9315192044a47b21,,0,1.75
20260927T201140Z-a843,c66701076edbaf96,493619,delta-omp,cpu,resident,s2,6,2,0,0,3,warm,24,1,25,82.575638,0,0.948574,0,81.626722,0,0,,1667,8374,0,0,8374,1142537,9131456,0,10dd6ae381b84252,,0,1.75
20260927T201140Z-a843,c66701076edbaf96,78040,delta-omp,cpu,resident,s2,7,2,0,0,3,warm,24,1,25,83.152709,0,0.951256,0,82.200975,0,0,,1676,8367,0,0,8367,1142298,9129530,0,56a292fe41b7d54b,,0,1.75
20260927T201140Z-a843,c66701076edbaf96,597528,delta-omp,cpu,resident,s2,8,2,0,0,3,warm,24,1,25,85.182362,0,0.902859,0,84.279079,0,0,,1516,7647,0,0,7647,1142329,9129848,0,da01e5ba298e7e3b,,0,1.75
20260927T201140Z-a843,c66701076edbaf96,666088,delta-omp,cpu,resident,s2,9,2,0,0,3,warm,24,1,25,83.710085,0,0.936374,0,82.773327,0,0,,1224,6220,0,0,6220,1142833,9133768,0,d6d7e557f0f85169,,0,1.75
20260927T201140Z-a843,c66701076edbaf96,93798,delta-omp,cpu,resident,s2,10,2,0,0,3,warm,24,1,25,84.139424,0,0.950945,0,83.188051,0,0,,1384,6964,0,0,6964,1142824,9133758,0,6e7bf2cc1ae81de6,,0,1.75
20260927T201140Z-a843,c66701076edbaf96,583195,delta-omp,cpu,resident,s2,11,2,0,0,3,warm,24,1,25,82.004573,0,0.960192,0,81.04404,0,0,,1608,8030,0,0,8030,1142234,9129032,0,caff7e83ca886c86,,0,1.75
20260927T201140Z-a843,c66701076edbaf96,828010,delta-omp,cpu,resident,s2,12,2,0,0,3,warm,24,1,25,83.382992,0,0.956198,0,82.426363,0,0,,1387,6998,0,0,6998,1142562,9131624,0,7141a77e2ba6e87b,,0,1.75
20260927T201140Z-a843,c66701076edbaf96,232399,delta-omp,cpu,resident,s2,13,2,0,0,3,warm,24,1,25,83.020663,0,0.945148,0,82.0751,0,0,,1346,6831,0,0,6831,1142938,9134654,0,5acf05509edbbd79,,0,1.75
20260927T201140Z-a843,c66701076edbaf96,439005,delta-omp,cpu,resident,s2,14,2,0,0,3,warm,24,1,25,81.124593,0,0.903803,0,80.220333,0,0,,1473,7495,0,0,7495,1142516,9131288,0,a9ead817df417563,,0,1.75
20260927T201140Z-a843,c66701076edbaf96,261911,delta-omp,cpu,resident,s2,15,2,0,0,3,warm,24,1,25,83.543677,0,0.912263,0,82.631014,0,0,,1189,6015,0,0,6015,1142461,9130820,0,8984d55349b3d674,,0,1.75
20260927T201140Z-a843,c66701076edbaf96,306042,delta-omp,cpu,resident,s2,16,2,0,0,3,warm,24,1,25,83.151814,0,0.91498,0,82.236457,0,0,,1421,7176,0,0,7176,1142270,9129320,0,776f1233a5dbe9e9,,0,1.75
20260927T201140Z-a843,c66701076edbaf96,842254,delta-omp,cpu,resident,s2,17,2,0,0,3,warm,24,1,25,83.463067,0,0.934256,0,82.528165,0,0,,1094,5545,0,0,5545,1142483,9131010,0,e1b753c9824ba2ac,,0,1.75
20260927T201140Z-a843,c66701076edbaf96,497647,delta-omp,cpu,resident,s2,18,2,0,0,3,warm,24,1,25,82.855772,0,0.882645,0,81.972724,0,0,,1693,8433,0,0,8433,1142392,9130328,0,2670421aa8297b39,,0,1.75
20260927T201140Z-a843,c66701076edbaf96,283052,delta-omp,cpu,resident,s2,19,2,0,0,3,warm,24,1,25,81.067878,0,0.924004,0,80.143497,0,0,,1458,7346,0,0,7346,1142370,9130104,0,433493362fbdc0e3,,0,1.75
20260927T201140Z-a843,c66701076edbaf96,299936,delta-omp,cpu,resident,s2,20,2,0,0,3,warm,24,1,25,85.263242,0,0.884352,0,84.378499,0,0,,1668,8355,0,0,8355,1142575,9131756,0,5c046e9da7034c27,,0,1.75
20260927T201140Z-a843,c66701076edbaf96,785373,delta-omp,cpu,resident,s2,21,2,0,0,3,warm,24,1,25,83.467022,0,0.903214,0,82.563453,0,0,,1010,5208,0,0,5208,1142962,9134846,0,231eddebd76b6fad,,0,1.75
20260927T201140Z-a843,c66701076edbaf96,480378,delta-omp,cpu,resident,s2,22,2,0,0,3,warm,24,1,25,86.083656,0,0.966845,0,85.116483,0,0,,1475,7411,0,0,7411,1142387,9130232,0,fff9cc247687e936,,0,1.75
20260927T201140Z-a843,c66701076edbaf96,321060,delta-omp,cpu,resident,s2,23,2,0,0,3,warm,24,1,25,85.312571,0,0.96019,0,84.35203,0,0,,1723,8585,0,0,8585,1142755,9133198,0,13683e5eb406929a,,0,1.75
20260927T201140Z-a843,c66701076edbaf96,337388,delta-omp,cpu,resident,s2,24,2,0,0,3,warm,24,1,25,82.618626,0,0.959701,0,81.658422,0,0,,1728,8633,0,0,8633,1142643,9132248,0,13904ab293644b4b,,0,1.75
20260927T201140Z-a843,c66701076edbaf96,118671,delta-omp,cpu,resident,s2,25,2,0,0,3,warm,24,1,25,82.599727,0,0.972477,0,81.626798,0,0,,1380,6983,0,0,6983,1142785,9133392,0,355e763c9e30148a,,0,1.75
20260927T201140Z-a843,c66701076edbaf96,125150,delta-omp,cpu,resident,s2,26,2,0,0,3,warm,24,1,25,82.129191,0,0.946866,0,81.181949,0,0,,1612,8106,0,0,8106,1142837,9133862,0,2610cb4418c2fa33,,0,1.75
20260927T201140Z-a843,c66701076edbaf96,72476,delta-omp,cpu,resident,s2,27,2,0,0,3,warm,24,1,25,83.015515,0,0.932171,0,82.083052,0,0,,1193,6039,0,0,6039,1142555,9131602,0,511104ffeb974275,,0,1.75
20260927T201140Z-a843,c66701076edbaf96,728509,delta-omp,cpu,resident,s2,28,2,0,0,3,warm,24,1,25,83.377911,0,0.924309,0,82.453126,0,0,,1732,8664,0,0,8664,1142555,9131564,0,d5ba49a61aad2090,,0,1.75
20260927T201140Z-a843,c66701076edbaf96,679264,delta-omp,cpu,resident,s2,29,2,0,0,3,warm,24,1,25,83.678735,0,0.934602,0,82.743592,0,0,,1603,8062,0,0,8062,1142850,9133934,0,1f9f145164a8d3ba,,0,1.75
20260927T201140Z-a843,c66701076edbaf96,828590,delta-omp,cpu,resident,s2,30,2,0,0,3,warm,24,1,25,81.307026,0,0.988355,0,80.318055,0,0,,1570,7911,0,0,7911,1142975,9134920,0,75869235508b61de,,0,1.75
20260927T201140Z-a843,c66701076edbaf96,411591,delta-omp,cpu,resident,s2,31,2,0,0,3,warm,24,1,25,84.458663,0,1.022468,0,83.435816,0,0,,1104,5653,0,0,5653,1141989,9127090,0,3a9a9b90ef518cee,,0,1.75
20260927T201140Z-a843,c66701076edbaf96,555679,delta-omp,cpu,resident,s2,32,2,0,0,3,warm,24,1,25,85.044069,0,0.955894,0,84.087921,0,0,,1368,6933,0,0,6933,1142666,9132450,0,afbdace234d8e184,,0,1.75
20260927T201140Z-a843,c66701076edbaf96,417721,delta-omp,cpu,resident,s2,33,2,0,0,3,warm,24,1,25,83.389376,0,0.95124,0,82.437668,0,0,,1490,7523,0,0,7523,1142540,9131418,0,bf42c08a928ad325,,0,1.75
20260927T201140Z-a843,c66701076edbaf96,199603,delta-omp,cpu,resident,s2,34,2,0,0,3,warm,24,1,25,83.838765,0,1.024219,0,82.814204,0,0,,1289,6559,0,0,6559,1142713,9132872,0,0f95736287a6c51b,,0,1.75
20260927T201140Z-a843,c66701076edbaf96,625990,delta-omp,cpu,resident,s2,35,2,0,0,3,warm,24,1,25,83.925279,0,0.945145,0,82.979723,0,0,,1064,5474,0,0,5474,1142558,9131558,0,d023fd85e5b256d3,,0,1.75
20260927T201140Z-a843,c66701076edbaf96,931576,delta-omp,cpu,resident,s2,36,2,0,0,3,warm,24,1,25,83.571645,0,0.973159,0,82.598041,0,0,,1472,7440,0,0,7440,1142665,9132430,0,dc4ab5fe35160bb7,,0,1.69
20260927T201140Z-a843,c66701076edbaf96,388607,delta-omp,cpu,resident,s2,37,2,0,0,3,warm,24,1,25,83.111945,0,0.936609,0,82.174931,0,0,,1234,6291,0,0,6291,1142842,9133882,0,d60d882602bb2445,,0,1.69
20260927T201140Z-a843,c66701076edbaf96,40305,delta-omp,cpu,resident,s2,38,2,0,0,3,warm,24,1,25,84.498706,0,0.929503,0,83.568865,0,0,,1660,8305,0,0,8305,1142416,9130484,0,4867207887c75490,,0,1.69
20260927T201140Z-a843,c66701076edbaf96,297024,delta-omp,cpu,resident,s2,39,2,0,0,3,warm,24,1,25,83.311479,0,1.019262,0,82.291379,0,0,,1268,6416,0,0,6416,1142711,9132778,0,470a3109f4dfe476,,0,1.69
20260927T201140Z-a843,c66701076edbaf96,928309,delta-omp,cpu,resident,s2,40,2,0,0,3,warm,24,1,25,82.436336,0,1.078817,0,81.357076,0,0,,1558,7830,0,0,7830,1142416,9130462,0,beddfd281855b9d6,,0,1.69
20260927T201140Z-a843,c66701076edbaf96,274490,delta-omp,cpu,resident,s2,41,2,0,0,3,warm,24,1,25,81.946759,0,1.079825,0,80.866505,0,0,,1762,8803,0,0,8803,1142481,9131060,0,b76d667cc7b3dc10,,0,1.69
20260927T201140Z-a843,c66701076edbaf96,545768,delta-omp,cpu,resident,s2,42,2,0,0,3,warm,24,1,25,81.606829,0,0.989682,0,80.616672,0,0,,1438,7333,0,0,7333,1142806,9133570,0,5dcf8ffaad60d6ba,,0,1.69
20260927T201140Z-a843,c66701076edbaf96,20469,delta-omp,cpu,resident,s2,43,2,0,0,3,warm,24,1,25,83.50044,0,1.019105,0,82.480765,0,0,,1629,8175,0,0,8175,1142600,9132000,0,c5e981f86d212703,,0,1.69
20260927T201140Z-a843,c66701076edbaf96,531301,delta-omp,cpu,resident,s2,44,2,0,0,3,warm,24,1,25,83.451952,0,0.89581,0,82.555686,0,0,,1650,8294,0,0,8294,1142946,9134736,0,3386570d5a03a7e2,,0,1.69
20260927T201140Z-a843,c66701076edbaf96,1047443,delta-omp,cpu,resident,s2,45,2,0,0,3,warm,24,1,25,85.644901,0,0.938518,0,84.705838,0,0,,1299,6637,0,0,6637,1142742,9133084,0,758e4e780d07883b,,0,1.69
20260927T201140Z-a843,c66701076edbaf96,638272,delta-omp,cpu,resident,s2,46,2,0,0,3,warm,24,1,25,87.215918,0,0.937234,0,86.278138,0,0,,1455,7405,0,0,7405,1142905,9134352,0,19bcdf9016021200,,0,1.69
20260927T201140Z-a843,c66701076edbaf96,975530,delta-omp,cpu,resident,s2,47,2,0,0,3,warm,24,1,25,82.370464,0,0.931566,0,81.438455,0,0,,1334,6772,0,0,6772,1143092,9135856,0,b5cb4363695dc642,,0,1.69
20260927T201140Z-a843,c66701076edbaf96,914696,delta-omp,cpu,resident,s2,48,2,0,0,3,warm,24,1,25,80.996957,0,0.880654,0,80.115916,0,0,,1667,8360,0,0,8360,1143061,9135636,0,9630dc5d377e379e,,0,1.69
20260927T201140Z-a843,c66701076edbaf96,169940,delta-omp,cpu,resident,s2,49,2,0,0,3,warm,24,1,25,83.276955,0,0.953719,0,82.322866,0,0,,1612,8082,0,0,8082,1142596,9131880,0,95882738bea78e48,,0,1.69
20260927T201140Z-a843,c66701076edbaf96,834360,delta-omp,cpu,resident,s2,50,2,0,0,3,warm,24,1,25,83.358598,0,0.933035,0,82.424999,0,0,,1570,7917,0,0,7917,1142627,9132090,0,b2af9c052f6aa536,,0,1.69
20260927T201140Z-a843,c66701076edbaf96,518322,delta-omp,cpu,resident,s2,51,2,0,0,3,warm,24,1,25,83.00183,0,0.947512,0,82.053824,0,0,,1572,7918,0,0,7918,1142397,9130354,0,db073bf0f90b2a98,,0,1.69
20260927T201140Z-a843,c66701076edbaf96,577541,delta-omp,cpu,resident,s2,52,2,0,0,3,warm,24,1,25,84.709388,0,0.896808,0,83.812294,0,0,,1437,7310,0,0,7310,1142826,9133738,0,77a65005472fc098,,0,1.69
20260927T201140Z-a843,c66701076edbaf96,764242,delta-omp,cpu,resident,s2,53,2,0,0,3,warm,24,1,25,83.465003,0,0.955535,0,82.509053,0,0,,1463,7364,0,0,7364,1142553,9131576,0,9033d32d9660e9c4,,0,1.69
20260927T201140Z-a843,c66701076edbaf96,14706,delta-omp,cpu,resident,s2,54,2,0,0,3,warm,24,1,25,82.642995,0,0.898202,0,81.744253,0,0,,1235,6258,0,0,6258,1142242,9129110,0,a5e618cc4a6cd11c,,0,1.69
20260927T201140Z-a843,c66701076edbaf96,471650,delta-omp,cpu,resident,s2,55,2,0,0,3,warm,24,1,25,83.987006,0,0.932845,0,83.053765,0,0,,1310,6669,0,0,6669,1142852,9133930,0,5c2db82f624f6019,,0,1.69
20260927T201140Z-a843,c66701076edbaf96,192150,delta-omp,cpu,resident,s2,56,2,0,0,3,warm,24,1,25,83.8487,0,0.963168,0,82.885061,0,0,,1387,7004,0,0,7004,1143029,9135312,0,a0aa745d6464a44e,,0,1.69
20260927T201140Z-a843,c66701076edbaf96,59477,delta-omp,cpu,resident,s2,57,2,0,0,3,warm,24,1,25,85.428317,0,0.959393,0,84.468474,0,0,,1685,8399,0,0,8399,1142475,9131008,0,a204b81edc32cc7e,,0,1.69
20260927T201140Z-a843,c66701076edbaf96,201224,delta-omp,cpu,resident,s2,58,2,0,0,3,warm,24,1,25,82.745528,0,0.881316,0,81.863645,0,0,,1375,6889,0,0,6889,1142376,9130142,0,7c70dcbcc6f31504,,0,1.69
20260927T201140Z-a843,c66701076edbaf96,12846,delta-omp,cpu,resident,s2,59,2,0,0,3,warm,24,1,25,84.248647,0,0.922844,0,83.325121,0,0,,1499,7561,0,0,7561,1142929,9134516,0,53492d3ce70c619e,,0,1.69
20260927T201140Z-a843,c66701076edbaf96,88685,delta-omp,cpu,resident,s2,60,2,0,0,3,warm,24,1,25,83.385327,0,0.922718,0,82.462005,0,0,,1746,8701,0,0,8701,1142359,9129998,0,0e83a3e19213231b,,0,1.69
20260927T201140Z-a843,c66701076edbaf96,637,delta-omp,cpu,resident,s2,61,2,0,0,3,warm,24,1,25,81.631009,0,0.928609,0,80.70202,0,0,,1408,7075,0,0,7075,1142673,9132512,0,cb147f7f9395de4d,,0,1.69
20260927T201140Z-a843,c66701076edbaf96,140682,delta-omp,cpu,resident,s2,62,2,0,0,3,warm,24,1,25,81.142402,0,0.890499,0,80.251548,0,0,,1583,7934,0,0,7934,1142847,9133918,0,05f6bf3b97ab9c44,,0,1.69
20260927T201140Z-a843,c66701076edbaf96,242263,delta-omp,cpu,resident,s2,63,2,0,0,3,warm,24,1,25,82.105706,0,0.874435,0,81.230916,0,0,,1345,6855,0,0,6855,1142855,9133946,0,909314f25aeaa7d5,,0,1.69
20260927T201140Z-a843,c66701076edbaf96,955528,delta-omp,cpu,resident,s2,64,2,0,0,3,warm,24,1,25,82.984721,0,0.923481,0,82.060621,0,0,,1124,5707,0,0,5707,1142548,9131536,0,b2722a7e696c72df,,0,1.69
20260927T201140Z-a843,c66701076edbaf96,604431,delta-omp,cpu,resident,s2,65,2,0,0,3,warm,24,1,25,83.329738,0,0.899367,0,82.429923,0,0,,1295,6529,0,0,6529,1142530,9131320,0,fd90c4b8cb50dbff,,0,1.69
20260927T201140Z-a843,c66701076edbaf96,968747,delta-omp,cpu,resident,s2,66,2,0,0,3,warm,24,1,25,83.072411,0,0.904097,0,82.167994,0,0,,1514,7606,0,0,7606,1142591,9131874,0,7e6718b380684cd1,,0,1.69
20260927T201140Z-a843,c66701076edbaf96,25579,delta-omp,cpu,resident,s2,67,2,0,0,3,warm,24,1,25,83.948085,0,0.979468,0,82.968221,0,0,,1735,8623,0,0,8623,1142655,9132308,0,3229d6200a4fb418,,0,1.69
20260927T201140Z-a843,c66701076edbaf96,802074,delta-omp,cpu,resident,s2,68,2,0,0,3,warm,24,1,25,81.575992,0,0.954227,0,80.621257,0,0,,1589,7993,0,0,7993,1142131,9128208,0,75cdb86da5eabfb0,,0,1.69
20260927T201140Z-a843,c66701076edbaf96,785602,delta-omp,cpu,resident,s2,69,2,0,0,3,warm,24,1,25,84.727805,0,0.932144,0,83.795194,0,0,,1406,7124,0,0,7124,1142624,9132150,0,816414c006cc404e,,0,1.69
20260927T201140Z-a843,c66701076edbaf96,800647,delta-omp,cpu,resident,s2,70,2,0,0,3,warm,24,1,25,84.767636,0,0.903627,0,83.86359,0,0,,1783,8884,0,0,8884,1142690,9132660,0,826cd67eaa9f4b33,,0,1.69
20260927T201140Z-a843,c66701076edbaf96,1034835,delta-omp,cpu,resident,s2,71,2,0,0,3,warm,24,1,25,85.487106,0,1.079353,0,84.406817,0,0,,1221,6167,0,0,6167,1142782,9133454,0,aee93ced3cba03e1,,0,1.69
20260927T201140Z-a843,c66701076edbaf96,591983,delta-omp,cpu,resident,s2,72,2,0,0,3,warm,24,1,25,82.883016,0,1.044512,0,81.837811,0,0,,1595,8041,0,0,8041,1142968,9134878,0,06921044afbc0a6c,,0,1.69
20260927T201140Z-a843,c66701076edbaf96,509143,delta-omp,cpu,resident,s2,73,2,0,0,3,warm,24,1,25,82.773856,0,1.014695,0,81.758703,0,0,,1499,7508,0,0,7508,1142369,9130134,0,caa8a0c2a48999bb,,0,1.69
20260927T201140Z-a843,c66701076edbaf96,258004,delta-omp,cpu,resident,s2,74,2,0,0,3,warm,24,1,25,81.945559,0,0.891355,0,81.053846,0,0,,1649,8261,0,0,8261,1142564,9131656,0,72de258eb31bb540,,0,1.69
20260927T201140Z-a843,c66701076edbaf96,1008134,delta-omp,cpu,resident,s2,75,2,0,0,3,warm,24,1,25,82.073616,0,0.940109,0,81.133187,0,0,,1776,8864,0,0,8864,1142884,9134266,0,ad81620dd0ccc9a5,,0,1.69
20260927T201140Z-a843,c66701076edbaf96,693058,delta-omp,cpu,resident,s2,76,2,0,0,3,warm,24,1,25,81.26873,0,0.90439,0,80.363941,0,0,,1644,8243,0,0,8243,1142521,9131294,0,6a6111f023fb9ad7,,0,1.69
20260927T201140Z-a843,c66701076edbaf96,567498,delta-omp,cpu,resident,s2,77,2,0,0,3,warm,24,1,25,82.197165,0,0.915308,0,81.281323,0,0,,1646,8294,0,0,8294,1142386,9130212,0,4d57830ba3fcf997,,0,1.69
20260927T201140Z-a843,c66701076edbaf96,626061,delta-omp,cpu,resident,s2,78,2,0,0,3,warm,24,1,25,80.996128,0,0.868991,0,80.126656,0,0,,1638,8194,0,0,8194,1142320,9129690,0,2bc79ed65418744c,,0,1.69
20260927T201140Z-a843,c66701076edbaf96,599867,delta-omp,cpu,resident,s2,79,2,0,0,3,warm,24,1,25,84.66708,0,0.876368,0,83.79042,0,0,,1440,7311,0,0,7311,1142432,9130618,0,bc4ff01d7bce33e5,,0,1.69
20260927T201140Z-a843,c66701076edbaf96,721594,delta-omp,cpu,resident,s2,80,2,0,0,3,warm,24,1,25,83.103309,0,0.940423,0,82.162598,0,0,,1545,7778,0,0,7778,1142962,9134826,0,e5d860fd5f515748,,0,1.69
20260927T201140Z-a843,c66701076edbaf96,755768,delta-omp,cpu,resident,s2,81,2,0,0,3,warm,24,1,25,83.585655,0,0.922111,0,82.663014,0,0,,1472,7458,0,0,7458,1142756,9133128,0,f0545bbc59e2b6d9,,0,1.69
20260927T201140Z-a843,c66701076edbaf96,481879,delta-omp,cpu,resident,s2,82,2,0,0,3,warm,24,1,25,85.331834,0,0.991188,0,84.340192,0,0,,1300,6632,0,0,6632,1142775,9133314,0,eb33c6eedfcb1504,,0,1.69
20260927T201140Z-a843,c66701076edbaf96,666926,delta-omp,cpu,resident,s2,83,2,0,0,3,warm,24,1,25,82.438523,0,0.937023,0,81.500894,0,0,,1371,6965,0,0,6965,1142767,9133244,0,3b100f409ba061e0,,0,1.69
20260927T201140Z-a843,c66701076edbaf96,812308,delta-omp,cpu,resident,s2,84,2,0,0,3,warm,24,1,25,81.206976,0,0.920063,0,80.286482,0,0,,1480,7477,0,0,7477,1142420,9130518,0,c31adf4c361e9520,,0,1.69
20260927T201140Z-a843,c66701076edbaf96,940471,delta-omp,cpu,resident,s2,85,2,0,0,3,warm,24,1,25,80.447875,0,0.943071,0,79.504439,0,0,,1800,8943,0,0,8943,1142995,9135086,0,02bdf829a1772f2a,,0,1.69
20260927T201140Z-a843,c66701076edbaf96,705817,delta-omp,cpu,resident,s2,86,2,0,0,3,warm,24,1,25,81.974511,0,0.894125,0,81.079955,0,0,,1512,7582,0,0,7582,1142086,9127822,0,d08744491a4f6254,,0,1.69
20260927T201140Z-a843,c66701076edbaf96,378775,delta-omp,cpu,resident,s2,87,2,0,0,3,warm,24,1,25,81.408355,0,0.930124,0,80.477688,0,0,,1737,8652,0,0,8652,1142262,9129286,0,7976fe449628ee76,,0,1.69
20260927T201140Z-a843,c66701076edbaf96,11928,delta-omp,cpu,resident,s2,88,2,0,0,3,warm,24,1,25,83.389661,0,0.944955,0,82.444311,0,0,,1238,6293,0,0,6293,1142544,9131472,0,e313e61597c97dcc,,0,1.69
20260927T201140Z-a843,c66701076edbaf96,149969,delta-omp,cpu,resident,s2,89,2,0,0,3,warm,24,1,25,80.642054,0,0.970895,0,79.670693,0,0,,1600,8022,0,0,8022,1142613,9132052,0,90f30508e8b238e3,,0,1.69
20260927T201140Z-a843,c66701076edbaf96,518422,delta-omp,cpu,resident,s2,90,2,0,0,3,warm,24,1,25,82.98969,0,0.914973,0,82.07421,0,0,,1051,5362,0,0,5362,1142629,9132152,0,c0b6e9e87d2215b0,,0,1.69
20260927T201140Z-a843,c66701076edbaf96,764093,delta-omp,cpu,resident,s2,91,2,0,0,3,warm,24,1,25,81.346698,0,0.905809,0,80.440245,0,0,,1451,7319,0,0,7319,1142631,9132142,0,53bfc44cc00c87db,,0,1.69
20260927T201140Z-a843,c66701076edbaf96,818556,delta-omp,cpu,resident,s2,92,2,0,0,3,warm,24,1,25,80.614893,0,0.894251,0,79.720256,0,0,,1656,8345,0,0,8345,1142375,9130128,0,3d8997c00e6cf508,,0,1.69
20260927T201140Z-a843,c66701076edbaf96,284007,delta-omp,cpu,resident,s2,93,2,0,0,3,warm,24,1,25,82.795322,0,0.86828,0,81.926693,0,0,,1160,5906,0,0,5906,1143036,9135422,0,2c0ccfa7ab97af66,,0,1.69
20260927T201140Z-a843,c66701076edbaf96,147527,delta-omp,cpu,resident,s2,94,2,0,0,3,warm,24,1,25,85.237946,0,0.945145,0,84.292437,0,0,,1650,8253,0,0,8253,1142849,9133942,0,6414f13426478617,,0,1.69
20260927T201140Z-a843,c66701076edbaf96,810773,delta-omp,cpu,resident,s2,95,2,0,0,3,warm,24,1,25,86.887455,0,1.043968,0,85.843146,0,0,,1262,6427,0,0,6427,1142934,9134644,0,26ab53717621d5f2,,0,1.69
20260927T201140Z-a843,c66701076edbaf96,496849,delta-omp,cpu,resident,s2,96,2,0,0,3,warm,24,1,25,84.027222,0,0.947449,0,83.079045,0,0,,1632,8201,0,0,8201,1142413,9130472,0,61fa850a08bc862f,,0,1.71
20260927T201140Z-a843,c66701076edbaf96,1013688,delta-omp,cpu,resident,s2,97,2,0,0,3,warm,24,1,25,80.77891,0,0.956602,0,79.822029,0,0,,1580,7920,0,0,7920,1142360,9129978,0,1fa814dfb1f7b535,,0,1.71
20260927T201140Z-a843,c66701076edbaf96,935512,delta-omp,cpu,resident,s2,98,2,0,0,3,warm,24,1,25,83.308104,0,0.882164,0,82.425571,0,0,,1508,7602,0,0,7602,1142578,9131708,0,9403f9d957fe5c2b,,0,1.71
20260927T201140Z-a843,c66701076edbaf96,714883,delta-omp,cpu,resident,s2,99,2,0,0,3,warm,24,1,25,83.698102,0,1.005563,0,82.692261,0,0,,1649,8280,0,0,8280,1142346,9129966,0,4867872a759d804d,,0,1.71
20260927T201140Z-a843,c66701076edbaf96,670214,delta-omp,cpu,resident,s2,100,2,0,0,3,warm,24,1,25,81.64613,0,0.927039,0,80.718623,0,0,,1613,8064,0,0,8064,1142694,9132732,0,9888b5552dc26be3,,0,1.71
20260927T201140Z-a843,c66701076edbaf96,922346,delta-omp,cpu,resident,s2,101,2,0,0,3,warm,24,1,25,82.777875,0,0.919465,0,81.858135,0,0,,1184,6017,0,0,6017,1142584,9131826,0,10711b84b3bef833,,0,1.71
20260927T201140Z-a843,c66701076edbaf96,802242,delta-omp,cpu,resident,s2,102,2,0,0,3,warm,24,1,25,82.095536,0,0.883215,0,81.212001,0,0,,1283,6517,0,0,6517,1142811,9133610,0,5f8b395e1c757b0b,,0,1.71
20260927T201140Z-a843,c66701076edbaf96,45284,delta-omp,cpu,resident,s2,103,2,0,0,3,warm,24,1,25,80.778539,0,0.907726,0,79.870556,0,0,,1676,8390,0,0,8390,1142627,9132126,0,101c5992f307ed7a,,0,1.71
20260927T201140Z-a843,c66701076edbaf96,908797,delta-omp,cpu,resident,s2,104,2,0,0,3,warm,24,1,25,81.131534,0,0.896033,0,80.235169,0,0,,1552,7810,0,0,7810,1142688,9132678,0,2c3edda3a4e7d134,,0,1.71
20260927T201140Z-a843,c66701076edbaf96,281396,delta-omp,cpu,resident,s2,105,2,0,0,3,warm,24,1,25,82.819592,0,0.966777,0,81.852384,0,0,,1839,9107,0,0,9107,1142888,9134260,0,9914811ae5975590,,0,1.71
20260927T201140Z-a843,c66701076edbaf96,1000550,delta-omp,cpu,resident,s2,106,2,0,0,3,warm,24,1,25,83.103925,0,0.917842,0,82.185682,0,0,,1280,6546,0,0,6546,1142588,9131802,0,657bfc39edfde598,,0,1.71
20260927T201140Z-a843,c66701076edbaf96,73594,delta-omp,cpu,resident,s2,107,2,0,0,3,warm,24,1,25,84.835752,0,0.908184,0,83.92714,0,0,,1609,8088,0,0,8088,1142539,9131430,0,89a0693a7eb907df,,0,1.71
20260927T201140Z-a843,c66701076edbaf96,301631,delta-omp,cpu,resident,s2,108,2,0,0,3,warm,24,1,25,81.045251,0,0.930975,0,80.11387,0,0,,1714,8574,0,0,8574,1142613,9132002,0,a13c34ca5c449e66,,0,1.71
20260927T201140Z-a843,c66701076edbaf96,430170,delta-omp,cpu,resident,s2,109,2,0,0,3,warm,24,1,25,81.278706,0,0.89019,0,80.388119,0,0,,1405,7075,0,0,7075,1142634,9132192,0,3139fb5fd0f393b3,,0,1.71
20260927T201140Z-a843,c66701076edbaf96,752814,delta-omp,cpu,resident,s2,110,2,0,0,3,warm,24,1,25,82.69959,0,0.909862,0,81.789325,0,0,,1087,5537,0,0,5537,1142986,9135008,0,8c917a45d206552d,,0,1.71
20260927T201140Z-a843,c66701076edbaf96,679839,delta-omp,cpu,resident,s2,111,2,0,0,3,warm,24,1,25,81.120494,0,0.904122,0,80.216028,0,0,,1516,7631,0,0,7631,1143082,9135732,0,71f28c62aa82d217,,0,1.71
20260927T201140Z-a843,c66701076edbaf96,619664,delta-omp,cpu,resident,s2,112,2,0,0,3,warm,24,1,25,82.908754,0,0.916461,0,81.991898,0,0,,1212,6092,0,0,6092,1142713,9132838,0,95f2dcfc501ad06e,,0,1.71
20260927T201140Z-a843,c66701076edbaf96,98827,delta-omp,cpu,resident,s2,113,2,0,0,3,warm,24,1,25,83.256809,0,0.934077,0,82.322374,0,0,,1204,6116,0,0,6116,1142923,9134490,0,00612f347f63bc08,,0,1.71
20260927T201140Z-a843,c66701076edbaf96,105994,delta-omp,cpu,resident,s2,114,2,0,0,3,warm,24,1,25,80.822873,0,0.963287,0,79.859248,0,0,,1545,7774,0,0,7774,1143038,9135438,0,4bfaff9193bbdfef,,0,1.71
20260927T201140Z-a843,c66701076edbaf96,243457,delta-omp,cpu,resident,s2,115,2,0,0,3,warm,24,1,25,81.224557,0,0.912527,0,80.31139,0,0,,1760,8732,0,0,8732,1142914,9134484,0,ad0dd27816987427,,0,1.71
20260927T201140Z-a843,c66701076edbaf96,734875,delta-omp,cpu,resident,s2,116,2,0,0,3,warm,24,1,25,80.439757,0,0.938378,0,79.500911,0,0,,1720,8609,0,0,8609,1142568,9131722,0,17ef0d8567862766,,0,1.71
20260927T201140Z-a843,c66701076edbaf96,370736,delta-omp,cpu,resident,s2,117,2,0,0,3,warm,24,1,25,82.551012,0,0.905467,0,81.645195,0,0,,1570,7858,0,0,7858,1142003,9127176,0,5c3180fa34ea9049,,0,1.71
20260927T201140Z-a843,c66701076edbaf96,521055,delta-omp,cpu,resident,s2,118,2,0,0,3,warm,24,1,25,81.039144,0,0.937634,0,80.101066,0,0,,1554,7817,0,0,7817,1142901,9134366,0,ab61220815625a78,,0,1.71
20260927T201140Z-a843,c66701076edbaf96,697461,delta-omp,cpu,resident,s2,119,2,0,0,3,warm,24,1,25,86.465982,0,0.874415,0,85.591276,0,0,,1694,8486,0,0,8486,1142429,9130630,0,3ddf044e25f83d4f,,0,1.71
20260927T201140Z-a843,c66701076edbaf96,696648,delta-omp,cpu,resident,s2,120,2,0,0,3,warm,24,1,25,85.258275,0,0.945586,0,84.312239,0,0,,1553,7820,0,0,7820,1142917,9134486,0,254d9204a927830b,,0,1.71
20260927T201140Z-a843,c66701076edbaf96,322939,delta-omp,cpu,resident,s2,121,2,0,0,3,warm,24,1,25,84.179335,0,0.951767,0,83.227291,0,0,,1464,7400,0,0,7400,1142489,9131044,0,b26fbd06f48c7658,,0,1.71
20260927T201140Z-a843,c66701076edbaf96,235403,delta-omp,cpu,resident,s2,122,2,0,0,3,warm,24,1,25,83.452374,0,0.944848,0,82.507108,0,0,,1255,6313,0,0,6313,1142600,9131960,0,b78b1de2f5a26d81,,0,1.71
20260927T201140Z-a843,c66701076edbaf96,842932,delta-omp,cpu,resident,s2,123,2,0,0,3,warm,24,1,25,83.551786,0,0.919304,0,82.632072,0,0,,1308,6688,0,0,6688,1142922,9134496,0,292a2f6ed53c5012,,0,1.71
20260927T201140Z-a843,c66701076edbaf96,776073,delta-omp,cpu,resident,s2,124,2,0,0,3,warm,24,1,25,83.841183,0,0.910635,0,82.930105,0,0,,1399,7098,0,0,7098,1142653,9132310,0,a04df1093857d854,,0,1.71
20260927T201140Z-a843,c66701076edbaf96,159157,delta-omp,cpu,resident,s2,125,2,0,0,3,warm,24,1,25,82.066499,0,0.917963,0,81.148177,0,0,,1617,8101,0,0,8101,1142424,9130550,0,940851ec667c58ee,,0,1.71
20260927T201140Z-a843,c66701076edbaf96,824874,delta-omp,cpu,resident,s2,126,2,0,0,3,warm,24,1,25,83.734214,0,0.946873,0,82.786841,0,0,,1274,6463,0,0,6463,1142224,9128976,0,d42cb5898be984f3,,0,1.71
20260927T201140Z-a843,c66701076edbaf96,523339,delta-omp,cpu,resident,s2,127,2,0,0,3,warm,24,1,25,83.19249,0,0.90536,0,82.286481,0,9.5e-05,,1228,6229,0,0,6229,1142875,9134148,0,6b13bf0bd1b7f21b,,0,1.71
