run_id,graph_id,source,solver,device,mode,session,query_index,rep,warmup,instrumented,order_pos,cache_state,threads,counters_on,delta_used,wall_ms,prep_ms,alloc_ms,h2d_ms,solve_ms,d2h_ms,free_ms,kernel_ms,iterations,sync_rounds,host_syncs,parallel_phases,serial_phases,vertices_expanded,edges_touched,mismatches,dist_hash,gpu_clock_mhz_measured,gpu_foreign_procs,load1
20260927T200509Z-0e3b,ba99c9c3a4c23240,715399,dial,cpu,resident,,0,-1,1,0,0,warm,24,1,0,94.927808,0,1.277523,0,93.649512,0,0.000174,,379,0,0,0,0,1047382,7864320,0,ecdcbb820737fc0e,,0,6.09
20260927T200509Z-0e3b,ba99c9c3a4c23240,715399,delta-omp,cpu,resident,,0,-1,1,0,0,warm,24,1,13,22.263742,0,2.181204,0,20.08161,0,0.000169,,34,152,0,42,110,1152100,17370978,0,ecdcbb820737fc0e,,0,6.09
20260927T200509Z-0e3b,ba99c9c3a4c23240,715399,gpu-frontier,gpu,resident,,0,-1,1,0,0,warm,0,1,0,11.467963,0,0.354311,4.24348783,4.63759995,0.525043,1.679383,,38,38,38,0,0,4119040,30898607,0,ecdcbb820737fc0e,2511.16068,0,6.09
20260927T200509Z-0e3b,ba99c9c3a4c23240,715399,gpu-nearfar,gpu,resident,,0,-1,1,0,0,warm,0,1,13,11.664771,0,0.270313,4.03484821,3.87196803,0.515694,1.848168,,158,158,450,0,0,1090638,8216198,0,ecdcbb820737fc0e,2511.16068,0,6.09
20260927T200509Z-0e3b,ba99c9c3a4c23240,715399,dial,cpu,resident,s0,0,0,0,0,0,warm,24,1,0,96.468142,0,1.312405,0,95.155316,0,0,,379,0,0,0,0,1047382,7864320,0,ecdcbb820737fc0e,,0,2.96
20260927T200509Z-0e3b,ba99c9c3a4c23240,187452,dial,cpu,resident,s0,1,0,0,0,0,warm,24,1,0,95.187889,0,1.129229,0,94.058405,0,0,,392,0,0,0,0,1047382,7864320,0,96f02017575011de,,0,2.96
20260927T200509Z-0e3b,ba99c9c3a4c23240,654701,dial,cpu,resident,s0,2,0,0,0,0,warm,24,1,0,101.183145,0,1.184354,0,99.99838,0,0,,387,0,0,0,0,1047382,7864320,0,4f9f9b29bfae372e,,0,2.96
20260927T200509Z-0e3b,ba99c9c3a4c23240,204001,dial,cpu,resident,s0,3,0,0,0,0,warm,24,1,0,97.528916,0,1.135793,0,96.392864,0,0,,391,0,0,0,0,1047382,7864320,0,13e234bc2b51e68e,,0,2.96
20260927T200509Z-0e3b,ba99c9c3a4c23240,463449,dial,cpu,resident,s0,4,0,0,0,0,warm,24,1,0,96.070513,0,1.137726,0,94.932308,0,0,,386,0,0,0,0,1047382,7864320,0,153de2728e824e53,,0,2.96
20260927T200509Z-0e3b,ba99c9c3a4c23240,253613,dial,cpu,resident,s0,5,0,0,0,0,warm,24,1,0,96.542541,0,1.202673,0,95.339511,0,0,,381,0,0,0,0,1047382,7864320,0,3247d70ca7f66ed4,,0,2.96
20260927T200509Z-0e3b,ba99c9c3a4c23240,239468,dial,cpu,resident,s0,6,0,0,0,0,warm,24,1,0,94.676227,0,1.157447,0,93.518478,0,0,,394,0,0,0,0,1047382,7864320,0,a6b6de89d97c7910,,0,2.96
20260927T200509Z-0e3b,ba99c9c3a4c23240,369505,dial,cpu,resident,s0,7,0,0,0,0,warm,24,1,0,95.142374,0,1.120571,0,94.021389,0,0,,384,0,0,0,0,1047382,7864320,0,109b4acc8f4ac33a,,0,2.96
20260927T200509Z-0e3b,ba99c9c3a4c23240,790454,dial,cpu,resident,s0,8,0,0,0,0,warm,24,1,0,95.517597,0,1.135779,0,94.381216,0,0,,392,0,0,0,0,1047382,7864320,0,26e48121c6aa4159,,0,2.96
20260927T200509Z-0e3b,ba99c9c3a4c23240,397801,dial,cpu,resident,s0,9,0,0,0,0,warm,24,1,0,95.235435,0,1.116821,0,94.118159,0,0,,387,0,0,0,0,1047382,7864320,0,5a7753eccbbbecc3,,0,2.96
20260927T200509Z-0e3b,ba99c9c3a4c23240,737225,dial,cpu,resident,s0,10,0,0,0,0,warm,24,1,0,95.224587,0,1.15157,0,94.07274,0,0,,373,0,0,0,0,1047382,7864320,0,f8923c22e103e6ad,,0,2.96
20260927T200509Z-0e3b,ba99c9c3a4c23240,155144,dial,cpu,resident,s0,11,0,0,0,0,warm,24,1,0,95.100477,0,1.130839,0,93.969249,0,0,,388,0,0,0,0,1047382,7864320,0,96cd5ce2c0bed8d9,,0,2.96
20260927T200509Z-0e3b,ba99c9c3a4c23240,763420,dial,cpu,resident,s0,12,0,0,0,0,warm,24,1,0,95.5515,0,1.178815,0,94.372347,0,0,,395,0,0,0,0,1047382,7864320,0,6afec27f81fe3362,,0,2.96
20260927T200509Z-0e3b,ba99c9c3a4c23240,558559,dial,cpu,resident,s0,13,0,0,0,0,warm,24,1,0,96.485905,0,1.154571,0,95.330969,0,0,,387,0,0,0,0,1047382,7864320,0,9ae2735bc57c118b,,0,2.96
20260927T200509Z-0e3b,ba99c9c3a4c23240,689533,dial,cpu,resident,s0,14,0,0,0,0,warm,24,1,0,95.482702,0,1.127738,0,94.354519,0,0,,387,0,0,0,0,1047382,7864320,0,6dd76205e9a709b1,,0,2.96
20260927T200509Z-0e3b,ba99c9c3a4c23240,85750,dial,cpu,resident,s0,15,0,0,0,0,warm,24,1,0,95.384212,0,1.119881,0,94.264098,0,0,,383,0,0,0,0,1047382,7864320,0,93d0652be5380e25,,0,2.96
20260927T200509Z-0e3b,ba99c9c3a4c23240,24166,dial,cpu,resident,s0,16,0,0,0,0,warm,24,1,0,95.312627,0,1.14369,0,94.168722,0,0,,404,0,0,0,0,1047382,7864320,0,4c9f86b8a429a6a1,,0,2.96
20260927T200509Z-0e3b,ba99c9c3a4c23240,181793,dial,cpu,resident,s0,17,0,0,0,0,warm,24,1,0,95.661907,0,1.144054,0,94.517615,0,0,,395,0,0,0,0,1047382,7864320,0,06c27d4ed33dc4c0,,0,2.96
20260927T200509Z-0e3b,ba99c9c3a4c23240,435643,dial,cpu,resident,s0,18,0,0,0,0,warm,24,1,0,95.372558,0,1.144696,0,94.227511,0,0,,391,0,0,0,0,1047382,7864320,0,9e5667ef0aef187c,,0,2.96
20260927T200509Z-0e3b,ba99c9c3a4c23240,412744,dial,cpu,resident,s0,19,0,0,0,0,warm,24,1,0,95.097958,0,1.125109,0,93.972537,0,0,,379,0,0,0,0,1047382,7864320,0,0a4ff2a55423b6fa,,0,2.96
20260927T200509Z-0e3b,ba99c9c3a4c23240,601557,dial,cpu,resident,s0,20,0,0,0,0,warm,24,1,0,97.854325,0,1.11684,0,96.737167,0,0,,384,0,0,0,0,1047382,7864320,0,c59071f58c6927a5,,0,2.96
20260927T200509Z-0e3b,ba99c9c3a4c23240,582010,dial,cpu,resident,s0,21,0,0,0,0,warm,24,1,0,95.061382,0,1.153381,0,93.90769,0,0,,397,0,0,0,0,1047382,7864320,0,abb1d0fe49a68439,,0,2.96
20260927T200509Z-0e3b,ba99c9c3a4c23240,369562,dial,cpu,resident,s0,22,0,0,0,0,warm,24,1,0,94.862381,0,1.165791,0,93.696205,0,0,,402,0,0,0,0,1047382,7864320,0,e8960d119b031443,,0,2.96
20260927T200509Z-0e3b,ba99c9c3a4c23240,1020126,dial,cpu,resident,s0,23,0,0,0,0,warm,24,1,0,100.481748,0,1.270402,0,99.211014,0,0,,384,0,0,0,0,1047382,7864320,0,9a263533db615402,,0,2.96
20260927T200509Z-0e3b,ba99c9c3a4c23240,79356,dial,cpu,resident,s0,24,0,0,0,0,warm,24,1,0,97.368494,0,1.17095,0,96.197235,0,0,,386,0,0,0,0,1047382,7864320,0,44e74e2f955df7c3,,0,2.96
20260927T200509Z-0e3b,ba99c9c3a4c23240,379637,dial,cpu,resident,s0,25,0,0,0,0,warm,24,1,0,95.365723,0,1.134276,0,94.231139,0,0,,387,0,0,0,0,1047382,7864320,0,d1a2e1c3ccbc3f21,,0,2.96
20260927T200509Z-0e3b,ba99c9c3a4c23240,863118,dial,cpu,resident,s0,26,0,0,0,0,warm,24,1,0,96.164015,0,1.129486,0,95.034144,0,0,,381,0,0,0,0,1047382,7864320,0,d5dba0885c35a5f9,,0,2.96
20260927T200509Z-0e3b,ba99c9c3a4c23240,997539,dial,cpu,resident,s0,27,0,0,0,0,warm,24,1,0,95.154656,0,1.139345,0,94.014772,0,0,,378,0,0,0,0,1047382,7864320,0,6eef670e6e3e1100,,0,2.96
20260927T200509Z-0e3b,ba99c9c3a4c23240,192191,dial,cpu,resident,s0,28,0,0,0,0,warm,24,1,0,96.414658,0,1.166534,0,95.247783,0,0,,388,0,0,0,0,1047382,7864320,0,662baab9bef29a06,,0,2.96
20260927T200509Z-0e3b,ba99c9c3a4c23240,67157,dial,cpu,resident,s0,29,0,0,0,0,warm,24,1,0,95.162126,0,1.162069,0,93.999549,0,0,,391,0,0,0,0,1047382,7864320,0,31aaa449503ab45c,,0,2.96
20260927T200509Z-0e3b,ba99c9c3a4c23240,65383,dial,cpu,resident,s0,30,0,0,0,0,warm,24,1,0,95.034314,0,1.125577,0,93.908454,0,0,,386,0,0,0,0,1047382,7864320,0,7204d50f6114d912,,0,2.96
20260927T200509Z-0e3b,ba99c9c3a4c23240,249726,dial,cpu,resident,s0,31,0,0,0,0,warm,24,1,0,95.667141,0,1.139694,0,94.527004,0,0,,384,0,0,0,0,1047382,7864320,0,29e88ade804cdeca,,0,2.96
20260927T200509Z-0e3b,ba99c9c3a4c23240,159695,dial,cpu,resident,s0,32,0,0,0,0,warm,24,1,0,95.308827,0,1.114005,0,94.194503,0,0,,375,0,0,0,0,1047382,7864320,0,7119e6e28c081569,,0,2.96
20260927T200509Z-0e3b,ba99c9c3a4c23240,127101,dial,cpu,resident,s0,33,0,0,0,0,warm,24,1,0,94.966209,0,1.142507,0,93.823407,0,0,,395,0,0,0,0,1047382,7864320,0,846d8477ad8013e1,,0,2.96
20260927T200509Z-0e3b,ba99c9c3a4c23240,296023,dial,cpu,resident,s0,34,0,0,0,0,warm,24,1,0,95.543604,0,1.135251,0,94.408045,0,0,,398,0,0,0,0,1047382,7864320,0,605cc580b3de4615,,0,2.96
20260927T200509Z-0e3b,ba99c9c3a4c23240,982751,dial,cpu,resident,s0,35,0,0,0,0,warm,24,1,0,96.334296,0,1.121097,0,95.212904,0,0,,390,0,0,0,0,1047382,7864320,0,0d4096cd5bc69572,,0,2.96
20260927T200509Z-0e3b,ba99c9c3a4c23240,966093,dial,cpu,resident,s0,36,0,0,0,0,warm,24,1,0,95.350822,0,1.146265,0,94.204132,0,0,,393,0,0,0,0,1047382,7864320,0,7d06fdf48f6e8286,,0,2.96
20260927T200509Z-0e3b,ba99c9c3a4c23240,731425,dial,cpu,resident,s0,37,0,0,0,0,warm,24,1,0,95.279749,0,1.140391,0,94.139033,0,0,,389,0,0,0,0,1047382,7864320,0,466affb9293ca47e,,0,2.96
20260927T200509Z-0e3b,ba99c9c3a4c23240,421395,dial,cpu,resident,s0,38,0,0,0,0,warm,24,1,0,95.107325,0,1.135702,0,93.971375,0,0,,389,0,0,0,0,1047382,7864320,0,eae68b7499feb2b6,,0,2.96
20260927T200509Z-0e3b,ba99c9c3a4c23240,734856,dial,cpu,resident,s0,39,0,0,0,0,warm,24,1,0,94.841688,0,1.139614,0,93.701693,0,0,,391,0,0,0,0,1047382,7864320,0,4f0d08e3cb27ad6a,,0,2.96
20260927T200509Z-0e3b,ba99c9c3a4c23240,413157,dial,cpu,resident,s0,40,0,0,0,0,warm,24,1,0,95.177836,0,1.136295,0,94.041234,0,0,,386,0,0,0,0,1047382,7864320,0,3a6c4deb6663fbb5,,0,2.8
20260927T200509Z-0e3b,ba99c9c3a4c23240,460916,dial,cpu,resident,s0,41,0,0,0,0,warm,24,1,0,95.310995,0,1.143035,0,94.167721,0,0,,393,0,0,0,0,1047382,7864320,0,a6f1b94b86d02118,,0,2.8
20260927T200509Z-0e3b,ba99c9c3a4c23240,769784,dial,cpu,resident,s0,42,0,0,0,0,warm,24,1,0,95.941945,0,1.126645,0,94.814973,0,0,,383,0,0,0,0,1047382,7864320,0,318d7c8bfa3d3ba0,,0,2.8
20260927T200509Z-0e3b,ba99c9c3a4c23240,974706,dial,cpu,resident,s0,43,0,0,0,0,warm,24,1,0,95.215783,0,1.118708,0,94.096563,0,0,,383,0,0,0,0,1047382,7864320,0,583c656b06b7d79c,,0,2.8
20260927T200509Z-0e3b,ba99c9c3a4c23240,58826,dial,cpu,resident,s0,44,0,0,0,0,warm,24,1,0,100.651431,0,1.215822,0,99.435182,0,0,,383,0,0,0,0,1047382,7864320,0,82cfa3ade61fd805,,0,2.8
20260927T200509Z-0e3b,ba99c9c3a4c23240,466714,dial,cpu,resident,s0,45,0,0,0,0,warm,24,1,0,95.409934,0,1.146539,0,94.263103,0,0,,388,0,0,0,0,1047382,7864320,0,ac36503bdc2a7b3e,,0,2.8
20260927T200509Z-0e3b,ba99c9c3a4c23240,597702,dial,cpu,resident,s0,46,0,0,0,0,warm,24,1,0,97.014187,0,1.158504,0,95.855286,0,0,,388,0,0,0,0,1047382,7864320,0,14363d3d7d4164a5,,0,2.8
20260927T200509Z-0e3b,ba99c9c3a4c23240,64665,dial,cpu,resident,s0,47,0,0,0,0,warm,24,1,0,95.371268,0,1.138564,0,94.232398,0,0,,399,0,0,0,0,1047382,7864320,0,8f0864e0fa5ef390,,0,2.8
20260927T200509Z-0e3b,ba99c9c3a4c23240,855449,dial,cpu,resident,s0,48,0,0,0,0,warm,24,1,0,95.082559,0,1.125801,0,93.95646,0,0,,382,0,0,0,0,1047382,7864320,0,eaf42e238a9ddc48,,0,2.8
20260927T200509Z-0e3b,ba99c9c3a4c23240,519923,dial,cpu,resident,s0,49,0,0,0,0,warm,24,1,0,95.194956,0,1.14852,0,94.04619,0,0,,395,0,0,0,0,1047382,7864320,0,a96200c3afe17ff5,,0,2.8
20260927T200509Z-0e3b,ba99c9c3a4c23240,474057,dial,cpu,resident,s0,50,0,0,0,0,warm,24,1,0,95.006092,0,1.156695,0,93.849061,0,0,,387,0,0,0,0,1047382,7864320,0,2ab389d83e24de4a,,0,2.8
20260927T200509Z-0e3b,ba99c9c3a4c23240,949772,dial,cpu,resident,s0,51,0,0,0,0,warm,24,1,0,94.551474,0,1.114866,0,93.436239,0,0,,387,0,0,0,0,1047382,7864320,0,f7ce1bc1539a870f,,0,2.8
20260927T200509Z-0e3b,ba99c9c3a4c23240,894887,dial,cpu,resident,s0,52,0,0,0,0,warm,24,1,0,95.84329,0,1.126504,0,94.716305,0,0,,392,0,0,0,0,1047382,7864320,0,e83804eab75047de,,0,2.8
20260927T200509Z-0e3b,ba99c9c3a4c23240,141783,dial,cpu,resident,s0,53,0,0,0,0,warm,24,1,0,95.021295,0,1.134242,0,93.886829,0,0,,385,0,0,0,0,1047382,7864320,0,93d9cbd5c1468553,,0,2.8
20260927T200509Z-0e3b,ba99c9c3a4c23240,917286,dial,cpu,resident,s0,54,0,0,0,0,warm,24,1,0,96.478883,0,1.119817,0,95.358753,0,0,,391,0,0,0,0,1047382,7864320,0,2dfe42ff94f73f3f,,0,2.8
20260927T200509Z-0e3b,ba99c9c3a4c23240,39176,dial,cpu,resident,s0,55,0,0,0,0,warm,24,1,0,94.849191,0,1.177664,0,93.671103,0,0,,384,0,0,0,0,1047382,7864320,0,fcd5001a78d68a13,,0,2.8
20260927T200509Z-0e3b,ba99c9c3a4c23240,345611,dial,cpu,resident,s0,56,0,0,0,0,warm,24,1,0,95.215832,0,1.12269,0,94.092897,0,0,,390,0,0,0,0,1047382,7864320,0,16413610483b2219,,0,2.8
20260927T200509Z-0e3b,ba99c9c3a4c23240,968513,dial,cpu,resident,s0,57,0,0,0,0,warm,24,1,0,96.627514,0,1.139063,0,95.488038,0,0,,392,0,0,0,0,1047382,7864320,0,05566abd08729f29,,0,2.8
20260927T200509Z-0e3b,ba99c9c3a4c23240,483034,dial,cpu,resident,s0,58,0,0,0,0,warm,24,1,0,94.628826,0,1.12333,0,93.505203,0,0,,390,0,0,0,0,1047382,7864320,0,d086ea4ae6327b65,,0,2.8
20260927T200509Z-0e3b,ba99c9c3a4c23240,553088,dial,cpu,resident,s0,59,0,0,0,0,warm,24,1,0,95.294749,0,1.161636,0,94.13271,0,0,,395,0,0,0,0,1047382,7864320,0,02539fcfa0feba49,,0,2.8
20260927T200509Z-0e3b,ba99c9c3a4c23240,868304,dial,cpu,resident,s0,60,0,0,0,0,warm,24,1,0,95.261946,0,1.119,0,94.142649,0,0,,386,0,0,0,0,1047382,7864320,0,8a67d279430d6e18,,0,2.8
20260927T200509Z-0e3b,ba99c9c3a4c23240,667559,dial,cpu,resident,s0,61,0,0,0,0,warm,24,1,0,95.336117,0,1.224162,0,94.111526,0,0,,385,0,0,0,0,1047382,7864320,0,956021a54b8a90c1,,0,2.8
20260927T200509Z-0e3b,ba99c9c3a4c23240,695777,dial,cpu,resident,s0,62,0,0,0,0,warm,24,1,0,95.290265,0,1.128046,0,94.161998,0,0,,396,0,0,0,0,1047382,7864320,0,05f487ae1d20c8ea,,0,2.8
20260927T200509Z-0e3b,ba99c9c3a4c23240,410614,dial,cpu,resident,s0,63,0,0,0,0,warm,24,1,0,95.03443,0,1.121481,0,93.912409,0,0,,395,0,0,0,0,1047382,7864320,0,33339b273dd054e0,,0,2.8
20260927T200509Z-0e3b,ba99c9c3a4c23240,405553,dial,cpu,resident,s0,64,0,0,0,0,warm,24,1,0,95.343825,0,1.141969,0,94.20149,0,0,,374,0,0,0,0,1047382,7864320,0,d4252920120688c8,,0,2.8
20260927T200509Z-0e3b,ba99c9c3a4c23240,985326,dial,cpu,resident,s0,65,0,0,0,0,warm,24,1,0,101.735821,0,1.184419,0,100.551067,0,0,,393,0,0,0,0,1047382,7864320,0,8e89834923c4f91c,,0,2.8
20260927T200509Z-0e3b,ba99c9c3a4c23240,668876,dial,cpu,resident,s0,66,0,0,0,0,warm,24,1,0,95.318098,0,1.143847,0,94.173893,0,0,,388,0,0,0,0,1047382,7864320,0,ff78503eb529ff7a,,0,2.8
20260927T200509Z-0e3b,ba99c9c3a4c23240,965128,dial,cpu,resident,s0,67,0,0,0,0,warm,24,1,0,95.481691,0,1.161868,0,94.319385,0,0,,385,0,0,0,0,1047382,7864320,0,26b3d1ada6a27fb3,,0,2.8
20260927T200509Z-0e3b,ba99c9c3a4c23240,593734,dial,cpu,resident,s0,68,0,0,0,0,warm,24,1,0,96.801097,0,1.141261,0,95.659544,0,0,,393,0,0,0,0,1047382,7864320,0,109812663c9c2735,,0,2.8
20260927T200509Z-0e3b,ba99c9c3a4c23240,273974,dial,cpu,resident,s0,69,0,0,0,0,warm,24,1,0,95.398376,0,1.137695,0,94.260291,0,0,,380,0,0,0,0,1047382,7864320,0,8af4d6c71cef4e55,,0,2.8
20260927T200509Z-0e3b,ba99c9c3a4c23240,892034,dial,cpu,resident,s0,70,0,0,0,0,warm,24,1,0,95.198801,0,1.148449,0,94.04991,0,0,,397,0,0,0,0,1047382,7864320,0,0651623fb2ac92ef,,0,2.8
20260927T200509Z-0e3b,ba99c9c3a4c23240,878403,dial,cpu,resident,s0,71,0,0,0,0,warm,24,1,0,95.234987,0,1.140925,0,94.093803,0,0,,390,0,0,0,0,1047382,7864320,0,e4166a43abfdb242,,0,2.8
20260927T200509Z-0e3b,ba99c9c3a4c23240,439352,dial,cpu,resident,s0,72,0,0,0,0,warm,24,1,0,97.513021,0,1.131838,0,96.380776,0,0,,397,0,0,0,0,1047382,7864320,0,c576654430d354fd,,0,2.8
20260927T200509Z-0e3b,ba99c9c3a4c23240,180097,dial,cpu,resident,s0,73,0,0,0,0,warm,24,1,0,95.253015,0,1.13474,0,94.118043,0,0,,391,0,0,0,0,1047382,7864320,0,464df24ab6a417ec,,0,2.8
20260927T200509Z-0e3b,ba99c9c3a4c23240,923893,dial,cpu,resident,s0,74,0,0,0,0,warm,24,1,0,96.340136,0,1.14222,0,95.197612,0,0,,392,0,0,0,0,1047382,7864320,0,8dd1e4b1179a37fc,,0,2.8
20260927T200509Z-0e3b,ba99c9c3a4c23240,178879,dial,cpu,resident,s0,75,0,0,0,0,warm,24,1,0,95.136905,0,1.203441,0,93.933164,0,0,,391,0,0,0,0,1047382,7864320,0,a5bb5388b29bd046,,0,2.8
20260927T200509Z-0e3b,ba99c9c3a4c23240,148736,dial,cpu,resident,s0,76,0,0,0,0,warm,24,1,0,95.16114,0,1.180987,0,93.979755,0,0,,395,0,0,0,0,1047382,7864320,0,2dcfc858873260f8,,0,2.8
20260927T200509Z-0e3b,ba99c9c3a4c23240,950182,dial,cpu,resident,s0,77,0,0,0,0,warm,24,1,0,95.375034,0,1.143212,0,94.231475,0,0,,376,0,0,0,0,1047382,7864320,0,ee0ee56c280a7cc2,,0,2.8
20260927T200509Z-0e3b,ba99c9c3a4c23240,667619,dial,cpu,resident,s0,78,0,0,0,0,warm,24,1,0,95.12007,0,1.141396,0,93.978399,0,0,,382,0,0,0,0,1047382,7864320,0,3c09b420faa8bd34,,0,2.8
20260927T200509Z-0e3b,ba99c9c3a4c23240,53666,dial,cpu,resident,s0,79,0,0,0,0,warm,24,1,0,96.996972,0,1.166217,0,95.830468,0,0,,388,0,0,0,0,1047382,7864320,0,feab0b66e2021a0d,,0,2.8
20260927T200509Z-0e3b,ba99c9c3a4c23240,149239,dial,cpu,resident,s0,80,0,0,0,0,warm,24,1,0,95.13543,0,1.143254,0,93.991948,0,0,,394,0,0,0,0,1047382,7864320,0,213803e440feadc1,,0,2.8
20260927T200509Z-0e3b,ba99c9c3a4c23240,565157,dial,cpu,resident,s0,81,0,0,0,0,warm,24,1,0,94.403626,0,1.14549,0,93.257668,0,0,,383,0,0,0,0,1047382,7864320,0,c3e7c2a46358c6bf,,0,2.8
20260927T200509Z-0e3b,ba99c9c3a4c23240,803347,dial,cpu,resident,s0,82,0,0,0,0,warm,24,1,0,95.119564,0,1.173019,0,93.946216,0,0,,386,0,0,0,0,1047382,7864320,0,61e45299bd3f9b95,,0,2.8
20260927T200509Z-0e3b,ba99c9c3a4c23240,224649,dial,cpu,resident,s0,83,0,0,0,0,warm,24,1,0,95.367061,0,1.158851,0,94.207928,0,0,,380,0,0,0,0,1047382,7864320,0,4727f75658ae7f55,,0,2.8
20260927T200509Z-0e3b,ba99c9c3a4c23240,146198,dial,cpu,resident,s0,84,0,0,0,0,warm,24,1,0,95.21738,0,1.133837,0,94.083304,0,0,,382,0,0,0,0,1047382,7864320,0,4a46b0a373169142,,0,2.8
20260927T200509Z-0e3b,ba99c9c3a4c23240,557345,dial,cpu,resident,s0,85,0,0,0,0,warm,24,1,0,95.455945,0,1.133854,0,94.321665,0,0,,393,0,0,0,0,1047382,7864320,0,d0d44292b5894af7,,0,2.8
20260927T200509Z-0e3b,ba99c9c3a4c23240,301998,dial,cpu,resident,s0,86,0,0,0,0,warm,24,1,0,100.195441,0,1.177907,0,99.017226,0,0,,388,0,0,0,0,1047382,7864320,0,f0c0c55daa7e12a1,,0,2.8
20260927T200509Z-0e3b,ba99c9c3a4c23240,461546,dial,cpu,resident,s0,87,0,0,0,0,warm,24,1,0,95.592181,0,1.125149,0,94.466596,0,0,,390,0,0,0,0,1047382,7864320,0,6c69951426c756e4,,0,2.8
20260927T200509Z-0e3b,ba99c9c3a4c23240,891232,dial,cpu,resident,s0,88,0,0,0,0,warm,24,1,0,94.612262,0,1.123091,0,93.488846,0,0,,388,0,0,0,0,1047382,7864320,0,cb5568ed8a609070,,0,2.8
20260927T200509Z-0e3b,ba99c9c3a4c23240,648094,dial,cpu,resident,s0,89,0,0,0,0,warm,24,1,0,95.224729,0,1.112127,0,94.112341,0,0,,398,0,0,0,0,1047382,7864320,0,6c7cf26ec6ec2f2c,,0,2.8
20260927T200509Z-0e3b,ba99c9c3a4c23240,791162,dial,cpu,resident,s0,90,0,0,0,0,warm,24,1,0,96.484054,0,1.147196,0,95.336594,0,0,,400,0,0,0,0,1047382,7864320,0,14e5484e50e5d369,,0,2.8
20260927T200509Z-0e3b,ba99c9c3a4c23240,897431,dial,cpu,resident,s0,91,0,0,0,0,warm,24,1,0,94.60066,0,1.120207,0,93.480062,0,0,,380,0,0,0,0,1047382,7864320,0,46ffb0299779ce28,,0,2.8
20260927T200509Z-0e3b,ba99c9c3a4c23240,922237,dial,cpu,resident,s0,92,0,0,0,0,warm,24,1,0,95.089663,0,1.14418,0,93.945266,0,0,,380,0,0,0,0,1047382,7864320,0,a33f81d4d938e7c2,,0,2.66
20260927T200509Z-0e3b,ba99c9c3a4c23240,323467,dial,cpu,resident,s0,93,0,0,0,0,warm,24,1,0,95.63665,0,1.135126,0,94.501165,0,0,,396,0,0,0,0,1047382,7864320,0,ac1779f60b920e21,,0,2.66
20260927T200509Z-0e3b,ba99c9c3a4c23240,234796,dial,cpu,resident,s0,94,0,0,0,0,warm,24,1,0,94.737181,0,1.1217,0,93.615248,0,0,,387,0,0,0,0,1047382,7864320,0,7d74bc02948a9636,,0,2.66
20260927T200509Z-0e3b,ba99c9c3a4c23240,853304,dial,cpu,resident,s0,95,0,0,0,0,warm,24,1,0,95.121184,0,1.132666,0,93.988289,0,0,,393,0,0,0,0,1047382,7864320,0,09372604fa945e90,,0,2.66
20260927T200509Z-0e3b,ba99c9c3a4c23240,450173,dial,cpu,resident,s0,96,0,0,0,0,warm,24,1,0,94.947746,0,1.122998,0,93.824581,0,0,,384,0,0,0,0,1047382,7864320,0,5e71f6cd5808d723,,0,2.66
20260927T200509Z-0e3b,ba99c9c3a4c23240,402126,dial,cpu,resident,s0,97,0,0,0,0,warm,24,1,0,94.646451,0,1.135154,0,93.51098,0,0,,399,0,0,0,0,1047382,7864320,0,f42f63df994942c2,,0,2.66
20260927T200509Z-0e3b,ba99c9c3a4c23240,525289,dial,cpu,resident,s0,98,0,0,0,0,warm,24,1,0,94.64668,0,1.117226,0,93.529133,0,0,,389,0,0,0,0,1047382,7864320,0,4552620cf7334db8,,0,2.66
20260927T200509Z-0e3b,ba99c9c3a4c23240,442490,dial,cpu,resident,s0,99,0,0,0,0,warm,24,1,0,94.98779,0,1.140926,0,93.846537,0,0,,368,0,0,0,0,1047382,7864320,0,bc7da764c475ef0e,,0,2.66
20260927T200509Z-0e3b,ba99c9c3a4c23240,997733,dial,cpu,resident,s0,100,0,0,0,0,warm,24,1,0,94.651941,0,1.122827,0,93.528557,0,0,,380,0,0,0,0,1047382,7864320,0,e43bf8f7de07c1d1,,0,2.66
20260927T200509Z-0e3b,ba99c9c3a4c23240,217852,dial,cpu,resident,s0,101,0,0,0,0,warm,24,1,0,96.800347,0,1.146191,0,95.653904,0,0,,401,0,0,0,0,1047382,7864320,0,2b6aad2a15eeffbc,,0,2.66
20260927T200509Z-0e3b,ba99c9c3a4c23240,695169,dial,cpu,resident,s0,102,0,0,0,0,warm,24,1,0,95.216447,0,1.149304,0,94.066921,0,0,,380,0,0,0,0,1047382,7864320,0,bf69aa1b4acb1e99,,0,2.66
20260927T200509Z-0e3b,ba99c9c3a4c23240,36788,dial,cpu,resident,s0,103,0,0,0,0,warm,24,1,0,95.042705,0,1.122077,0,93.920334,0,0,,388,0,0,0,0,1047382,7864320,0,440b72a38ee53e70,,0,2.66
20260927T200509Z-0e3b,ba99c9c3a4c23240,702130,dial,cpu,resident,s0,104,0,0,0,0,warm,24,1,0,99.86541,0,1.129289,0,98.735714,0,0,,396,0,0,0,0,1047382,7864320,0,6a85681c5072f86d,,0,2.66
20260927T200509Z-0e3b,ba99c9c3a4c23240,109705,dial,cpu,resident,s0,105,0,0,0,0,warm,24,1,0,96.597291,0,1.157475,0,95.43949,0,0,,379,0,0,0,0,1047382,7864320,0,122a6de40c98dd91,,0,2.66
20260927T200509Z-0e3b,ba99c9c3a4c23240,60708,dial,cpu,resident,s0,106,0,0,0,0,warm,24,1,0,95.701953,0,1.152103,0,94.549448,0,0,,393,0,0,0,0,1047382,7864320,0,ff267373444e3979,,0,2.66
20260927T200509Z-0e3b,ba99c9c3a4c23240,657965,dial,cpu,resident,s0,107,0,0,0,0,warm,24,1,0,100.659,0,1.198914,0,99.459724,0,0,,393,0,0,0,0,1047382,7864320,0,7fc803176a503fcb,,0,2.66
20260927T200509Z-0e3b,ba99c9c3a4c23240,248642,dial,cpu,resident,s0,108,0,0,0,0,warm,24,1,0,96.13566,0,1.222521,0,94.912749,0,0,,389,0,0,0,0,1047382,7864320,0,eb8a2f1c801ff9f5,,0,2.66
20260927T200509Z-0e3b,ba99c9c3a4c23240,447024,dial,cpu,resident,s0,109,0,0,0,0,warm,24,1,0,97.432285,0,1.164846,0,96.267011,0,0,,389,0,0,0,0,1047382,7864320,0,294e71988b335ac8,,0,2.66
20260927T200509Z-0e3b,ba99c9c3a4c23240,586669,dial,cpu,resident,s0,110,0,0,0,0,warm,24,1,0,95.973616,0,1.23521,0,94.73807,0,0,,379,0,0,0,0,1047382,7864320,0,7f06b0a07ce62fbd,,0,2.66
20260927T200509Z-0e3b,ba99c9c3a4c23240,898528,dial,cpu,resident,s0,111,0,0,0,0,warm,24,1,0,94.918609,0,1.143446,0,93.774691,0,0,,388,0,0,0,0,1047382,7864320,0,ed0c4310232a6cfa,,0,2.66
20260927T200509Z-0e3b,ba99c9c3a4c23240,410615,dial,cpu,resident,s0,112,0,0,0,0,warm,24,1,0,96.970568,0,1.136621,0,95.83371,0,0,,397,0,0,0,0,1047382,7864320,0,d6e3cae0016ae636,,0,2.66
20260927T200509Z-0e3b,ba99c9c3a4c23240,233899,dial,cpu,resident,s0,113,0,0,0,0,warm,24,1,0,94.71971,0,1.136331,0,93.582954,0,0,,379,0,0,0,0,1047382,7864320,0,fb90ec5a321a1b11,,0,2.66
20260927T200509Z-0e3b,ba99c9c3a4c23240,321855,dial,cpu,resident,s0,114,0,0,0,0,warm,24,1,0,95.638913,0,1.239733,0,94.398539,0,0,,376,0,0,0,0,1047382,7864320,0,184c285a03ae5048,,0,2.66
20260927T200509Z-0e3b,ba99c9c3a4c23240,327721,dial,cpu,resident,s0,115,0,0,0,0,warm,24,1,0,95.278853,0,1.159394,0,94.119198,0,0,,389,0,0,0,0,1047382,7864320,0,0502c004ff0e13ac,,0,2.66
20260927T200509Z-0e3b,ba99c9c3a4c23240,791859,dial,cpu,resident,s0,116,0,0,0,0,warm,24,1,0,94.681165,0,1.16619,0,93.514762,0,0,,399,0,0,0,0,1047382,7864320,0,77de2f97c13e9690,,0,2.66
20260927T200509Z-0e3b,ba99c9c3a4c23240,830337,dial,cpu,resident,s0,117,0,0,0,0,warm,24,1,0,95.178742,0,1.157062,0,94.021533,0,0,,392,0,0,0,0,1047382,7864320,0,8a1f0ac79dfe7a21,,0,2.66
20260927T200509Z-0e3b,ba99c9c3a4c23240,255281,dial,cpu,resident,s0,118,0,0,0,0,warm,24,1,0,95.078441,0,1.143244,0,93.934908,0,0,,400,0,0,0,0,1047382,7864320,0,9127d34afa79f86f,,0,2.66
20260927T200509Z-0e3b,ba99c9c3a4c23240,396042,dial,cpu,resident,s0,119,0,0,0,0,warm,24,1,0,94.729501,0,1.160445,0,93.568701,0,0,,367,0,0,0,0,1047382,7864320,0,112d40140b009d4a,,0,2.66
20260927T200509Z-0e3b,ba99c9c3a4c23240,617545,dial,cpu,resident,s0,120,0,0,0,0,warm,24,1,0,95.251128,0,1.157495,0,94.093371,0,0,,395,0,0,0,0,1047382,7864320,0,675e0bc84d0c5ef8,,0,2.66
20260927T200509Z-0e3b,ba99c9c3a4c23240,469422,dial,cpu,resident,s0,121,0,0,0,0,warm,24,1,0,94.463652,0,1.164621,0,93.298683,0,0,,374,0,0,0,0,1047382,7864320,0,75c0ccd538f9c0f7,,0,2.66
20260927T200509Z-0e3b,ba99c9c3a4c23240,187428,dial,cpu,resident,s0,122,0,0,0,0,warm,24,1,0,94.869453,0,1.144667,0,93.724427,0,0,,391,0,0,0,0,1047382,7864320,0,bd28bacb43728c1c,,0,2.66
20260927T200509Z-0e3b,ba99c9c3a4c23240,59507,dial,cpu,resident,s0,123,0,0,0,0,warm,24,1,0,96.423507,0,1.153375,0,95.269875,0,0,,404,0,0,0,0,1047382,7864320,0,9bf525a021591b0c,,0,2.66
20260927T200509Z-0e3b,ba99c9c3a4c23240,205738,dial,cpu,resident,s0,124,0,0,0,0,warm,24,1,0,98.225894,0,1.158366,0,97.067139,0,0,,402,0,0,0,0,1047382,7864320,0,0ba3453c1e73022f,,0,2.66
20260927T200509Z-0e3b,ba99c9c3a4c23240,867055,dial,cpu,resident,s0,125,0,0,0,0,warm,24,1,0,95.352545,0,1.170218,0,94.181808,0,0,,393,0,0,0,0,1047382,7864320,0,006b20bd4f12f3ab,,0,2.66
20260927T200509Z-0e3b,ba99c9c3a4c23240,196131,dial,cpu,resident,s0,126,0,0,0,0,warm,24,1,0,95.559359,0,1.164962,0,94.393999,0,0,,383,0,0,0,0,1047382,7864320,0,898234ed8dcb8680,,0,2.66
20260927T200509Z-0e3b,ba99c9c3a4c23240,151969,dial,cpu,resident,s0,127,0,0,0,0,warm,24,1,0,95.400915,0,1.158915,0,94.241568,0,0.000183,,386,0,0,0,0,1047382,7864320,0,0546343fa65d7f21,,0,2.66
20260927T200509Z-0e3b,ba99c9c3a4c23240,715399,delta-omp,cpu,resident,s0,0,0,0,0,1,warm,24,1,13,19.534524,0,2.264819,0,17.268847,0,0,,34,153,0,42,111,1151901,17367326,0,ecdcbb820737fc0e,,0,2.66
20260927T200509Z-0e3b,ba99c9c3a4c23240,187452,delta-omp,cpu,resident,s0,1,0,0,0,1,warm,24,1,13,21.340159,0,2.410505,0,18.928607,0,0,,34,160,0,44,116,1152500,17378226,0,96f02017575011de,,0,2.66
20260927T200509Z-0e3b,ba99c9c3a4c23240,654701,delta-omp,cpu,resident,s0,2,0,0,0,1,warm,24,1,13,23.83864,0,4.047236,0,19.790811,0,0,,35,157,0,42,115,1151622,17362608,0,4f9f9b29bfae372e,,0,2.66
20260927T200509Z-0e3b,ba99c9c3a4c23240,204001,delta-omp,cpu,resident,s0,3,0,0,0,1,warm,24,1,13,21.52082,0,2.472755,0,19.047166,0,0,,35,156,0,42,114,1151832,17364780,0,13e234bc2b51e68e,,0,2.66
20260927T200509Z-0e3b,ba99c9c3a4c23240,463449,delta-omp,cpu,resident,s0,4,0,0,0,1,warm,24,1,13,22.182898,0,3.37421,0,18.807938,0,0,,33,151,0,42,109,1152232,17372928,0,153de2728e824e53,,0,2.66
20260927T200509Z-0e3b,ba99c9c3a4c23240,253613,delta-omp,cpu,resident,s0,5,0,0,0,1,warm,24,1,13,22.14493,0,3.362508,0,18.78176,0,0,,35,153,0,42,111,1152285,17375428,0,3247d70ca7f66ed4,,0,2.66
20260927T200509Z-0e3b,ba99c9c3a4c23240,239468,delta-omp,cpu,resident,s0,6,0,0,0,1,warm,24,1,13,22.215293,0,3.339588,0,18.875037,0,0,,35,156,0,42,114,1152044,17366560,0,a6b6de89d97c7910,,0,2.66
20260927T200509Z-0e3b,ba99c9c3a4c23240,369505,delta-omp,cpu,resident,s0,7,0,0,0,1,warm,24,1,13,22.010527,0,3.3469,0,18.662975,0,0,,34,153,0,42,111,1152188,17371888,0,109b4acc8f4ac33a,,0,2.66
20260927T200509Z-0e3b,ba99c9c3a4c23240,790454,delta-omp,cpu,resident,s0,8,0,0,0,1,warm,24,1,13,21.790185,0,3.353797,0,18.43553,0,0,,35,157,0,45,112,1152128,17369676,0,26e48121c6aa4159,,0,2.66
20260927T200509Z-0e3b,ba99c9c3a4c23240,397801,delta-omp,cpu,resident,s0,9,0,0,0,1,warm,24,1,13,21.635173,0,3.36079,0,18.273353,0,0,,35,157,0,42,115,1152216,17372030,0,5a7753eccbbbecc3,,0,2.66
20260927T200509Z-0e3b,ba99c9c3a4c23240,737225,delta-omp,cpu,resident,s0,10,0,0,0,1,warm,24,1,13,21.445969,0,3.35315,0,18.092162,0,0,,32,144,0,41,103,1152086,17368186,0,f8923c22e103e6ad,,0,2.66
20260927T200509Z-0e3b,ba99c9c3a4c23240,155144,delta-omp,cpu,resident,s0,11,0,0,0,1,warm,24,1,13,22.154001,0,3.34974,0,18.803198,0,0,,34,155,0,42,113,1152053,17371538,0,96cd5ce2c0bed8d9,,0,2.66
20260927T200509Z-0e3b,ba99c9c3a4c23240,763420,delta-omp,cpu,resident,s0,12,0,0,0,1,warm,24,1,13,21.925514,0,3.379809,0,18.544567,0,0,,35,157,0,45,112,1152040,17372268,0,6afec27f81fe3362,,0,2.66
20260927T200509Z-0e3b,ba99c9c3a4c23240,558559,delta-omp,cpu,resident,s0,13,0,0,0,1,warm,24,1,13,21.257223,0,3.334834,0,17.921448,0,0,,36,154,0,43,111,1152401,17373400,0,9ae2735bc57c118b,,0,2.66
20260927T200509Z-0e3b,ba99c9c3a4c23240,689533,delta-omp,cpu,resident,s0,14,0,0,0,1,warm,24,1,13,21.275612,0,3.361718,0,17.913033,0,0,,34,159,0,45,114,1152140,17370728,0,6dd76205e9a709b1,,0,2.66
20260927T200509Z-0e3b,ba99c9c3a4c23240,85750,delta-omp,cpu,resident,s0,15,0,0,0,1,warm,24,1,13,21.360185,0,3.343294,0,18.016138,0,0,,35,157,0,45,112,1151903,17365940,0,93d0652be5380e25,,0,2.66
20260927T200509Z-0e3b,ba99c9c3a4c23240,24166,delta-omp,cpu,resident,s0,16,0,0,0,1,warm,24,1,13,22.268034,0,3.342397,0,18.924756,0,0,,37,162,0,45,117,1152100,17370558,0,4c9f86b8a429a6a1,,0,2.66
20260927T200509Z-0e3b,ba99c9c3a4c23240,181793,delta-omp,cpu,resident,s0,17,0,0,0,1,warm,24,1,13,22.102671,0,3.363485,0,18.738507,0,0,,35,159,0,43,116,1151966,17371568,0,06c27d4ed33dc4c0,,0,2.66
20260927T200509Z-0e3b,ba99c9c3a4c23240,435643,delta-omp,cpu,resident,s0,18,0,0,0,1,warm,24,1,13,21.592119,0,3.360098,0,18.231153,0,0,,34,156,0,44,112,1152258,17374178,0,9e5667ef0aef187c,,0,2.66
20260927T200509Z-0e3b,ba99c9c3a4c23240,412744,delta-omp,cpu,resident,s0,19,0,0,0,1,warm,24,1,13,21.268737,0,3.369996,0,17.898078,0,0,,35,158,0,43,115,1152142,17371988,0,0a4ff2a55423b6fa,,0,2.66
20260927T200509Z-0e3b,ba99c9c3a4c23240,601557,delta-omp,cpu,resident,s0,20,0,0,0,1,warm,24,1,13,21.461547,0,3.370729,0,18.089975,0,0,,34,155,0,43,112,1152018,17370000,0,c59071f58c6927a5,,0,2.66
20260927T200509Z-0e3b,ba99c9c3a4c23240,582010,delta-omp,cpu,resident,s0,21,0,0,0,1,warm,24,1,13,21.912415,0,3.340901,0,18.570841,0,0,,35,159,0,44,115,1152079,17370938,0,abb1d0fe49a68439,,0,2.66
20260927T200509Z-0e3b,ba99c9c3a4c23240,369562,delta-omp,cpu,resident,s0,22,0,0,0,1,warm,24,1,13,21.881965,0,3.364109,0,18.516986,0,0,,36,160,0,44,116,1151760,17364570,0,e8960d119b031443,,0,2.66
20260927T200509Z-0e3b,ba99c9c3a4c23240,1020126,delta-omp,cpu,resident,s0,23,0,0,0,1,warm,24,1,13,21.224729,0,3.365847,0,17.85812,0,0,,36,160,0,43,117,1151944,17368944,0,9a263533db615402,,0,2.66
20260927T200509Z-0e3b,ba99c9c3a4c23240,79356,delta-omp,cpu,resident,s0,24,0,0,0,1,warm,24,1,13,21.856111,0,3.34203,0,18.513253,0,0,,35,153,0,42,111,1151804,17365448,0,44e74e2f955df7c3,,0,2.66
20260927T200509Z-0e3b,ba99c9c3a4c23240,379637,delta-omp,cpu,resident,s0,25,0,0,0,1,warm,24,1,13,21.508226,0,3.36001,0,18.147528,0,0,,35,160,0,44,116,1151938,17365250,0,d1a2e1c3ccbc3f21,,0,2.66
20260927T200509Z-0e3b,ba99c9c3a4c23240,863118,delta-omp,cpu,resident,s0,26,0,0,0,1,warm,24,1,13,22.307023,0,3.743792,0,18.562608,0,0,,36,157,0,43,114,1152349,17376628,0,d5dba0885c35a5f9,,0,2.66
20260927T200509Z-0e3b,ba99c9c3a4c23240,997539,delta-omp,cpu,resident,s0,27,0,0,0,1,warm,24,1,13,21.701782,0,3.361892,0,18.339053,0,0,,32,148,0,41,107,1152118,17372308,0,6eef670e6e3e1100,,0,2.66
20260927T200509Z-0e3b,ba99c9c3a4c23240,192191,delta-omp,cpu,resident,s0,28,0,0,0,1,warm,24,1,13,21.50976,0,3.360142,0,18.148912,0,0,,35,150,0,42,108,1151765,17366632,0,662baab9bef29a06,,0,2.66
20260927T200509Z-0e3b,ba99c9c3a4c23240,67157,delta-omp,cpu,resident,s0,29,0,0,0,1,warm,24,1,13,21.315894,0,3.347457,0,17.967603,0,0,,35,155,0,45,110,1152371,17376794,0,31aaa449503ab45c,,0,2.66
20260927T200509Z-0e3b,ba99c9c3a4c23240,65383,delta-omp,cpu,resident,s0,30,0,0,0,1,warm,24,1,13,21.60133,0,3.337265,0,18.263203,0,0,,36,151,0,43,108,1151953,17369098,0,7204d50f6114d912,,0,2.66
20260927T200509Z-0e3b,ba99c9c3a4c23240,249726,delta-omp,cpu,resident,s0,31,0,0,0,1,warm,24,1,13,21.182465,0,3.371607,0,17.810112,0,0,,35,161,0,45,116,1152089,17372268,0,29e88ade804cdeca,,0,2.66
20260927T200509Z-0e3b,ba99c9c3a4c23240,159695,delta-omp,cpu,resident,s0,32,0,0,0,1,warm,24,1,13,21.455623,0,3.364782,0,18.089778,0,0,,34,153,0,42,111,1151606,17362924,0,7119e6e28c081569,,0,2.66
20260927T200509Z-0e3b,ba99c9c3a4c23240,127101,delta-omp,cpu,resident,s0,33,0,0,0,1,warm,24,1,13,21.976425,0,3.345502,0,18.629952,0,0,,36,162,0,45,117,1152182,17374652,0,846d8477ad8013e1,,0,2.66
20260927T200509Z-0e3b,ba99c9c3a4c23240,296023,delta-omp,cpu,resident,s0,34,0,0,0,1,warm,24,1,13,21.358306,0,3.358287,0,17.999073,0,0,,33,160,0,45,115,1152399,17378140,0,605cc580b3de4615,,0,2.66
20260927T200509Z-0e3b,ba99c9c3a4c23240,982751,delta-omp,cpu,resident,s0,35,0,0,0,1,warm,24,1,13,21.524249,0,3.351342,0,18.172145,0,0,,35,159,0,45,114,1151650,17362606,0,0d4096cd5bc69572,,0,2.66
20260927T200509Z-0e3b,ba99c9c3a4c23240,966093,delta-omp,cpu,resident,s0,36,0,0,0,1,warm,24,1,13,21.919612,0,3.341389,0,18.577295,0,0,,36,159,0,44,115,1151776,17364754,0,7d06fdf48f6e8286,,0,2.66
20260927T200509Z-0e3b,ba99c9c3a4c23240,731425,delta-omp,cpu,resident,s0,37,0,0,0,1,warm,24,1,13,22.19173,0,3.363174,0,18.827752,0,0,,34,157,0,43,114,1152411,17375892,0,466affb9293ca47e,,0,2.66
20260927T200509Z-0e3b,ba99c9c3a4c23240,421395,delta-omp,cpu,resident,s0,38,0,0,0,1,warm,24,1,13,21.168299,0,3.36418,0,17.803207,0,0,,35,157,0,44,113,1152104,17371460,0,eae68b7499feb2b6,,0,2.66
20260927T200509Z-0e3b,ba99c9c3a4c23240,734856,delta-omp,cpu,resident,s0,39,0,0,0,1,warm,24,1,13,22.346735,0,3.387214,0,18.958574,0,0,,36,154,0,42,112,1151840,17368764,0,4f0d08e3cb27ad6a,,0,2.66
20260927T200509Z-0e3b,ba99c9c3a4c23240,413157,delta-omp,cpu,resident,s0,40,0,0,0,1,warm,24,1,13,21.791257,0,3.375425,0,18.414968,0,0,,35,153,0,42,111,1151791,17364132,0,3a6c4deb6663fbb5,,0,2.66
20260927T200509Z-0e3b,ba99c9c3a4c23240,460916,delta-omp,cpu,resident,s0,41,0,0,0,1,warm,24,1,13,22.032681,0,3.347696,0,18.684145,0,0,,34,159,0,44,115,1152257,17373426,0,a6f1b94b86d02118,,0,2.66
20260927T200509Z-0e3b,ba99c9c3a4c23240,769784,delta-omp,cpu,resident,s0,42,0,0,0,1,warm,24,1,13,20.844609,0,3.369812,0,17.473971,0,0,,34,156,0,45,111,1152239,17375332,0,318d7c8bfa3d3ba0,,0,2.66
20260927T200509Z-0e3b,ba99c9c3a4c23240,974706,delta-omp,cpu,resident,s0,43,0,0,0,1,warm,24,1,13,22.052536,0,3.352261,0,18.699456,0,0,,34,154,0,42,112,1151908,17366452,0,583c656b06b7d79c,,0,2.66
20260927T200509Z-0e3b,ba99c9c3a4c23240,58826,delta-omp,cpu,resident,s0,44,0,0,0,1,warm,24,1,13,21.60455,0,3.355186,0,18.248813,0,0,,34,151,0,43,108,1151875,17365118,0,82cfa3ade61fd805,,0,2.66
20260927T200509Z-0e3b,ba99c9c3a4c23240,466714,delta-omp,cpu,resident,s0,45,0,0,0,1,warm,24,1,13,21.65516,0,3.35894,0,18.29551,0,0,,35,154,0,44,110,1152067,17373420,0,ac36503bdc2a7b3e,,0,2.66
20260927T200509Z-0e3b,ba99c9c3a4c23240,597702,delta-omp,cpu,resident,s0,46,0,0,0,1,warm,24,1,13,21.854121,0,3.343891,0,18.509534,0,0,,36,164,0,44,120,1152590,17384532,0,14363d3d7d4164a5,,0,2.66
20260927T200509Z-0e3b,ba99c9c3a4c23240,64665,delta-omp,cpu,resident,s0,47,0,0,0,1,warm,24,1,13,21.29382,0,3.344342,0,17.948653,0,0,,35,157,0,45,112,1152293,17373512,0,8f0864e0fa5ef390,,0,2.66
20260927T200509Z-0e3b,ba99c9c3a4c23240,855449,delta-omp,cpu,resident,s0,48,0,0,0,1,warm,24,1,13,21.769889,0,3.344914,0,18.424299,0,0,,34,154,0,42,112,1152065,17369192,0,eaf42e238a9ddc48,,0,2.66
20260927T200509Z-0e3b,ba99c9c3a4c23240,519923,delta-omp,cpu,resident,s0,49,0,0,0,1,warm,24,1,13,21.596426,0,3.342611,0,18.253067,0,0,,35,158,0,45,113,1151722,17363724,0,a96200c3afe17ff5,,0,2.66
20260927T200509Z-0e3b,ba99c9c3a4c23240,474057,delta-omp,cpu,resident,s0,50,0,0,0,1,warm,24,1,13,21.122942,0,3.343343,0,17.778615,0,0,,36,156,0,45,111,1151999,17371378,0,2ab389d83e24de4a,,0,2.66
20260927T200509Z-0e3b,ba99c9c3a4c23240,949772,delta-omp,cpu,resident,s0,51,0,0,0,1,warm,24,1,13,21.716594,0,3.368145,0,18.347364,0,0,,35,158,0,42,116,1151914,17366186,0,f7ce1bc1539a870f,,0,2.66
20260927T200509Z-0e3b,ba99c9c3a4c23240,894887,delta-omp,cpu,resident,s0,52,0,0,0,1,warm,24,1,13,22.031068,0,3.349345,0,18.680803,0,0,,35,161,0,44,117,1152112,17371310,0,e83804eab75047de,,0,2.66
20260927T200509Z-0e3b,ba99c9c3a4c23240,141783,delta-omp,cpu,resident,s0,53,0,0,0,1,warm,24,1,13,21.317214,0,3.388231,0,17.927959,0,0,,33,156,0,45,111,1152026,17370494,0,93d9cbd5c1468553,,0,2.66
20260927T200509Z-0e3b,ba99c9c3a4c23240,917286,delta-omp,cpu,resident,s0,54,0,0,0,1,warm,24,1,13,21.877461,0,3.348692,0,18.528032,0,0,,35,160,0,45,115,1152488,17375760,0,2dfe42ff94f73f3f,,0,2.66
20260927T200509Z-0e3b,ba99c9c3a4c23240,39176,delta-omp,cpu,resident,s0,55,0,0,0,1,warm,24,1,13,21.694139,0,3.3502,0,18.343246,0,0,,34,151,0,43,108,1151282,17356272,0,fcd5001a78d68a13,,0,2.66
20260927T200509Z-0e3b,ba99c9c3a4c23240,345611,delta-omp,cpu,resident,s0,56,0,0,0,1,warm,24,1,13,21.459566,0,3.351791,0,18.107055,0,0,,34,157,0,45,112,1152209,17372644,0,16413610483b2219,,0,2.66
20260927T200509Z-0e3b,ba99c9c3a4c23240,968513,delta-omp,cpu,resident,s0,57,0,0,0,1,warm,24,1,13,22.438594,0,3.365902,0,19.07176,0,0,,34,158,0,43,115,1152180,17373594,0,05566abd08729f29,,0,2.66
20260927T200509Z-0e3b,ba99c9c3a4c23240,483034,delta-omp,cpu,resident,s0,58,0,0,0,1,warm,24,1,13,22.311534,0,3.368793,0,18.942014,0,0,,35,163,0,42,121,1152094,17372006,0,d086ea4ae6327b65,,0,2.66
20260927T200509Z-0e3b,ba99c9c3a4c23240,553088,delta-omp,cpu,resident,s0,59,0,0,0,1,warm,24,1,13,21.39458,0,3.394315,0,17.999666,0,0,,36,163,0,44,119,1152175,17372240,0,02539fcfa0feba49,,0,2.66
20260927T200509Z-0e3b,ba99c9c3a4c23240,868304,delta-omp,cpu,resident,s0,60,0,0,0,1,warm,24,1,13,20.932591,0,3.359805,0,17.572095,0,0,,34,153,0,45,108,1151936,17368908,0,8a67d279430d6e18,,0,2.66
20260927T200509Z-0e3b,ba99c9c3a4c23240,667559,delta-omp,cpu,resident,s0,61,0,0,0,1,warm,24,1,13,22.475037,0,3.34016,0,19.134138,0,0,,34,158,0,39,119,1151849,17367672,0,956021a54b8a90c1,,0,2.66
20260927T200509Z-0e3b,ba99c9c3a4c23240,695777,delta-omp,cpu,resident,s0,62,0,0,0,1,warm,24,1,13,21.581221,0,3.366442,0,18.21423,0,0,,35,155,0,45,110,1151866,17365482,0,05f487ae1d20c8ea,,0,2.66
20260927T200509Z-0e3b,ba99c9c3a4c23240,410614,delta-omp,cpu,resident,s0,63,0,0,0,1,warm,24,1,13,21.83911,0,3.352448,0,18.485702,0,0,,37,162,0,45,117,1152259,17372350,0,33339b273dd054e0,,0,2.66
20260927T200509Z-0e3b,ba99c9c3a4c23240,405553,delta-omp,cpu,resident,s0,64,0,0,0,1,warm,24,1,13,21.586723,0,3.376943,0,18.209007,0,0,,32,150,0,40,110,1151270,17355758,0,d4252920120688c8,,0,2.66
20260927T200509Z-0e3b,ba99c9c3a4c23240,985326,delta-omp,cpu,resident,s0,65,0,0,0,1,warm,24,1,13,22.258557,0,3.358904,0,18.899031,0,0,,37,158,0,42,116,1152150,17371118,0,8e89834923c4f91c,,0,4.37
20260927T200509Z-0e3b,ba99c9c3a4c23240,668876,delta-omp,cpu,resident,s0,66,0,0,0,1,warm,24,1,13,21.583701,0,3.373332,0,18.20927,0,0,,35,159,0,45,114,1152137,17371574,0,ff78503eb529ff7a,,0,4.37
20260927T200509Z-0e3b,ba99c9c3a4c23240,965128,delta-omp,cpu,resident,s0,67,0,0,0,1,warm,24,1,13,20.963638,0,3.340282,0,17.62266,0,0,,34,152,0,45,107,1152031,17368782,0,26b3d1ada6a27fb3,,0,4.37
20260927T200509Z-0e3b,ba99c9c3a4c23240,593734,delta-omp,cpu,resident,s0,68,0,0,0,1,warm,24,1,13,21.386788,0,3.338571,0,18.047561,0,0,,34,159,0,45,114,1151625,17363982,0,109812663c9c2735,,0,4.37
20260927T200509Z-0e3b,ba99c9c3a4c23240,273974,delta-omp,cpu,resident,s0,69,0,0,0,1,warm,24,1,13,21.57031,0,3.353988,0,18.215267,0,0,,32,148,0,42,106,1152622,17380268,0,8af4d6c71cef4e55,,0,4.37
20260927T200509Z-0e3b,ba99c9c3a4c23240,892034,delta-omp,cpu,resident,s0,70,0,0,0,1,warm,24,1,13,21.710274,0,3.388648,0,18.321003,0,0,,37,161,0,45,116,1151940,17368592,0,0651623fb2ac92ef,,0,4.37
20260927T200509Z-0e3b,ba99c9c3a4c23240,878403,delta-omp,cpu,resident,s0,71,0,0,0,1,warm,24,1,13,21.977128,0,3.340292,0,18.636087,0,0,,34,161,0,42,119,1151891,17368222,0,e4166a43abfdb242,,0,4.37
20260927T200509Z-0e3b,ba99c9c3a4c23240,439352,delta-omp,cpu,resident,s0,72,0,0,0,1,warm,24,1,13,22.012843,0,3.353221,0,18.658886,0,0,,37,163,0,45,118,1151386,17361140,0,c576654430d354fd,,0,4.37
20260927T200509Z-0e3b,ba99c9c3a4c23240,180097,delta-omp,cpu,resident,s0,73,0,0,0,1,warm,24,1,13,21.562433,0,3.390049,0,18.171524,0,0,,34,157,0,45,112,1151663,17367410,0,464df24ab6a417ec,,0,4.37
20260927T200509Z-0e3b,ba99c9c3a4c23240,923893,delta-omp,cpu,resident,s0,74,0,0,0,1,warm,24,1,13,21.539122,0,3.336932,0,18.201653,0,0,,35,164,0,45,119,1152251,17375150,0,8dd1e4b1179a37fc,,0,4.37
20260927T200509Z-0e3b,ba99c9c3a4c23240,178879,delta-omp,cpu,resident,s0,75,0,0,0,1,warm,24,1,13,21.849851,0,3.352692,0,18.496372,0,0,,35,162,0,45,117,1152254,17372854,0,a5bb5388b29bd046,,0,4.37
20260927T200509Z-0e3b,ba99c9c3a4c23240,148736,delta-omp,cpu,resident,s0,76,0,0,0,1,warm,24,1,13,22.871885,0,3.350079,0,19.520929,0,0,,34,159,0,42,117,1152011,17371526,0,2dcfc858873260f8,,0,4.37
20260927T200509Z-0e3b,ba99c9c3a4c23240,950182,delta-omp,cpu,resident,s0,77,0,0,0,1,warm,24,1,13,21.152062,0,3.365081,0,17.786104,0,0,,33,150,0,43,107,1151524,17362668,0,ee0ee56c280a7cc2,,0,4.37
20260927T200509Z-0e3b,ba99c9c3a4c23240,667619,delta-omp,cpu,resident,s0,78,0,0,0,1,warm,24,1,13,21.676634,0,3.352051,0,18.323906,0,0,,34,155,0,42,113,1151716,17367610,0,3c09b420faa8bd34,,0,4.37
20260927T200509Z-0e3b,ba99c9c3a4c23240,53666,delta-omp,cpu,resident,s0,79,0,0,0,1,warm,24,1,13,22.322374,0,3.349985,0,18.971746,0,0,,33,153,0,42,111,1152216,17373644,0,feab0b66e2021a0d,,0,4.37
20260927T200509Z-0e3b,ba99c9c3a4c23240,149239,delta-omp,cpu,resident,s0,80,0,0,0,1,warm,24,1,13,21.839879,0,3.350417,0,18.488841,0,0,,35,156,0,44,112,1151647,17364338,0,213803e440feadc1,,0,4.37
20260927T200509Z-0e3b,ba99c9c3a4c23240,565157,delta-omp,cpu,resident,s0,81,0,0,0,1,warm,24,1,13,21.517735,0,3.392652,0,18.124137,0,0,,35,158,0,44,114,1152124,17371570,0,c3e7c2a46358c6bf,,0,4.37
20260927T200509Z-0e3b,ba99c9c3a4c23240,803347,delta-omp,cpu,resident,s0,82,0,0,0,1,warm,24,1,13,22.450983,0,3.349963,0,19.100227,0,0,,34,154,0,42,112,1151572,17364988,0,61e45299bd3f9b95,,0,4.37
20260927T200509Z-0e3b,ba99c9c3a4c23240,224649,delta-omp,cpu,resident,s0,83,0,0,0,1,warm,24,1,13,22.610786,0,3.837085,0,18.7728,0,0,,33,155,0,42,113,1152081,17368846,0,4727f75658ae7f55,,0,4.37
20260927T200509Z-0e3b,ba99c9c3a4c23240,146198,delta-omp,cpu,resident,s0,84,0,0,0,1,warm,24,1,13,22.14592,0,3.376583,0,18.768727,0,0,,34,156,0,42,114,1151922,17369342,0,4a46b0a373169142,,0,4.37
20260927T200509Z-0e3b,ba99c9c3a4c23240,557345,delta-omp,cpu,resident,s0,85,0,0,0,1,warm,24,1,13,22.808208,0,3.380922,0,19.426503,0,0,,34,153,0,42,111,1151852,17364252,0,d0d44292b5894af7,,0,4.37
20260927T200509Z-0e3b,ba99c9c3a4c23240,301998,delta-omp,cpu,resident,s0,86,0,0,0,1,warm,24,1,13,22.387397,0,3.360126,0,19.026426,0,0,,35,158,0,42,116,1152052,17372412,0,f0c0c55daa7e12a1,,0,4.37
20260927T200509Z-0e3b,ba99c9c3a4c23240,461546,delta-omp,cpu,resident,s0,87,0,0,0,1,warm,24,1,13,21.992539,0,3.36383,0,18.628056,0,0,,35,159,0,45,114,1152597,17379584,0,6c69951426c756e4,,0,4.37
20260927T200509Z-0e3b,ba99c9c3a4c23240,891232,delta-omp,cpu,resident,s0,88,0,0,0,1,warm,24,1,13,22.669929,0,3.354022,0,19.315195,0,0,,35,158,0,42,116,1152164,17370292,0,cb5568ed8a609070,,0,4.37
20260927T200509Z-0e3b,ba99c9c3a4c23240,648094,delta-omp,cpu,resident,s0,89,0,0,0,1,warm,24,1,13,22.23639,0,3.403225,0,18.832127,0,0,,36,165,0,45,120,1151540,17358328,0,6c7cf26ec6ec2f2c,,0,4.37
20260927T200509Z-0e3b,ba99c9c3a4c23240,791162,delta-omp,cpu,resident,s0,90,0,0,0,1,warm,24,1,13,25.220268,0,5.762761,0,19.456632,0,0,,36,161,0,44,117,1152154,17372304,0,14e5484e50e5d369,,0,4.37
20260927T200509Z-0e3b,ba99c9c3a4c23240,897431,delta-omp,cpu,resident,s0,91,0,0,0,1,warm,24,1,13,21.313521,0,3.393696,0,17.919155,0,0,,35,155,0,43,112,1151837,17366268,0,46ffb0299779ce28,,0,4.37
20260927T200509Z-0e3b,ba99c9c3a4c23240,922237,delta-omp,cpu,resident,s0,92,0,0,0,1,warm,24,1,13,21.862364,0,3.393689,0,18.467671,0,0,,35,156,0,41,115,1152056,17369706,0,a33f81d4d938e7c2,,0,4.37
20260927T200509Z-0e3b,ba99c9c3a4c23240,323467,delta-omp,cpu,resident,s0,93,0,0,0,1,warm,24,1,13,21.92688,0,3.380964,0,18.544871,0,0,,35,164,0,44,120,1151828,17368312,0,ac1779f60b920e21,,0,4.37
20260927T200509Z-0e3b,ba99c9c3a4c23240,234796,delta-omp,cpu,resident,s0,94,0,0,0,1,warm,24,1,13,21.848685,0,3.38048,0,18.467354,0,0,,36,165,0,42,123,1152603,17378986,0,7d74bc02948a9636,,0,4.37
20260927T200509Z-0e3b,ba99c9c3a4c23240,853304,delta-omp,cpu,resident,s0,95,0,0,0,1,warm,24,1,13,22.20304,0,3.361349,0,18.840927,0,0,,36,159,0,45,114,1152368,17376734,0,09372604fa945e90,,0,4.37
20260927T200509Z-0e3b,ba99c9c3a4c23240,450173,delta-omp,cpu,resident,s0,96,0,0,0,1,warm,24,1,13,21.58578,0,3.350382,0,18.234478,0,0,,34,159,0,42,117,1151754,17366956,0,5e71f6cd5808d723,,0,4.37
20260927T200509Z-0e3b,ba99c9c3a4c23240,402126,delta-omp,cpu,resident,s0,97,0,0,0,1,warm,24,1,13,22.096347,0,3.391864,0,18.703385,0,0,,33,158,0,45,113,1151813,17364288,0,f42f63df994942c2,,0,4.37
20260927T200509Z-0e3b,ba99c9c3a4c23240,525289,delta-omp,cpu,resident,s0,98,0,0,0,1,warm,24,1,13,21.261301,0,3.366369,0,17.894096,0,0,,35,156,0,43,113,1151928,17367786,0,4552620cf7334db8,,0,4.37
20260927T200509Z-0e3b,ba99c9c3a4c23240,442490,delta-omp,cpu,resident,s0,99,0,0,0,1,warm,24,1,13,21.396001,0,3.356916,0,18.038317,0,0,,34,155,0,40,115,1151119,17355324,0,bc7da764c475ef0e,,0,4.37
20260927T200509Z-0e3b,ba99c9c3a4c23240,997733,delta-omp,cpu,resident,s0,100,0,0,0,1,warm,24,1,13,21.659102,0,3.35966,0,18.298762,0,0,,34,156,0,42,114,1152565,17379400,0,e43bf8f7de07c1d1,,0,4.37
20260927T200509Z-0e3b,ba99c9c3a4c23240,217852,delta-omp,cpu,resident,s0,101,0,0,0,1,warm,24,1,13,22.365304,0,3.376922,0,18.987568,0,0,,36,161,0,45,116,1152364,17380358,0,2b6aad2a15eeffbc,,0,4.37
20260927T200509Z-0e3b,ba99c9c3a4c23240,695169,delta-omp,cpu,resident,s0,102,0,0,0,1,warm,24,1,13,21.313505,0,3.344346,0,17.968313,0,0,,34,153,0,43,110,1152446,17374614,0,bf69aa1b4acb1e99,,0,4.37
20260927T200509Z-0e3b,ba99c9c3a4c23240,36788,delta-omp,cpu,resident,s0,103,0,0,0,1,warm,24,1,13,22.561705,0,3.34914,0,19.211583,0,0,,34,156,0,42,114,1152103,17373232,0,440b72a38ee53e70,,0,4.37
20260927T200509Z-0e3b,ba99c9c3a4c23240,702130,delta-omp,cpu,resident,s0,104,0,0,0,1,warm,24,1,13,22.464179,0,3.359617,0,19.103822,0,0,,37,166,0,42,124,1151320,17358392,0,6a85681c5072f86d,,0,4.37
20260927T200509Z-0e3b,ba99c9c3a4c23240,109705,delta-omp,cpu,resident,s0,105,0,0,0,1,warm,24,1,13,21.654693,0,3.349995,0,18.303781,0,0,,35,160,0,43,117,1152172,17371782,0,122a6de40c98dd91,,0,4.37
20260927T200509Z-0e3b,ba99c9c3a4c23240,60708,delta-omp,cpu,resident,s0,106,0,0,0,1,warm,24,1,13,21.632334,0,3.378154,0,18.253316,0,0,,35,160,0,45,115,1151902,17366820,0,ff267373444e3979,,0,4.37
20260927T200509Z-0e3b,ba99c9c3a4c23240,657965,delta-omp,cpu,resident,s0,107,0,0,0,1,warm,24,1,13,21.21442,0,3.347039,0,17.866442,0,0,,34,157,0,45,112,1152245,17374222,0,7fc803176a503fcb,,0,4.37
20260927T200509Z-0e3b,ba99c9c3a4c23240,248642,delta-omp,cpu,resident,s0,108,0,0,0,1,warm,24,1,13,21.447114,0,3.365752,0,18.080745,0,0,,35,152,0,43,109,1152239,17375952,0,eb8a2f1c801ff9f5,,0,4.37
20260927T200509Z-0e3b,ba99c9c3a4c23240,447024,delta-omp,cpu,resident,s0,109,0,0,0,1,warm,24,1,13,21.552271,0,3.388817,0,18.162595,0,0,,32,155,0,42,113,1152257,17373944,0,294e71988b335ac8,,0,4.37
20260927T200509Z-0e3b,ba99c9c3a4c23240,586669,delta-omp,cpu,resident,s0,110,0,0,0,1,warm,24,1,13,21.082709,0,3.363766,0,17.718249,0,0,,35,154,0,43,111,1152419,17374770,0,7f06b0a07ce62fbd,,0,4.37
20260927T200509Z-0e3b,ba99c9c3a4c23240,898528,delta-omp,cpu,resident,s0,111,0,0,0,1,warm,24,1,13,22.189714,0,3.365317,0,18.823677,0,0,,35,155,0,42,113,1152281,17373332,0,ed0c4310232a6cfa,,0,4.37
20260927T200509Z-0e3b,ba99c9c3a4c23240,410615,delta-omp,cpu,resident,s0,112,0,0,0,1,warm,24,1,13,22.289182,0,3.362366,0,18.925884,0,0,,34,156,0,45,111,1152097,17372794,0,d6e3cae0016ae636,,0,4.37
20260927T200509Z-0e3b,ba99c9c3a4c23240,233899,delta-omp,cpu,resident,s0,113,0,0,0,1,warm,24,1,13,21.351532,0,3.350169,0,18.000559,0,0,,33,150,0,43,107,1152334,17375482,0,fb90ec5a321a1b11,,0,4.37
20260927T200509Z-0e3b,ba99c9c3a4c23240,321855,delta-omp,cpu,resident,s0,114,0,0,0,1,warm,24,1,13,21.808663,0,3.328042,0,18.479582,0,0,,33,151,0,41,110,1152162,17372142,0,184c285a03ae5048,,0,4.37
20260927T200509Z-0e3b,ba99c9c3a4c23240,327721,delta-omp,cpu,resident,s0,115,0,0,0,1,warm,24,1,13,22.433867,0,3.366588,0,19.066412,0,0,,35,156,0,43,113,1152579,17380362,0,0502c004ff0e13ac,,0,4.37
20260927T200509Z-0e3b,ba99c9c3a4c23240,791859,delta-omp,cpu,resident,s0,116,0,0,0,1,warm,24,1,13,22.139282,0,3.354891,0,18.783705,0,0,,35,159,0,42,117,1151743,17366728,0,77de2f97c13e9690,,0,4.37
20260927T200509Z-0e3b,ba99c9c3a4c23240,830337,delta-omp,cpu,resident,s0,117,0,0,0,1,warm,24,1,13,22.341348,0,3.364328,0,18.97627,0,0,,36,158,0,42,116,1152209,17371464,0,8a1f0ac79dfe7a21,,0,4.37
20260927T200509Z-0e3b,ba99c9c3a4c23240,255281,delta-omp,cpu,resident,s0,118,0,0,0,1,warm,24,1,13,22.666494,0,3.366159,0,19.299636,0,0,,35,157,0,43,114,1151944,17370470,0,9127d34afa79f86f,,0,4.37
20260927T200509Z-0e3b,ba99c9c3a4c23240,396042,delta-omp,cpu,resident,s0,119,0,0,0,1,warm,24,1,13,21.301699,0,3.358678,0,17.942188,0,0,,33,149,0,42,107,1152074,17372342,0,112d40140b009d4a,,0,4.37
20260927T200509Z-0e3b,ba99c9c3a4c23240,617545,delta-omp,cpu,resident,s0,120,0,0,0,1,warm,24,1,13,21.491238,0,3.345456,0,18.144905,0,0,,34,158,0,45,113,1152182,17372042,0,675e0bc84d0c5ef8,,0,4.37
20260927T200509Z-0e3b,ba99c9c3a4c23240,469422,delta-omp,cpu,resident,s0,121,0,0,0,1,warm,24,1,13,21.93907,0,3.350142,0,18.588159,0,0,,34,154,0,40,114,1152176,17370206,0,75c0ccd538f9c0f7,,0,4.37
20260927T200509Z-0e3b,ba99c9c3a4c23240,187428,delta-omp,cpu,resident,s0,122,0,0,0,1,warm,24,1,13,21.578489,0,3.347082,0,18.230616,0,0,,36,159,0,44,115,1152131,17370094,0,bd28bacb43728c1c,,0,4.37
20260927T200509Z-0e3b,ba99c9c3a4c23240,59507,delta-omp,cpu,resident,s0,123,0,0,0,1,warm,24,1,13,22.391348,0,3.379674,0,19.010898,0,0,,35,166,0,44,122,1151915,17367536,0,9bf525a021591b0c,,0,4.37
20260927T200509Z-0e3b,ba99c9c3a4c23240,205738,delta-omp,cpu,resident,s0,124,0,0,0,1,warm,24,1,13,21.996803,0,3.358233,0,18.637653,0,0,,37,166,0,45,121,1151712,17365306,0,0ba3453c1e73022f,,0,4.37
20260927T200509Z-0e3b,ba99c9c3a4c23240,867055,delta-omp,cpu,resident,s0,125,0,0,0,1,warm,24,1,13,21.747534,0,3.362586,0,18.383944,0,0,,36,162,0,45,117,1151986,17371796,0,006b20bd4f12f3ab,,0,4.37
20260927T200509Z-0e3b,ba99c9c3a4c23240,196131,delta-omp,cpu,resident,s0,126,0,0,0,1,warm,24,1,13,22.21991,0,3.372958,0,18.846123,0,0,,33,156,0,42,114,1152625,17377896,0,898234ed8dcb8680,,0,4.37
20260927T200509Z-0e3b,ba99c9c3a4c23240,151969,delta-omp,cpu,resident,s0,127,0,0,0,1,warm,24,1,13,21.44174,0,3.363528,0,18.07702,0,0.000324,,34,153,0,43,110,1151959,17369928,0,0546343fa65d7f21,,0,4.37
20260927T200509Z-0e3b,ba99c9c3a4c23240,715399,gpu-frontier,gpu,resident,s0,0,0,0,0,2,warm,0,1,0,9.457742,0,0.306118,4.03721619,4.63456011,0.447956,0,,38,38,38,0,0,4119040,30898607,0,ecdcbb820737fc0e,2511.64134,0,4.37
20260927T200509Z-0e3b,ba99c9c3a4c23240,187452,gpu-frontier,gpu,resident,s0,1,0,0,0,2,warm,0,1,0,4.406948,0,0,0,3.92297602,0.47245,0,,36,36,36,0,0,3431955,25754077,0,96f02017575011de,2513.08413,0,4.37
20260927T200509Z-0e3b,ba99c9c3a4c23240,654701,gpu-frontier,gpu,resident,s0,2,0,0,0,2,warm,0,1,0,4.524759,0,0,0,4.03024006,0.477542,0,,38,38,38,0,0,3466026,25970137,0,4f9f9b29bfae372e,2511.16068,0,4.37
20260927T200509Z-0e3b,ba99c9c3a4c23240,204001,gpu-frontier,gpu,resident,s0,3,0,0,0,2,warm,0,1,0,4.12846,0,0,0,3.68521595,0.430924,0,,35,35,35,0,0,3211867,24104349,0,13e234bc2b51e68e,2511.16068,0,4.37
20260927T200509Z-0e3b,ba99c9c3a4c23240,463449,gpu-frontier,gpu,resident,s0,4,0,0,0,2,warm,0,1,0,4.353507,0,0,0,3.91990399,0.422003,0,,37,37,37,0,0,3417427,25630984,0,153de2728e824e53,2511.16068,0,4.37
20260927T200509Z-0e3b,ba99c9c3a4c23240,253613,gpu-frontier,gpu,resident,s0,5,0,0,0,2,warm,0,1,0,4.312481,0,0,0,3.83571196,0.464126,0,,36,36,36,0,0,3341985,25089753,0,3247d70ca7f66ed4,2513.72573,0,4.37
20260927T200509Z-0e3b,ba99c9c3a4c23240,239468,gpu-frontier,gpu,resident,s0,6,0,0,0,2,warm,0,1,0,4.326566,0,0,0,3.88505602,0.429092,0,,36,36,36,0,0,3367052,25259984,0,a6b6de89d97c7910,2511.8016,0,4.37
20260927T200509Z-0e3b,ba99c9c3a4c23240,369505,gpu-frontier,gpu,resident,s0,7,0,0,0,2,warm,0,1,0,4.30347,0,0,0,3.86543989,0.427473,0,,36,36,36,0,0,3385393,25415659,0,109b4acc8f4ac33a,2513.72573,0,4.37
20260927T200509Z-0e3b,ba99c9c3a4c23240,790454,gpu-frontier,gpu,resident,s0,8,0,0,0,2,warm,0,1,0,4.391049,0,0,0,3.96783996,0.410996,0,,39,39,39,0,0,3419950,25635898,0,26e48121c6aa4159,2513.72573,0,4.37
20260927T200509Z-0e3b,ba99c9c3a4c23240,397801,gpu-frontier,gpu,resident,s0,9,0,0,0,2,warm,0,1,0,4.367516,0,0,0,3.95264006,0.403957,0,,39,39,39,0,0,3411558,25602901,0,5a7753eccbbbecc3,2513.72573,0,4.37
20260927T200509Z-0e3b,ba99c9c3a4c23240,737225,gpu-frontier,gpu,resident,s0,10,0,0,0,2,warm,0,1,0,4.578509,0,0,0,4.15263987,0.415004,0,,38,38,38,0,0,3642522,27360414,0,f8923c22e103e6ad,2511.72132,0,4.37
20260927T200509Z-0e3b,ba99c9c3a4c23240,155144,gpu-frontier,gpu,resident,s0,11,0,0,0,2,warm,0,1,0,4.861491,0,0,0,4.44515181,0.405165,0,,38,38,38,0,0,3941779,29571900,0,96cd5ce2c0bed8d9,2511.32088,0,4.37
20260927T200509Z-0e3b,ba99c9c3a4c23240,763420,gpu-frontier,gpu,resident,s0,12,0,0,0,2,warm,0,1,0,4.560235,0,0,0,4.14207983,0.407743,0,,38,38,38,0,0,3615287,27087560,0,6afec27f81fe3362,2513.72573,0,4.37
20260927T200509Z-0e3b,ba99c9c3a4c23240,558559,gpu-frontier,gpu,resident,s0,13,0,0,0,2,warm,0,1,0,4.639576,0,0,0,4.21577597,0.412417,0,,38,38,38,0,0,3697264,27725848,0,9ae2735bc57c118b,2511.96159,0,4.37
20260927T200509Z-0e3b,ba99c9c3a4c23240,689533,gpu-frontier,gpu,resident,s0,14,0,0,0,2,warm,0,1,0,4.408414,0,0,0,3.99766397,0.399538,0,,40,40,40,0,0,3464771,25973624,0,6dd76205e9a709b1,2513.72573,0,4.37
20260927T200509Z-0e3b,ba99c9c3a4c23240,85750,gpu-frontier,gpu,resident,s0,15,0,0,0,2,warm,0,1,0,4.380687,0,0,0,3.96070409,0.409528,0,,38,38,38,0,0,3435491,25774306,0,93d0652be5380e25,2511.24093,0,4.37
20260927T200509Z-0e3b,ba99c9c3a4c23240,24166,gpu-frontier,gpu,resident,s0,16,0,0,0,2,warm,0,1,0,4.460875,0,0,0,4.0028801,0.447186,0,,37,37,37,0,0,3506375,26274915,0,4c9f86b8a429a6a1,2511.56107,0,4.37
20260927T200509Z-0e3b,ba99c9c3a4c23240,181793,gpu-frontier,gpu,resident,s0,17,0,0,0,2,warm,0,1,0,4.491733,0,0,0,4.07024002,0.410758,0,,38,38,38,0,0,3550170,26607276,0,06c27d4ed33dc4c0,2513.72573,0,4.37
20260927T200509Z-0e3b,ba99c9c3a4c23240,435643,gpu-frontier,gpu,resident,s0,18,0,0,0,2,warm,0,1,0,4.443777,0,0,0,4.02518415,0.408243,0,,36,36,36,0,0,3545827,26597162,0,9e5667ef0aef187c,2513.72573,0,4.37
20260927T200509Z-0e3b,ba99c9c3a4c23240,412744,gpu-frontier,gpu,resident,s0,19,0,0,0,2,warm,0,1,0,4.605354,0,0,0,4.19094419,0.404381,0,,39,39,39,0,0,3671515,27535374,0,0a4ff2a55423b6fa,2513.72573,0,4.37
20260927T200509Z-0e3b,ba99c9c3a4c23240,601557,gpu-frontier,gpu,resident,s0,20,0,0,0,2,warm,0,1,0,4.321211,0,0,0,3.90847993,0.402292,0,,36,36,36,0,0,3434820,25782834,0,c59071f58c6927a5,2512.04188,0,4.37
20260927T200509Z-0e3b,ba99c9c3a4c23240,582010,gpu-frontier,gpu,resident,s0,21,0,0,0,2,warm,0,1,0,4.31365,0,0,0,3.86851192,0.433926,0,,38,38,38,0,0,3340186,25037666,0,abb1d0fe49a68439,2511.8016,0,4.37
20260927T200509Z-0e3b,ba99c9c3a4c23240,369562,gpu-frontier,gpu,resident,s0,22,0,0,0,2,warm,0,1,0,4.815095,0,0,0,4.34687996,0.456549,0,,36,36,36,0,0,3855362,28913296,0,e8960d119b031443,2513.72573,0,4.37
20260927T200509Z-0e3b,ba99c9c3a4c23240,1020126,gpu-frontier,gpu,resident,s0,23,0,0,0,2,warm,0,1,0,4.671987,0,0,0,4.14713621,0.511635,0,,38,38,38,0,0,3617751,27153646,0,9a263533db615402,2511.40084,0,4.37
20260927T200509Z-0e3b,ba99c9c3a4c23240,79356,gpu-frontier,gpu,resident,s0,24,0,0,0,2,warm,0,1,0,4.455128,0,0,0,3.95964789,0.482595,0,,37,37,37,0,0,3452898,25888832,0,44e74e2f955df7c3,2511.4811,0,4.37
20260927T200509Z-0e3b,ba99c9c3a4c23240,379637,gpu-frontier,gpu,resident,s0,25,0,0,0,2,warm,0,1,0,4.702259,0,0,0,4.27692795,0.413686,0,,40,40,40,0,0,3714018,27882233,0,d1a2e1c3ccbc3f21,2513.24427,0,4.37
20260927T200509Z-0e3b,ba99c9c3a4c23240,863118,gpu-frontier,gpu,resident,s0,26,0,0,0,2,warm,0,1,0,4.331503,0,0,0,3.861408,0.457699,0,,36,36,36,0,0,3356040,25186188,0,d5dba0885c35a5f9,2513.1642,0,4.37
20260927T200509Z-0e3b,ba99c9c3a4c23240,997539,gpu-frontier,gpu,resident,s0,27,0,0,0,2,warm,0,1,0,4.433408,0,0,0,3.99776006,0.423914,0,,36,36,36,0,0,3475201,26076212,0,6eef670e6e3e1100,2512.04188,0,4.37
20260927T200509Z-0e3b,ba99c9c3a4c23240,192191,gpu-frontier,gpu,resident,s0,28,0,0,0,2,warm,0,1,0,4.435416,0,0,0,4.00569582,0.418654,0,,36,36,36,0,0,3509197,26353705,0,662baab9bef29a06,2511.4811,0,4.37
20260927T200509Z-0e3b,ba99c9c3a4c23240,67157,gpu-frontier,gpu,resident,s0,29,0,0,0,2,warm,0,1,0,4.483294,0,0,0,4.06086397,0.410723,0,,42,42,42,0,0,3480386,26083718,0,31aaa449503ab45c,2511.96159,0,4.37
20260927T200509Z-0e3b,ba99c9c3a4c23240,65383,gpu-frontier,gpu,resident,s0,30,0,0,0,2,warm,0,1,0,4.222694,0,0,0,3.80403209,0.407662,0,,34,34,34,0,0,3329308,24968900,0,7204d50f6114d912,2513.72573,0,4.37
20260927T200509Z-0e3b,ba99c9c3a4c23240,249726,gpu-frontier,gpu,resident,s0,31,0,0,0,2,warm,0,1,0,4.546456,0,0,0,4.07993603,0.455425,0,,38,38,38,0,0,3498769,26240680,0,29e88ade804cdeca,2513.72573,0,4.37
20260927T200509Z-0e3b,ba99c9c3a4c23240,159695,gpu-frontier,gpu,resident,s0,32,0,0,0,2,warm,0,1,0,4.405974,0,0,0,3.98323202,0.411596,0,,36,36,36,0,0,3487315,26185916,0,7119e6e28c081569,2513.72573,0,4.37
20260927T200509Z-0e3b,ba99c9c3a4c23240,127101,gpu-frontier,gpu,resident,s0,33,0,0,0,2,warm,0,1,0,4.240893,0,0,0,3.82870412,0.401278,0,,35,35,35,0,0,3355331,25169619,0,846d8477ad8013e1,2511.16068,0,4.37
20260927T200509Z-0e3b,ba99c9c3a4c23240,296023,gpu-frontier,gpu,resident,s0,34,0,0,0,2,warm,0,1,0,4.497682,0,0,0,4.08368015,0.403451,0,,44,44,44,0,0,3469044,26024140,0,605cc580b3de4615,2511.16068,0,4.37
20260927T200509Z-0e3b,ba99c9c3a4c23240,982751,gpu-frontier,gpu,resident,s0,35,0,0,0,2,warm,0,1,0,4.177723,0,0,0,3.76825595,0.399036,0,,36,36,36,0,0,3281188,24597809,0,0d4096cd5bc69572,2511.16068,0,4.37
20260927T200509Z-0e3b,ba99c9c3a4c23240,966093,gpu-frontier,gpu,resident,s0,36,0,0,0,2,warm,0,1,0,4.250885,0,0,0,3.84208012,0.398258,0,,36,36,36,0,0,3338586,25026030,0,7d06fdf48f6e8286,2511.24093,0,4.37
20260927T200509Z-0e3b,ba99c9c3a4c23240,731425,gpu-frontier,gpu,resident,s0,37,0,0,0,2,warm,0,1,0,4.65033,0,0,0,4.23311996,0.406489,0,,40,40,40,0,0,3658607,27456077,0,466affb9293ca47e,2511.96159,0,4.37
20260927T200509Z-0e3b,ba99c9c3a4c23240,421395,gpu-frontier,gpu,resident,s0,38,0,0,0,2,warm,0,1,0,3.999861,0,0,0,3.57772803,0.411187,0,,36,36,36,0,0,3417706,25619915,0,eae68b7499feb2b6,2513.72573,0,4.37
20260927T200509Z-0e3b,ba99c9c3a4c23240,734856,gpu-frontier,gpu,resident,s0,39,0,0,0,2,warm,0,1,0,3.994255,0,0,0,3.57859206,0.404926,0,,36,36,36,0,0,3395465,25473644,0,4f0d08e3cb27ad6a,2511.16068,0,4.37
20260927T200509Z-0e3b,ba99c9c3a4c23240,413157,gpu-frontier,gpu,resident,s0,40,0,0,0,2,warm,0,1,0,3.972426,0,0,0,3.55622411,0.405363,0,,36,36,36,0,0,3374899,25298890,0,3a6c4deb6663fbb5,2512.12189,0,4.37
20260927T200509Z-0e3b,ba99c9c3a4c23240,460916,gpu-frontier,gpu,resident,s0,41,0,0,0,2,warm,0,1,0,3.863443,0,0,0,3.45443201,0.398385,0,,40,40,40,0,0,3173188,23792439,0,a6f1b94b86d02118,2511.16068,0,4.37
20260927T200509Z-0e3b,ba99c9c3a4c23240,769784,gpu-frontier,gpu,resident,s0,42,0,0,0,2,warm,0,1,0,3.950677,0,0,0,3.53676796,0.403623,0,,36,36,36,0,0,3348699,25133574,0,318d7c8bfa3d3ba0,2511.72132,0,4.37
20260927T200509Z-0e3b,ba99c9c3a4c23240,974706,gpu-frontier,gpu,resident,s0,43,0,0,0,2,warm,0,1,0,3.840399,0,0,0,3.42105603,0.408848,0,,34,34,34,0,0,3259294,24454878,0,583c656b06b7d79c,2513.40474,0,4.37
20260927T200509Z-0e3b,ba99c9c3a4c23240,58826,gpu-frontier,gpu,resident,s0,44,0,0,0,2,warm,0,1,0,4.224672,0,0,0,3.80800009,0.405985,0,,39,39,39,0,0,3603656,27036091,0,82cfa3ade61fd805,2511.72132,0,4.37
20260927T200509Z-0e3b,ba99c9c3a4c23240,466714,gpu-frontier,gpu,resident,s0,45,0,0,0,2,warm,0,1,0,4.133415,0,0,0,3.72195196,0.400877,0,,38,38,38,0,0,3520026,26393910,0,ac36503bdc2a7b3e,2513.72573,0,4.37
20260927T200509Z-0e3b,ba99c9c3a4c23240,597702,gpu-frontier,gpu,resident,s0,46,0,0,0,2,warm,0,1,0,4.056983,0,0,0,3.64412808,0.402431,0,,39,39,39,0,0,3401270,25515989,0,14363d3d7d4164a5,2513.72573,0,4.37
20260927T200509Z-0e3b,ba99c9c3a4c23240,64665,gpu-frontier,gpu,resident,s0,47,0,0,0,2,warm,0,1,0,4.146469,0,0,0,3.73235202,0.403195,0,,36,36,36,0,0,3584586,26890513,0,8f0864e0fa5ef390,2513.72573,0,4.37
20260927T200509Z-0e3b,ba99c9c3a4c23240,855449,gpu-frontier,gpu,resident,s0,48,0,0,0,2,warm,0,1,0,4.096158,0,0,0,3.67590404,0.409394,0,,36,36,36,0,0,3500260,26252002,0,eaf42e238a9ddc48,2512.12189,0,4.37
20260927T200509Z-0e3b,ba99c9c3a4c23240,519923,gpu-frontier,gpu,resident,s0,49,0,0,0,2,warm,0,1,0,4.159194,0,0,0,3.73948789,0.409027,0,,40,40,40,0,0,3503023,26266357,0,a96200c3afe17ff5,2511.88159,0,4.37
20260927T200509Z-0e3b,ba99c9c3a4c23240,474057,gpu-frontier,gpu,resident,s0,50,0,0,0,2,warm,0,1,0,4.055389,0,0,0,3.64319992,0.401769,0,,40,40,40,0,0,3400796,25503446,0,2ab389d83e24de4a,2513.80584,0,4.37
20260927T200509Z-0e3b,ba99c9c3a4c23240,949772,gpu-frontier,gpu,resident,s0,51,0,0,0,2,warm,0,1,0,3.845273,0,0,0,3.43238401,0.402044,0,,36,36,36,0,0,3236592,24281180,0,f7ce1bc1539a870f,2513.72573,0,4.37
20260927T200509Z-0e3b,ba99c9c3a4c23240,894887,gpu-frontier,gpu,resident,s0,52,0,0,0,2,warm,0,1,0,3.862262,0,0,0,3.44771194,0.403998,0,,36,36,36,0,0,3247332,24365295,0,e83804eab75047de,2513.72573,0,4.37
20260927T200509Z-0e3b,ba99c9c3a4c23240,141783,gpu-frontier,gpu,resident,s0,53,0,0,0,2,warm,0,1,0,4.293432,0,0,0,3.87033606,0.4127,0,,40,40,40,0,0,3662238,27492363,0,93d9cbd5c1468553,2511.16068,0,4.37
20260927T200509Z-0e3b,ba99c9c3a4c23240,917286,gpu-frontier,gpu,resident,s0,54,0,0,0,2,warm,0,1,0,4.001763,0,0,0,3.58172798,0.409515,0,,37,37,37,0,0,3385471,25392039,0,2dfe42ff94f73f3f,2513.72573,0,4.37
20260927T200509Z-0e3b,ba99c9c3a4c23240,39176,gpu-frontier,gpu,resident,s0,55,0,0,0,2,warm,0,1,0,4.19479,0,0,0,3.74348807,0.44059,0,,38,38,38,0,0,3529323,26460039,0,fcd5001a78d68a13,2513.72573,0,4.37
20260927T200509Z-0e3b,ba99c9c3a4c23240,345611,gpu-frontier,gpu,resident,s0,56,0,0,0,2,warm,0,1,0,4.32716,0,0,0,3.90540791,0.411159,0,,36,36,36,0,0,3748577,28112099,0,16413610483b2219,2514.20737,0,4.37
20260927T200509Z-0e3b,ba99c9c3a4c23240,968513,gpu-frontier,gpu,resident,s0,57,0,0,0,2,warm,0,1,0,4.018726,0,0,0,3.59619188,0.411825,0,,37,37,37,0,0,3393325,25445015,0,05566abd08729f29,2513.48513,0,4.37
20260927T200509Z-0e3b,ba99c9c3a4c23240,483034,gpu-frontier,gpu,resident,s0,58,0,0,0,2,warm,0,1,0,4.047145,0,0,0,3.63388801,0.402764,0,,36,36,36,0,0,3451341,25873590,0,d086ea4ae6327b65,2513.72573,0,4.37
20260927T200509Z-0e3b,ba99c9c3a4c23240,553088,gpu-frontier,gpu,resident,s0,59,0,0,0,2,warm,0,1,0,3.943412,0,0,0,3.52243209,0.410326,0,,40,40,40,0,0,3277283,24584145,0,02539fcfa0feba49,2513.72573,0,4.37
20260927T200509Z-0e3b,ba99c9c3a4c23240,868304,gpu-frontier,gpu,resident,s0,60,0,0,0,2,warm,0,1,0,3.98672,0,0,0,3.57555199,0.401101,0,,37,37,37,0,0,3387694,25407793,0,8a67d279430d6e18,2513.48513,0,4.37
20260927T200509Z-0e3b,ba99c9c3a4c23240,667559,gpu-frontier,gpu,resident,s0,61,0,0,0,2,warm,0,1,0,4.147469,0,0,0,3.72732806,0.409214,0,,39,39,39,0,0,3516929,26367920,0,956021a54b8a90c1,2512.2022,0,4.37
20260927T200509Z-0e3b,ba99c9c3a4c23240,695777,gpu-frontier,gpu,resident,s0,62,0,0,0,2,warm,0,1,0,3.866381,0,0,0,3.44342399,0.412932,0,,37,37,37,0,0,3247732,24375580,0,05f487ae1d20c8ea,2511.16068,0,4.37
20260927T200509Z-0e3b,ba99c9c3a4c23240,410614,gpu-frontier,gpu,resident,s0,63,0,0,0,2,warm,0,1,0,4.136076,0,0,0,3.71481609,0.410598,0,,37,37,37,0,0,3520012,26401067,0,33339b273dd054e0,2513.64562,0,4.37
20260927T200509Z-0e3b,ba99c9c3a4c23240,405553,gpu-frontier,gpu,resident,s0,64,0,0,0,2,warm,0,1,0,4.394643,0,0,0,3.97695994,0.407067,0,,38,38,38,0,0,3781773,28394203,0,d4252920120688c8,2513.72573,0,4.37
20260927T200509Z-0e3b,ba99c9c3a4c23240,985326,gpu-frontier,gpu,resident,s0,65,0,0,0,2,warm,0,1,0,3.788416,0,0,0,3.37286401,0.404855,0,,36,36,36,0,0,3147907,23603126,0,8e89834923c4f91c,2513.72573,0,4.37
20260927T200509Z-0e3b,ba99c9c3a4c23240,668876,gpu-frontier,gpu,resident,s0,66,0,0,0,2,warm,0,1,0,4.145451,0,0,0,3.72710395,0.407882,0,,36,36,36,0,0,3540871,26570195,0,ff78503eb529ff7a,2511.40084,0,4.37
20260927T200509Z-0e3b,ba99c9c3a4c23240,965128,gpu-frontier,gpu,resident,s0,67,0,0,0,2,warm,0,1,0,3.855592,0,0,0,3.44764805,0.397894,0,,36,36,36,0,0,3264430,24473051,0,26b3d1ada6a27fb3,2512.12189,0,4.37
20260927T200509Z-0e3b,ba99c9c3a4c23240,593734,gpu-frontier,gpu,resident,s0,68,0,0,0,2,warm,0,1,0,3.782793,0,0,0,3.36662412,0.405359,0,,35,35,35,0,0,3169775,23765684,0,109812663c9c2735,2513.72573,0,4.37
20260927T200509Z-0e3b,ba99c9c3a4c23240,273974,gpu-frontier,gpu,resident,s0,69,0,0,0,2,warm,0,1,0,4.495603,0,0,0,4.08383989,0.400983,0,,45,45,45,0,0,3816974,28606540,0,8af4d6c71cef4e55,2513.24427,0,4.37
20260927T200509Z-0e3b,ba99c9c3a4c23240,892034,gpu-frontier,gpu,resident,s0,70,0,0,0,2,warm,0,1,0,4.052552,0,0,0,3.63926411,0.4028,0,,38,38,38,0,0,3421426,25664802,0,0651623fb2ac92ef,2511.24093,0,4.37
20260927T200509Z-0e3b,ba99c9c3a4c23240,878403,gpu-frontier,gpu,resident,s0,71,0,0,0,2,warm,0,1,0,4.101218,0,0,0,3.68831992,0.402223,0,,39,39,39,0,0,3467664,25997675,0,e4166a43abfdb242,2511.8016,0,4.37
20260927T200509Z-0e3b,ba99c9c3a4c23240,439352,gpu-frontier,gpu,resident,s0,72,0,0,0,2,warm,0,1,0,4.008466,0,0,0,3.5898881,0.408758,0,,36,36,36,0,0,3412343,25600815,0,c576654430d354fd,2512.28221,0,4.37
20260927T200509Z-0e3b,ba99c9c3a4c23240,180097,gpu-frontier,gpu,resident,s0,73,0,0,0,2,warm,0,1,0,4.087827,0,0,0,3.67484808,0.402349,0,,40,40,40,0,0,3442964,25837110,0,464df24ab6a417ec,2513.72573,0,4.37
20260927T200509Z-0e3b,ba99c9c3a4c23240,923893,gpu-frontier,gpu,resident,s0,74,0,0,0,2,warm,0,1,0,4.10166,0,0,0,3.68617606,0.405037,0,,40,40,40,0,0,3460991,25961528,0,8dd1e4b1179a37fc,2513.72573,0,4.37
20260927T200509Z-0e3b,ba99c9c3a4c23240,178879,gpu-frontier,gpu,resident,s0,75,0,0,0,2,warm,0,1,0,3.960321,0,0,0,3.54054403,0.409222,0,,38,38,38,0,0,3338755,25037943,0,a5bb5388b29bd046,2513.72573,0,4.37
20260927T200509Z-0e3b,ba99c9c3a4c23240,148736,gpu-frontier,gpu,resident,s0,76,0,0,0,2,warm,0,1,0,4.382965,0,0,0,3.9382081,0.434774,0,,39,39,39,0,0,3719179,27894202,0,2dcfc858873260f8,2513.72573,0,4.37
20260927T200509Z-0e3b,ba99c9c3a4c23240,950182,gpu-frontier,gpu,resident,s0,77,0,0,0,2,warm,0,1,0,4.318577,0,0,0,3.89830399,0.409462,0,,38,38,38,0,0,3713508,27915603,0,ee0ee56c280a7cc2,2511.24093,0,4.37
20260927T200509Z-0e3b,ba99c9c3a4c23240,667619,gpu-frontier,gpu,resident,s0,78,0,0,0,2,warm,0,1,0,3.975038,0,0,0,3.56022406,0.403843,0,,36,36,36,0,0,3387204,25423480,0,3c09b420faa8bd34,2513.72573,0,4.37
20260927T200509Z-0e3b,ba99c9c3a4c23240,53666,gpu-frontier,gpu,resident,s0,79,0,0,0,2,warm,0,1,0,3.890985,0,0,0,3.48041606,0.400339,0,,35,35,35,0,0,3304287,24813950,0,feab0b66e2021a0d,2513.40474,0,4.37
20260927T200509Z-0e3b,ba99c9c3a4c23240,149239,gpu-frontier,gpu,resident,s0,80,0,0,0,2,warm,0,1,0,4.071488,0,0,0,3.65743995,0.403822,0,,37,37,37,0,0,3458652,25954874,0,213803e440feadc1,2513.32465,0,4.37
20260927T200509Z-0e3b,ba99c9c3a4c23240,565157,gpu-frontier,gpu,resident,s0,81,0,0,0,2,warm,0,1,0,4.063113,0,0,0,3.62576008,0.427347,0,,37,37,37,0,0,3431937,25756557,0,c3e7c2a46358c6bf,2513.72573,0,4.37
20260927T200509Z-0e3b,ba99c9c3a4c23240,803347,gpu-frontier,gpu,resident,s0,82,0,0,0,2,warm,0,1,0,4.010248,0,0,0,3.56329608,0.4363,0,,36,36,36,0,0,3385431,25426839,0,61e45299bd3f9b95,2511.56107,0,4.37
20260927T200509Z-0e3b,ba99c9c3a4c23240,224649,gpu-frontier,gpu,resident,s0,83,0,0,0,2,warm,0,1,0,4.114363,0,0,0,3.68099189,0.422343,0,,38,38,38,0,0,3462736,25939123,0,4727f75658ae7f55,2513.24427,0,4.37
20260927T200509Z-0e3b,ba99c9c3a4c23240,146198,gpu-frontier,gpu,resident,s0,84,0,0,0,2,warm,0,1,0,4.139403,0,0,0,3.68924809,0.439573,0,,38,38,38,0,0,3473870,26071610,0,4a46b0a373169142,2512.12189,0,4.37
20260927T200509Z-0e3b,ba99c9c3a4c23240,557345,gpu-frontier,gpu,resident,s0,85,0,0,0,2,warm,0,1,0,3.926034,0,0,0,3.50918388,0.405617,0,,34,34,34,0,0,3341244,25074784,0,d0d44292b5894af7,2511.8016,0,4.37
20260927T200509Z-0e3b,ba99c9c3a4c23240,301998,gpu-frontier,gpu,resident,s0,86,0,0,0,2,warm,0,1,0,4.022599,0,0,0,3.57862401,0.433542,0,,36,36,36,0,0,3382386,25381423,0,f0c0c55daa7e12a1,2513.72573,0,4.37
20260927T200509Z-0e3b,ba99c9c3a4c23240,461546,gpu-frontier,gpu,resident,s0,87,0,0,0,2,warm,0,1,0,4.188624,0,0,0,3.76809597,0.409892,0,,38,38,38,0,0,3549454,26592795,0,6c69951426c756e4,2513.72573,0,4.37
20260927T200509Z-0e3b,ba99c9c3a4c23240,891232,gpu-frontier,gpu,resident,s0,88,0,0,0,2,warm,0,1,0,4.092656,0,0,0,3.671808,0.409952,0,,38,38,38,0,0,3492224,26196389,0,cb5568ed8a609070,2513.72573,0,4.37
20260927T200509Z-0e3b,ba99c9c3a4c23240,648094,gpu-frontier,gpu,resident,s0,89,0,0,0,2,warm,0,1,0,4.041596,0,0,0,3.62992001,0.400792,0,,37,37,37,0,0,3400743,25494520,0,6c7cf26ec6ec2f2c,2513.72573,0,4.37
20260927T200509Z-0e3b,ba99c9c3a4c23240,791162,gpu-frontier,gpu,resident,s0,90,0,0,0,2,warm,0,1,0,4.082615,0,0,0,3.66876793,0.403491,0,,39,39,39,0,0,3460288,25939461,0,14e5484e50e5d369,2513.72573,0,4.37
20260927T200509Z-0e3b,ba99c9c3a4c23240,897431,gpu-frontier,gpu,resident,s0,91,0,0,0,2,warm,0,1,0,4.267867,0,0,0,3.85302401,0.404319,0,,38,38,38,0,0,3653567,27403750,0,46ffb0299779ce28,2513.72573,0,4.37
20260927T200509Z-0e3b,ba99c9c3a4c23240,922237,gpu-frontier,gpu,resident,s0,92,0,0,0,2,warm,0,1,0,4.136416,0,0,0,3.7209599,0.405247,0,,36,36,36,0,0,3555750,26727011,0,a33f81d4d938e7c2,2513.72573,0,4.37
20260927T200509Z-0e3b,ba99c9c3a4c23240,323467,gpu-frontier,gpu,resident,s0,93,0,0,0,2,warm,0,1,0,3.952194,0,0,0,3.53260803,0.40704,0,,35,35,35,0,0,3368454,25240414,0,ac1779f60b920e21,2513.72573,0,4.37
20260927T200509Z-0e3b,ba99c9c3a4c23240,234796,gpu-frontier,gpu,resident,s0,94,0,0,0,2,warm,0,1,0,4.035395,0,0,0,3.62569594,0.399647,0,,36,36,36,0,0,3430977,25735144,0,7d74bc02948a9636,2511.4811,0,4.37
20260927T200509Z-0e3b,ba99c9c3a4c23240,853304,gpu-frontier,gpu,resident,s0,95,0,0,0,2,warm,0,1,0,4.101008,0,0,0,3.68713593,0.403181,0,,38,38,38,0,0,3477261,26066983,0,09372604fa945e90,2513.72573,0,4.37
20260927T200509Z-0e3b,ba99c9c3a4c23240,450173,gpu-frontier,gpu,resident,s0,96,0,0,0,2,warm,0,1,0,4.13348,0,0,0,3.71900797,0.403138,0,,37,37,37,0,0,3536124,26524560,0,5e71f6cd5808d723,2513.72573,0,4.37
20260927T200509Z-0e3b,ba99c9c3a4c23240,402126,gpu-frontier,gpu,resident,s0,97,0,0,0,2,warm,0,1,0,4.231149,0,0,0,3.81894398,0.401555,0,,39,39,39,0,0,3593382,26935592,0,f42f63df994942c2,2514.36796,0,4.37
20260927T200509Z-0e3b,ba99c9c3a4c23240,525289,gpu-frontier,gpu,resident,s0,98,0,0,0,2,warm,0,1,0,4.39219,0,0,0,3.97903991,0.402937,0,,39,39,39,0,0,3771558,28264184,0,4552620cf7334db8,2511.8016,0,4.37
20260927T200509Z-0e3b,ba99c9c3a4c23240,442490,gpu-frontier,gpu,resident,s0,99,0,0,0,2,warm,0,1,0,4.163517,0,0,0,3.75270391,0.400016,0,,38,38,38,0,0,3549221,26639207,0,bc7da764c475ef0e,2512.28221,0,4.37
20260927T200509Z-0e3b,ba99c9c3a4c23240,997733,gpu-frontier,gpu,resident,s0,100,0,0,0,2,warm,0,1,0,4.073284,0,0,0,3.56700802,0.495831,0,,34,34,34,0,0,3393922,25473272,0,e43bf8f7de07c1d1,2511.8016,0,4.37
20260927T200509Z-0e3b,ba99c9c3a4c23240,217852,gpu-frontier,gpu,resident,s0,101,0,0,0,2,warm,0,1,0,4.32243,0,0,0,3.90934396,0.402668,0,,38,38,38,0,0,3720820,27898032,0,2b6aad2a15eeffbc,2514.0468,0,4.37
20260927T200509Z-0e3b,ba99c9c3a4c23240,695169,gpu-frontier,gpu,resident,s0,102,0,0,0,2,warm,0,1,0,4.105327,0,0,0,3.68793607,0.406751,0,,38,38,38,0,0,3482147,26113676,0,bf69aa1b4acb1e99,2513.72573,0,4.37
20260927T200509Z-0e3b,ba99c9c3a4c23240,36788,gpu-frontier,gpu,resident,s0,103,0,0,0,2,warm,0,1,0,4.145096,0,0,0,3.68236804,0.451855,0,,39,39,39,0,0,3441280,25813424,0,440b72a38ee53e70,2513.72573,0,4.37
20260927T200509Z-0e3b,ba99c9c3a4c23240,702130,gpu-frontier,gpu,resident,s0,104,0,0,0,2,warm,0,1,0,3.912466,0,0,0,3.48352003,0.416584,0,,38,38,38,0,0,3246946,24361109,0,6a85681c5072f86d,2511.4811,0,4.37
20260927T200509Z-0e3b,ba99c9c3a4c23240,109705,gpu-frontier,gpu,resident,s0,105,0,0,0,2,warm,0,1,0,4.208115,0,0,0,3.77027202,0.424525,0,,38,38,38,0,0,3537752,26543886,0,122a6de40c98dd91,2511.72132,0,4.37
20260927T200509Z-0e3b,ba99c9c3a4c23240,60708,gpu-frontier,gpu,resident,s0,106,0,0,0,2,warm,0,1,0,4.144234,0,0,0,3.72393608,0.409739,0,,40,40,40,0,0,3467054,25985975,0,ff267373444e3979,2513.72573,0,4.37
20260927T200509Z-0e3b,ba99c9c3a4c23240,657965,gpu-frontier,gpu,resident,s0,107,0,0,0,2,warm,0,1,0,4.109759,0,0,0,3.69852805,0.401104,0,,36,36,36,0,0,3531352,26496998,0,7fc803176a503fcb,2513.48513,0,4.37
20260927T200509Z-0e3b,ba99c9c3a4c23240,248642,gpu-frontier,gpu,resident,s0,108,0,0,0,2,warm,0,1,0,4.163627,0,0,0,3.74735999,0.405882,0,,40,40,40,0,0,3503286,26274612,0,eb8a2f1c801ff9f5,2513.72573,0,4.37
20260927T200509Z-0e3b,ba99c9c3a4c23240,447024,gpu-frontier,gpu,resident,s0,109,0,0,0,2,warm,0,1,0,4.21161,0,0,0,3.796736,0.404255,0,,38,38,38,0,0,3598715,26975711,0,294e71988b335ac8,2511.16068,0,4.37
20260927T200509Z-0e3b,ba99c9c3a4c23240,586669,gpu-frontier,gpu,resident,s0,110,0,0,0,2,warm,0,1,0,4.068992,0,0,0,3.6494081,0.409208,0,,36,36,36,0,0,3474218,26084089,0,7f06b0a07ce62fbd,2513.72573,0,4.37
20260927T200509Z-0e3b,ba99c9c3a4c23240,898528,gpu-frontier,gpu,resident,s0,111,0,0,0,2,warm,0,1,0,4.114117,0,0,0,3.69126391,0.412329,0,,37,37,37,0,0,3506010,26310146,0,ed0c4310232a6cfa,2513.72573,0,4.37
20260927T200509Z-0e3b,ba99c9c3a4c23240,410615,gpu-frontier,gpu,resident,s0,112,0,0,0,2,warm,0,1,0,3.905049,0,0,0,3.49164796,0.402868,0,,38,38,38,0,0,3271293,24526778,0,d6e3cae0016ae636,2513.40474,0,4.37
20260927T200509Z-0e3b,ba99c9c3a4c23240,233899,gpu-frontier,gpu,resident,s0,113,0,0,0,2,warm,0,1,0,4.008739,0,0,0,3.60012794,0.397909,0,,38,38,38,0,0,3399681,25521668,0,fb90ec5a321a1b11,2513.32465,0,4.37
20260927T200509Z-0e3b,ba99c9c3a4c23240,321855,gpu-frontier,gpu,resident,s0,114,0,0,0,2,warm,0,1,0,4.280608,0,0,0,3.8645761,0.405473,0,,36,36,36,0,0,3702375,27787418,0,184c285a03ae5048,2514.28751,0,4.37
20260927T200509Z-0e3b,ba99c9c3a4c23240,327721,gpu-frontier,gpu,resident,s0,115,0,0,0,2,warm,0,1,0,4.230524,0,0,0,3.81715202,0.403096,0,,38,38,38,0,0,3611281,27072462,0,0502c004ff0e13ac,2513.80584,0,4.37
20260927T200509Z-0e3b,ba99c9c3a4c23240,791859,gpu-frontier,gpu,resident,s0,116,0,0,0,2,warm,0,1,0,3.962926,0,0,0,3.5519681,0.400728,0,,38,38,38,0,0,3336657,25039979,0,77de2f97c13e9690,2513.72573,0,4.37
20260927T200509Z-0e3b,ba99c9c3a4c23240,830337,gpu-frontier,gpu,resident,s0,117,0,0,0,2,warm,0,1,0,3.919759,0,0,0,3.50908804,0.399978,0,,37,37,37,0,0,3288430,24649192,0,8a1f0ac79dfe7a21,2513.72573,0,4.37
20260927T200509Z-0e3b,ba99c9c3a4c23240,255281,gpu-frontier,gpu,resident,s0,118,0,0,0,2,warm,0,1,0,4.139021,0,0,0,3.72502398,0.403183,0,,40,40,40,0,0,3513905,26343536,0,9127d34afa79f86f,2511.16068,0,4.37
20260927T200509Z-0e3b,ba99c9c3a4c23240,396042,gpu-frontier,gpu,resident,s0,119,0,0,0,2,warm,0,1,0,4.112757,0,0,0,3.69948792,0.403335,0,,38,38,38,0,0,3504043,26310242,0,112d40140b009d4a,2511.24093,0,4.37
20260927T200509Z-0e3b,ba99c9c3a4c23240,617545,gpu-frontier,gpu,resident,s0,120,0,0,0,2,warm,0,1,0,3.928007,0,0,0,3.51350403,0.404388,0,,36,36,36,0,0,3334685,25004119,0,675e0bc84d0c5ef8,2511.96159,0,4.37
20260927T200509Z-0e3b,ba99c9c3a4c23240,469422,gpu-frontier,gpu,resident,s0,121,0,0,0,2,warm,0,1,0,4.198681,0,0,0,3.77849603,0.410532,0,,38,38,38,0,0,3572785,26821835,0,75c0ccd538f9c0f7,2512.84335,0,4.37
20260927T200509Z-0e3b,ba99c9c3a4c23240,187428,gpu-frontier,gpu,resident,s0,122,0,0,0,2,warm,0,1,0,3.819267,0,0,0,3.38099194,0.428088,0,,36,36,36,0,0,3167272,23754233,0,bd28bacb43728c1c,2513.72573,0,4.37
20260927T200509Z-0e3b,ba99c9c3a4c23240,59507,gpu-frontier,gpu,resident,s0,123,0,0,0,2,warm,0,1,0,4.246047,0,0,0,3.71628809,0.518367,0,,38,38,38,0,0,3488257,26164961,0,9bf525a021591b0c,2514.0468,0,4.37
20260927T200509Z-0e3b,ba99c9c3a4c23240,205738,gpu-frontier,gpu,resident,s0,124,0,0,0,2,warm,0,1,0,4.047335,0,0,0,3.54972792,0.486519,0,,38,38,38,0,0,3359271,25203769,0,0ba3453c1e73022f,2511.4811,0,4.37
20260927T200509Z-0e3b,ba99c9c3a4c23240,867055,gpu-frontier,gpu,resident,s0,125,0,0,0,2,warm,0,1,0,4.245009,0,0,0,3.70713592,0.526111,0,,36,36,36,0,0,3522470,26428591,0,006b20bd4f12f3ab,2460.93738,0,4.37
20260927T200509Z-0e3b,ba99c9c3a4c23240,196131,gpu-frontier,gpu,resident,s0,126,0,0,0,2,warm,0,1,0,4.224832,0,0,0,3.68332791,0.511745,0,,37,37,37,0,0,3464343,25958825,0,898234ed8dcb8680,2513.72573,0,4.37
20260927T200509Z-0e3b,ba99c9c3a4c23240,151969,gpu-frontier,gpu,resident,s0,127,0,0,0,2,warm,0,1,0,5.654353,0,0,0,3.58374405,0.491147,1.563111,,37,37,37,0,0,3370929,25280422,0,0546343fa65d7f21,2513.96638,0,4.37
20260927T200509Z-0e3b,ba99c9c3a4c23240,715399,gpu-nearfar,gpu,resident,s0,0,0,0,0,3,warm,0,1,13,10.196205,0,0.287549,4.35593605,3.68310404,0.527334,0,,155,155,444,0,0,1090804,8217489,0,ecdcbb820737fc0e,2514.0468,0,4.37
20260927T200509Z-0e3b,ba99c9c3a4c23240,187452,gpu-nearfar,gpu,resident,s0,1,0,0,0,3,warm,0,1,13,5.423903,0,0,0,3.85676789,0.500131,0,,164,164,462,0,0,1091199,8221543,0,96f02017575011de,2513.72573,0,4.37
20260927T200509Z-0e3b,ba99c9c3a4c23240,654701,gpu-nearfar,gpu,resident,s0,2,0,0,0,3,warm,0,1,13,5.474754,0,0,0,3.88351989,0.501554,0,,164,164,470,0,0,1091610,8224543,0,4f9f9b29bfae372e,2513.72573,0,4.37
20260927T200509Z-0e3b,ba99c9c3a4c23240,204001,gpu-nearfar,gpu,resident,s0,3,0,0,0,3,warm,0,1,13,5.370807,0,0,0,3.79142404,0.492894,0,,162,162,462,0,0,1091153,8220556,0,13e234bc2b51e68e,2513.72573,0,4.37
20260927T200509Z-0e3b,ba99c9c3a4c23240,463449,gpu-nearfar,gpu,resident,s0,4,0,0,0,3,warm,0,1,13,5.325293,0,0,0,3.71855998,0.506408,0,,158,158,446,0,0,1091550,8224312,0,153de2728e824e53,2512.84335,0,4.37
20260927T200509Z-0e3b,ba99c9c3a4c23240,253613,gpu-nearfar,gpu,resident,s0,5,0,0,0,3,warm,0,1,13,5.315175,0,0,0,3.7502079,0.489209,0,,159,159,456,0,0,1091586,8223751,0,3247d70ca7f66ed4,2512.04188,0,4.37
20260927T200509Z-0e3b,ba99c9c3a4c23240,239468,gpu-nearfar,gpu,resident,s0,6,0,0,0,3,warm,0,1,13,5.29307,0,0,0,3.7104001,0.499025,0,,158,158,454,0,0,1091308,8221016,0,a6b6de89d97c7910,2513.72573,0,4.37
20260927T200509Z-0e3b,ba99c9c3a4c23240,369505,gpu-nearfar,gpu,resident,s0,7,0,0,0,3,warm,0,1,13,5.358256,0,0,0,3.701792,0.53595,0,,155,155,448,0,0,1091157,8219804,0,109b4acc8f4ac33a,2511.56107,0,4.37
20260927T200509Z-0e3b,ba99c9c3a4c23240,790454,gpu-nearfar,gpu,resident,s0,8,0,0,0,3,warm,0,1,13,5.572704,0,0,0,3.78191996,0.515042,0,,164,164,466,0,0,1091784,8224950,0,26e48121c6aa4159,2513.72573,0,4.37
20260927T200509Z-0e3b,ba99c9c3a4c23240,397801,gpu-nearfar,gpu,resident,s0,9,0,0,0,3,warm,0,1,13,5.417983,0,0,0,3.71347189,0.491385,0,,158,158,454,0,0,1090883,8218191,0,5a7753eccbbbecc3,2513.72573,0,4.37
20260927T200509Z-0e3b,ba99c9c3a4c23240,737225,gpu-nearfar,gpu,resident,s0,10,0,0,0,3,warm,0,1,13,5.186085,0,0,0,3.544384,0.493944,0,,146,146,418,0,0,1091096,8219213,0,f8923c22e103e6ad,2512.2022,0,4.37
20260927T200509Z-0e3b,ba99c9c3a4c23240,155144,gpu-nearfar,gpu,resident,s0,11,0,0,0,3,warm,0,1,13,5.360235,0,0,0,3.75855994,0.492072,0,,161,161,456,0,0,1091130,8220203,0,96cd5ce2c0bed8d9,2513.72573,0,4.37
20260927T200509Z-0e3b,ba99c9c3a4c23240,763420,gpu-nearfar,gpu,resident,s0,12,0,0,0,3,warm,0,1,13,5.462283,0,0,0,3.83328009,0.488967,0,,164,164,466,0,0,1091517,8224013,0,6afec27f81fe3362,2513.80584,0,4.37
20260927T200509Z-0e3b,ba99c9c3a4c23240,558559,gpu-nearfar,gpu,resident,s0,13,0,0,0,3,warm,0,1,13,5.347188,0,0,0,3.80361605,0.489077,0,,163,163,468,0,0,1090849,8217784,0,9ae2735bc57c118b,2513.72573,0,4.37
20260927T200509Z-0e3b,ba99c9c3a4c23240,689533,gpu-nearfar,gpu,resident,s0,14,0,0,0,3,warm,0,1,13,5.33711,0,0,0,3.80515194,0.484541,0,,163,163,460,0,0,1090826,8216860,0,6dd76205e9a709b1,2513.80584,0,4.37
20260927T200509Z-0e3b,ba99c9c3a4c23240,85750,gpu-nearfar,gpu,resident,s0,15,0,0,0,3,warm,0,1,13,5.264226,0,0,0,3.73088002,0.488132,0,,160,160,458,0,0,1090850,8218628,0,93d0652be5380e25,2511.88159,0,4.37
20260927T200509Z-0e3b,ba99c9c3a4c23240,24166,gpu-nearfar,gpu,resident,s0,16,0,0,0,3,warm,0,1,13,5.443959,0,0,0,3.91183996,0.485552,0,,171,171,488,0,0,1092475,8231497,0,4c9f86b8a429a6a1,2513.72573,0,4.37
20260927T200509Z-0e3b,ba99c9c3a4c23240,181793,gpu-nearfar,gpu,resident,s0,17,0,0,0,3,warm,0,1,13,5.56075,0,0,0,3.99625611,0.490123,0,,168,168,474,0,0,1091492,8223730,0,06c27d4ed33dc4c0,2490.66994,0,4.37
20260927T200509Z-0e3b,ba99c9c3a4c23240,435643,gpu-nearfar,gpu,resident,s0,18,0,0,0,3,warm,0,1,13,5.321728,0,0,0,3.78976011,0.47995,0,,157,157,448,0,0,1091665,8225040,0,9e5667ef0aef187c,2490.82754,0,4.37
20260927T200509Z-0e3b,ba99c9c3a4c23240,412744,gpu-nearfar,gpu,resident,s0,19,0,0,0,3,warm,0,1,13,5.385303,0,0,0,3.84361601,0.488247,0,,158,158,454,0,0,1091376,8222402,0,0a4ff2a55423b6fa,2488.62331,0,4.37
20260927T200509Z-0e3b,ba99c9c3a4c23240,601557,gpu-nearfar,gpu,resident,s0,20,0,0,0,3,warm,0,1,13,5.377956,0,0,0,3.85900807,0.486744,0,,160,160,458,0,0,1091194,8220508,0,c59071f58c6927a5,2488.78065,0,4.37
20260927T200509Z-0e3b,ba99c9c3a4c23240,582010,gpu-nearfar,gpu,resident,s0,21,0,0,0,3,warm,0,1,13,5.395588,0,0,0,3.86425591,0.489237,0,,160,160,458,0,0,1092002,8227075,0,abb1d0fe49a68439,2488.85947,0,4.37
20260927T200509Z-0e3b,ba99c9c3a4c23240,369562,gpu-nearfar,gpu,resident,s0,22,0,0,0,3,warm,0,1,13,5.477167,0,0,0,3.95977592,0.478498,0,,165,165,472,0,0,1091255,8221622,0,e8960d119b031443,2490.82754,0,4.37
20260927T200509Z-0e3b,ba99c9c3a4c23240,1020126,gpu-nearfar,gpu,resident,s0,23,0,0,0,3,warm,0,1,13,5.459854,0,0,0,3.93062401,0.468447,0,,163,163,468,0,0,1091048,8219337,0,9a263533db615402,2488.30899,0,4.37
20260927T200509Z-0e3b,ba99c9c3a4c23240,79356,gpu-nearfar,gpu,resident,s0,24,0,0,0,3,warm,0,1,13,5.412569,0,0,0,3.85398412,0.507513,0,,159,159,456,0,0,1091035,8218981,0,44e74e2f955df7c3,2506.20581,0,4.37
20260927T200509Z-0e3b,ba99c9c3a4c23240,379637,gpu-nearfar,gpu,resident,s0,25,0,0,0,3,warm,0,1,13,5.414568,0,0,0,3.88355207,0.490697,0,,163,163,464,0,0,1090931,8218073,0,d1a2e1c3ccbc3f21,2506.04627,0,4.37
20260927T200509Z-0e3b,ba99c9c3a4c23240,863118,gpu-nearfar,gpu,resident,s0,26,0,0,0,3,warm,0,1,13,5.437484,0,0,0,3.89996791,0.485335,0,,164,164,470,0,0,1090904,8218911,0,d5dba0885c35a5f9,2506.04627,0,4.37
20260927T200509Z-0e3b,ba99c9c3a4c23240,997539,gpu-nearfar,gpu,resident,s0,27,0,0,0,3,warm,0,1,13,5.263786,0,0,0,3.73081589,0.479996,0,,155,155,436,0,0,1090878,8218567,0,6eef670e6e3e1100,2507.00356,0,4.37
20260927T200509Z-0e3b,ba99c9c3a4c23240,192191,gpu-nearfar,gpu,resident,s0,28,0,0,0,3,warm,0,1,13,5.330623,0,0,0,3.80601597,0.473442,0,,156,156,450,0,0,1090574,8215881,0,662baab9bef29a06,2506.12619,0,4.37
20260927T200509Z-0e3b,ba99c9c3a4c23240,67157,gpu-nearfar,gpu,resident,s0,29,0,0,0,3,warm,0,1,13,5.383709,0,0,0,3.84032011,0.488665,0,,159,159,456,0,0,1091454,8223107,0,31aaa449503ab45c,2508.12167,0,4.37
20260927T200509Z-0e3b,ba99c9c3a4c23240,65383,gpu-nearfar,gpu,resident,s0,30,0,0,0,3,warm,0,1,13,5.308857,0,0,0,3.74940801,0.477453,0,,150,150,438,0,0,1091359,8221521,0,7204d50f6114d912,2508.76074,0,4.37
20260927T200509Z-0e3b,ba99c9c3a4c23240,249726,gpu-nearfar,gpu,resident,s0,31,0,0,0,3,warm,0,1,13,5.480859,0,0,0,3.94105601,0.484698,0,,165,165,468,0,0,1091633,8224667,0,29e88ade804cdeca,2506.44502,0,4.37
20260927T200509Z-0e3b,ba99c9c3a4c23240,159695,gpu-nearfar,gpu,resident,s0,32,0,0,0,3,warm,0,1,13,5.401793,0,0,0,3.84777594,0.485994,0,,158,158,450,0,0,1090996,8219129,0,7119e6e28c081569,2506.68458,0,4.37
20260927T200509Z-0e3b,ba99c9c3a4c23240,127101,gpu-nearfar,gpu,resident,s0,33,0,0,0,3,warm,0,1,13,5.565552,0,0,0,4.02518415,0.489232,0,,172,172,486,0,0,1091881,8226446,0,846d8477ad8013e1,2506.28574,0,4.37
20260927T200509Z-0e3b,ba99c9c3a4c23240,296023,gpu-nearfar,gpu,resident,s0,34,0,0,0,3,warm,0,1,13,5.443401,0,0,0,3.91840005,0.485003,0,,166,166,462,0,0,1091545,8224357,0,605cc580b3de4615,2508.60087,0,4.37
20260927T200509Z-0e3b,ba99c9c3a4c23240,982751,gpu-nearfar,gpu,resident,s0,35,0,0,0,3,warm,0,1,13,5.394288,0,0,0,3.85603189,0.487918,0,,161,161,460,0,0,1091102,8219986,0,0d4096cd5bc69572,2506.04627,0,4.37
20260927T200509Z-0e3b,ba99c9c3a4c23240,966093,gpu-nearfar,gpu,resident,s0,36,0,0,0,3,warm,0,1,13,5.51418,0,0,0,3.96870399,0.488824,0,,166,166,478,0,0,1091460,8222635,0,7d06fdf48f6e8286,2506.04627,0,4.37
20260927T200509Z-0e3b,ba99c9c3a4c23240,731425,gpu-nearfar,gpu,resident,s0,37,0,0,0,3,warm,0,1,13,5.46638,0,0,0,3.93804789,0.487047,0,,165,165,464,0,0,1092020,8228146,0,466affb9293ca47e,2506.60462,0,4.37
20260927T200509Z-0e3b,ba99c9c3a4c23240,421395,gpu-nearfar,gpu,resident,s0,38,0,0,0,3,warm,0,1,13,5.447316,0,0,0,3.87372804,0.487865,0,,162,162,458,0,0,1091663,8223978,0,eae68b7499feb2b6,2506.60462,0,4.37
20260927T200509Z-0e3b,ba99c9c3a4c23240,734856,gpu-nearfar,gpu,resident,s0,39,0,0,0,3,warm,0,1,13,5.546955,0,0,0,4.02009583,0.484612,0,,168,168,478,0,0,1090803,8217214,0,4f0d08e3cb27ad6a,2511.16068,0,4.37
20260927T200509Z-0e3b,ba99c9c3a4c23240,413157,gpu-nearfar,gpu,resident,s0,40,0,0,0,3,warm,0,1,13,5.366824,0,0,0,3.83638406,0.484741,0,,159,159,456,0,0,1091184,8220935,0,3a6c4deb6663fbb5,2513.72573,0,4.37
20260927T200509Z-0e3b,ba99c9c3a4c23240,460916,gpu-nearfar,gpu,resident,s0,41,0,0,0,3,warm,0,1,13,5.40053,0,0,0,3.86838388,0.490338,0,,161,161,456,0,0,1092042,8227567,0,a6f1b94b86d02118,2511.16068,0,4.37
20260927T200509Z-0e3b,ba99c9c3a4c23240,769784,gpu-nearfar,gpu,resident,s0,42,0,0,0,3,warm,0,1,13,5.36736,0,0,0,3.8447361,0.480499,0,,159,159,456,0,0,1091536,8224236,0,318d7c8bfa3d3ba0,2508.60087,0,4.37
20260927T200509Z-0e3b,ba99c9c3a4c23240,974706,gpu-nearfar,gpu,resident,s0,43,0,0,0,3,warm,0,1,13,5.289181,0,0,0,3.74742389,0.48931,0,,152,152,438,0,0,1090640,8215636,0,583c656b06b7d79c,2508.84054,0,4.37
20260927T200509Z-0e3b,ba99c9c3a4c23240,58826,gpu-nearfar,gpu,resident,s0,44,0,0,0,3,warm,0,1,13,5.45772,0,0,0,3.93046403,0.486122,0,,163,163,460,0,0,1090809,8217146,0,82cfa3ade61fd805,2511.16068,0,4.37
20260927T200509Z-0e3b,ba99c9c3a4c23240,466714,gpu-nearfar,gpu,resident,s0,45,0,0,0,3,warm,0,1,13,5.468739,0,0,0,3.91939211,0.499857,0,,164,164,466,0,0,1091376,8222152,0,ac36503bdc2a7b3e,2511.16068,0,4.37
20260927T200509Z-0e3b,ba99c9c3a4c23240,597702,gpu-nearfar,gpu,resident,s0,46,0,0,0,3,warm,0,1,13,5.596747,0,0,0,4.06579208,0.480564,0,,170,170,482,0,0,1091774,8226196,0,14363d3d7d4164a5,2508.60087,0,4.37
20260927T200509Z-0e3b,ba99c9c3a4c23240,64665,gpu-nearfar,gpu,resident,s0,47,0,0,0,3,warm,0,1,13,5.782826,0,0,0,4.04214382,0.532832,0,,168,168,474,0,0,1091712,8225481,0,8f0864e0fa5ef390,2509.64026,0,4.37
20260927T200509Z-0e3b,ba99c9c3a4c23240,855449,gpu-nearfar,gpu,resident,s0,48,0,0,0,3,warm,0,1,13,5.512743,0,0,0,3.86313605,0.504063,0,,157,157,448,0,0,1091258,8221641,0,eaf42e238a9ddc48,2511.16068,0,4.37
20260927T200509Z-0e3b,ba99c9c3a4c23240,519923,gpu-nearfar,gpu,resident,s0,49,0,0,0,3,warm,0,1,13,5.691856,0,0,0,3.988096,0.529302,0,,161,161,460,0,0,1090935,8218455,0,a96200c3afe17ff5,2506.76424,0,4.37
20260927T200509Z-0e3b,ba99c9c3a4c23240,474057,gpu-nearfar,gpu,resident,s0,50,0,0,0,3,warm,0,1,13,5.474667,0,0,0,3.88064003,0.490038,0,,160,160,462,0,0,1091621,8224046,0,2ab389d83e24de4a,2511.16068,0,4.37
20260927T200509Z-0e3b,ba99c9c3a4c23240,949772,gpu-nearfar,gpu,resident,s0,51,0,0,0,3,warm,0,1,13,5.533743,0,0,0,3.89206409,0.504608,0,,161,161,460,0,0,1090620,8216060,0,f7ce1bc1539a870f,2510.52039,0,4.37
20260927T200509Z-0e3b,ba99c9c3a4c23240,894887,gpu-nearfar,gpu,resident,s0,52,0,0,0,3,warm,0,1,13,5.608651,0,0,0,4.02256012,0.480841,0,,165,165,472,0,0,1091772,8225511,0,e83804eab75047de,2510.92057,0,4.37
20260927T200509Z-0e3b,ba99c9c3a4c23240,141783,gpu-nearfar,gpu,resident,s0,53,0,0,0,3,warm,0,1,13,5.425818,0,0,0,3.85593605,0.488293,0,,161,161,452,0,0,1091723,8225388,0,93d9cbd5c1468553,2508.60087,0,4.37
20260927T200509Z-0e3b,ba99c9c3a4c23240,917286,gpu-nearfar,gpu,resident,s0,54,0,0,0,3,warm,0,1,13,5.630134,0,0,0,4.0440321,0.538047,0,,168,168,474,0,0,1092076,8228027,0,2dfe42ff94f73f3f,2511.16068,0,4.37
20260927T200509Z-0e3b,ba99c9c3a4c23240,39176,gpu-nearfar,gpu,resident,s0,55,0,0,0,3,warm,0,1,13,5.426512,0,0,0,3.86009598,0.497291,0,,161,161,456,0,0,1090632,8215425,0,fcd5001a78d68a13,2509.24048,0,4.37
20260927T200509Z-0e3b,ba99c9c3a4c23240,345611,gpu-nearfar,gpu,resident,s0,56,0,0,0,3,warm,0,1,13,5.444387,0,0,0,3.89280009,0.489264,0,,163,163,460,0,0,1091416,8222828,0,16413610483b2219,2510.84035,0,4.37
20260927T200509Z-0e3b,ba99c9c3a4c23240,968513,gpu-nearfar,gpu,resident,s0,57,0,0,0,3,warm,0,1,13,5.527794,0,0,0,3.92262411,0.490049,0,,164,164,462,0,0,1090904,8217920,0,05566abd08729f29,2510.52039,0,4.37
20260927T200509Z-0e3b,ba99c9c3a4c23240,483034,gpu-nearfar,gpu,resident,s0,58,0,0,0,3,warm,0,1,13,5.731472,0,0,0,4.13820791,0.489223,0,,171,171,480,0,0,1091337,8221997,0,d086ea4ae6327b65,2510.20022,0,4.37
20260927T200509Z-0e3b,ba99c9c3a4c23240,553088,gpu-nearfar,gpu,resident,s0,59,0,0,0,3,warm,0,1,13,5.640247,0,0,0,4.05126381,0.486518,0,,171,171,484,0,0,1091772,8226302,0,02539fcfa0feba49,2508.60087,0,4.37
20260927T200509Z-0e3b,ba99c9c3a4c23240,868304,gpu-nearfar,gpu,resident,s0,60,0,0,0,3,warm,0,1,13,5.399446,0,0,0,3.85292792,0.484527,0,,162,162,458,0,0,1090992,8219539,0,8a67d279430d6e18,2510.44019,0,4.37
20260927T200509Z-0e3b,ba99c9c3a4c23240,667559,gpu-nearfar,gpu,resident,s0,61,0,0,0,3,warm,0,1,13,5.382623,0,0,0,3.8411839,0.489302,0,,160,160,454,0,0,1090748,8217287,0,956021a54b8a90c1,2509.08055,0,4.37
20260927T200509Z-0e3b,ba99c9c3a4c23240,695777,gpu-nearfar,gpu,resident,s0,62,0,0,0,3,warm,0,1,13,5.413999,0,0,0,3.8570559,0.486233,0,,159,159,456,0,0,1091315,8221350,0,05f487ae1d20c8ea,2510.2801,0,4.37
20260927T200509Z-0e3b,ba99c9c3a4c23240,410614,gpu-nearfar,gpu,resident,s0,63,0,0,0,3,warm,0,1,13,5.520431,0,0,0,3.99612808,0.476805,0,,167,167,480,0,0,1091596,8223919,0,33339b273dd054e0,2511.16068,0,4.37
20260927T200509Z-0e3b,ba99c9c3a4c23240,405553,gpu-nearfar,gpu,resident,s0,64,0,0,0,3,warm,0,1,13,5.385624,0,0,0,3.78601599,0.485805,0,,155,155,436,0,0,1090520,8214865,0,d4252920120688c8,2508.60087,0,4.37
20260927T200509Z-0e3b,ba99c9c3a4c23240,985326,gpu-nearfar,gpu,resident,s0,65,0,0,0,3,warm,0,1,13,5.48743,0,0,0,3.95244789,0.483552,0,,164,164,474,0,0,1091742,8225447,0,8e89834923c4f91c,2508.92063,0,4.37
20260927T200509Z-0e3b,ba99c9c3a4c23240,668876,gpu-nearfar,gpu,resident,s0,66,0,0,0,3,warm,0,1,13,5.470209,0,0,0,3.92739201,0.49054,0,,163,163,464,0,0,1091387,8222148,0,ff78503eb529ff7a,2511.00051,0,4.37
20260927T200509Z-0e3b,ba99c9c3a4c23240,965128,gpu-nearfar,gpu,resident,s0,67,0,0,0,3,warm,0,1,13,5.278234,0,0,0,3.74959993,0.48983,0,,153,153,440,0,0,1091389,8222303,0,26b3d1ada6a27fb3,2509.16036,0,4.37
20260927T200509Z-0e3b,ba99c9c3a4c23240,593734,gpu-nearfar,gpu,resident,s0,68,0,0,0,3,warm,0,1,13,5.403861,0,0,0,3.87539196,0.477313,0,,161,161,456,0,0,1092012,8227646,0,109812663c9c2735,2508.60087,0,4.37
20260927T200509Z-0e3b,ba99c9c3a4c23240,273974,gpu-nearfar,gpu,resident,s0,69,0,0,0,3,warm,0,1,13,5.217463,0,0,0,3.67683196,0.485903,0,,150,150,426,0,0,1090721,8217353,0,8af4d6c71cef4e55,2510.6003,0,4.37
20260927T200509Z-0e3b,ba99c9c3a4c23240,892034,gpu-nearfar,gpu,resident,s0,70,0,0,0,3,warm,0,1,13,5.513855,0,0,0,3.96556807,0.489544,0,,165,165,476,0,0,1091099,8220647,0,0651623fb2ac92ef,2511.16068,0,4.37
20260927T200509Z-0e3b,ba99c9c3a4c23240,878403,gpu-nearfar,gpu,resident,s0,71,0,0,0,3,warm,0,1,13,5.440499,0,0,0,3.88976002,0.484616,0,,163,163,460,0,0,1090791,8217732,0,e4166a43abfdb242,2508.60087,0,4.37
20260927T200509Z-0e3b,ba99c9c3a4c23240,439352,gpu-nearfar,gpu,resident,s0,72,0,0,0,3,warm,0,1,13,5.58114,0,0,0,4.02271986,0.487046,0,,165,165,476,0,0,1091490,8222961,0,c576654430d354fd,2508.92063,0,4.37
20260927T200509Z-0e3b,ba99c9c3a4c23240,180097,gpu-nearfar,gpu,resident,s0,73,0,0,0,3,warm,0,1,13,5.459006,0,0,0,3.92134404,0.484879,0,,163,163,464,0,0,1091179,8220456,0,464df24ab6a417ec,2509.08055,0,4.37
20260927T200509Z-0e3b,ba99c9c3a4c23240,923893,gpu-nearfar,gpu,resident,s0,74,0,0,0,3,warm,0,1,13,5.481511,0,0,0,3.94636798,0.488659,0,,166,166,470,0,0,1091307,8221522,0,8dd1e4b1179a37fc,2511.16068,0,4.37
20260927T200509Z-0e3b,ba99c9c3a4c23240,178879,gpu-nearfar,gpu,resident,s0,75,0,0,0,3,warm,0,1,13,5.63711,0,0,0,4.02108812,0.516135,0,,167,167,472,0,0,1091811,8226395,0,a5bb5388b29bd046,2509.00044,0,4.37
20260927T200509Z-0e3b,ba99c9c3a4c23240,148736,gpu-nearfar,gpu,resident,s0,76,0,0,0,3,warm,0,1,13,5.571995,0,0,0,3.99366403,0.518616,0,,169,169,472,0,0,1091657,8225039,0,2dcfc858873260f8,2508.60087,0,4.37
20260927T200509Z-0e3b,ba99c9c3a4c23240,950182,gpu-nearfar,gpu,resident,s0,77,0,0,0,3,warm,0,1,13,5.304626,0,0,0,3.75948811,0.485787,0,,153,153,436,0,0,1090586,8215888,0,ee0ee56c280a7cc2,2511.16068,0,4.37
20260927T200509Z-0e3b,ba99c9c3a4c23240,667619,gpu-nearfar,gpu,resident,s0,78,0,0,0,3,warm,0,1,13,5.313983,0,0,0,3.77862406,0.488959,0,,155,155,444,0,0,1090695,8217017,0,3c09b420faa8bd34,2509.00044,0,4.37
20260927T200509Z-0e3b,ba99c9c3a4c23240,53666,gpu-nearfar,gpu,resident,s0,79,0,0,0,3,warm,0,1,13,5.36871,0,0,0,3.8159039,0.486769,0,,159,159,448,0,0,1091881,8227353,0,feab0b66e2021a0d,2510.68021,0,4.37
20260927T200509Z-0e3b,ba99c9c3a4c23240,149239,gpu-nearfar,gpu,resident,s0,80,0,0,0,3,warm,0,1,13,5.532102,0,0,0,3.98604798,0.486518,0,,168,168,474,0,0,1091268,8221780,0,213803e440feadc1,2509.08055,0,4.37
20260927T200509Z-0e3b,ba99c9c3a4c23240,565157,gpu-nearfar,gpu,resident,s0,81,0,0,0,3,warm,0,1,13,5.370997,0,0,0,3.83881593,0.483877,0,,160,160,458,0,0,1090728,8216691,0,c3e7c2a46358c6bf,2511.16068,0,4.37
20260927T200509Z-0e3b,ba99c9c3a4c23240,803347,gpu-nearfar,gpu,resident,s0,82,0,0,0,3,warm,0,1,13,5.369153,0,0,0,3.810848,0.485986,0,,155,155,448,0,0,1090978,8219927,0,61e45299bd3f9b95,2509.00044,0,4.37
20260927T200509Z-0e3b,ba99c9c3a4c23240,224649,gpu-nearfar,gpu,resident,s0,83,0,0,0,3,warm,0,1,13,5.366283,0,0,0,3.82732797,0.484218,0,,159,159,448,0,0,1091456,8222532,0,4727f75658ae7f55,2511.16068,0,4.37
20260927T200509Z-0e3b,ba99c9c3a4c23240,146198,gpu-nearfar,gpu,resident,s0,84,0,0,0,3,warm,0,1,13,5.41498,0,0,0,3.87539196,0.489196,0,,162,162,462,0,0,1091323,8222377,0,4a46b0a373169142,2509.16036,0,4.37
20260927T200509Z-0e3b,ba99c9c3a4c23240,557345,gpu-nearfar,gpu,resident,s0,85,0,0,0,3,warm,0,1,13,5.369291,0,0,0,3.83331203,0.484276,0,,159,159,452,0,0,1091233,8221034,0,d0d44292b5894af7,2509.40044,0,4.37
20260927T200509Z-0e3b,ba99c9c3a4c23240,301998,gpu-nearfar,gpu,resident,s0,86,0,0,0,3,warm,0,1,13,5.470885,0,0,0,3.94214392,0.484066,0,,166,166,470,0,0,1091420,8222391,0,f0c0c55daa7e12a1,2508.92063,0,4.37
20260927T200509Z-0e3b,ba99c9c3a4c23240,461546,gpu-nearfar,gpu,resident,s0,87,0,0,0,3,warm,0,1,13,5.42064,0,0,0,3.8653121,0.486638,0,,161,161,460,0,0,1091542,8223947,0,6c69951426c756e4,2511.40084,0,4.37
20260927T200509Z-0e3b,ba99c9c3a4c23240,891232,gpu-nearfar,gpu,resident,s0,88,0,0,0,3,warm,0,1,13,5.417639,0,0,0,3.87430406,0.487765,0,,160,160,458,0,0,1091771,8225300,0,cb5568ed8a609070,2510.68021,0,4.37
20260927T200509Z-0e3b,ba99c9c3a4c23240,648094,gpu-nearfar,gpu,resident,s0,89,0,0,0,3,warm,0,1,13,5.593795,0,0,0,4.05235195,0.489622,0,,171,171,484,0,0,1091445,8223293,0,6c7cf26ec6ec2f2c,2511.16068,0,4.37
20260927T200509Z-0e3b,ba99c9c3a4c23240,791162,gpu-nearfar,gpu,resident,s0,90,0,0,0,3,warm,0,1,13,5.569229,0,0,0,4.03548813,0.486082,0,,169,169,480,0,0,1091898,8226816,0,14e5484e50e5d369,2508.92063,0,4.37
20260927T200509Z-0e3b,ba99c9c3a4c23240,897431,gpu-nearfar,gpu,resident,s0,91,0,0,0,3,warm,0,1,13,5.383907,0,0,0,3.84956789,0.482861,0,,159,159,456,0,0,1090738,8216968,0,46ffb0299779ce28,2511.16068,0,4.37
20260927T200509Z-0e3b,ba99c9c3a4c23240,922237,gpu-nearfar,gpu,resident,s0,92,0,0,0,3,warm,0,1,13,5.520724,0,0,0,3.9985919,0.474207,0,,168,168,478,0,0,1090745,8216880,0,a33f81d4d938e7c2,2508.60087,0,4.37
20260927T200509Z-0e3b,ba99c9c3a4c23240,323467,gpu-nearfar,gpu,resident,s0,93,0,0,0,3,warm,0,1,13,5.612224,0,0,0,4.07116795,0.486868,0,,174,174,486,0,0,1091771,8226217,0,ac1779f60b920e21,2509.56011,0,4.37
20260927T200509Z-0e3b,ba99c9c3a4c23240,234796,gpu-nearfar,gpu,resident,s0,94,0,0,0,3,warm,0,1,13,5.486318,0,0,0,3.93654394,0.488853,0,,164,164,470,0,0,1091327,8221432,0,7d74bc02948a9636,2509.24048,0,4.37
20260927T200509Z-0e3b,ba99c9c3a4c23240,853304,gpu-nearfar,gpu,resident,s0,95,0,0,0,3,warm,0,1,13,5.569509,0,0,0,4.03401613,0.484666,0,,170,170,486,0,0,1092016,8228251,0,09372604fa945e90,2508.60087,0,4.37
20260927T200509Z-0e3b,ba99c9c3a4c23240,450173,gpu-nearfar,gpu,resident,s0,96,0,0,0,3,warm,0,1,13,5.474379,0,0,0,3.92268801,0.495004,0,,164,164,462,0,0,1090981,8218962,0,5e71f6cd5808d723,2509.56011,0,4.37
20260927T200509Z-0e3b,ba99c9c3a4c23240,402126,gpu-nearfar,gpu,resident,s0,97,0,0,0,3,warm,0,1,13,5.470922,0,0,0,3.94809604,0.481788,0,,165,165,460,0,0,1091745,8225872,0,f42f63df994942c2,2510.2801,0,4.37
20260927T200509Z-0e3b,ba99c9c3a4c23240,525289,gpu-nearfar,gpu,resident,s0,98,0,0,0,3,warm,0,1,13,5.639675,0,0,0,3.98320007,0.519002,0,,162,162,462,0,0,1091428,8222751,0,4552620cf7334db8,2509.64026,0,4.37
20260927T200509Z-0e3b,ba99c9c3a4c23240,442490,gpu-nearfar,gpu,resident,s0,99,0,0,0,3,warm,0,1,13,5.358301,0,0,0,3.793504,0.489546,0,,154,154,442,0,0,1090082,8211105,0,bc7da764c475ef0e,2510.36029,0,4.37
20260927T200509Z-0e3b,ba99c9c3a4c23240,997733,gpu-nearfar,gpu,resident,s0,100,0,0,0,3,warm,0,1,13,5.429558,0,0,0,3.8577919,0.493081,0,,159,159,452,0,0,1091098,8219930,0,e43bf8f7de07c1d1,2511.16068,0,4.37
20260927T200509Z-0e3b,ba99c9c3a4c23240,217852,gpu-nearfar,gpu,resident,s0,101,0,0,0,3,warm,0,1,13,5.543088,0,0,0,3.99510407,0.488409,0,,168,168,482,0,0,1091850,8227193,0,2b6aad2a15eeffbc,2508.60087,0,4.37
20260927T200509Z-0e3b,ba99c9c3a4c23240,695169,gpu-nearfar,gpu,resident,s0,102,0,0,0,3,warm,0,1,13,5.46466,0,0,0,3.91350389,0.492278,0,,161,161,456,0,0,1091022,8218949,0,bf69aa1b4acb1e99,2510.84035,0,4.37
20260927T200509Z-0e3b,ba99c9c3a4c23240,36788,gpu-nearfar,gpu,resident,s0,103,0,0,0,3,warm,0,1,13,5.716614,0,0,0,3.98924804,0.5164,0,,167,167,468,0,0,1091584,8223702,0,440b72a38ee53e70,2511.16068,0,4.37
20260927T200509Z-0e3b,ba99c9c3a4c23240,702130,gpu-nearfar,gpu,resident,s0,104,0,0,0,3,warm,0,1,13,5.775718,0,0,0,4.06668806,0.507689,0,,169,169,484,0,0,1091312,8221711,0,6a85681c5072f86d,2511.16068,0,4.37
20260927T200509Z-0e3b,ba99c9c3a4c23240,109705,gpu-nearfar,gpu,resident,s0,105,0,0,0,3,warm,0,1,13,5.852028,0,0,0,4.08937597,0.544674,0,,169,169,480,0,0,1091772,8225491,0,122a6de40c98dd91,2510.52039,0,4.37
20260927T200509Z-0e3b,ba99c9c3a4c23240,60708,gpu-nearfar,gpu,resident,s0,106,0,0,0,3,warm,0,1,13,5.553354,0,0,0,3.91276789,0.49189,0,,163,163,464,0,0,1091240,8220271,0,ff267373444e3979,2508.92063,0,4.37
20260927T200509Z-0e3b,ba99c9c3a4c23240,657965,gpu-nearfar,gpu,resident,s0,107,0,0,0,3,warm,0,1,13,5.532491,0,0,0,3.9440639,0.486536,0,,164,164,462,0,0,1091223,8221641,0,7fc803176a503fcb,2508.92063,0,4.37
20260927T200509Z-0e3b,ba99c9c3a4c23240,248642,gpu-nearfar,gpu,resident,s0,108,0,0,0,3,warm,0,1,13,5.476227,0,0,0,3.90707207,0.488392,0,,163,163,464,0,0,1091053,8219118,0,eb8a2f1c801ff9f5,2511.24093,0,4.37
20260927T200509Z-0e3b,ba99c9c3a4c23240,447024,gpu-nearfar,gpu,resident,s0,109,0,0,0,3,warm,0,1,13,5.449007,0,0,0,3.90028811,0.48988,0,,161,161,448,0,0,1091160,8220727,0,294e71988b335ac8,2509.48027,0,4.37
20260927T200509Z-0e3b,ba99c9c3a4c23240,586669,gpu-nearfar,gpu,resident,s0,110,0,0,0,3,warm,0,1,13,5.361924,0,0,0,3.81398392,0.484233,0,,157,157,452,0,0,1090911,8218193,0,7f06b0a07ce62fbd,2509.00044,0,4.37
20260927T200509Z-0e3b,ba99c9c3a4c23240,898528,gpu-nearfar,gpu,resident,s0,111,0,0,0,3,warm,0,1,13,5.438627,0,0,0,3.88860798,0.486982,0,,163,163,464,0,0,1091355,8222420,0,ed0c4310232a6cfa,2511.16068,0,4.37
20260927T200509Z-0e3b,ba99c9c3a4c23240,410615,gpu-nearfar,gpu,resident,s0,112,0,0,0,3,warm,0,1,13,5.471431,0,0,0,3.92579198,0.490339,0,,164,164,462,0,0,1091971,8227828,0,d6e3cae0016ae636,2510.84035,0,4.37
20260927T200509Z-0e3b,ba99c9c3a4c23240,233899,gpu-nearfar,gpu,resident,s0,113,0,0,0,3,warm,0,1,13,5.450756,0,0,0,3.8764801,0.485516,0,,154,154,438,0,0,1091190,8220914,0,fb90ec5a321a1b11,2510.6003,0,4.37
20260927T200509Z-0e3b,ba99c9c3a4c23240,321855,gpu-nearfar,gpu,resident,s0,114,0,0,0,3,warm,0,1,13,5.288818,0,0,0,3.7292161,0.488458,0,,154,154,438,0,0,1090862,8218517,0,184c285a03ae5048,2509.32031,0,4.37
20260927T200509Z-0e3b,ba99c9c3a4c23240,327721,gpu-nearfar,gpu,resident,s0,115,0,0,0,3,warm,0,1,13,5.399791,0,0,0,3.86960006,0.48578,0,,161,161,460,0,0,1091567,8224222,0,0502c004ff0e13ac,2511.16068,0,4.37
20260927T200509Z-0e3b,ba99c9c3a4c23240,791859,gpu-nearfar,gpu,resident,s0,116,0,0,0,3,warm,0,1,13,5.498398,0,0,0,3.94313598,0.479086,0,,165,165,468,0,0,1091485,8223062,0,77de2f97c13e9690,2509.00044,0,4.37
20260927T200509Z-0e3b,ba99c9c3a4c23240,830337,gpu-nearfar,gpu,resident,s0,117,0,0,0,3,warm,0,1,13,5.484107,0,0,0,3.9382081,0.486716,0,,164,164,470,0,0,1091590,8223732,0,8a1f0ac79dfe7a21,2511.08074,0,4.37
20260927T200509Z-0e3b,ba99c9c3a4c23240,255281,gpu-nearfar,gpu,resident,s0,118,0,0,0,3,warm,0,1,13,5.480808,0,0,0,3.94400001,0.489738,0,,165,165,472,0,0,1091622,8224305,0,9127d34afa79f86f,2511.00051,0,4.37
20260927T200509Z-0e3b,ba99c9c3a4c23240,396042,gpu-nearfar,gpu,resident,s0,119,0,0,0,3,warm,0,1,13,5.359938,0,0,0,3.8147521,0.484113,0,,157,157,444,0,0,1090628,8216248,0,112d40140b009d4a,2509.32031,0,4.37
20260927T200509Z-0e3b,ba99c9c3a4c23240,617545,gpu-nearfar,gpu,resident,s0,120,0,0,0,3,warm,0,1,13,5.498159,0,0,0,3.96063995,0.489786,0,,166,166,466,0,0,1091284,8221640,0,675e0bc84d0c5ef8,2511.16068,0,4.37
20260927T200509Z-0e3b,ba99c9c3a4c23240,469422,gpu-nearfar,gpu,resident,s0,121,0,0,0,3,warm,0,1,13,5.445764,0,0,0,3.888448,0.485718,0,,157,157,448,0,0,1090778,8217128,0,75c0ccd538f9c0f7,2511.88159,0,4.37
20260927T200509Z-0e3b,ba99c9c3a4c23240,187428,gpu-nearfar,gpu,resident,s0,122,0,0,0,3,warm,0,1,13,5.549715,0,0,0,3.99798393,0.487928,0,,167,167,476,0,0,1091263,8220986,0,bd28bacb43728c1c,2511.16068,0,4.37
20260927T200509Z-0e3b,ba99c9c3a4c23240,59507,gpu-nearfar,gpu,resident,s0,123,0,0,0,3,warm,0,1,13,5.633575,0,0,0,4.11158419,0.483195,0,,175,175,488,0,0,1091795,8225848,0,9bf525a021591b0c,2511.16068,0,4.37
20260927T200509Z-0e3b,ba99c9c3a4c23240,205738,gpu-nearfar,gpu,resident,s0,124,0,0,0,3,warm,0,1,13,5.588356,0,0,0,4.05859184,0.484715,0,,169,169,488,0,0,1091461,8223161,0,0ba3453c1e73022f,2510.84035,0,4.37
20260927T200509Z-0e3b,ba99c9c3a4c23240,867055,gpu-nearfar,gpu,resident,s0,125,0,0,0,3,warm,0,1,13,5.604129,0,0,0,4.04351997,0.493738,0,,165,165,472,0,0,1091453,8223428,0,006b20bd4f12f3ab,2511.16068,0,4.37
20260927T200509Z-0e3b,ba99c9c3a4c23240,196131,gpu-nearfar,gpu,resident,s0,126,0,0,0,3,warm,0,1,13,5.539369,0,0,0,3.91328001,0.491342,0,,161,161,452,0,0,1091210,8220706,0,898234ed8dcb8680,2509.48027,0,4.37
20260927T200509Z-0e3b,ba99c9c3a4c23240,151969,gpu-nearfar,gpu,resident,s0,127,0,0,0,3,warm,0,1,13,7.254592,0,0,0,3.81923199,0.486118,1.863604,,157,157,448,0,0,1090974,8219715,0,0546343fa65d7f21,2511.16068,0,4.37
20260927T200509Z-0e3b,ba99c9c3a4c23240,715399,delta-omp,cpu,resident,s1,0,1,0,0,0,warm,24,1,13,18.552035,0,1.955333,0,16.595902,0,0,,34,153,0,42,111,1152280,17373768,0,ecdcbb820737fc0e,,0,4.37
20260927T200509Z-0e3b,ba99c9c3a4c23240,187452,delta-omp,cpu,resident,s1,1,1,0,0,0,warm,24,1,13,21.27451,0,3.365603,0,17.908215,0,0,,34,160,0,44,116,1152342,17375742,0,96f02017575011de,,0,4.37
20260927T200509Z-0e3b,ba99c9c3a4c23240,654701,delta-omp,cpu,resident,s1,2,1,0,0,0,warm,24,1,13,21.848993,0,3.349652,0,18.498408,0,0,,35,157,0,42,115,1151824,17366248,0,4f9f9b29bfae372e,,0,4.37
20260927T200509Z-0e3b,ba99c9c3a4c23240,204001,delta-omp,cpu,resident,s1,3,1,0,0,0,warm,24,1,13,21.938775,0,3.353408,0,18.584598,0,0,,35,155,0,42,113,1151723,17363356,0,13e234bc2b51e68e,,0,4.37
20260927T200509Z-0e3b,ba99c9c3a4c23240,463449,delta-omp,cpu,resident,s1,4,1,0,0,0,warm,24,1,13,21.553851,0,3.359317,0,18.193722,0,0,,33,151,0,42,109,1152401,17375926,0,153de2728e824e53,,0,4.37
20260927T200509Z-0e3b,ba99c9c3a4c23240,253613,delta-omp,cpu,resident,s1,5,1,0,0,0,warm,24,1,13,21.78669,0,3.368876,0,18.417062,0,0,,35,153,0,42,111,1152247,17374632,0,3247d70ca7f66ed4,,0,4.37
20260927T200509Z-0e3b,ba99c9c3a4c23240,239468,delta-omp,cpu,resident,s1,6,1,0,0,0,warm,24,1,13,22.228989,0,3.353893,0,18.874365,0,0,,35,156,0,42,114,1152126,17367706,0,a6b6de89d97c7910,,0,4.37
20260927T200509Z-0e3b,ba99c9c3a4c23240,369505,delta-omp,cpu,resident,s1,7,1,0,0,0,warm,24,1,13,21.695656,0,3.339241,0,18.355386,0,0,,34,153,0,42,111,1152135,17372046,0,109b4acc8f4ac33a,,0,4.37
20260927T200509Z-0e3b,ba99c9c3a4c23240,790454,delta-omp,cpu,resident,s1,8,1,0,0,0,warm,24,1,13,21.465423,0,3.34282,0,18.121747,0,0,,35,157,0,45,112,1151956,17367440,0,26e48121c6aa4159,,0,4.37
20260927T200509Z-0e3b,ba99c9c3a4c23240,397801,delta-omp,cpu,resident,s1,9,1,0,0,0,warm,24,1,13,21.597528,0,3.35173,0,18.245115,0,0,,35,157,0,42,115,1152245,17372556,0,5a7753eccbbbecc3,,0,4.37
20260927T200509Z-0e3b,ba99c9c3a4c23240,737225,delta-omp,cpu,resident,s1,10,1,0,0,0,warm,24,1,13,21.108068,0,3.361746,0,17.74533,0,0,,32,143,0,41,102,1152150,17369544,0,f8923c22e103e6ad,,0,4.37
20260927T200509Z-0e3b,ba99c9c3a4c23240,155144,delta-omp,cpu,resident,s1,11,1,0,0,0,warm,24,1,13,22.269685,0,3.432092,0,18.836582,0,0,,34,155,0,42,113,1151938,17368856,0,96cd5ce2c0bed8d9,,0,4.37
20260927T200509Z-0e3b,ba99c9c3a4c23240,763420,delta-omp,cpu,resident,s1,12,1,0,0,0,warm,24,1,13,21.738124,0,3.364127,0,18.373176,0,0,,35,157,0,45,112,1152134,17374050,0,6afec27f81fe3362,,0,4.37
20260927T200509Z-0e3b,ba99c9c3a4c23240,558559,delta-omp,cpu,resident,s1,13,1,0,0,0,warm,24,1,13,21.209597,0,3.366785,0,17.842025,0,0,,36,154,0,43,111,1152547,17374898,0,9ae2735bc57c118b,,0,4.37
20260927T200509Z-0e3b,ba99c9c3a4c23240,689533,delta-omp,cpu,resident,s1,14,1,0,0,0,warm,24,1,13,21.221919,0,3.371426,0,17.849874,0,0,,34,160,0,45,115,1152088,17370038,0,6dd76205e9a709b1,,0,4.37
20260927T200509Z-0e3b,ba99c9c3a4c23240,85750,delta-omp,cpu,resident,s1,15,1,0,0,0,warm,24,1,13,21.007135,0,3.338278,0,17.668006,0,0,,35,157,0,45,112,1151987,17366830,0,93d0652be5380e25,,0,4.37
20260927T200509Z-0e3b,ba99c9c3a4c23240,24166,delta-omp,cpu,resident,s1,16,1,0,0,0,warm,24,1,13,22.300438,0,3.344164,0,18.955556,0,0,,37,162,0,45,117,1152078,17370190,0,4c9f86b8a429a6a1,,0,4.37
20260927T200509Z-0e3b,ba99c9c3a4c23240,181793,delta-omp,cpu,resident,s1,17,1,0,0,0,warm,24,1,13,22.060869,0,3.358127,0,18.701979,0,0,,35,159,0,43,116,1151919,17371038,0,06c27d4ed33dc4c0,,0,4.37
20260927T200509Z-0e3b,ba99c9c3a4c23240,435643,delta-omp,cpu,resident,s1,18,1,0,0,0,warm,24,1,13,21.630969,0,3.357111,0,18.2732,0,0,,34,155,0,44,111,1152253,17373758,0,9e5667ef0aef187c,,0,4.37
20260927T200509Z-0e3b,ba99c9c3a4c23240,412744,delta-omp,cpu,resident,s1,19,1,0,0,0,warm,24,1,13,21.263562,0,3.341045,0,17.921661,0,0,,35,158,0,43,115,1152019,17370040,0,0a4ff2a55423b6fa,,0,4.37
20260927T200509Z-0e3b,ba99c9c3a4c23240,601557,delta-omp,cpu,resident,s1,20,1,0,0,0,warm,24,1,13,21.379617,0,3.338559,0,18.040443,0,0,,34,155,0,43,112,1151935,17368486,0,c59071f58c6927a5,,0,4.37
20260927T200509Z-0e3b,ba99c9c3a4c23240,582010,delta-omp,cpu,resident,s1,21,1,0,0,0,warm,24,1,13,22.078116,0,3.335617,0,18.741813,0,0,,35,159,0,44,115,1151968,17369438,0,abb1d0fe49a68439,,0,4.37
20260927T200509Z-0e3b,ba99c9c3a4c23240,369562,delta-omp,cpu,resident,s1,22,1,0,0,0,warm,24,1,13,21.822938,0,3.36296,0,18.458923,0,0,,36,160,0,44,116,1151796,17365624,0,e8960d119b031443,,0,4.37
20260927T200509Z-0e3b,ba99c9c3a4c23240,1020126,delta-omp,cpu,resident,s1,23,1,0,0,0,warm,24,1,13,21.282892,0,3.351304,0,17.93057,0,0,,36,160,0,43,117,1151949,17368592,0,9a263533db615402,,0,4.37
20260927T200509Z-0e3b,ba99c9c3a4c23240,79356,delta-omp,cpu,resident,s1,24,1,0,0,0,warm,24,1,13,22.055494,0,3.363146,0,18.691305,0,0,,35,153,0,42,111,1151743,17365486,0,44e74e2f955df7c3,,0,4.37
20260927T200509Z-0e3b,ba99c9c3a4c23240,379637,delta-omp,cpu,resident,s1,25,1,0,0,0,warm,24,1,13,21.373124,0,3.341011,0,18.031326,0,0,,35,160,0,44,116,1151925,17365352,0,d1a2e1c3ccbc3f21,,0,4.37
20260927T200509Z-0e3b,ba99c9c3a4c23240,863118,delta-omp,cpu,resident,s1,26,1,0,0,0,warm,24,1,13,21.780528,0,3.342315,0,18.437569,0,0,,36,157,0,43,114,1152468,17377926,0,d5dba0885c35a5f9,,0,4.37
20260927T200509Z-0e3b,ba99c9c3a4c23240,997539,delta-omp,cpu,resident,s1,27,1,0,0,0,warm,24,1,13,22.004809,0,3.346219,0,18.657877,0,0,,32,148,0,41,107,1152096,17371590,0,6eef670e6e3e1100,,0,4.37
20260927T200509Z-0e3b,ba99c9c3a4c23240,192191,delta-omp,cpu,resident,s1,28,1,0,0,0,warm,24,1,13,145.641092,0,3.412307,0,142.228043,0,0,,35,150,0,42,108,1151751,17366640,0,662baab9bef29a06,,0,4.37
20260927T200509Z-0e3b,ba99c9c3a4c23240,67157,delta-omp,cpu,resident,s1,29,1,0,0,0,warm,24,1,13,21.423518,0,3.333973,0,18.088885,0,0,,35,155,0,45,110,1152335,17376188,0,31aaa449503ab45c,,0,4.37
20260927T200509Z-0e3b,ba99c9c3a4c23240,65383,delta-omp,cpu,resident,s1,30,1,0,0,0,warm,24,1,13,21.699432,0,3.348557,0,18.350181,0,0,,36,151,0,43,108,1152010,17370402,0,7204d50f6114d912,,0,4.37
20260927T200509Z-0e3b,ba99c9c3a4c23240,249726,delta-omp,cpu,resident,s1,31,1,0,0,0,warm,24,1,13,21.154298,0,3.350356,0,17.803204,0,0,,35,161,0,45,116,1152096,17372460,0,29e88ade804cdeca,,0,4.37
20260927T200509Z-0e3b,ba99c9c3a4c23240,159695,delta-omp,cpu,resident,s1,32,1,0,0,0,warm,24,1,13,21.338301,0,3.357954,0,17.979545,0,0,,34,153,0,42,111,1151593,17362624,0,7119e6e28c081569,,0,4.37
20260927T200509Z-0e3b,ba99c9c3a4c23240,127101,delta-omp,cpu,resident,s1,33,1,0,0,0,warm,24,1,13,21.994046,0,3.339359,0,18.654039,0,0,,36,162,0,45,117,1152034,17372614,0,846d8477ad8013e1,,0,4.37
20260927T200509Z-0e3b,ba99c9c3a4c23240,296023,delta-omp,cpu,resident,s1,34,1,0,0,0,warm,24,1,13,21.222071,0,3.344812,0,17.87651,0,0,,33,160,0,45,115,1152499,17380382,0,605cc580b3de4615,,0,4.37
20260927T200509Z-0e3b,ba99c9c3a4c23240,982751,delta-omp,cpu,resident,s1,35,1,0,0,0,warm,24,1,13,21.269044,0,3.344054,0,17.924317,0,0,,35,160,0,45,115,1151831,17364868,0,0d4096cd5bc69572,,0,4.37
20260927T200509Z-0e3b,ba99c9c3a4c23240,966093,delta-omp,cpu,resident,s1,36,1,0,0,0,warm,24,1,13,21.794622,0,3.334607,0,18.459331,0,0,,36,159,0,44,115,1151790,17364476,0,7d06fdf48f6e8286,,0,5.94
20260927T200509Z-0e3b,ba99c9c3a4c23240,731425,delta-omp,cpu,resident,s1,37,1,0,0,0,warm,24,1,13,22.292463,0,3.355353,0,18.936275,0,0,,34,157,0,43,114,1152308,17374124,0,466affb9293ca47e,,0,5.94
20260927T200509Z-0e3b,ba99c9c3a4c23240,421395,delta-omp,cpu,resident,s1,38,1,0,0,0,warm,24,1,13,21.359821,0,3.360706,0,17.998451,0,0,,35,157,0,44,113,1152081,17370934,0,eae68b7499feb2b6,,0,5.94
20260927T200509Z-0e3b,ba99c9c3a4c23240,734856,delta-omp,cpu,resident,s1,39,1,0,0,0,warm,24,1,13,22.284964,0,3.36133,0,18.922994,0,0,,36,154,0,42,112,1151774,17368304,0,4f0d08e3cb27ad6a,,0,5.94
20260927T200509Z-0e3b,ba99c9c3a4c23240,413157,delta-omp,cpu,resident,s1,40,1,0,0,0,warm,24,1,13,21.792745,0,3.34209,0,18.449992,0,0,,35,153,0,42,111,1151993,17368400,0,3a6c4deb6663fbb5,,0,5.94
20260927T200509Z-0e3b,ba99c9c3a4c23240,460916,delta-omp,cpu,resident,s1,41,1,0,0,0,warm,24,1,13,21.939816,0,3.349564,0,18.589247,0,0,,34,158,0,44,114,1152288,17373990,0,a6f1b94b86d02118,,0,5.94
20260927T200509Z-0e3b,ba99c9c3a4c23240,769784,delta-omp,cpu,resident,s1,42,1,0,0,0,warm,24,1,13,20.925169,0,3.348438,0,17.576033,0,0,,34,156,0,45,111,1152311,17376102,0,318d7c8bfa3d3ba0,,0,5.94
20260927T200509Z-0e3b,ba99c9c3a4c23240,974706,delta-omp,cpu,resident,s1,43,1,0,0,0,warm,24,1,13,21.529656,0,3.394269,0,18.134798,0,0,,34,154,0,43,111,1152034,17368250,0,583c656b06b7d79c,,0,5.94
20260927T200509Z-0e3b,ba99c9c3a4c23240,58826,delta-omp,cpu,resident,s1,44,1,0,0,0,warm,24,1,13,21.46397,0,3.35987,0,18.103318,0,0,,34,151,0,43,108,1151803,17364444,0,82cfa3ade61fd805,,0,5.94
20260927T200509Z-0e3b,ba99c9c3a4c23240,466714,delta-omp,cpu,resident,s1,45,1,0,0,0,warm,24,1,13,21.768594,0,3.354017,0,18.413871,0,0,,35,154,0,44,110,1152070,17373350,0,ac36503bdc2a7b3e,,0,5.94
20260927T200509Z-0e3b,ba99c9c3a4c23240,597702,delta-omp,cpu,resident,s1,46,1,0,0,0,warm,24,1,13,22.096044,0,3.354438,0,18.740934,0,0,,36,164,0,44,120,1152535,17383988,0,14363d3d7d4164a5,,0,5.94
20260927T200509Z-0e3b,ba99c9c3a4c23240,64665,delta-omp,cpu,resident,s1,47,1,0,0,0,warm,24,1,13,21.30745,0,3.34643,0,17.960169,0,0,,35,157,0,45,112,1152327,17374544,0,8f0864e0fa5ef390,,0,5.94
20260927T200509Z-0e3b,ba99c9c3a4c23240,855449,delta-omp,cpu,resident,s1,48,1,0,0,0,warm,24,1,13,21.863847,0,3.349449,0,18.513801,0,0,,34,154,0,42,112,1151941,17367750,0,eaf42e238a9ddc48,,0,5.94
20260927T200509Z-0e3b,ba99c9c3a4c23240,519923,delta-omp,cpu,resident,s1,49,1,0,0,0,warm,24,1,13,21.48754,0,3.351713,0,18.135215,0,0,,35,158,0,45,113,1151716,17363728,0,a96200c3afe17ff5,,0,5.94
20260927T200509Z-0e3b,ba99c9c3a4c23240,474057,delta-omp,cpu,resident,s1,50,1,0,0,0,warm,24,1,13,21.117661,0,3.339331,0,17.777571,0,0,,36,156,0,45,111,1151941,17370764,0,2ab389d83e24de4a,,0,5.94
20260927T200509Z-0e3b,ba99c9c3a4c23240,949772,delta-omp,cpu,resident,s1,51,1,0,0,0,warm,24,1,13,21.858241,0,3.36622,0,18.491241,0,0,,35,158,0,42,116,1151901,17366034,0,f7ce1bc1539a870f,,0,5.94
20260927T200509Z-0e3b,ba99c9c3a4c23240,894887,delta-omp,cpu,resident,s1,52,1,0,0,0,warm,24,1,13,21.968731,0,3.353709,0,18.614263,0,0,,35,161,0,44,117,1152234,17372732,0,e83804eab75047de,,0,5.94
20260927T200509Z-0e3b,ba99c9c3a4c23240,141783,delta-omp,cpu,resident,s1,53,1,0,0,0,warm,24,1,13,21.265958,0,3.360567,0,17.90457,0,0,,33,155,0,45,110,1152107,17372540,0,93d9cbd5c1468553,,0,5.94
20260927T200509Z-0e3b,ba99c9c3a4c23240,917286,delta-omp,cpu,resident,s1,54,1,0,0,0,warm,24,1,13,21.852184,0,3.331467,0,18.520017,0,0,,35,161,0,45,116,1152383,17374728,0,2dfe42ff94f73f3f,,0,5.94
20260927T200509Z-0e3b,ba99c9c3a4c23240,39176,delta-omp,cpu,resident,s1,55,1,0,0,0,warm,24,1,13,21.880697,0,3.35447,0,18.525427,0,0,,34,151,0,43,108,1151173,17355380,0,fcd5001a78d68a13,,0,5.94
20260927T200509Z-0e3b,ba99c9c3a4c23240,345611,delta-omp,cpu,resident,s1,56,1,0,0,0,warm,24,1,13,21.617539,0,3.35065,0,18.266069,0,0,,34,157,0,45,112,1152164,17372962,0,16413610483b2219,,0,5.94
20260927T200509Z-0e3b,ba99c9c3a4c23240,968513,delta-omp,cpu,resident,s1,57,1,0,0,0,warm,24,1,13,22.002019,0,3.352539,0,18.648577,0,0,,34,158,0,43,115,1152074,17371194,0,05566abd08729f29,,0,5.94
20260927T200509Z-0e3b,ba99c9c3a4c23240,483034,delta-omp,cpu,resident,s1,58,1,0,0,0,warm,24,1,13,22.138893,0,3.358557,0,18.779442,0,0,,35,163,0,42,121,1152259,17373824,0,d086ea4ae6327b65,,0,5.94
20260927T200509Z-0e3b,ba99c9c3a4c23240,553088,delta-omp,cpu,resident,s1,59,1,0,0,0,warm,24,1,13,21.577941,0,3.352378,0,18.224921,0,0,,36,163,0,44,119,1152219,17372812,0,02539fcfa0feba49,,0,5.94
20260927T200509Z-0e3b,ba99c9c3a4c23240,868304,delta-omp,cpu,resident,s1,60,1,0,0,0,warm,24,1,13,21.171436,0,3.3767,0,17.793783,0,0,,34,153,0,45,108,1152031,17369652,0,8a67d279430d6e18,,0,5.94
20260927T200509Z-0e3b,ba99c9c3a4c23240,667559,delta-omp,cpu,resident,s1,61,1,0,0,0,warm,24,1,13,22.683849,0,3.34479,0,19.338189,0,0,,34,158,0,39,119,1151829,17366960,0,956021a54b8a90c1,,0,5.94
20260927T200509Z-0e3b,ba99c9c3a4c23240,695777,delta-omp,cpu,resident,s1,62,1,0,0,0,warm,24,1,13,21.790719,0,3.373385,0,18.416848,0,0,,35,155,0,45,110,1151857,17365894,0,05f487ae1d20c8ea,,0,5.94
20260927T200509Z-0e3b,ba99c9c3a4c23240,410614,delta-omp,cpu,resident,s1,63,1,0,0,0,warm,24,1,13,22.035343,0,3.34568,0,18.688942,0,0,,37,162,0,45,117,1152423,17375210,0,33339b273dd054e0,,0,5.94
20260927T200509Z-0e3b,ba99c9c3a4c23240,405553,delta-omp,cpu,resident,s1,64,1,0,0,0,warm,24,1,13,21.709106,0,3.358226,0,18.350123,0,0,,32,149,0,40,109,1151217,17354798,0,d4252920120688c8,,0,5.94
20260927T200509Z-0e3b,ba99c9c3a4c23240,985326,delta-omp,cpu,resident,s1,65,1,0,0,0,warm,24,1,13,22.377656,0,3.361956,0,19.014922,0,0,,37,158,0,42,116,1152271,17372028,0,8e89834923c4f91c,,0,5.94
20260927T200509Z-0e3b,ba99c9c3a4c23240,668876,delta-omp,cpu,resident,s1,66,1,0,0,0,warm,24,1,13,21.92282,0,3.343872,0,18.578413,0,0,,35,159,0,45,114,1152171,17372848,0,ff78503eb529ff7a,,0,5.94
20260927T200509Z-0e3b,ba99c9c3a4c23240,965128,delta-omp,cpu,resident,s1,67,1,0,0,0,warm,24,1,13,21.135013,0,3.342841,0,17.791614,0,0,,34,152,0,45,107,1152097,17370278,0,26b3d1ada6a27fb3,,0,5.94
20260927T200509Z-0e3b,ba99c9c3a4c23240,593734,delta-omp,cpu,resident,s1,68,1,0,0,0,warm,24,1,13,21.546656,0,3.346787,0,18.198965,0,0,,34,159,0,45,114,1151471,17361440,0,109812663c9c2735,,0,5.94
20260927T200509Z-0e3b,ba99c9c3a4c23240,273974,delta-omp,cpu,resident,s1,69,1,0,0,0,warm,24,1,13,21.685107,0,3.357267,0,18.32696,0,0,,32,147,0,42,105,1152502,17377148,0,8af4d6c71cef4e55,,0,5.94
20260927T200509Z-0e3b,ba99c9c3a4c23240,892034,delta-omp,cpu,resident,s1,70,1,0,0,0,warm,24,1,13,21.854386,0,3.35666,0,18.496832,0,0,,37,161,0,45,116,1151919,17367962,0,0651623fb2ac92ef,,0,5.94
20260927T200509Z-0e3b,ba99c9c3a4c23240,878403,delta-omp,cpu,resident,s1,71,1,0,0,0,warm,24,1,13,22.091915,0,3.337651,0,18.753228,0,0,,34,161,0,42,119,1151950,17368426,0,e4166a43abfdb242,,0,5.94
20260927T200509Z-0e3b,ba99c9c3a4c23240,439352,delta-omp,cpu,resident,s1,72,1,0,0,0,warm,24,1,13,21.960365,0,3.347927,0,18.611708,0,0,,37,163,0,45,118,1151302,17359600,0,c576654430d354fd,,0,5.94
20260927T200509Z-0e3b,ba99c9c3a4c23240,180097,delta-omp,cpu,resident,s1,73,1,0,0,0,warm,24,1,13,21.621523,0,3.356657,0,18.264065,0,0,,34,157,0,45,112,1151609,17365942,0,464df24ab6a417ec,,0,5.94
20260927T200509Z-0e3b,ba99c9c3a4c23240,923893,delta-omp,cpu,resident,s1,74,1,0,0,0,warm,24,1,13,21.754341,0,3.342928,0,18.410441,0,0,,35,164,0,45,119,1152174,17374696,0,8dd1e4b1179a37fc,,0,5.94
20260927T200509Z-0e3b,ba99c9c3a4c23240,178879,delta-omp,cpu,resident,s1,75,1,0,0,0,warm,24,1,13,22.057028,0,3.361543,0,18.694786,0,0,,35,162,0,45,117,1152270,17373662,0,a5bb5388b29bd046,,0,5.94
20260927T200509Z-0e3b,ba99c9c3a4c23240,148736,delta-omp,cpu,resident,s1,76,1,0,0,0,warm,24,1,13,22.690973,0,3.340968,0,19.349328,0,0,,34,159,0,42,117,1152112,17373226,0,2dcfc858873260f8,,0,5.94
20260927T200509Z-0e3b,ba99c9c3a4c23240,950182,delta-omp,cpu,resident,s1,77,1,0,0,0,warm,24,1,13,21.160223,0,3.354666,0,17.80476,0,0,,33,150,0,43,107,1151448,17361592,0,ee0ee56c280a7cc2,,0,5.94
20260927T200509Z-0e3b,ba99c9c3a4c23240,667619,delta-omp,cpu,resident,s1,78,1,0,0,0,warm,24,1,13,21.776591,0,3.339034,0,18.436582,0,0,,34,156,0,42,114,1151624,17366426,0,3c09b420faa8bd34,,0,5.94
20260927T200509Z-0e3b,ba99c9c3a4c23240,53666,delta-omp,cpu,resident,s1,79,1,0,0,0,warm,24,1,13,22.55395,0,3.349534,0,19.203684,0,0,,33,153,0,42,111,1152178,17372808,0,feab0b66e2021a0d,,0,5.94
20260927T200509Z-0e3b,ba99c9c3a4c23240,149239,delta-omp,cpu,resident,s1,80,1,0,0,0,warm,24,1,13,21.896855,0,3.347838,0,18.54835,0,0,,35,156,0,44,112,1151906,17368284,0,213803e440feadc1,,0,5.94
20260927T200509Z-0e3b,ba99c9c3a4c23240,565157,delta-omp,cpu,resident,s1,81,1,0,0,0,warm,24,1,13,21.390556,0,3.362157,0,18.027707,0,0,,35,158,0,44,114,1152244,17373432,0,c3e7c2a46358c6bf,,0,5.94
20260927T200509Z-0e3b,ba99c9c3a4c23240,803347,delta-omp,cpu,resident,s1,82,1,0,0,0,warm,24,1,13,22.104848,0,3.350847,0,18.753179,0,0,,34,154,0,42,112,1151485,17363126,0,61e45299bd3f9b95,,0,5.94
20260927T200509Z-0e3b,ba99c9c3a4c23240,224649,delta-omp,cpu,resident,s1,83,1,0,0,0,warm,24,1,13,21.625312,0,3.363041,0,18.261611,0,0,,33,155,0,42,113,1151921,17366696,0,4727f75658ae7f55,,0,5.94
20260927T200509Z-0e3b,ba99c9c3a4c23240,146198,delta-omp,cpu,resident,s1,84,1,0,0,0,warm,24,1,13,21.987388,0,3.358525,0,18.628183,0,0,,34,156,0,42,114,1151974,17369274,0,4a46b0a373169142,,0,5.94
20260927T200509Z-0e3b,ba99c9c3a4c23240,557345,delta-omp,cpu,resident,s1,85,1,0,0,0,warm,24,1,13,22.723169,0,3.356776,0,19.365707,0,0,,34,153,0,42,111,1151966,17366448,0,d0d44292b5894af7,,0,5.94
20260927T200509Z-0e3b,ba99c9c3a4c23240,301998,delta-omp,cpu,resident,s1,86,1,0,0,0,warm,24,1,13,22.059866,0,3.359227,0,18.699725,0,0,,35,158,0,42,116,1151851,17368778,0,f0c0c55daa7e12a1,,0,5.94
20260927T200509Z-0e3b,ba99c9c3a4c23240,461546,delta-omp,cpu,resident,s1,87,1,0,0,0,warm,24,1,13,21.825378,0,3.373464,0,18.451303,0,0,,35,158,0,45,113,1152484,17377650,0,6c69951426c756e4,,0,5.94
20260927T200509Z-0e3b,ba99c9c3a4c23240,891232,delta-omp,cpu,resident,s1,88,1,0,0,0,warm,24,1,13,22.523233,0,3.331296,0,19.191104,0,0,,35,158,0,42,116,1152222,17371332,0,cb5568ed8a609070,,0,5.94
20260927T200509Z-0e3b,ba99c9c3a4c23240,648094,delta-omp,cpu,resident,s1,89,1,0,0,0,warm,24,1,13,21.756876,0,3.362156,0,18.394083,0,0,,36,165,0,45,120,1151579,17359546,0,6c7cf26ec6ec2f2c,,0,5.94
20260927T200509Z-0e3b,ba99c9c3a4c23240,791162,delta-omp,cpu,resident,s1,90,1,0,0,0,warm,24,1,13,22.183581,0,3.349389,0,18.833613,0,0,,36,161,0,44,117,1152123,17372294,0,14e5484e50e5d369,,0,5.94
20260927T200509Z-0e3b,ba99c9c3a4c23240,897431,delta-omp,cpu,resident,s1,91,1,0,0,0,warm,24,1,13,21.475463,0,3.355913,0,18.118806,0,0,,35,154,0,43,111,1151893,17366710,0,46ffb0299779ce28,,0,5.94
20260927T200509Z-0e3b,ba99c9c3a4c23240,922237,delta-omp,cpu,resident,s1,92,1,0,0,0,warm,24,1,13,22.046837,0,3.3532,0,18.693102,0,0,,35,156,0,41,115,1151954,17368590,0,a33f81d4d938e7c2,,0,5.94
20260927T200509Z-0e3b,ba99c9c3a4c23240,323467,delta-omp,cpu,resident,s1,93,1,0,0,0,warm,24,1,13,21.921095,0,3.363247,0,18.557216,0,0,,35,164,0,44,120,1151910,17369524,0,ac1779f60b920e21,,0,5.94
20260927T200509Z-0e3b,ba99c9c3a4c23240,234796,delta-omp,cpu,resident,s1,94,1,0,0,0,warm,24,1,13,22.885782,0,3.578333,0,19.306546,0,0,,36,165,0,42,123,1152731,17382010,0,7d74bc02948a9636,,0,5.94
20260927T200509Z-0e3b,ba99c9c3a4c23240,853304,delta-omp,cpu,resident,s1,95,1,0,0,0,warm,24,1,13,22.213888,0,3.371394,0,18.841824,0,0,,36,159,0,45,114,1152327,17376406,0,09372604fa945e90,,0,5.94
20260927T200509Z-0e3b,ba99c9c3a4c23240,450173,delta-omp,cpu,resident,s1,96,1,0,0,0,warm,24,1,13,21.705022,0,3.352383,0,18.351866,0,0,,34,159,0,42,117,1151854,17368046,0,5e71f6cd5808d723,,0,5.94
20260927T200509Z-0e3b,ba99c9c3a4c23240,402126,delta-omp,cpu,resident,s1,97,1,0,0,0,warm,24,1,13,22.184039,0,3.35106,0,18.832067,0,0,,33,158,0,45,113,1151896,17365870,0,f42f63df994942c2,,0,5.94
20260927T200509Z-0e3b,ba99c9c3a4c23240,525289,delta-omp,cpu,resident,s1,98,1,0,0,0,warm,24,1,13,21.739296,0,3.35403,0,18.384398,0,0,,35,156,0,43,113,1151955,17369022,0,4552620cf7334db8,,0,5.94
20260927T200509Z-0e3b,ba99c9c3a4c23240,442490,delta-omp,cpu,resident,s1,99,1,0,0,0,warm,24,1,13,21.490063,0,3.349263,0,18.140138,0,0,,34,154,0,40,114,1151168,17355610,0,bc7da764c475ef0e,,0,5.94
20260927T200509Z-0e3b,ba99c9c3a4c23240,997733,delta-omp,cpu,resident,s1,100,1,0,0,0,warm,24,1,13,21.798962,0,3.366244,0,18.431959,0,0,,34,156,0,42,114,1152574,17379130,0,e43bf8f7de07c1d1,,0,5.94
20260927T200509Z-0e3b,ba99c9c3a4c23240,217852,delta-omp,cpu,resident,s1,101,1,0,0,0,warm,24,1,13,22.333153,0,3.353295,0,18.979153,0,0,,36,162,0,45,117,1152459,17381008,0,2b6aad2a15eeffbc,,0,5.94
20260927T200509Z-0e3b,ba99c9c3a4c23240,695169,delta-omp,cpu,resident,s1,102,1,0,0,0,warm,24,1,13,21.496041,0,3.381231,0,18.113889,0,0,,34,153,0,43,110,1152493,17375228,0,bf69aa1b4acb1e99,,0,5.94
20260927T200509Z-0e3b,ba99c9c3a4c23240,36788,delta-omp,cpu,resident,s1,103,1,0,0,0,warm,24,1,13,22.466203,0,3.358924,0,19.106511,0,0,,34,156,0,42,114,1152167,17374354,0,440b72a38ee53e70,,0,5.94
20260927T200509Z-0e3b,ba99c9c3a4c23240,702130,delta-omp,cpu,resident,s1,104,1,0,0,0,warm,24,1,13,22.74026,0,3.352278,0,19.387156,0,0,,37,166,0,42,124,1151245,17357332,0,6a85681c5072f86d,,0,5.94
20260927T200509Z-0e3b,ba99c9c3a4c23240,109705,delta-omp,cpu,resident,s1,105,1,0,0,0,warm,24,1,13,21.880641,0,3.411291,0,18.468635,0,0,,35,160,0,43,117,1152119,17370958,0,122a6de40c98dd91,,0,5.94
20260927T200509Z-0e3b,ba99c9c3a4c23240,60708,delta-omp,cpu,resident,s1,106,1,0,0,0,warm,24,1,13,21.930984,0,3.414214,0,18.516003,0,0,,35,160,0,45,115,1152062,17370374,0,ff267373444e3979,,0,5.94
20260927T200509Z-0e3b,ba99c9c3a4c23240,657965,delta-omp,cpu,resident,s1,107,1,0,0,0,warm,24,1,13,21.3808,0,3.348109,0,18.0319,0,0,,34,157,0,45,112,1152260,17374928,0,7fc803176a503fcb,,0,5.94
20260927T200509Z-0e3b,ba99c9c3a4c23240,248642,delta-omp,cpu,resident,s1,108,1,0,0,0,warm,24,1,13,21.511211,0,3.372596,0,18.137908,0,0,,35,152,0,43,109,1152329,17376558,0,eb8a2f1c801ff9f5,,0,5.94
20260927T200509Z-0e3b,ba99c9c3a4c23240,447024,delta-omp,cpu,resident,s1,109,1,0,0,0,warm,24,1,13,21.783557,0,3.362065,0,18.420757,0,0,,32,155,0,42,113,1152481,17377512,0,294e71988b335ac8,,0,5.94
20260927T200509Z-0e3b,ba99c9c3a4c23240,586669,delta-omp,cpu,resident,s1,110,1,0,0,0,warm,24,1,13,22.271165,0,3.452203,0,18.818232,0,0,,35,154,0,43,111,1152423,17374274,0,7f06b0a07ce62fbd,,0,5.94
20260927T200509Z-0e3b,ba99c9c3a4c23240,898528,delta-omp,cpu,resident,s1,111,1,0,0,0,warm,24,1,13,24.51428,0,4.317503,0,20.196098,0,0,,35,156,0,43,113,1152321,17373542,0,ed0c4310232a6cfa,,0,5.94
20260927T200509Z-0e3b,ba99c9c3a4c23240,410615,delta-omp,cpu,resident,s1,112,1,0,0,0,warm,24,1,13,22.994477,0,3.63736,0,19.356511,0,0,,34,156,0,45,111,1152240,17374834,0,d6e3cae0016ae636,,0,5.94
20260927T200509Z-0e3b,ba99c9c3a4c23240,233899,delta-omp,cpu,resident,s1,113,1,0,0,0,warm,24,1,13,22.157257,0,3.857874,0,18.298722,0,0,,33,150,0,43,107,1152330,17375216,0,fb90ec5a321a1b11,,0,5.94
20260927T200509Z-0e3b,ba99c9c3a4c23240,321855,delta-omp,cpu,resident,s1,114,1,0,0,0,warm,24,1,13,21.72284,0,3.404546,0,18.31744,0,0,,33,152,0,41,111,1152066,17370228,0,184c285a03ae5048,,0,5.94
20260927T200509Z-0e3b,ba99c9c3a4c23240,327721,delta-omp,cpu,resident,s1,115,1,0,0,0,warm,24,1,13,21.859546,0,3.367253,0,18.491598,0,0,,35,156,0,43,113,1152498,17379058,0,0502c004ff0e13ac,,0,5.94
20260927T200509Z-0e3b,ba99c9c3a4c23240,791859,delta-omp,cpu,resident,s1,116,1,0,0,0,warm,24,1,13,22.229687,0,3.355237,0,18.873589,0,0,,35,159,0,42,117,1151796,17366578,0,77de2f97c13e9690,,0,5.94
20260927T200509Z-0e3b,ba99c9c3a4c23240,830337,delta-omp,cpu,resident,s1,117,1,0,0,0,warm,24,1,13,22.272179,0,3.359954,0,18.911408,0,0,,36,158,0,42,116,1152144,17369608,0,8a1f0ac79dfe7a21,,0,5.94
20260927T200509Z-0e3b,ba99c9c3a4c23240,255281,delta-omp,cpu,resident,s1,118,1,0,0,0,warm,24,1,13,22.640012,0,3.361879,0,19.277246,0,0,,35,157,0,43,114,1151754,17367456,0,9127d34afa79f86f,,0,5.94
20260927T200509Z-0e3b,ba99c9c3a4c23240,396042,delta-omp,cpu,resident,s1,119,1,0,0,0,warm,24,1,13,21.412674,0,3.363852,0,18.048098,0,0,,33,149,0,42,107,1152302,17376312,0,112d40140b009d4a,,0,5.94
20260927T200509Z-0e3b,ba99c9c3a4c23240,617545,delta-omp,cpu,resident,s1,120,1,0,0,0,warm,24,1,13,21.540722,0,3.349558,0,18.19046,0,0,,34,158,0,45,113,1152265,17373200,0,675e0bc84d0c5ef8,,0,5.94
20260927T200509Z-0e3b,ba99c9c3a4c23240,469422,delta-omp,cpu,resident,s1,121,1,0,0,0,warm,24,1,13,22.188389,0,3.374231,0,18.81347,0,0,,34,154,0,40,114,1152099,17369752,0,75c0ccd538f9c0f7,,0,5.94
20260927T200509Z-0e3b,ba99c9c3a4c23240,187428,delta-omp,cpu,resident,s1,122,1,0,0,0,warm,24,1,13,21.851569,0,3.350246,0,18.500763,0,0,,36,160,0,44,116,1151834,17365184,0,bd28bacb43728c1c,,0,5.94
20260927T200509Z-0e3b,ba99c9c3a4c23240,59507,delta-omp,cpu,resident,s1,123,1,0,0,0,warm,24,1,13,22.559814,0,3.364986,0,19.194082,0,0,,35,166,0,44,122,1152062,17369304,0,9bf525a021591b0c,,0,5.94
20260927T200509Z-0e3b,ba99c9c3a4c23240,205738,delta-omp,cpu,resident,s1,124,1,0,0,0,warm,24,1,13,22.131891,0,3.362157,0,18.769017,0,0,,37,166,0,45,121,1151741,17365182,0,0ba3453c1e73022f,,0,5.94
20260927T200509Z-0e3b,ba99c9c3a4c23240,867055,delta-omp,cpu,resident,s1,125,1,0,0,0,warm,24,1,13,22.078872,0,3.359666,0,18.718222,0,0,,36,162,0,45,117,1151933,17371468,0,006b20bd4f12f3ab,,0,5.94
20260927T200509Z-0e3b,ba99c9c3a4c23240,196131,delta-omp,cpu,resident,s1,126,1,0,0,0,warm,24,1,13,22.294431,0,3.370808,0,18.922744,0,0,,33,156,0,42,114,1152752,17380586,0,898234ed8dcb8680,,0,5.94
20260927T200509Z-0e3b,ba99c9c3a4c23240,151969,delta-omp,cpu,resident,s1,127,1,0,0,0,warm,24,1,13,21.760387,0,3.375732,0,18.383616,0,0.000188,,34,153,0,43,110,1151985,17369910,0,0546343fa65d7f21,,0,5.94
20260927T200509Z-0e3b,ba99c9c3a4c23240,715399,gpu-frontier,gpu,resident,s1,0,1,0,0,1,warm,0,1,0,11.599385,0,0.441196,5.99481583,4.63344002,0.504341,0,,38,38,38,0,0,4119040,30898607,0,ecdcbb820737fc0e,2506.60462,0,5.94
20260927T200509Z-0e3b,ba99c9c3a4c23240,187452,gpu-frontier,gpu,resident,s1,1,1,0,0,1,warm,0,1,0,4.386601,0,0,0,3.9024961,0.472414,0,,36,36,36,0,0,3431955,25754077,0,96f02017575011de,2508.60087,0,5.94
20260927T200509Z-0e3b,ba99c9c3a4c23240,654701,gpu-frontier,gpu,resident,s1,2,1,0,0,1,warm,0,1,0,4.521038,0,0,0,4.02806377,0.480481,0,,38,38,38,0,0,3466026,25970137,0,4f9f9b29bfae372e,2511.16068,0,5.94
20260927T200509Z-0e3b,ba99c9c3a4c23240,204001,gpu-frontier,gpu,resident,s1,3,1,0,0,1,warm,0,1,0,4.127658,0,0,0,3.68022394,0.435365,0,,35,35,35,0,0,3211867,24104349,0,13e234bc2b51e68e,2508.92063,0,5.94
20260927T200509Z-0e3b,ba99c9c3a4c23240,463449,gpu-frontier,gpu,resident,s1,4,1,0,0,1,warm,0,1,0,4.353819,0,0,0,3.92403197,0.41913,0,,37,37,37,0,0,3417427,25630984,0,153de2728e824e53,2511.16068,0,5.94
20260927T200509Z-0e3b,ba99c9c3a4c23240,253613,gpu-frontier,gpu,resident,s1,5,1,0,0,1,warm,0,1,0,4.258517,0,0,0,3.82969594,0.418197,0,,36,36,36,0,0,3341985,25089753,0,3247d70ca7f66ed4,2509.16036,0,5.94
20260927T200509Z-0e3b,ba99c9c3a4c23240,239468,gpu-frontier,gpu,resident,s1,6,1,0,0,1,warm,0,1,0,4.302168,0,0,0,3.86153603,0.429826,0,,36,36,36,0,0,3367052,25259984,0,a6b6de89d97c7910,2509.24048,0,5.94
20260927T200509Z-0e3b,ba99c9c3a4c23240,369505,gpu-frontier,gpu,resident,s1,7,1,0,0,1,warm,0,1,0,4.297548,0,0,0,3.86649609,0.420016,0,,36,36,36,0,0,3385393,25415659,0,109b4acc8f4ac33a,2509.24048,0,5.94
20260927T200509Z-0e3b,ba99c9c3a4c23240,790454,gpu-frontier,gpu,resident,s1,8,1,0,0,1,warm,0,1,0,4.364752,0,0,0,3.9433279,0.41093,0,,39,39,39,0,0,3419950,25635898,0,26e48121c6aa4159,2509.16036,0,5.94
20260927T200509Z-0e3b,ba99c9c3a4c23240,397801,gpu-frontier,gpu,resident,s1,9,1,0,0,1,warm,0,1,0,4.362826,0,0,0,3.94339204,0.408259,0,,39,39,39,0,0,3411558,25602901,0,5a7753eccbbbecc3,2508.60087,0,5.94
20260927T200509Z-0e3b,ba99c9c3a4c23240,737225,gpu-frontier,gpu,resident,s1,10,1,0,0,1,warm,0,1,0,4.566418,0,0,0,4.14307213,0.413107,0,,38,38,38,0,0,3642522,27360414,0,f8923c22e103e6ad,2511.16068,0,5.94
20260927T200509Z-0e3b,ba99c9c3a4c23240,155144,gpu-frontier,gpu,resident,s1,11,1,0,0,1,warm,0,1,0,4.876892,0,0,0,4.45142412,0.414074,0,,38,38,38,0,0,3941779,29571900,0,96cd5ce2c0bed8d9,2508.60087,0,5.94
20260927T200509Z-0e3b,ba99c9c3a4c23240,763420,gpu-frontier,gpu,resident,s1,12,1,0,0,1,warm,0,1,0,4.560611,0,0,0,4.13488007,0.414476,0,,38,38,38,0,0,3615287,27087560,0,6afec27f81fe3362,2508.60087,0,5.94
20260927T200509Z-0e3b,ba99c9c3a4c23240,558559,gpu-frontier,gpu,resident,s1,13,1,0,0,1,warm,0,1,0,4.633294,0,0,0,4.21267223,0.409135,0,,38,38,38,0,0,3697264,27725848,0,9ae2735bc57c118b,2508.68095,0,5.94
20260927T200509Z-0e3b,ba99c9c3a4c23240,689533,gpu-frontier,gpu,resident,s1,14,1,0,0,1,warm,0,1,0,4.419484,0,0,0,3.98835206,0.420574,0,,40,40,40,0,0,3464771,25973624,0,6dd76205e9a709b1,2509.16036,0,5.94
20260927T200509Z-0e3b,ba99c9c3a4c23240,85750,gpu-frontier,gpu,resident,s1,15,1,0,0,1,warm,0,1,0,4.384777,0,0,0,3.95868802,0.415168,0,,38,38,38,0,0,3435491,25774306,0,93d0652be5380e25,2508.60087,0,5.94
20260927T200509Z-0e3b,ba99c9c3a4c23240,24166,gpu-frontier,gpu,resident,s1,16,1,0,0,1,warm,0,1,0,4.423051,0,0,0,4.004704,0.40773,0,,37,37,37,0,0,3506375,26274915,0,4c9f86b8a429a6a1,2510.36029,0,5.94
20260927T200509Z-0e3b,ba99c9c3a4c23240,181793,gpu-frontier,gpu,resident,s1,17,1,0,0,1,warm,0,1,0,4.504163,0,0,0,4.08256006,0.410347,0,,38,38,38,0,0,3550170,26607276,0,06c27d4ed33dc4c0,2508.60087,0,5.94
20260927T200509Z-0e3b,ba99c9c3a4c23240,435643,gpu-frontier,gpu,resident,s1,18,1,0,0,1,warm,0,1,0,4.476014,0,0,0,4.02931213,0.435024,0,,36,36,36,0,0,3545827,26597162,0,9e5667ef0aef187c,2511.16068,0,5.94
20260927T200509Z-0e3b,ba99c9c3a4c23240,412744,gpu-frontier,gpu,resident,s1,19,1,0,0,1,warm,0,1,0,4.654904,0,0,0,4.20656013,0.437499,0,,39,39,39,0,0,3671515,27535374,0,0a4ff2a55423b6fa,2511.16068,0,5.94
20260927T200509Z-0e3b,ba99c9c3a4c23240,601557,gpu-frontier,gpu,resident,s1,20,1,0,0,1,warm,0,1,0,4.343173,0,0,0,3.91971207,0.412373,0,,36,36,36,0,0,3434820,25782834,0,c59071f58c6927a5,2509.40044,0,5.94
20260927T200509Z-0e3b,ba99c9c3a4c23240,582010,gpu-frontier,gpu,resident,s1,21,1,0,0,1,warm,0,1,0,4.279035,0,0,0,3.8592639,0.408625,0,,38,38,38,0,0,3340186,25037666,0,abb1d0fe49a68439,2510.12004,0,5.94
20260927T200509Z-0e3b,ba99c9c3a4c23240,369562,gpu-frontier,gpu,resident,s1,22,1,0,0,1,warm,0,1,0,4.785837,0,0,0,4.36220789,0.412472,0,,36,36,36,0,0,3855362,28913296,0,e8960d119b031443,2511.16068,0,5.94
20260927T200509Z-0e3b,ba99c9c3a4c23240,1020126,gpu-frontier,gpu,resident,s1,23,1,0,0,1,warm,0,1,0,4.63101,0,0,0,4.13078403,0.489046,0,,38,38,38,0,0,3617751,27153646,0,9a263533db615402,2510.20022,0,5.94
20260927T200509Z-0e3b,ba99c9c3a4c23240,79356,gpu-frontier,gpu,resident,s1,24,1,0,0,1,warm,0,1,0,4.485577,0,0,0,3.95964789,0.513241,0,,37,37,37,0,0,3452898,25888832,0,44e74e2f955df7c3,2508.60087,0,5.94
20260927T200509Z-0e3b,ba99c9c3a4c23240,379637,gpu-frontier,gpu,resident,s1,25,1,0,0,1,warm,0,1,0,4.724332,0,0,0,4.26588821,0.445562,0,,40,40,40,0,0,3714018,27882233,0,d1a2e1c3ccbc3f21,2508.60087,0,5.94
20260927T200509Z-0e3b,ba99c9c3a4c23240,863118,gpu-frontier,gpu,resident,s1,26,1,0,0,1,warm,0,1,0,4.277416,0,0,0,3.84998393,0.416207,0,,36,36,36,0,0,3356040,25186188,0,d5dba0885c35a5f9,2508.60087,0,5.94
20260927T200509Z-0e3b,ba99c9c3a4c23240,997539,gpu-frontier,gpu,resident,s1,27,1,0,0,1,warm,0,1,0,4.41849,0,0,0,3.97424006,0.432834,0,,36,36,36,0,0,3475201,26076212,0,6eef670e6e3e1100,2508.60087,0,5.94
20260927T200509Z-0e3b,ba99c9c3a4c23240,192191,gpu-frontier,gpu,resident,s1,28,1,0,0,1,warm,0,1,0,4.424221,0,0,0,3.99142408,0.421638,0,,36,36,36,0,0,3509197,26353705,0,662baab9bef29a06,2508.76074,0,5.94
20260927T200509Z-0e3b,ba99c9c3a4c23240,67157,gpu-frontier,gpu,resident,s1,29,1,0,0,1,warm,0,1,0,4.480146,0,0,0,4.04672003,0.421413,0,,42,42,42,0,0,3480386,26083718,0,31aaa449503ab45c,2508.60087,0,5.94
20260927T200509Z-0e3b,ba99c9c3a4c23240,65383,gpu-frontier,gpu,resident,s1,30,1,0,0,1,warm,0,1,0,4.250249,0,0,0,3.8181119,0.421025,0,,34,34,34,0,0,3329308,24968900,0,7204d50f6114d912,2509.08055,0,5.94
20260927T200509Z-0e3b,ba99c9c3a4c23240,249726,gpu-frontier,gpu,resident,s1,31,1,0,0,1,warm,0,1,0,4.463801,0,0,0,4.00883198,0.444189,0,,38,38,38,0,0,3498769,26240680,0,29e88ade804cdeca,2508.60087,0,5.94
20260927T200509Z-0e3b,ba99c9c3a4c23240,159695,gpu-frontier,gpu,resident,s1,32,1,0,0,1,warm,0,1,0,4.396306,0,0,0,3.96991992,0.414159,0,,36,36,36,0,0,3487315,26185916,0,7119e6e28c081569,2510.36029,0,5.94
20260927T200509Z-0e3b,ba99c9c3a4c23240,127101,gpu-frontier,gpu,resident,s1,33,1,0,0,1,warm,0,1,0,4.268432,0,0,0,3.83884811,0.417898,0,,35,35,35,0,0,3355331,25169619,0,846d8477ad8013e1,2506.60462,0,5.94
20260927T200509Z-0e3b,ba99c9c3a4c23240,296023,gpu-frontier,gpu,resident,s1,34,1,0,0,1,warm,0,1,0,4.4978,0,0,0,4.07548809,0.411376,0,,44,44,44,0,0,3469044,26024140,0,605cc580b3de4615,2511.16068,0,5.94
20260927T200509Z-0e3b,ba99c9c3a4c23240,982751,gpu-frontier,gpu,resident,s1,35,1,0,0,1,warm,0,1,0,4.213513,0,0,0,3.77494407,0.427932,0,,36,36,36,0,0,3281188,24597809,0,0d4096cd5bc69572,2511.16068,0,5.94
20260927T200509Z-0e3b,ba99c9c3a4c23240,966093,gpu-frontier,gpu,resident,s1,36,1,0,0,1,warm,0,1,0,4.260917,0,0,0,3.83593607,0.414136,0,,36,36,36,0,0,3338586,25026030,0,7d06fdf48f6e8286,2508.60087,0,5.94
20260927T200509Z-0e3b,ba99c9c3a4c23240,731425,gpu-frontier,gpu,resident,s1,37,1,0,0,1,warm,0,1,0,4.645886,0,0,0,4.21900797,0.415962,0,,40,40,40,0,0,3658607,27456077,0,466affb9293ca47e,2509.24048,0,5.94
20260927T200509Z-0e3b,ba99c9c3a4c23240,421395,gpu-frontier,gpu,resident,s1,38,1,0,0,1,warm,0,1,0,4.312944,0,0,0,3.90361595,0.398366,0,,36,36,36,0,0,3417706,25619915,0,eae68b7499feb2b6,2508.60087,0,5.94
20260927T200509Z-0e3b,ba99c9c3a4c23240,734856,gpu-frontier,gpu,resident,s1,39,1,0,0,1,warm,0,1,0,3.995739,0,0,0,3.57455993,0.410586,0,,36,36,36,0,0,3395465,25473644,0,4f0d08e3cb27ad6a,2511.96159,0,5.94
20260927T200509Z-0e3b,ba99c9c3a4c23240,413157,gpu-frontier,gpu,resident,s1,40,1,0,0,1,warm,0,1,0,3.97933,0,0,0,3.56755209,0.400903,0,,36,36,36,0,0,3374899,25298890,0,3a6c4deb6663fbb5,2513.72573,0,5.94
20260927T200509Z-0e3b,ba99c9c3a4c23240,460916,gpu-frontier,gpu,resident,s1,41,1,0,0,1,warm,0,1,0,3.875786,0,0,0,3.45980811,0.405575,0,,40,40,40,0,0,3173188,23792439,0,a6f1b94b86d02118,2513.32465,0,5.94
20260927T200509Z-0e3b,ba99c9c3a4c23240,769784,gpu-frontier,gpu,resident,s1,42,1,0,0,1,warm,0,1,0,3.956484,0,0,0,3.54496002,0.400993,0,,36,36,36,0,0,3348699,25133574,0,318d7c8bfa3d3ba0,2513.72573,0,5.94
20260927T200509Z-0e3b,ba99c9c3a4c23240,974706,gpu-frontier,gpu,resident,s1,43,1,0,0,1,warm,0,1,0,3.833197,0,0,0,3.42118406,0.401683,0,,34,34,34,0,0,3259294,24454878,0,583c656b06b7d79c,2511.56107,0,5.94
20260927T200509Z-0e3b,ba99c9c3a4c23240,58826,gpu-frontier,gpu,resident,s1,44,1,0,0,1,warm,0,1,0,4.221899,0,0,0,3.81001592,0.401795,0,,39,39,39,0,0,3603656,27036091,0,82cfa3ade61fd805,2513.00376,0,5.94
20260927T200509Z-0e3b,ba99c9c3a4c23240,466714,gpu-frontier,gpu,resident,s1,45,1,0,0,1,warm,0,1,0,4.129705,0,0,0,3.71174407,0.407666,0,,38,38,38,0,0,3520026,26393910,0,ac36503bdc2a7b3e,2513.72573,0,5.94
20260927T200509Z-0e3b,ba99c9c3a4c23240,597702,gpu-frontier,gpu,resident,s1,46,1,0,0,1,warm,0,1,0,4.063163,0,0,0,3.64025593,0.41245,0,,39,39,39,0,0,3401270,25515989,0,14363d3d7d4164a5,2513.32465,0,5.94
20260927T200509Z-0e3b,ba99c9c3a4c23240,64665,gpu-frontier,gpu,resident,s1,47,1,0,0,1,warm,0,1,0,4.163501,0,0,0,3.7465601,0.406197,0,,36,36,36,0,0,3584586,26890513,0,8f0864e0fa5ef390,2512.2022,0,5.94
20260927T200509Z-0e3b,ba99c9c3a4c23240,855449,gpu-frontier,gpu,resident,s1,48,1,0,0,1,warm,0,1,0,4.104614,0,0,0,3.68918395,0.405018,0,,36,36,36,0,0,3500260,26252002,0,eaf42e238a9ddc48,2513.56522,0,5.94
20260927T200509Z-0e3b,ba99c9c3a4c23240,519923,gpu-frontier,gpu,resident,s1,49,1,0,0,1,warm,0,1,0,4.145396,0,0,0,3.73027205,0.40467,0,,40,40,40,0,0,3503023,26266357,0,a96200c3afe17ff5,2513.72573,0,5.94
20260927T200509Z-0e3b,ba99c9c3a4c23240,474057,gpu-frontier,gpu,resident,s1,50,1,0,0,1,warm,0,1,0,4.054144,0,0,0,3.64217591,0.40073,0,,40,40,40,0,0,3400796,25503446,0,2ab389d83e24de4a,2513.72573,0,5.94
20260927T200509Z-0e3b,ba99c9c3a4c23240,949772,gpu-frontier,gpu,resident,s1,51,1,0,0,1,warm,0,1,0,3.84686,0,0,0,3.43235207,0.40436,0,,36,36,36,0,0,3236592,24281180,0,f7ce1bc1539a870f,2513.72573,0,5.94
20260927T200509Z-0e3b,ba99c9c3a4c23240,894887,gpu-frontier,gpu,resident,s1,52,1,0,0,1,warm,0,1,0,3.871408,0,0,0,3.44444799,0.416794,0,,36,36,36,0,0,3247332,24365295,0,e83804eab75047de,2511.40084,0,5.94
20260927T200509Z-0e3b,ba99c9c3a4c23240,141783,gpu-frontier,gpu,resident,s1,53,1,0,0,1,warm,0,1,0,4.277097,0,0,0,3.86012793,0.406237,0,,40,40,40,0,0,3662238,27492363,0,93d9cbd5c1468553,2513.72573,0,5.94
20260927T200509Z-0e3b,ba99c9c3a4c23240,917286,gpu-frontier,gpu,resident,s1,54,1,0,0,1,warm,0,1,0,4.008686,0,0,0,3.59705591,0.401236,0,,37,37,37,0,0,3385471,25392039,0,2dfe42ff94f73f3f,2513.96638,0,5.94
20260927T200509Z-0e3b,ba99c9c3a4c23240,39176,gpu-frontier,gpu,resident,s1,55,1,0,0,1,warm,0,1,0,4.142142,0,0,0,3.72710395,0.404043,0,,38,38,38,0,0,3529323,26460039,0,fcd5001a78d68a13,2513.56522,0,5.94
20260927T200509Z-0e3b,ba99c9c3a4c23240,345611,gpu-frontier,gpu,resident,s1,56,1,0,0,1,warm,0,1,0,4.306423,0,0,0,3.89407992,0.401413,0,,36,36,36,0,0,3748577,28112099,0,16413610483b2219,2514.36796,0,5.94
20260927T200509Z-0e3b,ba99c9c3a4c23240,968513,gpu-frontier,gpu,resident,s1,57,1,0,0,1,warm,0,1,0,4.017836,0,0,0,3.59820795,0.408581,0,,37,37,37,0,0,3393325,25445015,0,05566abd08729f29,2513.72573,0,5.94
20260927T200509Z-0e3b,ba99c9c3a4c23240,483034,gpu-frontier,gpu,resident,s1,58,1,0,0,1,warm,0,1,0,4.044348,0,0,0,3.62800002,0.406071,0,,36,36,36,0,0,3451341,25873590,0,d086ea4ae6327b65,2513.72573,0,5.94
20260927T200509Z-0e3b,ba99c9c3a4c23240,553088,gpu-frontier,gpu,resident,s1,59,1,0,0,1,warm,0,1,0,3.943953,0,0,0,3.52854395,0.405092,0,,40,40,40,0,0,3277283,24584145,0,02539fcfa0feba49,2513.72573,0,5.94
20260927T200509Z-0e3b,ba99c9c3a4c23240,868304,gpu-frontier,gpu,resident,s1,60,1,0,0,1,warm,0,1,0,3.993607,0,0,0,3.58175993,0.401479,0,,37,37,37,0,0,3387694,25407793,0,8a67d279430d6e18,2513.72573,0,5.94
20260927T200509Z-0e3b,ba99c9c3a4c23240,667559,gpu-frontier,gpu,resident,s1,61,1,0,0,1,warm,0,1,0,4.138045,0,0,0,3.72006392,0.407361,0,,39,39,39,0,0,3516929,26367920,0,956021a54b8a90c1,2514.36796,0,5.94
20260927T200509Z-0e3b,ba99c9c3a4c23240,695777,gpu-frontier,gpu,resident,s1,62,1,0,0,1,warm,0,1,0,3.854571,0,0,0,3.44038391,0.403981,0,,37,37,37,0,0,3247732,24375580,0,05f487ae1d20c8ea,2513.72573,0,5.94
20260927T200509Z-0e3b,ba99c9c3a4c23240,410614,gpu-frontier,gpu,resident,s1,63,1,0,0,1,warm,0,1,0,4.129709,0,0,0,3.71478391,0.404839,0,,37,37,37,0,0,3520012,26401067,0,33339b273dd054e0,2513.72573,0,5.94
20260927T200509Z-0e3b,ba99c9c3a4c23240,405553,gpu-frontier,gpu,resident,s1,64,1,0,0,1,warm,0,1,0,4.412739,0,0,0,3.98515201,0.417049,0,,38,38,38,0,0,3781773,28394203,0,d4252920120688c8,2513.96638,0,5.94
20260927T200509Z-0e3b,ba99c9c3a4c23240,985326,gpu-frontier,gpu,resident,s1,65,1,0,0,1,warm,0,1,0,3.791998,0,0,0,3.37807989,0.4032,0,,36,36,36,0,0,3147907,23603126,0,8e89834923c4f91c,2513.72573,0,5.94
20260927T200509Z-0e3b,ba99c9c3a4c23240,668876,gpu-frontier,gpu,resident,s1,66,1,0,0,1,warm,0,1,0,4.134944,0,0,0,3.71481609,0.409817,0,,36,36,36,0,0,3540871,26570195,0,ff78503eb529ff7a,2513.24427,0,5.94
20260927T200509Z-0e3b,ba99c9c3a4c23240,965128,gpu-frontier,gpu,resident,s1,67,1,0,0,1,warm,0,1,0,3.861616,0,0,0,3.44591999,0.405254,0,,36,36,36,0,0,3264430,24473051,0,26b3d1ada6a27fb3,2514.20737,0,5.94
20260927T200509Z-0e3b,ba99c9c3a4c23240,593734,gpu-frontier,gpu,resident,s1,68,1,0,0,1,warm,0,1,0,3.793558,0,0,0,3.38099194,0.402535,0,,35,35,35,0,0,3169775,23765684,0,109812663c9c2735,2513.72573,0,5.94
20260927T200509Z-0e3b,ba99c9c3a4c23240,273974,gpu-frontier,gpu,resident,s1,69,1,0,0,1,warm,0,1,0,4.50227,0,0,0,4.09075212,0.400886,0,,45,45,45,0,0,3816974,28606540,0,8af4d6c71cef4e55,2512.2022,0,5.94
20260927T200509Z-0e3b,ba99c9c3a4c23240,892034,gpu-frontier,gpu,resident,s1,70,1,0,0,1,warm,0,1,0,4.042685,0,0,0,3.62892795,0.403475,0,,38,38,38,0,0,3421426,25664802,0,0651623fb2ac92ef,2513.72573,0,5.94
20260927T200509Z-0e3b,ba99c9c3a4c23240,878403,gpu-frontier,gpu,resident,s1,71,1,0,0,1,warm,0,1,0,4.161484,0,0,0,3.67795205,0.472306,0,,39,39,39,0,0,3467664,25997675,0,e4166a43abfdb242,2511.96159,0,5.94
20260927T200509Z-0e3b,ba99c9c3a4c23240,439352,gpu-frontier,gpu,resident,s1,72,1,0,0,1,warm,0,1,0,4.01212,0,0,0,3.59484792,0.405806,0,,36,36,36,0,0,3412343,25600815,0,c576654430d354fd,2513.24427,0,5.94
20260927T200509Z-0e3b,ba99c9c3a4c23240,180097,gpu-frontier,gpu,resident,s1,73,1,0,0,1,warm,0,1,0,4.096925,0,0,0,3.66873598,0.417441,0,,40,40,40,0,0,3442964,25837110,0,464df24ab6a417ec,2513.72573,0,5.94
20260927T200509Z-0e3b,ba99c9c3a4c23240,923893,gpu-frontier,gpu,resident,s1,74,1,0,0,1,warm,0,1,0,4.139265,0,0,0,3.70959997,0.41917,0,,40,40,40,0,0,3460991,25961528,0,8dd1e4b1179a37fc,2513.72573,0,5.94
20260927T200509Z-0e3b,ba99c9c3a4c23240,178879,gpu-frontier,gpu,resident,s1,75,1,0,0,1,warm,0,1,0,3.95176,0,0,0,3.53366399,0.40731,0,,38,38,38,0,0,3338755,25037943,0,a5bb5388b29bd046,2513.72573,0,5.94
20260927T200509Z-0e3b,ba99c9c3a4c23240,148736,gpu-frontier,gpu,resident,s1,76,1,0,0,1,warm,0,1,0,4.343751,0,0,0,3.93017602,0.403261,0,,39,39,39,0,0,3719179,27894202,0,2dcfc858873260f8,2513.72573,0,5.94
20260927T200509Z-0e3b,ba99c9c3a4c23240,950182,gpu-frontier,gpu,resident,s1,77,1,0,0,1,warm,0,1,0,4.287163,0,0,0,3.87468791,0.401768,0,,38,38,38,0,0,3713508,27915603,0,ee0ee56c280a7cc2,2512.12189,0,5.94
20260927T200509Z-0e3b,ba99c9c3a4c23240,667619,gpu-frontier,gpu,resident,s1,78,1,0,0,1,warm,0,1,0,3.981569,0,0,0,3.56640005,0.405198,0,,36,36,36,0,0,3387204,25423480,0,3c09b420faa8bd34,2513.72573,0,5.94
20260927T200509Z-0e3b,ba99c9c3a4c23240,53666,gpu-frontier,gpu,resident,s1,79,1,0,0,1,warm,0,1,0,3.897314,0,0,0,3.48758411,0.398607,0,,35,35,35,0,0,3304287,24813950,0,feab0b66e2021a0d,2512.12189,0,5.94
20260927T200509Z-0e3b,ba99c9c3a4c23240,149239,gpu-frontier,gpu,resident,s1,80,1,0,0,1,warm,0,1,0,4.101254,0,0,0,3.6458559,0.444686,0,,37,37,37,0,0,3458652,25954874,0,213803e440feadc1,2514.20737,0,5.94
20260927T200509Z-0e3b,ba99c9c3a4c23240,565157,gpu-frontier,gpu,resident,s1,81,1,0,0,1,warm,0,1,0,4.046546,0,0,0,3.62166405,0.414453,0,,37,37,37,0,0,3431937,25756557,0,c3e7c2a46358c6bf,2512.2022,0,5.94
20260927T200509Z-0e3b,ba99c9c3a4c23240,803347,gpu-frontier,gpu,resident,s1,82,1,0,0,1,warm,0,1,0,3.998484,0,0,0,3.58383989,0.403547,0,,36,36,36,0,0,3385431,25426839,0,61e45299bd3f9b95,2513.72573,0,5.94
20260927T200509Z-0e3b,ba99c9c3a4c23240,224649,gpu-frontier,gpu,resident,s1,83,1,0,0,1,warm,0,1,0,4.103289,0,0,0,3.68611193,0.406221,0,,38,38,38,0,0,3462736,25939123,0,4727f75658ae7f55,2513.72573,0,5.94
20260927T200509Z-0e3b,ba99c9c3a4c23240,146198,gpu-frontier,gpu,resident,s1,84,1,0,0,1,warm,0,1,0,4.115909,0,0,0,3.69635201,0.40869,0,,38,38,38,0,0,3473870,26071610,0,4a46b0a373169142,2513.64562,0,5.94
20260927T200509Z-0e3b,ba99c9c3a4c23240,557345,gpu-frontier,gpu,resident,s1,85,1,0,0,1,warm,0,1,0,3.96239,0,0,0,3.53987193,0.412242,0,,34,34,34,0,0,3341244,25074784,0,d0d44292b5894af7,2513.08413,0,5.94
20260927T200509Z-0e3b,ba99c9c3a4c23240,301998,gpu-frontier,gpu,resident,s1,86,1,0,0,1,warm,0,1,0,3.982489,0,0,0,3.56633592,0.405738,0,,36,36,36,0,0,3382386,25381423,0,f0c0c55daa7e12a1,2514.20737,0,5.94
20260927T200509Z-0e3b,ba99c9c3a4c23240,461546,gpu-frontier,gpu,resident,s1,87,1,0,0,1,warm,0,1,0,4.199001,0,0,0,3.76704001,0.42123,0,,38,38,38,0,0,3549454,26592795,0,6c69951426c756e4,2514.12694,0,5.94
20260927T200509Z-0e3b,ba99c9c3a4c23240,891232,gpu-frontier,gpu,resident,s1,88,1,0,0,1,warm,0,1,0,4.111541,0,0,0,3.69225597,0.408814,0,,38,38,38,0,0,3492224,26196389,0,cb5568ed8a609070,2513.72573,0,5.94
20260927T200509Z-0e3b,ba99c9c3a4c23240,648094,gpu-frontier,gpu,resident,s1,89,1,0,0,1,warm,0,1,0,4.044919,0,0,0,3.60640001,0.428098,0,,37,37,37,0,0,3400743,25494520,0,6c7cf26ec6ec2f2c,2514.12694,0,5.94
20260927T200509Z-0e3b,ba99c9c3a4c23240,791162,gpu-frontier,gpu,resident,s1,90,1,0,0,1,warm,0,1,0,4.180674,0,0,0,3.70121598,0.468359,0,,39,39,39,0,0,3460288,25939461,0,14e5484e50e5d369,2513.72573,0,5.94
20260927T200509Z-0e3b,ba99c9c3a4c23240,897431,gpu-frontier,gpu,resident,s1,91,1,0,0,1,warm,0,1,0,4.303106,0,0,0,3.86755204,0.425645,0,,38,38,38,0,0,3653567,27403750,0,46ffb0299779ce28,2513.96638,0,5.94
20260927T200509Z-0e3b,ba99c9c3a4c23240,922237,gpu-frontier,gpu,resident,s1,92,1,0,0,1,warm,0,1,0,4.157492,0,0,0,3.7415359,0.405068,0,,36,36,36,0,0,3555750,26727011,0,a33f81d4d938e7c2,2513.72573,0,5.94
20260927T200509Z-0e3b,ba99c9c3a4c23240,323467,gpu-frontier,gpu,resident,s1,93,1,0,0,1,warm,0,1,0,3.958795,0,0,0,3.55110407,0.39743,0,,35,35,35,0,0,3368454,25240414,0,ac1779f60b920e21,2514.20737,0,5.94
20260927T200509Z-0e3b,ba99c9c3a4c23240,234796,gpu-frontier,gpu,resident,s1,94,1,0,0,1,warm,0,1,0,4.055162,0,0,0,3.62684798,0.417755,0,,36,36,36,0,0,3430977,25735144,0,7d74bc02948a9636,2513.72573,0,5.94
20260927T200509Z-0e3b,ba99c9c3a4c23240,853304,gpu-frontier,gpu,resident,s1,95,1,0,0,1,warm,0,1,0,4.126345,0,0,0,3.70463991,0.411531,0,,38,38,38,0,0,3477261,26066983,0,09372604fa945e90,2514.0468,0,5.94
20260927T200509Z-0e3b,ba99c9c3a4c23240,450173,gpu-frontier,gpu,resident,s1,96,1,0,0,1,warm,0,1,0,4.124058,0,0,0,3.709728,0.404085,0,,37,37,37,0,0,3536124,26524560,0,5e71f6cd5808d723,2513.72573,0,5.94
20260927T200509Z-0e3b,ba99c9c3a4c23240,402126,gpu-frontier,gpu,resident,s1,97,1,0,0,1,warm,0,1,0,4.241808,0,0,0,3.83260798,0.399396,0,,39,39,39,0,0,3593382,26935592,0,f42f63df994942c2,2514.0468,0,5.94
20260927T200509Z-0e3b,ba99c9c3a4c23240,525289,gpu-frontier,gpu,resident,s1,98,1,0,0,1,warm,0,1,0,4.40762,0,0,0,3.99433589,0.402244,0,,39,39,39,0,0,3771558,28264184,0,4552620cf7334db8,2512.12189,0,5.94
20260927T200509Z-0e3b,ba99c9c3a4c23240,442490,gpu-frontier,gpu,resident,s1,99,1,0,0,1,warm,0,1,0,4.168358,0,0,0,3.75273609,0.404635,0,,38,38,38,0,0,3549221,26639207,0,bc7da764c475ef0e,2512.12189,0,5.94
20260927T200509Z-0e3b,ba99c9c3a4c23240,997733,gpu-frontier,gpu,resident,s1,100,1,0,0,1,warm,0,1,0,3.972279,0,0,0,3.55926394,0.402059,0,,34,34,34,0,0,3393922,25473272,0,e43bf8f7de07c1d1,2513.72573,0,5.94
20260927T200509Z-0e3b,ba99c9c3a4c23240,217852,gpu-frontier,gpu,resident,s1,101,1,0,0,1,warm,0,1,0,4.338714,0,0,0,3.91961598,0.408519,0,,38,38,38,0,0,3720820,27898032,0,2b6aad2a15eeffbc,2513.72573,0,5.94
20260927T200509Z-0e3b,ba99c9c3a4c23240,695169,gpu-frontier,gpu,resident,s1,102,1,0,0,1,warm,0,1,0,4.10446,0,0,0,3.69232011,0.402572,0,,38,38,38,0,0,3482147,26113676,0,bf69aa1b4acb1e99,2513.72573,0,5.94
20260927T200509Z-0e3b,ba99c9c3a4c23240,36788,gpu-frontier,gpu,resident,s1,103,1,0,0,1,warm,0,1,0,4.086036,0,0,0,3.67507195,0.400226,0,,39,39,39,0,0,3441280,25813424,0,440b72a38ee53e70,2513.1642,0,5.94
20260927T200509Z-0e3b,ba99c9c3a4c23240,702130,gpu-frontier,gpu,resident,s1,104,1,0,0,1,warm,0,1,0,3.909854,0,0,0,3.49590397,0.403688,0,,38,38,38,0,0,3246946,24361109,0,6a85681c5072f86d,2511.72132,0,5.94
20260927T200509Z-0e3b,ba99c9c3a4c23240,109705,gpu-frontier,gpu,resident,s1,105,1,0,0,1,warm,0,1,0,4.169121,0,0,0,3.76105595,0.397352,0,,38,38,38,0,0,3537752,26543886,0,122a6de40c98dd91,2513.72573,0,5.94
20260927T200509Z-0e3b,ba99c9c3a4c23240,60708,gpu-frontier,gpu,resident,s1,106,1,0,0,1,warm,0,1,0,4.147911,0,0,0,3.73139191,0.405892,0,,40,40,40,0,0,3467054,25985975,0,ff267373444e3979,2513.72573,0,5.94
20260927T200509Z-0e3b,ba99c9c3a4c23240,657965,gpu-frontier,gpu,resident,s1,107,1,0,0,1,warm,0,1,0,4.12431,0,0,0,3.71395206,0.399843,0,,36,36,36,0,0,3531352,26496998,0,7fc803176a503fcb,2513.72573,0,5.94
20260927T200509Z-0e3b,ba99c9c3a4c23240,248642,gpu-frontier,gpu,resident,s1,108,1,0,0,1,warm,0,1,0,4.172121,0,0,0,3.76089597,0.401012,0,,40,40,40,0,0,3503286,26274612,0,eb8a2f1c801ff9f5,2513.72573,0,5.94
20260927T200509Z-0e3b,ba99c9c3a4c23240,447024,gpu-frontier,gpu,resident,s1,109,1,0,0,1,warm,0,1,0,4.242137,0,0,0,3.82550406,0.406166,0,,38,38,38,0,0,3598715,26975711,0,294e71988b335ac8,2513.32465,0,5.94
20260927T200509Z-0e3b,ba99c9c3a4c23240,586669,gpu-frontier,gpu,resident,s1,110,1,0,0,1,warm,0,1,0,4.073539,0,0,0,3.65756798,0.405067,0,,36,36,36,0,0,3474218,26084089,0,7f06b0a07ce62fbd,2513.72573,0,5.94
20260927T200509Z-0e3b,ba99c9c3a4c23240,898528,gpu-frontier,gpu,resident,s1,111,1,0,0,1,warm,0,1,0,4.117602,0,0,0,3.70460796,0.402039,0,,37,37,37,0,0,3506010,26310146,0,ed0c4310232a6cfa,2511.72132,0,5.94
20260927T200509Z-0e3b,ba99c9c3a4c23240,410615,gpu-frontier,gpu,resident,s1,112,1,0,0,1,warm,0,1,0,3.910134,0,0,0,3.48851204,0.410987,0,,38,38,38,0,0,3271293,24526778,0,d6e3cae0016ae636,2513.56522,0,5.94
20260927T200509Z-0e3b,ba99c9c3a4c23240,233899,gpu-frontier,gpu,resident,s1,113,1,0,0,1,warm,0,1,0,4.032406,0,0,0,3.61548805,0.406917,0,,38,38,38,0,0,3399681,25521668,0,fb90ec5a321a1b11,2513.72573,0,5.94
20260927T200509Z-0e3b,ba99c9c3a4c23240,321855,gpu-frontier,gpu,resident,s1,114,1,0,0,1,warm,0,1,0,4.281234,0,0,0,3.86960006,0.400938,0,,36,36,36,0,0,3702375,27787418,0,184c285a03ae5048,2513.72573,0,5.94
20260927T200509Z-0e3b,ba99c9c3a4c23240,327721,gpu-frontier,gpu,resident,s1,115,1,0,0,1,warm,0,1,0,4.247684,0,0,0,3.8335681,0.404056,0,,38,38,38,0,0,3611281,27072462,0,0502c004ff0e13ac,2513.72573,0,5.94
20260927T200509Z-0e3b,ba99c9c3a4c23240,791859,gpu-frontier,gpu,resident,s1,116,1,0,0,1,warm,0,1,0,3.98026,0,0,0,3.56220794,0.407809,0,,38,38,38,0,0,3336657,25039979,0,77de2f97c13e9690,2513.72573,0,5.94
20260927T200509Z-0e3b,ba99c9c3a4c23240,830337,gpu-frontier,gpu,resident,s1,117,1,0,0,1,warm,0,1,0,3.929593,0,0,0,3.51526403,0.404337,0,,37,37,37,0,0,3288430,24649192,0,8a1f0ac79dfe7a21,2513.00376,0,5.94
20260927T200509Z-0e3b,ba99c9c3a4c23240,255281,gpu-frontier,gpu,resident,s1,118,1,0,0,1,warm,0,1,0,4.163709,0,0,0,3.7475841,0.405765,0,,40,40,40,0,0,3513905,26343536,0,9127d34afa79f86f,2513.72573,0,5.94
20260927T200509Z-0e3b,ba99c9c3a4c23240,396042,gpu-frontier,gpu,resident,s1,119,1,0,0,1,warm,0,1,0,4.132478,0,0,0,3.71958399,0.402602,0,,38,38,38,0,0,3504043,26310242,0,112d40140b009d4a,2514.20737,0,5.94
20260927T200509Z-0e3b,ba99c9c3a4c23240,617545,gpu-frontier,gpu,resident,s1,120,1,0,0,1,warm,0,1,0,4.015705,0,0,0,3.56464005,0.439688,0,,36,36,36,0,0,3334685,25004119,0,675e0bc84d0c5ef8,2513.72573,0,5.94
20260927T200509Z-0e3b,ba99c9c3a4c23240,469422,gpu-frontier,gpu,resident,s1,121,1,0,0,1,warm,0,1,0,4.361687,0,0,0,3.81529593,0.533299,0,,38,38,38,0,0,3572785,26821835,0,75c0ccd538f9c0f7,2513.72573,0,5.94
20260927T200509Z-0e3b,ba99c9c3a4c23240,187428,gpu-frontier,gpu,resident,s1,122,1,0,0,1,warm,0,1,0,3.943867,0,0,0,3.41270399,0.509179,0,,36,36,36,0,0,3167272,23754233,0,bd28bacb43728c1c,2513.32465,0,5.94
20260927T200509Z-0e3b,ba99c9c3a4c23240,59507,gpu-frontier,gpu,resident,s1,123,1,0,0,1,warm,0,1,0,4.231443,0,0,0,3.73398399,0.483747,0,,38,38,38,0,0,3488257,26164961,0,9bf525a021591b0c,2511.72132,0,5.94
20260927T200509Z-0e3b,ba99c9c3a4c23240,205738,gpu-frontier,gpu,resident,s1,124,1,0,0,1,warm,0,1,0,4.029519,0,0,0,3.57225609,0.445749,0,,38,38,38,0,0,3359271,25203769,0,0ba3453c1e73022f,2511.88159,0,5.94
20260927T200509Z-0e3b,ba99c9c3a4c23240,867055,gpu-frontier,gpu,resident,s1,125,1,0,0,1,warm,0,1,0,4.145321,0,0,0,3.7191999,0.414,0,,36,36,36,0,0,3522470,26428591,0,006b20bd4f12f3ab,2513.1642,0,5.94
20260927T200509Z-0e3b,ba99c9c3a4c23240,196131,gpu-frontier,gpu,resident,s1,126,1,0,0,1,warm,0,1,0,4.085992,0,0,0,3.66051197,0.41517,0,,37,37,37,0,0,3464343,25958825,0,898234ed8dcb8680,2513.96638,0,5.94
20260927T200509Z-0e3b,ba99c9c3a4c23240,151969,gpu-frontier,gpu,resident,s1,127,1,0,0,1,warm,0,1,0,5.558202,0,0,0,3.57340789,0.421596,1.552324,,37,37,37,0,0,3370929,25280422,0,0546343fa65d7f21,2513.24427,0,5.94
20260927T200509Z-0e3b,ba99c9c3a4c23240,715399,dial,cpu,resident,s1,0,1,0,0,2,warm,24,1,0,99.185354,0,1.357879,0,97.827004,0,0,,379,0,0,0,0,1047382,7864320,0,ecdcbb820737fc0e,,0,5.94
20260927T200509Z-0e3b,ba99c9c3a4c23240,187452,dial,cpu,resident,s1,1,1,0,0,2,warm,24,1,0,96.23455,0,1.121522,0,95.112489,0,0,,392,0,0,0,0,1047382,7864320,0,96f02017575011de,,0,5.94
20260927T200509Z-0e3b,ba99c9c3a4c23240,654701,dial,cpu,resident,s1,2,1,0,0,2,warm,24,1,0,95.369158,0,1.114783,0,94.253852,0,0,,387,0,0,0,0,1047382,7864320,0,4f9f9b29bfae372e,,0,5.94
20260927T200509Z-0e3b,ba99c9c3a4c23240,204001,dial,cpu,resident,s1,3,1,0,0,2,warm,24,1,0,95.704421,0,1.117747,0,94.586297,0,0,,391,0,0,0,0,1047382,7864320,0,13e234bc2b51e68e,,0,5.94
20260927T200509Z-0e3b,ba99c9c3a4c23240,463449,dial,cpu,resident,s1,4,1,0,0,2,warm,24,1,0,99.895811,0,1.121828,0,98.773749,0,0,,386,0,0,0,0,1047382,7864320,0,153de2728e824e53,,0,5.94
20260927T200509Z-0e3b,ba99c9c3a4c23240,253613,dial,cpu,resident,s1,5,1,0,0,2,warm,24,1,0,96.48472,0,1.171956,0,95.312384,0,0,,381,0,0,0,0,1047382,7864320,0,3247d70ca7f66ed4,,0,5.94
20260927T200509Z-0e3b,ba99c9c3a4c23240,239468,dial,cpu,resident,s1,6,1,0,0,2,warm,24,1,0,95.7678,0,1.151613,0,94.615837,0,0,,394,0,0,0,0,1047382,7864320,0,a6b6de89d97c7910,,0,5.94
20260927T200509Z-0e3b,ba99c9c3a4c23240,369505,dial,cpu,resident,s1,7,1,0,0,2,warm,24,1,0,95.492676,0,1.122884,0,94.369359,0,0,,384,0,0,0,0,1047382,7864320,0,109b4acc8f4ac33a,,0,5.94
20260927T200509Z-0e3b,ba99c9c3a4c23240,790454,dial,cpu,resident,s1,8,1,0,0,2,warm,24,1,0,95.734389,0,1.153986,0,94.580069,0,0,,392,0,0,0,0,1047382,7864320,0,26e48121c6aa4159,,0,5.94
20260927T200509Z-0e3b,ba99c9c3a4c23240,397801,dial,cpu,resident,s1,9,1,0,0,2,warm,24,1,0,95.677368,0,1.158859,0,94.518148,0,0,,387,0,0,0,0,1047382,7864320,0,5a7753eccbbbecc3,,0,5.94
20260927T200509Z-0e3b,ba99c9c3a4c23240,737225,dial,cpu,resident,s1,10,1,0,0,2,warm,24,1,0,95.813159,0,1.148216,0,94.664542,0,0,,373,0,0,0,0,1047382,7864320,0,f8923c22e103e6ad,,0,5.94
20260927T200509Z-0e3b,ba99c9c3a4c23240,155144,dial,cpu,resident,s1,11,1,0,0,2,warm,24,1,0,95.236861,0,1.141641,0,94.094884,0,0,,388,0,0,0,0,1047382,7864320,0,96cd5ce2c0bed8d9,,0,5.94
20260927T200509Z-0e3b,ba99c9c3a4c23240,763420,dial,cpu,resident,s1,12,1,0,0,2,warm,24,1,0,97.054434,0,1.210974,0,95.843118,0,0,,395,0,0,0,0,1047382,7864320,0,6afec27f81fe3362,,0,5.94
20260927T200509Z-0e3b,ba99c9c3a4c23240,558559,dial,cpu,resident,s1,13,1,0,0,2,warm,24,1,0,94.843127,0,1.15478,0,93.687956,0,0,,387,0,0,0,0,1047382,7864320,0,9ae2735bc57c118b,,0,5.94
20260927T200509Z-0e3b,ba99c9c3a4c23240,689533,dial,cpu,resident,s1,14,1,0,0,2,warm,24,1,0,95.958681,0,1.149025,0,94.809254,0,0,,387,0,0,0,0,1047382,7864320,0,6dd76205e9a709b1,,0,5.94
20260927T200509Z-0e3b,ba99c9c3a4c23240,85750,dial,cpu,resident,s1,15,1,0,0,2,warm,24,1,0,95.239167,0,1.151781,0,94.086925,0,0,,383,0,0,0,0,1047382,7864320,0,93d0652be5380e25,,0,5.94
20260927T200509Z-0e3b,ba99c9c3a4c23240,24166,dial,cpu,resident,s1,16,1,0,0,2,warm,24,1,0,95.431931,0,1.139305,0,94.292143,0,0,,404,0,0,0,0,1047382,7864320,0,4c9f86b8a429a6a1,,0,5.94
20260927T200509Z-0e3b,ba99c9c3a4c23240,181793,dial,cpu,resident,s1,17,1,0,0,2,warm,24,1,0,95.379713,0,1.123762,0,94.255537,0,0,,395,0,0,0,0,1047382,7864320,0,06c27d4ed33dc4c0,,0,5.94
20260927T200509Z-0e3b,ba99c9c3a4c23240,435643,dial,cpu,resident,s1,18,1,0,0,2,warm,24,1,0,95.487541,0,1.1528,0,94.334429,0,0,,391,0,0,0,0,1047382,7864320,0,9e5667ef0aef187c,,0,5.54
20260927T200509Z-0e3b,ba99c9c3a4c23240,412744,dial,cpu,resident,s1,19,1,0,0,2,warm,24,1,0,94.808691,0,1.131134,0,93.677091,0,0,,379,0,0,0,0,1047382,7864320,0,0a4ff2a55423b6fa,,0,5.54
20260927T200509Z-0e3b,ba99c9c3a4c23240,601557,dial,cpu,resident,s1,20,1,0,0,2,warm,24,1,0,95.409769,0,1.143748,0,94.265522,0,0,,384,0,0,0,0,1047382,7864320,0,c59071f58c6927a5,,0,5.54
20260927T200509Z-0e3b,ba99c9c3a4c23240,582010,dial,cpu,resident,s1,21,1,0,0,2,warm,24,1,0,95.095678,0,1.125196,0,93.970066,0,0,,397,0,0,0,0,1047382,7864320,0,abb1d0fe49a68439,,0,5.54
20260927T200509Z-0e3b,ba99c9c3a4c23240,369562,dial,cpu,resident,s1,22,1,0,0,2,warm,24,1,0,95.964081,0,1.138318,0,94.825447,0,0,,402,0,0,0,0,1047382,7864320,0,e8960d119b031443,,0,5.54
20260927T200509Z-0e3b,ba99c9c3a4c23240,1020126,dial,cpu,resident,s1,23,1,0,0,2,warm,24,1,0,96.856074,0,1.157699,0,95.69803,0,0,,384,0,0,0,0,1047382,7864320,0,9a263533db615402,,0,5.54
20260927T200509Z-0e3b,ba99c9c3a4c23240,79356,dial,cpu,resident,s1,24,1,0,0,2,warm,24,1,0,94.894869,0,1.188008,0,93.706573,0,0,,386,0,0,0,0,1047382,7864320,0,44e74e2f955df7c3,,0,5.54
20260927T200509Z-0e3b,ba99c9c3a4c23240,379637,dial,cpu,resident,s1,25,1,0,0,2,warm,24,1,0,101.417713,0,1.140148,0,100.2773,0,0,,387,0,0,0,0,1047382,7864320,0,d1a2e1c3ccbc3f21,,0,5.54
20260927T200509Z-0e3b,ba99c9c3a4c23240,863118,dial,cpu,resident,s1,26,1,0,0,2,warm,24,1,0,95.99621,0,1.155917,0,94.839821,0,0,,381,0,0,0,0,1047382,7864320,0,d5dba0885c35a5f9,,0,5.54
20260927T200509Z-0e3b,ba99c9c3a4c23240,997539,dial,cpu,resident,s1,27,1,0,0,2,warm,24,1,0,95.054067,0,1.1405,0,93.913224,0,0,,378,0,0,0,0,1047382,7864320,0,6eef670e6e3e1100,,0,5.54
20260927T200509Z-0e3b,ba99c9c3a4c23240,192191,dial,cpu,resident,s1,28,1,0,0,2,warm,24,1,0,94.997717,0,1.162997,0,93.834354,0,0,,388,0,0,0,0,1047382,7864320,0,662baab9bef29a06,,0,5.54
20260927T200509Z-0e3b,ba99c9c3a4c23240,67157,dial,cpu,resident,s1,29,1,0,0,2,warm,24,1,0,95.200354,0,1.144545,0,94.055285,0,0,,391,0,0,0,0,1047382,7864320,0,31aaa449503ab45c,,0,5.54
20260927T200509Z-0e3b,ba99c9c3a4c23240,65383,dial,cpu,resident,s1,30,1,0,0,2,warm,24,1,0,95.076183,0,1.165292,0,93.91055,0,0,,386,0,0,0,0,1047382,7864320,0,7204d50f6114d912,,0,5.54
20260927T200509Z-0e3b,ba99c9c3a4c23240,249726,dial,cpu,resident,s1,31,1,0,0,2,warm,24,1,0,95.564805,0,1.196229,0,94.368264,0,0,,384,0,0,0,0,1047382,7864320,0,29e88ade804cdeca,,0,5.54
20260927T200509Z-0e3b,ba99c9c3a4c23240,159695,dial,cpu,resident,s1,32,1,0,0,2,warm,24,1,0,94.920119,0,1.131359,0,93.788505,0,0,,375,0,0,0,0,1047382,7864320,0,7119e6e28c081569,,0,5.54
20260927T200509Z-0e3b,ba99c9c3a4c23240,127101,dial,cpu,resident,s1,33,1,0,0,2,warm,24,1,0,95.057648,0,1.145127,0,93.91212,0,0,,395,0,0,0,0,1047382,7864320,0,846d8477ad8013e1,,0,5.54
20260927T200509Z-0e3b,ba99c9c3a4c23240,296023,dial,cpu,resident,s1,34,1,0,0,2,warm,24,1,0,97.637359,0,1.180059,0,96.456927,0,0,,398,0,0,0,0,1047382,7864320,0,605cc580b3de4615,,0,5.54
20260927T200509Z-0e3b,ba99c9c3a4c23240,982751,dial,cpu,resident,s1,35,1,0,0,2,warm,24,1,0,95.57315,0,1.162837,0,94.409965,0,0,,390,0,0,0,0,1047382,7864320,0,0d4096cd5bc69572,,0,5.54
20260927T200509Z-0e3b,ba99c9c3a4c23240,966093,dial,cpu,resident,s1,36,1,0,0,2,warm,24,1,0,95.224597,0,1.130367,0,94.093925,0,0,,393,0,0,0,0,1047382,7864320,0,7d06fdf48f6e8286,,0,5.54
20260927T200509Z-0e3b,ba99c9c3a4c23240,731425,dial,cpu,resident,s1,37,1,0,0,2,warm,24,1,0,95.174285,0,1.146434,0,94.02729,0,0,,389,0,0,0,0,1047382,7864320,0,466affb9293ca47e,,0,5.54
20260927T200509Z-0e3b,ba99c9c3a4c23240,421395,dial,cpu,resident,s1,38,1,0,0,2,warm,24,1,0,94.857644,0,1.131537,0,93.725776,0,0,,389,0,0,0,0,1047382,7864320,0,eae68b7499feb2b6,,0,5.54
20260927T200509Z-0e3b,ba99c9c3a4c23240,734856,dial,cpu,resident,s1,39,1,0,0,2,warm,24,1,0,94.840801,0,1.157389,0,93.683014,0,0,,391,0,0,0,0,1047382,7864320,0,4f0d08e3cb27ad6a,,0,5.54
20260927T200509Z-0e3b,ba99c9c3a4c23240,413157,dial,cpu,resident,s1,40,1,0,0,2,warm,24,1,0,94.412482,0,1.133804,0,93.278098,0,0,,386,0,0,0,0,1047382,7864320,0,3a6c4deb6663fbb5,,0,5.54
20260927T200509Z-0e3b,ba99c9c3a4c23240,460916,dial,cpu,resident,s1,41,1,0,0,2,warm,24,1,0,94.883226,0,1.152238,0,93.730796,0,0,,393,0,0,0,0,1047382,7864320,0,a6f1b94b86d02118,,0,5.54
20260927T200509Z-0e3b,ba99c9c3a4c23240,769784,dial,cpu,resident,s1,42,1,0,0,2,warm,24,1,0,95.250411,0,1.129029,0,94.121017,0,0,,383,0,0,0,0,1047382,7864320,0,318d7c8bfa3d3ba0,,0,5.54
20260927T200509Z-0e3b,ba99c9c3a4c23240,974706,dial,cpu,resident,s1,43,1,0,0,2,warm,24,1,0,94.734588,0,1.116328,0,93.613713,0,0,,383,0,0,0,0,1047382,7864320,0,583c656b06b7d79c,,0,5.54
20260927T200509Z-0e3b,ba99c9c3a4c23240,58826,dial,cpu,resident,s1,44,1,0,0,2,warm,24,1,0,94.997363,0,1.116631,0,93.880297,0,0,,383,0,0,0,0,1047382,7864320,0,82cfa3ade61fd805,,0,5.54
20260927T200509Z-0e3b,ba99c9c3a4c23240,466714,dial,cpu,resident,s1,45,1,0,0,2,warm,24,1,0,98.630026,0,1.145265,0,97.484322,0,0,,388,0,0,0,0,1047382,7864320,0,ac36503bdc2a7b3e,,0,5.54
20260927T200509Z-0e3b,ba99c9c3a4c23240,597702,dial,cpu,resident,s1,46,1,0,0,2,warm,24,1,0,100.0261,0,1.170323,0,98.855329,0,0,,388,0,0,0,0,1047382,7864320,0,14363d3d7d4164a5,,0,5.54
20260927T200509Z-0e3b,ba99c9c3a4c23240,64665,dial,cpu,resident,s1,47,1,0,0,2,warm,24,1,0,95.104432,0,1.147279,0,93.956765,0,0,,399,0,0,0,0,1047382,7864320,0,8f0864e0fa5ef390,,0,5.54
20260927T200509Z-0e3b,ba99c9c3a4c23240,855449,dial,cpu,resident,s1,48,1,0,0,2,warm,24,1,0,93.863498,0,1.115267,0,92.747821,0,0,,382,0,0,0,0,1047382,7864320,0,eaf42e238a9ddc48,,0,5.54
20260927T200509Z-0e3b,ba99c9c3a4c23240,519923,dial,cpu,resident,s1,49,1,0,0,2,warm,24,1,0,94.889562,0,1.144942,0,93.744171,0,0,,395,0,0,0,0,1047382,7864320,0,a96200c3afe17ff5,,0,5.54
20260927T200509Z-0e3b,ba99c9c3a4c23240,474057,dial,cpu,resident,s1,50,1,0,0,2,warm,24,1,0,94.215529,0,1.127066,0,93.088316,0,0,,387,0,0,0,0,1047382,7864320,0,2ab389d83e24de4a,,0,5.54
20260927T200509Z-0e3b,ba99c9c3a4c23240,949772,dial,cpu,resident,s1,51,1,0,0,2,warm,24,1,0,96.822287,0,1.123365,0,95.698691,0,0,,387,0,0,0,0,1047382,7864320,0,f7ce1bc1539a870f,,0,5.54
20260927T200509Z-0e3b,ba99c9c3a4c23240,894887,dial,cpu,resident,s1,52,1,0,0,2,warm,24,1,0,94.971546,0,1.152536,0,93.818685,0,0,,392,0,0,0,0,1047382,7864320,0,e83804eab75047de,,0,5.54
20260927T200509Z-0e3b,ba99c9c3a4c23240,141783,dial,cpu,resident,s1,53,1,0,0,2,warm,24,1,0,94.706076,0,1.141731,0,93.563917,0,0,,385,0,0,0,0,1047382,7864320,0,93d9cbd5c1468553,,0,5.54
20260927T200509Z-0e3b,ba99c9c3a4c23240,917286,dial,cpu,resident,s1,54,1,0,0,2,warm,24,1,0,94.766311,0,1.145698,0,93.620262,0,0,,391,0,0,0,0,1047382,7864320,0,2dfe42ff94f73f3f,,0,5.54
20260927T200509Z-0e3b,ba99c9c3a4c23240,39176,dial,cpu,resident,s1,55,1,0,0,2,warm,24,1,0,94.587807,0,1.129471,0,93.45795,0,0,,384,0,0,0,0,1047382,7864320,0,fcd5001a78d68a13,,0,5.54
20260927T200509Z-0e3b,ba99c9c3a4c23240,345611,dial,cpu,resident,s1,56,1,0,0,2,warm,24,1,0,95.866898,0,1.135863,0,94.730725,0,0,,390,0,0,0,0,1047382,7864320,0,16413610483b2219,,0,5.54
20260927T200509Z-0e3b,ba99c9c3a4c23240,968513,dial,cpu,resident,s1,57,1,0,0,2,warm,24,1,0,94.453988,0,1.156507,0,93.297152,0,0,,392,0,0,0,0,1047382,7864320,0,05566abd08729f29,,0,5.54
20260927T200509Z-0e3b,ba99c9c3a4c23240,483034,dial,cpu,resident,s1,58,1,0,0,2,warm,24,1,0,94.293624,0,1.140862,0,93.152279,0,0,,390,0,0,0,0,1047382,7864320,0,d086ea4ae6327b65,,0,5.54
20260927T200509Z-0e3b,ba99c9c3a4c23240,553088,dial,cpu,resident,s1,59,1,0,0,2,warm,24,1,0,94.586547,0,1.153029,0,93.433059,0,0,,395,0,0,0,0,1047382,7864320,0,02539fcfa0feba49,,0,5.54
20260927T200509Z-0e3b,ba99c9c3a4c23240,868304,dial,cpu,resident,s1,60,1,0,0,2,warm,24,1,0,94.678822,0,1.169654,0,93.508836,0,0,,386,0,0,0,0,1047382,7864320,0,8a67d279430d6e18,,0,5.54
20260927T200509Z-0e3b,ba99c9c3a4c23240,667559,dial,cpu,resident,s1,61,1,0,0,2,warm,24,1,0,94.582918,0,1.124798,0,93.457707,0,0,,385,0,0,0,0,1047382,7864320,0,956021a54b8a90c1,,0,5.54
20260927T200509Z-0e3b,ba99c9c3a4c23240,695777,dial,cpu,resident,s1,62,1,0,0,2,warm,24,1,0,94.629496,0,1.12401,0,93.50512,0,0,,396,0,0,0,0,1047382,7864320,0,05f487ae1d20c8ea,,0,5.54
20260927T200509Z-0e3b,ba99c9c3a4c23240,410614,dial,cpu,resident,s1,63,1,0,0,2,warm,24,1,0,93.848821,0,1.134953,0,92.713477,0,0,,395,0,0,0,0,1047382,7864320,0,33339b273dd054e0,,0,5.54
20260927T200509Z-0e3b,ba99c9c3a4c23240,405553,dial,cpu,resident,s1,64,1,0,0,2,warm,24,1,0,94.449642,0,1.140178,0,93.309038,0,0,,374,0,0,0,0,1047382,7864320,0,d4252920120688c8,,0,5.54
20260927T200509Z-0e3b,ba99c9c3a4c23240,985326,dial,cpu,resident,s1,65,1,0,0,2,warm,24,1,0,94.084472,0,1.124137,0,92.959938,0,0,,393,0,0,0,0,1047382,7864320,0,8e89834923c4f91c,,0,5.54
20260927T200509Z-0e3b,ba99c9c3a4c23240,668876,dial,cpu,resident,s1,66,1,0,0,2,warm,24,1,0,94.517487,0,1.122189,0,93.394887,0,0,,388,0,0,0,0,1047382,7864320,0,ff78503eb529ff7a,,0,5.54
20260927T200509Z-0e3b,ba99c9c3a4c23240,965128,dial,cpu,resident,s1,67,1,0,0,2,warm,24,1,0,100.829034,0,1.127652,0,99.701051,0,0,,385,0,0,0,0,1047382,7864320,0,26b3d1ada6a27fb3,,0,5.54
20260927T200509Z-0e3b,ba99c9c3a4c23240,593734,dial,cpu,resident,s1,68,1,0,0,2,warm,24,1,0,96.084422,0,1.191537,0,94.892569,0,0,,393,0,0,0,0,1047382,7864320,0,109812663c9c2735,,0,5.54
20260927T200509Z-0e3b,ba99c9c3a4c23240,273974,dial,cpu,resident,s1,69,1,0,0,2,warm,24,1,0,94.712929,0,1.143739,0,93.568888,0,0,,380,0,0,0,0,1047382,7864320,0,8af4d6c71cef4e55,,0,5.54
20260927T200509Z-0e3b,ba99c9c3a4c23240,892034,dial,cpu,resident,s1,70,1,0,0,2,warm,24,1,0,94.520297,0,1.160857,0,93.359121,0,0,,397,0,0,0,0,1047382,7864320,0,0651623fb2ac92ef,,0,5.18
20260927T200509Z-0e3b,ba99c9c3a4c23240,878403,dial,cpu,resident,s1,71,1,0,0,2,warm,24,1,0,93.978177,0,1.121344,0,92.856452,0,0,,390,0,0,0,0,1047382,7864320,0,e4166a43abfdb242,,0,5.18
20260927T200509Z-0e3b,ba99c9c3a4c23240,439352,dial,cpu,resident,s1,72,1,0,0,2,warm,24,1,0,94.648527,0,1.146322,0,93.501751,0,0,,397,0,0,0,0,1047382,7864320,0,c576654430d354fd,,0,5.18
20260927T200509Z-0e3b,ba99c9c3a4c23240,180097,dial,cpu,resident,s1,73,1,0,0,2,warm,24,1,0,94.324148,0,1.148777,0,93.175065,0,0,,391,0,0,0,0,1047382,7864320,0,464df24ab6a417ec,,0,5.18
20260927T200509Z-0e3b,ba99c9c3a4c23240,923893,dial,cpu,resident,s1,74,1,0,0,2,warm,24,1,0,94.905821,0,1.166652,0,93.738857,0,0,,392,0,0,0,0,1047382,7864320,0,8dd1e4b1179a37fc,,0,5.18
20260927T200509Z-0e3b,ba99c9c3a4c23240,178879,dial,cpu,resident,s1,75,1,0,0,2,warm,24,1,0,93.969779,0,1.154104,0,92.815243,0,0,,391,0,0,0,0,1047382,7864320,0,a5bb5388b29bd046,,0,5.18
20260927T200509Z-0e3b,ba99c9c3a4c23240,148736,dial,cpu,resident,s1,76,1,0,0,2,warm,24,1,0,94.273963,0,1.172925,0,93.100609,0,0,,395,0,0,0,0,1047382,7864320,0,2dcfc858873260f8,,0,5.18
20260927T200509Z-0e3b,ba99c9c3a4c23240,950182,dial,cpu,resident,s1,77,1,0,0,2,warm,24,1,0,93.916953,0,1.147129,0,92.769438,0,0,,376,0,0,0,0,1047382,7864320,0,ee0ee56c280a7cc2,,0,5.18
20260927T200509Z-0e3b,ba99c9c3a4c23240,667619,dial,cpu,resident,s1,78,1,0,0,2,warm,24,1,0,96.094661,0,1.139151,0,94.955101,0,0,,382,0,0,0,0,1047382,7864320,0,3c09b420faa8bd34,,0,5.18
20260927T200509Z-0e3b,ba99c9c3a4c23240,53666,dial,cpu,resident,s1,79,1,0,0,2,warm,24,1,0,94.319525,0,1.15201,0,93.167197,0,0,,388,0,0,0,0,1047382,7864320,0,feab0b66e2021a0d,,0,5.18
20260927T200509Z-0e3b,ba99c9c3a4c23240,149239,dial,cpu,resident,s1,80,1,0,0,2,warm,24,1,0,94.684637,0,1.134938,0,93.549381,0,0,,394,0,0,0,0,1047382,7864320,0,213803e440feadc1,,0,5.18
20260927T200509Z-0e3b,ba99c9c3a4c23240,565157,dial,cpu,resident,s1,81,1,0,0,2,warm,24,1,0,94.972553,0,1.17477,0,93.797478,0,0,,383,0,0,0,0,1047382,7864320,0,c3e7c2a46358c6bf,,0,5.18
20260927T200509Z-0e3b,ba99c9c3a4c23240,803347,dial,cpu,resident,s1,82,1,0,0,2,warm,24,1,0,94.605657,0,1.142897,0,93.462226,0,0,,386,0,0,0,0,1047382,7864320,0,61e45299bd3f9b95,,0,5.18
20260927T200509Z-0e3b,ba99c9c3a4c23240,224649,dial,cpu,resident,s1,83,1,0,0,2,warm,24,1,0,94.626164,0,1.136616,0,93.489104,0,0,,380,0,0,0,0,1047382,7864320,0,4727f75658ae7f55,,0,5.18
20260927T200509Z-0e3b,ba99c9c3a4c23240,146198,dial,cpu,resident,s1,84,1,0,0,2,warm,24,1,0,94.459444,0,1.159497,0,93.299563,0,0,,382,0,0,0,0,1047382,7864320,0,4a46b0a373169142,,0,5.18
20260927T200509Z-0e3b,ba99c9c3a4c23240,557345,dial,cpu,resident,s1,85,1,0,0,2,warm,24,1,0,95.107298,0,1.133235,0,93.973872,0,0,,393,0,0,0,0,1047382,7864320,0,d0d44292b5894af7,,0,5.18
20260927T200509Z-0e3b,ba99c9c3a4c23240,301998,dial,cpu,resident,s1,86,1,0,0,2,warm,24,1,0,94.705124,0,1.152645,0,93.552169,0,0,,388,0,0,0,0,1047382,7864320,0,f0c0c55daa7e12a1,,0,5.18
20260927T200509Z-0e3b,ba99c9c3a4c23240,461546,dial,cpu,resident,s1,87,1,0,0,2,warm,24,1,0,94.874888,0,1.137898,0,93.736548,0,0,,390,0,0,0,0,1047382,7864320,0,6c69951426c756e4,,0,5.18
20260927T200509Z-0e3b,ba99c9c3a4c23240,891232,dial,cpu,resident,s1,88,1,0,0,2,warm,24,1,0,101.281338,0,1.160628,0,100.12036,0,0,,388,0,0,0,0,1047382,7864320,0,cb5568ed8a609070,,0,5.18
20260927T200509Z-0e3b,ba99c9c3a4c23240,648094,dial,cpu,resident,s1,89,1,0,0,2,warm,24,1,0,97.696536,0,1.310975,0,96.384994,0,0,,398,0,0,0,0,1047382,7864320,0,6c7cf26ec6ec2f2c,,0,5.18
20260927T200509Z-0e3b,ba99c9c3a4c23240,791162,dial,cpu,resident,s1,90,1,0,0,2,warm,24,1,0,94.63102,0,1.142064,0,93.488526,0,0,,400,0,0,0,0,1047382,7864320,0,14e5484e50e5d369,,0,5.18
20260927T200509Z-0e3b,ba99c9c3a4c23240,897431,dial,cpu,resident,s1,91,1,0,0,2,warm,24,1,0,94.873585,0,1.130267,0,93.742744,0,0,,380,0,0,0,0,1047382,7864320,0,46ffb0299779ce28,,0,5.18
20260927T200509Z-0e3b,ba99c9c3a4c23240,922237,dial,cpu,resident,s1,92,1,0,0,2,warm,24,1,0,94.527107,0,1.131668,0,93.395119,0,0,,380,0,0,0,0,1047382,7864320,0,a33f81d4d938e7c2,,0,5.18
20260927T200509Z-0e3b,ba99c9c3a4c23240,323467,dial,cpu,resident,s1,93,1,0,0,2,warm,24,1,0,95.076653,0,1.161594,0,93.914749,0,0,,396,0,0,0,0,1047382,7864320,0,ac1779f60b920e21,,0,5.18
20260927T200509Z-0e3b,ba99c9c3a4c23240,234796,dial,cpu,resident,s1,94,1,0,0,2,warm,24,1,0,94.834561,0,1.163317,0,93.67092,0,0,,387,0,0,0,0,1047382,7864320,0,7d74bc02948a9636,,0,5.18
20260927T200509Z-0e3b,ba99c9c3a4c23240,853304,dial,cpu,resident,s1,95,1,0,0,2,warm,24,1,0,94.388609,0,1.124613,0,93.263506,0,0,,393,0,0,0,0,1047382,7864320,0,09372604fa945e90,,0,5.18
20260927T200509Z-0e3b,ba99c9c3a4c23240,450173,dial,cpu,resident,s1,96,1,0,0,2,warm,24,1,0,94.256842,0,1.177001,0,93.079418,0,0,,384,0,0,0,0,1047382,7864320,0,5e71f6cd5808d723,,0,5.18
20260927T200509Z-0e3b,ba99c9c3a4c23240,402126,dial,cpu,resident,s1,97,1,0,0,2,warm,24,1,0,94.575355,0,1.139942,0,93.434988,0,0,,399,0,0,0,0,1047382,7864320,0,f42f63df994942c2,,0,5.18
20260927T200509Z-0e3b,ba99c9c3a4c23240,525289,dial,cpu,resident,s1,98,1,0,0,2,warm,24,1,0,95.30353,0,1.189002,0,94.114142,0,0,,389,0,0,0,0,1047382,7864320,0,4552620cf7334db8,,0,5.18
20260927T200509Z-0e3b,ba99c9c3a4c23240,442490,dial,cpu,resident,s1,99,1,0,0,2,warm,24,1,0,95.078101,0,1.139989,0,93.937693,0,0,,368,0,0,0,0,1047382,7864320,0,bc7da764c475ef0e,,0,5.18
20260927T200509Z-0e3b,ba99c9c3a4c23240,997733,dial,cpu,resident,s1,100,1,0,0,2,warm,24,1,0,96.816581,0,1.185715,0,95.630331,0,0,,380,0,0,0,0,1047382,7864320,0,e43bf8f7de07c1d1,,0,5.18
20260927T200509Z-0e3b,ba99c9c3a4c23240,217852,dial,cpu,resident,s1,101,1,0,0,2,warm,24,1,0,94.445123,0,1.155052,0,93.289552,0,0,,401,0,0,0,0,1047382,7864320,0,2b6aad2a15eeffbc,,0,5.18
20260927T200509Z-0e3b,ba99c9c3a4c23240,695169,dial,cpu,resident,s1,102,1,0,0,2,warm,24,1,0,95.220854,0,1.13677,0,94.083635,0,0,,380,0,0,0,0,1047382,7864320,0,bf69aa1b4acb1e99,,0,5.18
20260927T200509Z-0e3b,ba99c9c3a4c23240,36788,dial,cpu,resident,s1,103,1,0,0,2,warm,24,1,0,95.762651,0,1.125999,0,94.636215,0,0,,388,0,0,0,0,1047382,7864320,0,440b72a38ee53e70,,0,5.18
20260927T200509Z-0e3b,ba99c9c3a4c23240,702130,dial,cpu,resident,s1,104,1,0,0,2,warm,24,1,0,95.776204,0,1.214262,0,94.561623,0,0,,396,0,0,0,0,1047382,7864320,0,6a85681c5072f86d,,0,5.18
20260927T200509Z-0e3b,ba99c9c3a4c23240,109705,dial,cpu,resident,s1,105,1,0,0,2,warm,24,1,0,95.126319,0,1.21055,0,93.915316,0,0,,379,0,0,0,0,1047382,7864320,0,122a6de40c98dd91,,0,5.18
20260927T200509Z-0e3b,ba99c9c3a4c23240,60708,dial,cpu,resident,s1,106,1,0,0,2,warm,24,1,0,94.556431,0,1.158502,0,93.397616,0,0,,393,0,0,0,0,1047382,7864320,0,ff267373444e3979,,0,5.18
20260927T200509Z-0e3b,ba99c9c3a4c23240,657965,dial,cpu,resident,s1,107,1,0,0,2,warm,24,1,0,94.45499,0,1.142189,0,93.312136,0,0,,393,0,0,0,0,1047382,7864320,0,7fc803176a503fcb,,0,5.18
20260927T200509Z-0e3b,ba99c9c3a4c23240,248642,dial,cpu,resident,s1,108,1,0,0,2,warm,24,1,0,95.039322,0,1.15869,0,93.880076,0,0,,389,0,0,0,0,1047382,7864320,0,eb8a2f1c801ff9f5,,0,5.18
20260927T200509Z-0e3b,ba99c9c3a4c23240,447024,dial,cpu,resident,s1,109,1,0,0,2,warm,24,1,0,96.689218,0,1.116036,0,95.572862,0,0,,389,0,0,0,0,1047382,7864320,0,294e71988b335ac8,,0,5.18
20260927T200509Z-0e3b,ba99c9c3a4c23240,586669,dial,cpu,resident,s1,110,1,0,0,2,warm,24,1,0,97.294695,0,1.231063,0,96.062992,0,0,,379,0,0,0,0,1047382,7864320,0,7f06b0a07ce62fbd,,0,5.18
20260927T200509Z-0e3b,ba99c9c3a4c23240,898528,dial,cpu,resident,s1,111,1,0,0,2,warm,24,1,0,96.4481,0,1.141489,0,95.306008,0,0,,388,0,0,0,0,1047382,7864320,0,ed0c4310232a6cfa,,0,5.18
20260927T200509Z-0e3b,ba99c9c3a4c23240,410615,dial,cpu,resident,s1,112,1,0,0,2,warm,24,1,0,94.57131,0,1.150559,0,93.420558,0,0,,397,0,0,0,0,1047382,7864320,0,d6e3cae0016ae636,,0,5.18
20260927T200509Z-0e3b,ba99c9c3a4c23240,233899,dial,cpu,resident,s1,113,1,0,0,2,warm,24,1,0,95.022267,0,1.164386,0,93.857616,0,0,,379,0,0,0,0,1047382,7864320,0,fb90ec5a321a1b11,,0,5.18
20260927T200509Z-0e3b,ba99c9c3a4c23240,321855,dial,cpu,resident,s1,114,1,0,0,2,warm,24,1,0,94.33606,0,1.156858,0,93.179001,0,0,,376,0,0,0,0,1047382,7864320,0,184c285a03ae5048,,0,5.18
20260927T200509Z-0e3b,ba99c9c3a4c23240,327721,dial,cpu,resident,s1,115,1,0,0,2,warm,24,1,0,95.272893,0,1.171117,0,94.101411,0,0,,389,0,0,0,0,1047382,7864320,0,0502c004ff0e13ac,,0,5.18
20260927T200509Z-0e3b,ba99c9c3a4c23240,791859,dial,cpu,resident,s1,116,1,0,0,2,warm,24,1,0,95.016641,0,1.144196,0,93.871999,0,0,,399,0,0,0,0,1047382,7864320,0,77de2f97c13e9690,,0,5.18
20260927T200509Z-0e3b,ba99c9c3a4c23240,830337,dial,cpu,resident,s1,117,1,0,0,2,warm,24,1,0,94.538064,0,1.125498,0,93.412093,0,0,,392,0,0,0,0,1047382,7864320,0,8a1f0ac79dfe7a21,,0,5.18
20260927T200509Z-0e3b,ba99c9c3a4c23240,255281,dial,cpu,resident,s1,118,1,0,0,2,warm,24,1,0,95.138726,0,1.131927,0,94.006406,0,0,,400,0,0,0,0,1047382,7864320,0,9127d34afa79f86f,,0,5.18
20260927T200509Z-0e3b,ba99c9c3a4c23240,396042,dial,cpu,resident,s1,119,1,0,0,2,warm,24,1,0,94.81951,0,1.158438,0,93.660632,0,0,,367,0,0,0,0,1047382,7864320,0,112d40140b009d4a,,0,5.18
20260927T200509Z-0e3b,ba99c9c3a4c23240,617545,dial,cpu,resident,s1,120,1,0,0,2,warm,24,1,0,94.65271,0,1.141087,0,93.511218,0,0,,395,0,0,0,0,1047382,7864320,0,675e0bc84d0c5ef8,,0,5.18
20260927T200509Z-0e3b,ba99c9c3a4c23240,469422,dial,cpu,resident,s1,121,1,0,0,2,warm,24,1,0,94.659351,0,1.14129,0,93.517477,0,0,,374,0,0,0,0,1047382,7864320,0,75c0ccd538f9c0f7,,0,5.18
20260927T200509Z-0e3b,ba99c9c3a4c23240,187428,dial,cpu,resident,s1,122,1,0,0,2,warm,24,1,0,97.110611,0,1.183743,0,95.926432,0,0,,391,0,0,0,0,1047382,7864320,0,bd28bacb43728c1c,,0,4.84
20260927T200509Z-0e3b,ba99c9c3a4c23240,59507,dial,cpu,resident,s1,123,1,0,0,2,warm,24,1,0,94.522463,0,1.159936,0,93.362089,0,0,,404,0,0,0,0,1047382,7864320,0,9bf525a021591b0c,,0,4.84
20260927T200509Z-0e3b,ba99c9c3a4c23240,205738,dial,cpu,resident,s1,124,1,0,0,2,warm,24,1,0,94.22712,0,1.136076,0,93.090711,0,0,,402,0,0,0,0,1047382,7864320,0,0ba3453c1e73022f,,0,4.84
20260927T200509Z-0e3b,ba99c9c3a4c23240,867055,dial,cpu,resident,s1,125,1,0,0,2,warm,24,1,0,95.018848,0,1.284801,0,93.733737,0,0,,393,0,0,0,0,1047382,7864320,0,006b20bd4f12f3ab,,0,4.84
20260927T200509Z-0e3b,ba99c9c3a4c23240,196131,dial,cpu,resident,s1,126,1,0,0,2,warm,24,1,0,94.891073,0,1.138959,0,93.75175,0,0,,383,0,0,0,0,1047382,7864320,0,898234ed8dcb8680,,0,4.84
20260927T200509Z-0e3b,ba99c9c3a4c23240,151969,dial,cpu,resident,s1,127,1,0,0,2,warm,24,1,0,94.846074,0,1.121036,0,93.724322,0,0.000191,,386,0,0,0,0,1047382,7864320,0,0546343fa65d7f21,,0,4.84
20260927T200509Z-0e3b,ba99c9c3a4c23240,715399,gpu-nearfar,gpu,resident,s1,0,1,0,0,3,warm,0,1,13,9.853696,0,0.340918,4.00102377,3.84768009,0.475881,0,,160,160,454,0,0,1090731,8217082,0,ecdcbb820737fc0e,2495.87967,0,4.84
20260927T200509Z-0e3b,ba99c9c3a4c23240,187452,gpu-nearfar,gpu,resident,s1,1,1,0,0,3,warm,0,1,13,5.371374,0,0,0,3.86220789,0.485646,0,,163,163,460,0,0,1091238,8221926,0,96f02017575011de,2495.64247,0,4.84
20260927T200509Z-0e3b,ba99c9c3a4c23240,654701,gpu-nearfar,gpu,resident,s1,2,1,0,0,3,warm,0,1,13,5.591126,0,0,0,4.03379202,0.487296,0,,167,167,476,0,0,1091542,8223954,0,4f9f9b29bfae372e,2495.08899,0,4.84
20260927T200509Z-0e3b,ba99c9c3a4c23240,204001,gpu-nearfar,gpu,resident,s1,3,1,0,0,3,warm,0,1,13,5.466837,0,0,0,3.87206411,0.495283,0,,160,160,458,0,0,1091373,8222459,0,13e234bc2b51e68e,2496.3545,0,4.84
20260927T200509Z-0e3b,ba99c9c3a4c23240,463449,gpu-nearfar,gpu,resident,s1,4,1,0,0,3,warm,0,1,13,5.361006,0,0,0,3.81411195,0.481548,0,,159,159,448,0,0,1091459,8223527,0,153de2728e824e53,2495.56352,0,4.84
20260927T200509Z-0e3b,ba99c9c3a4c23240,253613,gpu-nearfar,gpu,resident,s1,5,1,0,0,3,warm,0,1,13,5.388864,0,0,0,3.87222409,0.483924,0,,161,161,460,0,0,1091671,8224593,0,3247d70ca7f66ed4,2494.85194,0,4.84
20260927T200509Z-0e3b,ba99c9c3a4c23240,239468,gpu-nearfar,gpu,resident,s1,6,1,0,0,3,warm,0,1,13,5.39605,0,0,0,3.86831999,0.484109,0,,159,159,456,0,0,1091392,8222159,0,a6b6de89d97c7910,2493.66679,0,4.84
20260927T200509Z-0e3b,ba99c9c3a4c23240,369505,gpu-nearfar,gpu,resident,s1,7,1,0,0,3,warm,0,1,13,5.355199,0,0,0,3.81190395,0.491397,0,,157,157,452,0,0,1091225,8220355,0,109b4acc8f4ac33a,2495.87967,0,4.84
20260927T200509Z-0e3b,ba99c9c3a4c23240,790454,gpu-nearfar,gpu,resident,s1,8,1,0,0,3,warm,0,1,13,5.479634,0,0,0,3.95072007,0.489144,0,,165,165,468,0,0,1091930,8226335,0,26e48121c6aa4159,2495.87967,0,4.84
20260927T200509Z-0e3b,ba99c9c3a4c23240,397801,gpu-nearfar,gpu,resident,s1,9,1,0,0,3,warm,0,1,13,5.328728,0,0,0,3.81788802,0.482673,0,,157,157,452,0,0,1090842,8217829,0,5a7753eccbbbecc3,2495.56352,0,4.84
20260927T200509Z-0e3b,ba99c9c3a4c23240,737225,gpu-nearfar,gpu,resident,s1,10,1,0,0,3,warm,0,1,13,5.14939,0,0,0,3.63596797,0.485149,0,,146,146,418,0,0,1091056,8219053,0,f8923c22e103e6ad,2493.35119,0,4.84
20260927T200509Z-0e3b,ba99c9c3a4c23240,155144,gpu-nearfar,gpu,resident,s1,11,1,0,0,3,warm,0,1,13,5.473862,0,0,0,3.87529612,0.562508,0,,160,160,454,0,0,1091241,8221052,0,96cd5ce2c0bed8d9,2495.87967,0,4.84
20260927T200509Z-0e3b,ba99c9c3a4c23240,763420,gpu-nearfar,gpu,resident,s1,12,1,0,0,3,warm,0,1,13,5.499256,0,0,0,3.94671988,0.483586,0,,165,165,468,0,0,1091558,8224373,0,6afec27f81fe3362,2496.4338,0,4.84
20260927T200509Z-0e3b,ba99c9c3a4c23240,558559,gpu-nearfar,gpu,resident,s1,13,1,0,0,3,warm,0,1,13,5.457069,0,0,0,3.89801598,0.482821,0,,162,162,466,0,0,1091006,8218882,0,9ae2735bc57c118b,2495.87967,0,4.84
20260927T200509Z-0e3b,ba99c9c3a4c23240,689533,gpu-nearfar,gpu,resident,s1,14,1,0,0,3,warm,0,1,13,5.41803,0,0,0,3.87683201,0.483405,0,,162,162,458,0,0,1090871,8217692,0,6dd76205e9a709b1,2496.11721,0,4.84
20260927T200509Z-0e3b,ba99c9c3a4c23240,85750,gpu-nearfar,gpu,resident,s1,15,1,0,0,3,warm,0,1,13,5.444996,0,0,0,3.88764811,0.48473,0,,162,162,462,0,0,1090943,8218902,0,93d0652be5380e25,2496.03793,0,4.84
20260927T200509Z-0e3b,ba99c9c3a4c23240,24166,gpu-nearfar,gpu,resident,s1,16,1,0,0,3,warm,0,1,13,5.600945,0,0,0,4.07292795,0.485707,0,,171,171,488,0,0,1092534,8232018,0,4c9f86b8a429a6a1,2496.59183,0,4.84
20260927T200509Z-0e3b,ba99c9c3a4c23240,181793,gpu-nearfar,gpu,resident,s1,17,1,0,0,3,warm,0,1,13,5.466774,0,0,0,3.91942406,0.486419,0,,164,164,466,0,0,1091465,8223403,0,06c27d4ed33dc4c0,2495.87967,0,4.84
20260927T200509Z-0e3b,ba99c9c3a4c23240,435643,gpu-nearfar,gpu,resident,s1,18,1,0,0,3,warm,0,1,13,5.34316,0,0,0,3.82156801,0.484251,0,,157,157,448,0,0,1091532,8223656,0,9e5667ef0aef187c,2495.87967,0,4.84
20260927T200509Z-0e3b,ba99c9c3a4c23240,412744,gpu-nearfar,gpu,resident,s1,19,1,0,0,3,warm,0,1,13,5.395134,0,0,0,3.86521602,0.495378,0,,159,159,456,0,0,1091439,8222827,0,0a4ff2a55423b6fa,2495.87967,0,4.84
20260927T200509Z-0e3b,ba99c9c3a4c23240,601557,gpu-nearfar,gpu,resident,s1,20,1,0,0,3,warm,0,1,13,5.387487,0,0,0,3.8649919,0.48096,0,,160,160,458,0,0,1090929,8218344,0,c59071f58c6927a5,2495.87967,0,4.84
20260927T200509Z-0e3b,ba99c9c3a4c23240,582010,gpu-nearfar,gpu,resident,s1,21,1,0,0,3,warm,0,1,13,5.385266,0,0,0,3.85286403,0.492213,0,,159,159,456,0,0,1091912,8226354,0,abb1d0fe49a68439,2496.11721,0,4.84
20260927T200509Z-0e3b,ba99c9c3a4c23240,369562,gpu-nearfar,gpu,resident,s1,22,1,0,0,3,warm,0,1,13,5.496881,0,0,0,3.94211197,0.480782,0,,164,164,470,0,0,1091148,8220670,0,e8960d119b031443,2497.77977,0,4.84
20260927T200509Z-0e3b,ba99c9c3a4c23240,1020126,gpu-nearfar,gpu,resident,s1,23,1,0,0,3,warm,0,1,13,5.461428,0,0,0,3.9223361,0.487726,0,,163,163,468,0,0,1091094,8219606,0,9a263533db615402,2495.87967,0,4.84
20260927T200509Z-0e3b,ba99c9c3a4c23240,79356,gpu-nearfar,gpu,resident,s1,24,1,0,0,3,warm,0,1,13,5.379042,0,0,0,3.85561609,0.476908,0,,159,159,456,0,0,1091180,8220133,0,44e74e2f955df7c3,2495.64247,0,4.84
20260927T200509Z-0e3b,ba99c9c3a4c23240,379637,gpu-nearfar,gpu,resident,s1,25,1,0,0,3,warm,0,1,13,5.506439,0,0,0,3.85635209,0.522976,0,,160,160,458,0,0,1091075,8219007,0,d1a2e1c3ccbc3f21,2495.87967,0,4.84
20260927T200509Z-0e3b,ba99c9c3a4c23240,863118,gpu-nearfar,gpu,resident,s1,26,1,0,0,3,warm,0,1,13,5.781712,0,0,0,3.98294401,0.525883,0,,164,164,470,0,0,1090858,8218461,0,d5dba0885c35a5f9,2495.87967,0,4.84
20260927T200509Z-0e3b,ba99c9c3a4c23240,997539,gpu-nearfar,gpu,resident,s1,27,1,0,0,3,warm,0,1,13,5.694338,0,0,0,3.79455996,0.538375,0,,154,154,434,0,0,1090944,8219048,0,6eef670e6e3e1100,2496.82951,0,4.84
20260927T200509Z-0e3b,ba99c9c3a4c23240,192191,gpu-nearfar,gpu,resident,s1,28,1,0,0,3,warm,0,1,13,5.581085,0,0,0,3.7054081,0.550387,0,,155,155,448,0,0,1090569,8216013,0,662baab9bef29a06,2495.87967,0,4.84
20260927T200509Z-0e3b,ba99c9c3a4c23240,67157,gpu-nearfar,gpu,resident,s1,29,1,0,0,3,warm,0,1,13,5.844501,0,0,0,3.9912641,0.526332,0,,162,162,462,0,0,1091362,8222394,0,31aaa449503ab45c,2494.21964,0,4.84
20260927T200509Z-0e3b,ba99c9c3a4c23240,65383,gpu-nearfar,gpu,resident,s1,30,1,0,0,3,warm,0,1,13,5.592686,0,0,0,3.85488009,0.501448,0,,152,152,442,0,0,1091416,8221892,0,7204d50f6114d912,2495.87967,0,4.84
20260927T200509Z-0e3b,ba99c9c3a4c23240,249726,gpu-nearfar,gpu,resident,s1,31,1,0,0,3,warm,0,1,13,5.713302,0,0,0,4.01599979,0.491493,0,,167,167,472,0,0,1091467,8223447,0,29e88ade804cdeca,2496.75018,0,4.84
20260927T200509Z-0e3b,ba99c9c3a4c23240,159695,gpu-nearfar,gpu,resident,s1,32,1,0,0,3,warm,0,1,13,5.516195,0,0,0,3.8368001,0.496115,0,,156,156,446,0,0,1090885,8218392,0,7119e6e28c081569,2495.87967,0,4.84
20260927T200509Z-0e3b,ba99c9c3a4c23240,127101,gpu-nearfar,gpu,resident,s1,33,1,0,0,3,warm,0,1,13,5.667608,0,0,0,4.04953623,0.490354,0,,170,170,482,0,0,1091945,8226903,0,846d8477ad8013e1,2496.03793,0,4.84
20260927T200509Z-0e3b,ba99c9c3a4c23240,296023,gpu-nearfar,gpu,resident,s1,34,1,0,0,3,warm,0,1,13,5.511781,0,0,0,3.93769598,0.490411,0,,165,165,460,0,0,1091514,8224174,0,605cc580b3de4615,2494.21964,0,4.84
20260927T200509Z-0e3b,ba99c9c3a4c23240,982751,gpu-nearfar,gpu,resident,s1,35,1,0,0,3,warm,0,1,13,5.557368,0,0,0,3.98819208,0.491101,0,,169,169,476,0,0,1091250,8221355,0,0d4096cd5bc69572,2495.87967,0,4.84
20260927T200509Z-0e3b,ba99c9c3a4c23240,966093,gpu-nearfar,gpu,resident,s1,36,1,0,0,3,warm,0,1,13,5.592877,0,0,0,4.00483179,0.495259,0,,169,169,484,0,0,1091559,8223552,0,7d06fdf48f6e8286,2495.87967,0,4.84
20260927T200509Z-0e3b,ba99c9c3a4c23240,731425,gpu-nearfar,gpu,resident,s1,37,1,0,0,3,warm,0,1,13,5.45163,0,0,0,3.90803194,0.48357,0,,164,164,462,0,0,1091923,8226967,0,466affb9293ca47e,2495.87967,0,4.84
20260927T200509Z-0e3b,ba99c9c3a4c23240,421395,gpu-nearfar,gpu,resident,s1,38,1,0,0,3,warm,0,1,13,5.435989,0,0,0,3.89183998,0.487933,0,,163,163,460,0,0,1091715,8224557,0,eae68b7499feb2b6,2494.06162,0,4.84
20260927T200509Z-0e3b,ba99c9c3a4c23240,734856,gpu-nearfar,gpu,resident,s1,39,1,0,0,3,warm,0,1,13,5.486402,0,0,0,3.94396806,0.49073,0,,165,165,472,0,0,1090886,8217973,0,4f0d08e3cb27ad6a,2493.58796,0,4.84
20260927T200509Z-0e3b,ba99c9c3a4c23240,413157,gpu-nearfar,gpu,resident,s1,40,1,0,0,3,warm,0,1,13,5.393182,0,0,0,3.83772802,0.506829,0,,158,158,454,0,0,1091103,8220078,0,3a6c4deb6663fbb5,2495.24715,0,4.84
20260927T200509Z-0e3b,ba99c9c3a4c23240,460916,gpu-nearfar,gpu,resident,s1,41,1,0,0,3,warm,0,1,13,5.385263,0,0,0,3.85289598,0.479459,0,,161,161,456,0,0,1091978,8227048,0,a6f1b94b86d02118,2495.87967,0,4.84
20260927T200509Z-0e3b,ba99c9c3a4c23240,769784,gpu-nearfar,gpu,resident,s1,42,1,0,0,3,warm,0,1,13,5.401649,0,0,0,3.8631041,0.486867,0,,161,161,460,0,0,1091601,8224397,0,318d7c8bfa3d3ba0,2494.14077,0,4.84
20260927T200509Z-0e3b,ba99c9c3a4c23240,974706,gpu-nearfar,gpu,resident,s1,43,1,0,0,3,warm,0,1,13,5.263654,0,0,0,3.7390399,0.475977,0,,153,153,440,0,0,1090670,8215885,0,583c656b06b7d79c,2495.40532,0,4.84
20260927T200509Z-0e3b,ba99c9c3a4c23240,58826,gpu-nearfar,gpu,resident,s1,44,1,0,0,3,warm,0,1,13,5.484794,0,0,0,3.94287992,0.486866,0,,164,164,462,0,0,1090931,8218088,0,82cfa3ade61fd805,2493.98276,0,4.84
20260927T200509Z-0e3b,ba99c9c3a4c23240,466714,gpu-nearfar,gpu,resident,s1,45,1,0,0,3,warm,0,1,13,5.473088,0,0,0,3.9195199,0.483964,0,,164,164,466,0,0,1091577,8223793,0,ac36503bdc2a7b3e,2496.3545,0,4.84
20260927T200509Z-0e3b,ba99c9c3a4c23240,597702,gpu-nearfar,gpu,resident,s1,46,1,0,0,3,warm,0,1,13,5.549144,0,0,0,4.01865578,0.483015,0,,169,169,480,0,0,1091641,8225086,0,14363d3d7d4164a5,2495.87967,0,4.84
20260927T200509Z-0e3b,ba99c9c3a4c23240,64665,gpu-nearfar,gpu,resident,s1,47,1,0,0,3,warm,0,1,13,5.492439,0,0,0,3.94815993,0.489003,0,,165,165,468,0,0,1091741,8225571,0,8f0864e0fa5ef390,2493.35119,0,4.84
20260927T200509Z-0e3b,ba99c9c3a4c23240,855449,gpu-nearfar,gpu,resident,s1,48,1,0,0,3,warm,0,1,13,5.449894,0,0,0,3.80969596,0.526999,0,,156,156,446,0,0,1091151,8220776,0,eaf42e238a9ddc48,2496.11721,0,4.84
20260927T200509Z-0e3b,ba99c9c3a4c23240,519923,gpu-nearfar,gpu,resident,s1,49,1,0,0,3,warm,0,1,13,5.657652,0,0,0,3.95151997,0.503041,0,,162,162,462,0,0,1091058,8219686,0,a96200c3afe17ff5,2498.41358,0,4.84
20260927T200509Z-0e3b,ba99c9c3a4c23240,474057,gpu-nearfar,gpu,resident,s1,50,1,0,0,3,warm,0,1,13,5.683657,0,0,0,3.9700799,0.496962,0,,163,163,468,0,0,1091416,8222398,0,2ab389d83e24de4a,2495.87967,0,4.84
20260927T200509Z-0e3b,ba99c9c3a4c23240,949772,gpu-nearfar,gpu,resident,s1,51,1,0,0,3,warm,0,1,13,5.602294,0,0,0,3.95014405,0.501483,0,,162,162,462,0,0,1090551,8215343,0,f7ce1bc1539a870f,2494.21964,0,4.84
20260927T200509Z-0e3b,ba99c9c3a4c23240,894887,gpu-nearfar,gpu,resident,s1,52,1,0,0,3,warm,0,1,13,5.681046,0,0,0,4.05734396,0.489816,0,,169,169,480,0,0,1091984,8227534,0,e83804eab75047de,2495.87967,0,4.84
20260927T200509Z-0e3b,ba99c9c3a4c23240,141783,gpu-nearfar,gpu,resident,s1,53,1,0,0,3,warm,0,1,13,5.470767,0,0,0,3.88681602,0.497422,0,,163,163,456,0,0,1091488,8223370,0,93d9cbd5c1468553,2493.74592,0,4.84
20260927T200509Z-0e3b,ba99c9c3a4c23240,917286,gpu-nearfar,gpu,resident,s1,54,1,0,0,3,warm,0,1,13,5.504853,0,0,0,3.9534719,0.486611,0,,166,166,470,0,0,1092060,8228196,0,2dfe42ff94f73f3f,2495.87967,0,4.84
20260927T200509Z-0e3b,ba99c9c3a4c23240,39176,gpu-nearfar,gpu,resident,s1,55,1,0,0,3,warm,0,1,13,5.439366,0,0,0,3.86822391,0.489033,0,,163,163,460,0,0,1090706,8215794,0,fcd5001a78d68a13,2495.87967,0,4.84
20260927T200509Z-0e3b,ba99c9c3a4c23240,345611,gpu-nearfar,gpu,resident,s1,56,1,0,0,3,warm,0,1,13,5.414513,0,0,0,3.86348796,0.479375,0,,161,161,456,0,0,1091348,8222384,0,16413610483b2219,2496.67115,0,4.84
20260927T200509Z-0e3b,ba99c9c3a4c23240,968513,gpu-nearfar,gpu,resident,s1,57,1,0,0,3,warm,0,1,13,5.527845,0,0,0,3.96758389,0.484312,0,,167,167,468,0,0,1091150,8219906,0,05566abd08729f29,2495.87967,0,4.84
20260927T200509Z-0e3b,ba99c9c3a4c23240,483034,gpu-nearfar,gpu,resident,s1,58,1,0,0,3,warm,0,1,13,5.6161,0,0,0,4.07811213,0.486792,0,,174,174,486,0,0,1091270,8221567,0,d086ea4ae6327b65,2493.82476,0,4.84
20260927T200509Z-0e3b,ba99c9c3a4c23240,553088,gpu-nearfar,gpu,resident,s1,59,1,0,0,3,warm,0,1,13,5.594245,0,0,0,4.05964804,0.483951,0,,173,173,488,0,0,1091669,8225616,0,02539fcfa0feba49,2495.8007,0,4.84
20260927T200509Z-0e3b,ba99c9c3a4c23240,868304,gpu-nearfar,gpu,resident,s1,60,1,0,0,3,warm,0,1,13,5.485154,0,0,0,3.86284804,0.563777,0,,161,161,456,0,0,1090829,8218178,0,8a67d279430d6e18,2495.87967,0,4.84
20260927T200509Z-0e3b,ba99c9c3a4c23240,667559,gpu-nearfar,gpu,resident,s1,61,1,0,0,3,warm,0,1,13,5.452594,0,0,0,3.880512,0.490064,0,,162,162,458,0,0,1090697,8216784,0,956021a54b8a90c1,2493.58796,0,4.84
20260927T200509Z-0e3b,ba99c9c3a4c23240,695777,gpu-nearfar,gpu,resident,s1,62,1,0,0,3,warm,0,1,13,5.432393,0,0,0,3.87631989,0.48583,0,,159,159,456,0,0,1091233,8221107,0,05f487ae1d20c8ea,2495.56352,0,4.84
20260927T200509Z-0e3b,ba99c9c3a4c23240,410614,gpu-nearfar,gpu,resident,s1,63,1,0,0,3,warm,0,1,13,5.5354,0,0,0,3.9981761,0.482912,0,,168,168,482,0,0,1091831,8225833,0,33339b273dd054e0,2495.87967,0,4.84
20260927T200509Z-0e3b,ba99c9c3a4c23240,405553,gpu-nearfar,gpu,resident,s1,64,1,0,0,3,warm,0,1,13,5.306784,0,0,0,3.76083207,0.488256,0,,153,153,432,0,0,1090415,8214236,0,d4252920120688c8,2495.87967,0,4.84
20260927T200509Z-0e3b,ba99c9c3a4c23240,985326,gpu-nearfar,gpu,resident,s1,65,1,0,0,3,warm,0,1,13,5.513856,0,0,0,3.98425603,0.482495,0,,167,167,480,0,0,1091534,8223461,0,8e89834923c4f91c,2495.8007,0,4.84
20260927T200509Z-0e3b,ba99c9c3a4c23240,668876,gpu-nearfar,gpu,resident,s1,66,1,0,0,3,warm,0,1,13,5.454465,0,0,0,3.915488,0.488964,0,,163,163,464,0,0,1091273,8221345,0,ff78503eb529ff7a,2495.87967,0,4.84
20260927T200509Z-0e3b,ba99c9c3a4c23240,965128,gpu-nearfar,gpu,resident,s1,67,1,0,0,3,warm,0,1,13,5.333984,0,0,0,3.7945919,0.487481,0,,155,155,444,0,0,1091274,8221375,0,26b3d1ada6a27fb3,2495.87967,0,4.84
20260927T200509Z-0e3b,ba99c9c3a4c23240,593734,gpu-nearfar,gpu,resident,s1,68,1,0,0,3,warm,0,1,13,5.465019,0,0,0,3.90393591,0.488138,0,,163,163,460,0,0,1091860,8226580,0,109812663c9c2735,2495.87967,0,4.84
20260927T200509Z-0e3b,ba99c9c3a4c23240,273974,gpu-nearfar,gpu,resident,s1,69,1,0,0,3,warm,0,1,13,5.228796,0,0,0,3.68390393,0.484931,0,,151,151,428,0,0,1090796,8217904,0,8af4d6c71cef4e55,2493.58796,0,4.84
20260927T200509Z-0e3b,ba99c9c3a4c23240,892034,gpu-nearfar,gpu,resident,s1,70,1,0,0,3,warm,0,1,13,5.548536,0,0,0,4.00732803,0.490636,0,,168,168,482,0,0,1091124,8220805,0,0651623fb2ac92ef,2495.87967,0,4.84
20260927T200509Z-0e3b,ba99c9c3a4c23240,878403,gpu-nearfar,gpu,resident,s1,71,1,0,0,3,warm,0,1,13,5.455651,0,0,0,3.92339206,0.49095,0,,165,165,464,0,0,1090791,8217581,0,e4166a43abfdb242,2495.40532,0,4.84
20260927T200509Z-0e3b,ba99c9c3a4c23240,439352,gpu-nearfar,gpu,resident,s1,72,1,0,0,3,warm,0,1,13,5.519709,0,0,0,3.99084806,0.484815,0,,167,167,480,0,0,1091468,8222907,0,c576654430d354fd,2493.98276,0,4.84
20260927T200509Z-0e3b,ba99c9c3a4c23240,180097,gpu-nearfar,gpu,resident,s1,73,1,0,0,3,warm,0,1,13,5.485552,0,0,0,3.94623995,0.487992,0,,166,166,470,0,0,1091302,8221427,0,464df24ab6a417ec,2495.87967,0,4.84
20260927T200509Z-0e3b,ba99c9c3a4c23240,923893,gpu-nearfar,gpu,resident,s1,74,1,0,0,3,warm,0,1,13,5.482781,0,0,0,3.95219207,0.482431,0,,167,167,472,0,0,1091212,8220689,0,8dd1e4b1179a37fc,2495.87967,0,4.84
20260927T200509Z-0e3b,ba99c9c3a4c23240,178879,gpu-nearfar,gpu,resident,s1,75,1,0,0,3,warm,0,1,13,5.513042,0,0,0,3.98905611,0.483951,0,,168,168,474,0,0,1091901,8227156,0,a5bb5388b29bd046,2495.87967,0,4.84
20260927T200509Z-0e3b,ba99c9c3a4c23240,148736,gpu-nearfar,gpu,resident,s1,76,1,0,0,3,warm,0,1,13,5.469409,0,0,0,3.93689609,0.48562,0,,167,167,468,0,0,1091648,8224876,0,2dcfc858873260f8,2495.95894,0,4.84
20260927T200509Z-0e3b,ba99c9c3a4c23240,950182,gpu-nearfar,gpu,resident,s1,77,1,0,0,3,warm,0,1,13,5.381613,0,0,0,3.80793595,0.482898,0,,157,157,444,0,0,1090885,8218541,0,ee0ee56c280a7cc2,2498.41358,0,4.84
20260927T200509Z-0e3b,ba99c9c3a4c23240,667619,gpu-nearfar,gpu,resident,s1,78,1,0,0,3,warm,0,1,13,5.348034,0,0,0,3.82150412,0.486631,0,,158,158,450,0,0,1090716,8217214,0,3c09b420faa8bd34,2495.87967,0,4.84
20260927T200509Z-0e3b,ba99c9c3a4c23240,53666,gpu-nearfar,gpu,resident,s1,79,1,0,0,3,warm,0,1,13,5.350703,0,0,0,3.82425594,0.483905,0,,159,159,448,0,0,1091818,8226636,0,feab0b66e2021a0d,2495.87967,0,4.84
20260927T200509Z-0e3b,ba99c9c3a4c23240,149239,gpu-nearfar,gpu,resident,s1,80,1,0,0,3,warm,0,1,13,5.54487,0,0,0,4.01267195,0.486165,0,,168,168,474,0,0,1091005,8219668,0,213803e440feadc1,2495.16821,0,4.84
20260927T200509Z-0e3b,ba99c9c3a4c23240,565157,gpu-nearfar,gpu,resident,s1,81,1,0,0,3,warm,0,1,13,5.415517,0,0,0,3.84998393,0.481819,0,,159,159,456,0,0,1090860,8217788,0,c3e7c2a46358c6bf,2495.87967,0,4.84
20260927T200509Z-0e3b,ba99c9c3a4c23240,803347,gpu-nearfar,gpu,resident,s1,82,1,0,0,3,warm,0,1,13,5.301573,0,0,0,3.78230405,0.47135,0,,155,155,448,0,0,1091061,8220936,0,61e45299bd3f9b95,2495.87967,0,4.84
20260927T200509Z-0e3b,ba99c9c3a4c23240,224649,gpu-nearfar,gpu,resident,s1,83,1,0,0,3,warm,0,1,13,5.436128,0,0,0,3.85702395,0.483165,0,,163,163,456,0,0,1091467,8222461,0,4727f75658ae7f55,2493.58796,0,4.84
20260927T200509Z-0e3b,ba99c9c3a4c23240,146198,gpu-nearfar,gpu,resident,s1,84,1,0,0,3,warm,0,1,13,5.422212,0,0,0,3.87488008,0.487595,0,,161,161,460,0,0,1091328,8222409,0,4a46b0a373169142,2495.48427,0,4.84
20260927T200509Z-0e3b,ba99c9c3a4c23240,557345,gpu-nearfar,gpu,resident,s1,85,1,0,0,3,warm,0,1,13,5.340033,0,0,0,3.79849601,0.481424,0,,155,155,444,0,0,1091028,8219445,0,d0d44292b5894af7,2495.87967,0,4.84
20260927T200509Z-0e3b,ba99c9c3a4c23240,301998,gpu-nearfar,gpu,resident,s1,86,1,0,0,3,warm,0,1,13,5.548547,0,0,0,3.998528,0.485602,0,,168,168,474,0,0,1091599,8223901,0,f0c0c55daa7e12a1,2495.87967,0,4.84
20260927T200509Z-0e3b,ba99c9c3a4c23240,461546,gpu-nearfar,gpu,resident,s1,87,1,0,0,3,warm,0,1,13,5.471229,0,0,0,3.92329597,0.487431,0,,164,164,466,0,0,1091860,8226660,0,6c69951426c756e4,2494.29881,0,4.84
20260927T200509Z-0e3b,ba99c9c3a4c23240,891232,gpu-nearfar,gpu,resident,s1,88,1,0,0,3,warm,0,1,13,5.37671,0,0,0,3.824224,0.476558,0,,158,158,454,0,0,1091794,8225365,0,cb5568ed8a609070,2495.8007,0,4.84
20260927T200509Z-0e3b,ba99c9c3a4c23240,648094,gpu-nearfar,gpu,resident,s1,89,1,0,0,3,warm,0,1,13,5.58121,0,0,0,4.03798389,0.485022,0,,170,170,482,0,0,1091257,8221746,0,6c7cf26ec6ec2f2c,2494.06162,0,4.84
20260927T200509Z-0e3b,ba99c9c3a4c23240,791162,gpu-nearfar,gpu,resident,s1,90,1,0,0,3,warm,0,1,13,5.53753,0,0,0,3.99539208,0.485576,0,,167,167,476,0,0,1091957,8227235,0,14e5484e50e5d369,2493.74592,0,4.84
20260927T200509Z-0e3b,ba99c9c3a4c23240,897431,gpu-nearfar,gpu,resident,s1,91,1,0,0,3,warm,0,1,13,5.408137,0,0,0,3.84262395,0.48468,0,,159,159,456,0,0,1090866,8218015,0,46ffb0299779ce28,2493.43001,0,4.84
20260927T200509Z-0e3b,ba99c9c3a4c23240,922237,gpu-nearfar,gpu,resident,s1,92,1,0,0,3,warm,0,1,13,5.520691,0,0,0,3.97017598,0.490628,0,,167,167,476,0,0,1090841,8217664,0,a33f81d4d938e7c2,2495.87967,0,4.84
20260927T200509Z-0e3b,ba99c9c3a4c23240,323467,gpu-nearfar,gpu,resident,s1,93,1,0,0,3,warm,0,1,13,5.563091,0,0,0,4.00582409,0.484554,0,,171,171,480,0,0,1091684,8225120,0,ac1779f60b920e21,2493.90391,0,4.84
20260927T200509Z-0e3b,ba99c9c3a4c23240,234796,gpu-nearfar,gpu,resident,s1,94,1,0,0,3,warm,0,1,13,5.489502,0,0,0,3.95840001,0.47649,0,,165,165,472,0,0,1091300,8221453,0,7d74bc02948a9636,2495.16821,0,4.84
20260927T200509Z-0e3b,ba99c9c3a4c23240,853304,gpu-nearfar,gpu,resident,s1,95,1,0,0,3,warm,0,1,13,5.551369,0,0,0,3.99552011,0.482518,0,,168,168,482,0,0,1092014,8228199,0,09372604fa945e90,2495.87967,0,4.84
20260927T200509Z-0e3b,ba99c9c3a4c23240,450173,gpu-nearfar,gpu,resident,s1,96,1,0,0,3,warm,0,1,13,5.455213,0,0,0,3.89740801,0.484963,0,,163,163,460,0,0,1090978,8219145,0,5e71f6cd5808d723,2495.87967,0,4.84
20260927T200509Z-0e3b,ba99c9c3a4c23240,402126,gpu-nearfar,gpu,resident,s1,97,1,0,0,3,warm,0,1,13,5.443829,0,0,0,3.90006399,0.482052,0,,163,163,456,0,0,1091864,8226733,0,f42f63df994942c2,2493.82476,0,4.84
20260927T200509Z-0e3b,ba99c9c3a4c23240,525289,gpu-nearfar,gpu,resident,s1,98,1,0,0,3,warm,0,1,13,5.474587,0,0,0,3.89510393,0.499285,0,,161,161,460,0,0,1091456,8222957,0,4552620cf7334db8,2494.06162,0,4.84
20260927T200509Z-0e3b,ba99c9c3a4c23240,442490,gpu-nearfar,gpu,resident,s1,99,1,0,0,3,warm,0,1,13,5.405863,0,0,0,3.82428789,0.489767,0,,155,155,444,0,0,1090178,8211938,0,bc7da764c475ef0e,2496.11721,0,4.84
20260927T200509Z-0e3b,ba99c9c3a4c23240,997733,gpu-nearfar,gpu,resident,s1,100,1,0,0,3,warm,0,1,13,5.385139,0,0,0,3.8447361,0.476437,0,,160,160,454,0,0,1090821,8217851,0,e43bf8f7de07c1d1,2494.14077,0,4.84
20260927T200509Z-0e3b,ba99c9c3a4c23240,217852,gpu-nearfar,gpu,resident,s1,101,1,0,0,3,warm,0,1,13,5.564668,0,0,0,4.02447987,0.477925,0,,171,171,488,0,0,1091906,8227660,0,2b6aad2a15eeffbc,2495.87967,0,4.84
20260927T200509Z-0e3b,ba99c9c3a4c23240,695169,gpu-nearfar,gpu,resident,s1,102,1,0,0,3,warm,0,1,13,5.382956,0,0,0,3.84060788,0.486614,0,,159,159,452,0,0,1090937,8218269,0,bf69aa1b4acb1e99,2495.87967,0,4.84
20260927T200509Z-0e3b,ba99c9c3a4c23240,36788,gpu-nearfar,gpu,resident,s1,103,1,0,0,3,warm,0,1,13,5.645872,0,0,0,4.02435207,0.489914,0,,168,168,470,0,0,1091597,8223870,0,440b72a38ee53e70,2494.06162,0,4.84
20260927T200509Z-0e3b,ba99c9c3a4c23240,702130,gpu-nearfar,gpu,resident,s1,104,1,0,0,3,warm,0,1,13,5.574557,0,0,0,4.01756811,0.485737,0,,169,169,484,0,0,1091392,8222334,0,6a85681c5072f86d,2495.87967,0,4.84
20260927T200509Z-0e3b,ba99c9c3a4c23240,109705,gpu-nearfar,gpu,resident,s1,105,1,0,0,3,warm,0,1,13,5.618389,0,0,0,4.05260801,0.506394,0,,172,172,486,0,0,1091712,8224746,0,122a6de40c98dd91,2495.8007,0,4.84
20260927T200509Z-0e3b,ba99c9c3a4c23240,60708,gpu-nearfar,gpu,resident,s1,106,1,0,0,3,warm,0,1,13,5.478777,0,0,0,3.91456008,0.496655,0,,163,163,464,0,0,1091166,8219713,0,ff267373444e3979,2495.87967,0,4.84
20260927T200509Z-0e3b,ba99c9c3a4c23240,657965,gpu-nearfar,gpu,resident,s1,107,1,0,0,3,warm,0,1,13,5.479989,0,0,0,3.92483211,0.492579,0,,164,164,462,0,0,1091164,8221055,0,7fc803176a503fcb,2495.48427,0,4.84
20260927T200509Z-0e3b,ba99c9c3a4c23240,248642,gpu-nearfar,gpu,resident,s1,108,1,0,0,3,warm,0,1,13,5.436234,0,0,0,3.89417601,0.491406,0,,163,163,464,0,0,1090962,8218475,0,eb8a2f1c801ff9f5,2493.35119,0,4.84
20260927T200509Z-0e3b,ba99c9c3a4c23240,447024,gpu-nearfar,gpu,resident,s1,109,1,0,0,3,warm,0,1,13,5.385064,0,0,0,3.80297589,0.487006,0,,160,160,446,0,0,1091232,8221353,0,294e71988b335ac8,2495.87967,0,4.84
20260927T200509Z-0e3b,ba99c9c3a4c23240,586669,gpu-nearfar,gpu,resident,s1,110,1,0,0,3,warm,0,1,13,5.356969,0,0,0,3.80054402,0.49001,0,,156,156,450,0,0,1091023,8219324,0,7f06b0a07ce62fbd,2495.87967,0,4.84
20260927T200509Z-0e3b,ba99c9c3a4c23240,898528,gpu-nearfar,gpu,resident,s1,111,1,0,0,3,warm,0,1,13,5.424827,0,0,0,3.88390398,0.492088,0,,160,160,458,0,0,1091248,8221254,0,ed0c4310232a6cfa,2495.24715,0,4.84
20260927T200509Z-0e3b,ba99c9c3a4c23240,410615,gpu-nearfar,gpu,resident,s1,112,1,0,0,3,warm,0,1,13,5.535788,0,0,0,3.95942402,0.531654,0,,168,168,470,0,0,1092009,8227769,0,d6e3cae0016ae636,2495.87967,0,4.84
20260927T200509Z-0e3b,ba99c9c3a4c23240,233899,gpu-nearfar,gpu,resident,s1,113,1,0,0,3,warm,0,1,13,5.277693,0,0,0,3.74544001,0.483613,0,,152,152,434,0,0,1091104,8220357,0,fb90ec5a321a1b11,2493.90391,0,4.84
20260927T200509Z-0e3b,ba99c9c3a4c23240,321855,gpu-nearfar,gpu,resident,s1,114,1,0,0,3,warm,0,1,13,5.291293,0,0,0,3.748384,0.481245,0,,155,155,440,0,0,1090918,8218952,0,184c285a03ae5048,2493.74592,0,4.84
20260927T200509Z-0e3b,ba99c9c3a4c23240,327721,gpu-nearfar,gpu,resident,s1,115,1,0,0,3,warm,0,1,13,5.491064,0,0,0,3.90419197,0.487505,0,,162,162,462,0,0,1091541,8223697,0,0502c004ff0e13ac,2493.35119,0,4.84
20260927T200509Z-0e3b,ba99c9c3a4c23240,791859,gpu-nearfar,gpu,resident,s1,116,1,0,0,3,warm,0,1,13,5.544307,0,0,0,3.96736002,0.488272,0,,167,167,472,0,0,1091507,8223551,0,77de2f97c13e9690,2494.21964,0,4.84
20260927T200509Z-0e3b,ba99c9c3a4c23240,830337,gpu-nearfar,gpu,resident,s1,117,1,0,0,3,warm,0,1,13,5.527575,0,0,0,3.90195203,0.478452,0,,162,162,466,0,0,1091521,8223147,0,8a1f0ac79dfe7a21,2493.66679,0,4.84
20260927T200509Z-0e3b,ba99c9c3a4c23240,255281,gpu-nearfar,gpu,resident,s1,118,1,0,0,3,warm,0,1,13,5.545298,0,0,0,3.95241594,0.479709,0,,166,166,474,0,0,1091618,8224492,0,9127d34afa79f86f,2493.98276,0,4.84
20260927T200509Z-0e3b,ba99c9c3a4c23240,396042,gpu-nearfar,gpu,resident,s1,119,1,0,0,3,warm,0,1,13,5.391795,0,0,0,3.81839991,0.484225,0,,157,157,444,0,0,1090620,8216118,0,112d40140b009d4a,2493.82476,0,4.84
20260927T200509Z-0e3b,ba99c9c3a4c23240,617545,gpu-nearfar,gpu,resident,s1,120,1,0,0,3,warm,0,1,13,5.459743,0,0,0,3.89868808,0.483899,0,,163,163,460,0,0,1091249,8221237,0,675e0bc84d0c5ef8,2495.87967,0,4.84
20260927T200509Z-0e3b,ba99c9c3a4c23240,469422,gpu-nearfar,gpu,resident,s1,121,1,0,0,3,warm,0,1,13,5.389456,0,0,0,3.83948803,0.489083,0,,159,159,452,0,0,1090974,8218792,0,75c0ccd538f9c0f7,2495.48427,0,4.84
20260927T200509Z-0e3b,ba99c9c3a4c23240,187428,gpu-nearfar,gpu,resident,s1,122,1,0,0,3,warm,0,1,13,5.535548,0,0,0,4.0032959,0.485255,0,,169,169,480,0,0,1091406,8221866,0,bd28bacb43728c1c,2493.43001,0,4.84
20260927T200509Z-0e3b,ba99c9c3a4c23240,59507,gpu-nearfar,gpu,resident,s1,123,1,0,0,3,warm,0,1,13,5.592415,0,0,0,4.05542421,0.482278,0,,173,173,484,0,0,1091769,8225663,0,9bf525a021591b0c,2495.87967,0,4.84
20260927T200509Z-0e3b,ba99c9c3a4c23240,205738,gpu-nearfar,gpu,resident,s1,124,1,0,0,3,warm,0,1,13,5.620134,0,0,0,4.07849598,0.487371,0,,173,173,496,0,0,1091538,8223503,0,0ba3453c1e73022f,2495.87967,0,4.84
20260927T200509Z-0e3b,ba99c9c3a4c23240,867055,gpu-nearfar,gpu,resident,s1,125,1,0,0,3,warm,0,1,13,5.531178,0,0,0,3.96502399,0.492436,0,,166,166,474,0,0,1091534,8224157,0,006b20bd4f12f3ab,2493.43001,0,4.84
20260927T200509Z-0e3b,ba99c9c3a4c23240,196131,gpu-nearfar,gpu,resident,s1,126,1,0,0,3,warm,0,1,13,5.388565,0,0,0,3.85260797,0.489905,0,,161,161,452,0,0,1091107,8219883,0,898234ed8dcb8680,2495.87967,0,4.84
20260927T200509Z-0e3b,ba99c9c3a4c23240,151969,gpu-nearfar,gpu,resident,s1,127,1,0,0,3,warm,0,1,13,7.254044,0,0,0,3.82537603,0.479556,1.868443,,157,157,448,0,0,1091142,8221104,0,0546343fa65d7f21,2495.87967,0,4.84
20260927T200509Z-0e3b,ba99c9c3a4c23240,715399,gpu-frontier,gpu,resident,s2,0,2,0,0,0,warm,0,1,0,9.648298,0,0.277819,4.18422413,4.63456011,0.530523,0,,38,38,38,0,0,4119040,30898607,0,ecdcbb820737fc0e,2493.66679,0,4.84
20260927T200509Z-0e3b,ba99c9c3a4c23240,187452,gpu-frontier,gpu,resident,s2,1,2,0,0,0,warm,0,1,0,4.380948,0,0,0,3.91369605,0.455938,0,,36,36,36,0,0,3431955,25754077,0,96f02017575011de,2494.93086,0,4.84
20260927T200509Z-0e3b,ba99c9c3a4c23240,654701,gpu-frontier,gpu,resident,s2,2,2,0,0,0,warm,0,1,0,4.463525,0,0,0,4.00569582,0.443151,0,,38,38,38,0,0,3466026,25970137,0,4f9f9b29bfae372e,2493.35119,0,4.84
20260927T200509Z-0e3b,ba99c9c3a4c23240,204001,gpu-frontier,gpu,resident,s2,3,2,0,0,0,warm,0,1,0,4.134715,0,0,0,3.69980788,0.421659,0,,35,35,35,0,0,3211867,24104349,0,13e234bc2b51e68e,2495.87967,0,4.84
20260927T200509Z-0e3b,ba99c9c3a4c23240,463449,gpu-frontier,gpu,resident,s2,4,2,0,0,0,warm,0,1,0,4.350991,0,0,0,3.93830395,0.402408,0,,37,37,37,0,0,3417427,25630984,0,153de2728e824e53,2495.8007,0,4.84
20260927T200509Z-0e3b,ba99c9c3a4c23240,253613,gpu-frontier,gpu,resident,s2,5,2,0,0,0,warm,0,1,0,4.257691,0,0,0,3.83651209,0.410437,0,,36,36,36,0,0,3341985,25089753,0,3247d70ca7f66ed4,2494.37769,0,4.84
20260927T200509Z-0e3b,ba99c9c3a4c23240,239468,gpu-frontier,gpu,resident,s2,6,2,0,0,0,warm,0,1,0,4.277329,0,0,0,3.85830402,0.407775,0,,36,36,36,0,0,3367052,25259984,0,a6b6de89d97c7910,2493.35119,0,4.84
20260927T200509Z-0e3b,ba99c9c3a4c23240,369505,gpu-frontier,gpu,resident,s2,7,2,0,0,0,warm,0,1,0,4.28135,0,0,0,3.86252809,0.408271,0,,36,36,36,0,0,3385393,25415659,0,109b4acc8f4ac33a,2495.87967,0,4.84
20260927T200509Z-0e3b,ba99c9c3a4c23240,790454,gpu-frontier,gpu,resident,s2,8,2,0,0,0,warm,0,1,0,4.389771,0,0,0,3.962816,0.416948,0,,39,39,39,0,0,3419950,25635898,0,26e48121c6aa4159,2493.82476,0,4.84
20260927T200509Z-0e3b,ba99c9c3a4c23240,397801,gpu-frontier,gpu,resident,s2,9,2,0,0,0,warm,0,1,0,4.347643,0,0,0,3.93945599,0.397133,0,,39,39,39,0,0,3411558,25602901,0,5a7753eccbbbecc3,2495.24715,0,4.84
20260927T200509Z-0e3b,ba99c9c3a4c23240,737225,gpu-frontier,gpu,resident,s2,10,2,0,0,0,warm,0,1,0,4.582212,0,0,0,4.16255999,0.408832,0,,38,38,38,0,0,3642522,27360414,0,f8923c22e103e6ad,2493.35119,0,4.84
20260927T200509Z-0e3b,ba99c9c3a4c23240,155144,gpu-frontier,gpu,resident,s2,11,2,0,0,0,warm,0,1,0,4.886106,0,0,0,4.44300795,0.431755,0,,38,38,38,0,0,3941779,29571900,0,96cd5ce2c0bed8d9,2493.35119,0,4.84
20260927T200509Z-0e3b,ba99c9c3a4c23240,763420,gpu-frontier,gpu,resident,s2,12,2,0,0,0,warm,0,1,0,4.569498,0,0,0,4.14192009,0.416698,0,,38,38,38,0,0,3615287,27087560,0,6afec27f81fe3362,2493.35119,0,4.84
20260927T200509Z-0e3b,ba99c9c3a4c23240,558559,gpu-frontier,gpu,resident,s2,13,2,0,0,0,warm,0,1,0,4.652869,0,0,0,4.20966387,0.432125,0,,38,38,38,0,0,3697264,27725848,0,9ae2735bc57c118b,2495.87967,0,4.84
20260927T200509Z-0e3b,ba99c9c3a4c23240,689533,gpu-frontier,gpu,resident,s2,14,2,0,0,0,warm,0,1,0,4.403794,0,0,0,3.9874239,0.405299,0,,40,40,40,0,0,3464771,25973624,0,6dd76205e9a709b1,2495.87967,0,4.84
20260927T200509Z-0e3b,ba99c9c3a4c23240,85750,gpu-frontier,gpu,resident,s2,15,2,0,0,0,warm,0,1,0,4.237757,0,0,0,3.81212807,0.414995,0,,38,38,38,0,0,3435491,25774306,0,93d0652be5380e25,2495.87967,0,4.84
20260927T200509Z-0e3b,ba99c9c3a4c23240,24166,gpu-frontier,gpu,resident,s2,16,2,0,0,0,warm,0,1,0,4.265275,0,0,0,3.8563199,0.398869,0,,37,37,37,0,0,3506375,26274915,0,4c9f86b8a429a6a1,2513.32465,0,4.84
20260927T200509Z-0e3b,ba99c9c3a4c23240,181793,gpu-frontier,gpu,resident,s2,17,2,0,0,0,warm,0,1,0,4.316215,0,0,0,3.90131211,0.403881,0,,38,38,38,0,0,3550170,26607276,0,06c27d4ed33dc4c0,2511.8016,0,4.84
20260927T200509Z-0e3b,ba99c9c3a4c23240,435643,gpu-frontier,gpu,resident,s2,18,2,0,0,0,warm,0,1,0,4.297316,0,0,0,3.8797121,0.406857,0,,36,36,36,0,0,3545827,26597162,0,9e5667ef0aef187c,2513.72573,0,4.84
20260927T200509Z-0e3b,ba99c9c3a4c23240,412744,gpu-frontier,gpu,resident,s2,19,2,0,0,0,warm,0,1,0,4.487158,0,0,0,4.03945589,0.43635,0,,39,39,39,0,0,3671515,27535374,0,0a4ff2a55423b6fa,2513.96638,0,4.84
20260927T200509Z-0e3b,ba99c9c3a4c23240,601557,gpu-frontier,gpu,resident,s2,20,2,0,0,0,warm,0,1,0,4.181023,0,0,0,3.75900793,0.409087,0,,36,36,36,0,0,3434820,25782834,0,c59071f58c6927a5,2511.8016,0,4.84
20260927T200509Z-0e3b,ba99c9c3a4c23240,582010,gpu-frontier,gpu,resident,s2,21,2,0,0,0,warm,0,1,0,4.102366,0,0,0,3.688416,0.403326,0,,38,38,38,0,0,3340186,25037666,0,abb1d0fe49a68439,2511.16068,0,4.84
20260927T200509Z-0e3b,ba99c9c3a4c23240,369562,gpu-frontier,gpu,resident,s2,22,2,0,0,0,warm,0,1,0,4.583486,0,0,0,4.16857576,0.404214,0,,36,36,36,0,0,3855362,28913296,0,e8960d119b031443,2514.20737,0,4.84
20260927T200509Z-0e3b,ba99c9c3a4c23240,1020126,gpu-frontier,gpu,resident,s2,23,2,0,0,0,warm,0,1,0,4.384393,0,0,0,3.96579194,0.408248,0,,38,38,38,0,0,3617751,27153646,0,9a263533db615402,2511.40084,0,4.84
20260927T200509Z-0e3b,ba99c9c3a4c23240,79356,gpu-frontier,gpu,resident,s2,24,2,0,0,0,warm,0,1,0,4.348692,0,0,0,3.81651211,0.520996,0,,37,37,37,0,0,3452898,25888832,0,44e74e2f955df7c3,2513.72573,0,4.84
20260927T200509Z-0e3b,ba99c9c3a4c23240,379637,gpu-frontier,gpu,resident,s2,25,2,0,0,0,warm,0,1,0,4.62129,0,0,0,4.0930562,0.515355,0,,40,40,40,0,0,3714018,27882233,0,d1a2e1c3ccbc3f21,2513.72573,0,4.84
20260927T200509Z-0e3b,ba99c9c3a4c23240,863118,gpu-frontier,gpu,resident,s2,26,2,0,0,0,warm,0,1,0,4.163071,0,0,0,3.68617606,0.463781,0,,36,36,36,0,0,3356040,25186188,0,d5dba0885c35a5f9,2513.72573,0,4.84
20260927T200509Z-0e3b,ba99c9c3a4c23240,997539,gpu-frontier,gpu,resident,s2,27,2,0,0,0,warm,0,1,0,4.225363,0,0,0,3.80281591,0.409513,0,,36,36,36,0,0,3475201,26076212,0,6eef670e6e3e1100,2513.1642,0,4.84
20260927T200509Z-0e3b,ba99c9c3a4c23240,192191,gpu-frontier,gpu,resident,s2,28,2,0,0,0,warm,0,1,0,4.239305,0,0,0,3.82652807,0.40247,0,,36,36,36,0,0,3509197,26353705,0,662baab9bef29a06,2513.72573,0,4.84
20260927T200509Z-0e3b,ba99c9c3a4c23240,67157,gpu-frontier,gpu,resident,s2,29,2,0,0,0,warm,0,1,0,4.308821,0,0,0,3.8866241,0.411862,0,,42,42,42,0,0,3480386,26083718,0,31aaa449503ab45c,2513.72573,0,4.84
20260927T200509Z-0e3b,ba99c9c3a4c23240,65383,gpu-frontier,gpu,resident,s2,30,2,0,0,0,warm,0,1,0,4.048291,0,0,0,3.63312006,0.405201,0,,34,34,34,0,0,3329308,24968900,0,7204d50f6114d912,2513.72573,0,4.84
20260927T200509Z-0e3b,ba99c9c3a4c23240,249726,gpu-frontier,gpu,resident,s2,31,2,0,0,0,warm,0,1,0,4.312647,0,0,0,3.86784005,0.434408,0,,38,38,38,0,0,3498769,26240680,0,29e88ade804cdeca,2513.72573,0,4.84
20260927T200509Z-0e3b,ba99c9c3a4c23240,159695,gpu-frontier,gpu,resident,s2,32,2,0,0,0,warm,0,1,0,4.252681,0,0,0,3.82972789,0.411482,0,,36,36,36,0,0,3487315,26185916,0,7119e6e28c081569,2512.12189,0,4.84
20260927T200509Z-0e3b,ba99c9c3a4c23240,127101,gpu-frontier,gpu,resident,s2,33,2,0,0,0,warm,0,1,0,4.129218,0,0,0,3.67702389,0.440615,0,,35,35,35,0,0,3355331,25169619,0,846d8477ad8013e1,2513.72573,0,4.84
20260927T200509Z-0e3b,ba99c9c3a4c23240,296023,gpu-frontier,gpu,resident,s2,34,2,0,0,0,warm,0,1,0,4.33999,0,0,0,3.91222405,0.415565,0,,44,44,44,0,0,3469044,26024140,0,605cc580b3de4615,2511.72132,0,4.84
20260927T200509Z-0e3b,ba99c9c3a4c23240,982751,gpu-frontier,gpu,resident,s2,35,2,0,0,0,warm,0,1,0,4.042002,0,0,0,3.61964798,0.411592,0,,36,36,36,0,0,3281188,24597809,0,0d4096cd5bc69572,2513.72573,0,4.84
20260927T200509Z-0e3b,ba99c9c3a4c23240,966093,gpu-frontier,gpu,resident,s2,36,2,0,0,0,warm,0,1,0,4.096209,0,0,0,3.6790719,0.406252,0,,36,36,36,0,0,3338586,25026030,0,7d06fdf48f6e8286,2511.72132,0,4.84
20260927T200509Z-0e3b,ba99c9c3a4c23240,731425,gpu-frontier,gpu,resident,s2,37,2,0,0,0,warm,0,1,0,4.3114,0,0,0,3.89113593,0.410272,0,,40,40,40,0,0,3658607,27456077,0,466affb9293ca47e,2513.72573,0,4.84
20260927T200509Z-0e3b,ba99c9c3a4c23240,421395,gpu-frontier,gpu,resident,s2,38,2,0,0,0,warm,0,1,0,3.994746,0,0,0,3.57772803,0.405851,0,,36,36,36,0,0,3417706,25619915,0,eae68b7499feb2b6,2513.72573,0,4.84
20260927T200509Z-0e3b,ba99c9c3a4c23240,734856,gpu-frontier,gpu,resident,s2,39,2,0,0,0,warm,0,1,0,3.993242,0,0,0,3.5704,0.412181,0,,36,36,36,0,0,3395465,25473644,0,4f0d08e3cb27ad6a,2513.00376,0,4.84
20260927T200509Z-0e3b,ba99c9c3a4c23240,413157,gpu-frontier,gpu,resident,s2,40,2,0,0,0,warm,0,1,0,3.970881,0,0,0,3.56124806,0.399561,0,,36,36,36,0,0,3374899,25298890,0,3a6c4deb6663fbb5,2511.16068,0,4.84
20260927T200509Z-0e3b,ba99c9c3a4c23240,460916,gpu-frontier,gpu,resident,s2,41,2,0,0,0,warm,0,1,0,3.878848,0,0,0,3.45488,0.413187,0,,40,40,40,0,0,3173188,23792439,0,a6f1b94b86d02118,2511.64134,0,4.84
20260927T200509Z-0e3b,ba99c9c3a4c23240,769784,gpu-frontier,gpu,resident,s2,42,2,0,0,0,warm,0,1,0,3.951054,0,0,0,3.53676796,0.403275,0,,36,36,36,0,0,3348699,25133574,0,318d7c8bfa3d3ba0,2511.16068,0,4.84
20260927T200509Z-0e3b,ba99c9c3a4c23240,974706,gpu-frontier,gpu,resident,s2,43,2,0,0,0,warm,0,1,0,3.837635,0,0,0,3.41683197,0.409728,0,,34,34,34,0,0,3259294,24454878,0,583c656b06b7d79c,2512.04188,0,4.84
20260927T200509Z-0e3b,ba99c9c3a4c23240,58826,gpu-frontier,gpu,resident,s2,44,2,0,0,0,warm,0,1,0,4.216189,0,0,0,3.80300808,0.402452,0,,39,39,39,0,0,3603656,27036091,0,82cfa3ade61fd805,2513.24427,0,4.84
20260927T200509Z-0e3b,ba99c9c3a4c23240,466714,gpu-frontier,gpu,resident,s2,45,2,0,0,0,warm,0,1,0,4.143954,0,0,0,3.72927999,0.403827,0,,38,38,38,0,0,3520026,26393910,0,ac36503bdc2a7b3e,2511.8016,0,4.84
20260927T200509Z-0e3b,ba99c9c3a4c23240,597702,gpu-frontier,gpu,resident,s2,46,2,0,0,0,warm,0,1,0,4.076183,0,0,0,3.64518404,0.420658,0,,39,39,39,0,0,3401270,25515989,0,14363d3d7d4164a5,2513.72573,0,4.84
20260927T200509Z-0e3b,ba99c9c3a4c23240,64665,gpu-frontier,gpu,resident,s2,47,2,0,0,0,warm,0,1,0,4.152513,0,0,0,3.73529601,0.406827,0,,36,36,36,0,0,3584586,26890513,0,8f0864e0fa5ef390,2511.72132,0,4.84
20260927T200509Z-0e3b,ba99c9c3a4c23240,855449,gpu-frontier,gpu,resident,s2,48,2,0,0,0,warm,0,1,0,4.071823,0,0,0,3.66064,0.400813,0,,36,36,36,0,0,3500260,26252002,0,eaf42e238a9ddc48,2513.88626,0,4.84
20260927T200509Z-0e3b,ba99c9c3a4c23240,519923,gpu-frontier,gpu,resident,s2,49,2,0,0,0,warm,0,1,0,4.149901,0,0,0,3.73436809,0.4055,0,,40,40,40,0,0,3503023,26266357,0,a96200c3afe17ff5,2511.8016,0,4.84
20260927T200509Z-0e3b,ba99c9c3a4c23240,474057,gpu-frontier,gpu,resident,s2,50,2,0,0,0,warm,0,1,0,4.051978,0,0,0,3.64313602,0.39827,0,,40,40,40,0,0,3400796,25503446,0,2ab389d83e24de4a,2511.32088,0,4.84
20260927T200509Z-0e3b,ba99c9c3a4c23240,949772,gpu-frontier,gpu,resident,s2,51,2,0,0,0,warm,0,1,0,3.854882,0,0,0,3.44662404,0.397955,0,,36,36,36,0,0,3236592,24281180,0,f7ce1bc1539a870f,2513.72573,0,4.84
20260927T200509Z-0e3b,ba99c9c3a4c23240,894887,gpu-frontier,gpu,resident,s2,52,2,0,0,0,warm,0,1,0,3.873018,0,0,0,3.44655991,0.41597,0,,36,36,36,0,0,3247332,24365295,0,e83804eab75047de,2511.8016,0,4.84
20260927T200509Z-0e3b,ba99c9c3a4c23240,141783,gpu-frontier,gpu,resident,s2,53,2,0,0,0,warm,0,1,0,4.298139,0,0,0,3.88070393,0.407559,0,,40,40,40,0,0,3662238,27492363,0,93d9cbd5c1468553,2513.72573,0,4.84
20260927T200509Z-0e3b,ba99c9c3a4c23240,917286,gpu-frontier,gpu,resident,s2,54,2,0,0,0,warm,0,1,0,3.999621,0,0,0,3.5837121,0.405846,0,,37,37,37,0,0,3385471,25392039,0,2dfe42ff94f73f3f,2512.04188,0,4.84
20260927T200509Z-0e3b,ba99c9c3a4c23240,39176,gpu-frontier,gpu,resident,s2,55,2,0,0,0,warm,0,1,0,4.145058,0,0,0,3.72915196,0.405003,0,,38,38,38,0,0,3529323,26460039,0,fcd5001a78d68a13,2513.72573,0,4.84
20260927T200509Z-0e3b,ba99c9c3a4c23240,345611,gpu-frontier,gpu,resident,s2,56,2,0,0,0,warm,0,1,0,4.386745,0,0,0,3.9064641,0.469647,0,,36,36,36,0,0,3748577,28112099,0,16413610483b2219,2513.72573,0,4.84
20260927T200509Z-0e3b,ba99c9c3a4c23240,968513,gpu-frontier,gpu,resident,s2,57,2,0,0,0,warm,0,1,0,4.012677,0,0,0,3.59407997,0.407324,0,,37,37,37,0,0,3393325,25445015,0,05566abd08729f29,2513.88626,0,4.84
20260927T200509Z-0e3b,ba99c9c3a4c23240,483034,gpu-frontier,gpu,resident,s2,58,2,0,0,0,warm,0,1,0,4.052431,0,0,0,3.63699198,0.404669,0,,36,36,36,0,0,3451341,25873590,0,d086ea4ae6327b65,2511.8016,0,4.84
20260927T200509Z-0e3b,ba99c9c3a4c23240,553088,gpu-frontier,gpu,resident,s2,59,2,0,0,0,warm,0,1,0,3.953925,0,0,0,3.5357759,0.406771,0,,40,40,40,0,0,3277283,24584145,0,02539fcfa0feba49,2513.48513,0,4.84
20260927T200509Z-0e3b,ba99c9c3a4c23240,868304,gpu-frontier,gpu,resident,s2,60,2,0,0,0,warm,0,1,0,3.995488,0,0,0,3.58275199,0.402997,0,,37,37,37,0,0,3387694,25407793,0,8a67d279430d6e18,2513.72573,0,4.84
20260927T200509Z-0e3b,ba99c9c3a4c23240,667559,gpu-frontier,gpu,resident,s2,61,2,0,0,0,warm,0,1,0,4.147883,0,0,0,3.73430395,0.40297,0,,39,39,39,0,0,3516929,26367920,0,956021a54b8a90c1,2513.72573,0,4.84
20260927T200509Z-0e3b,ba99c9c3a4c23240,695777,gpu-frontier,gpu,resident,s2,62,2,0,0,0,warm,0,1,0,3.862659,0,0,0,3.451648,0.400291,0,,37,37,37,0,0,3247732,24375580,0,05f487ae1d20c8ea,2513.72573,0,4.84
20260927T200509Z-0e3b,ba99c9c3a4c23240,410614,gpu-frontier,gpu,resident,s2,63,2,0,0,0,warm,0,1,0,4.137309,0,0,0,3.71273589,0.41407,0,,37,37,37,0,0,3520012,26401067,0,33339b273dd054e0,2514.44811,0,4.84
20260927T200509Z-0e3b,ba99c9c3a4c23240,405553,gpu-frontier,gpu,resident,s2,64,2,0,0,0,warm,0,1,0,4.426121,0,0,0,3.98115206,0.434696,0,,38,38,38,0,0,3781773,28394203,0,d4252920120688c8,2511.32088,0,4.84
20260927T200509Z-0e3b,ba99c9c3a4c23240,985326,gpu-frontier,gpu,resident,s2,65,2,0,0,0,warm,0,1,0,3.787902,0,0,0,3.37081599,0.406286,0,,36,36,36,0,0,3147907,23603126,0,8e89834923c4f91c,2513.72573,0,4.84
20260927T200509Z-0e3b,ba99c9c3a4c23240,668876,gpu-frontier,gpu,resident,s2,66,2,0,0,0,warm,0,1,0,4.13336,0,0,0,3.71683192,0.406054,0,,36,36,36,0,0,3540871,26570195,0,ff78503eb529ff7a,2513.72573,0,4.84
20260927T200509Z-0e3b,ba99c9c3a4c23240,965128,gpu-frontier,gpu,resident,s2,67,2,0,0,0,warm,0,1,0,3.886795,0,0,0,3.45382404,0.42267,0,,36,36,36,0,0,3264430,24473051,0,26b3d1ada6a27fb3,2513.72573,0,4.84
20260927T200509Z-0e3b,ba99c9c3a4c23240,593734,gpu-frontier,gpu,resident,s2,68,2,0,0,0,warm,0,1,0,3.795225,0,0,0,3.38137603,0.403145,0,,35,35,35,0,0,3169775,23765684,0,109812663c9c2735,2511.8016,0,4.84
20260927T200509Z-0e3b,ba99c9c3a4c23240,273974,gpu-frontier,gpu,resident,s2,69,2,0,0,0,warm,0,1,0,4.492497,0,0,0,4.08351994,0.39866,0,,45,45,45,0,0,3816974,28606540,0,8af4d6c71cef4e55,2512.04188,0,4.84
20260927T200509Z-0e3b,ba99c9c3a4c23240,892034,gpu-frontier,gpu,resident,s2,70,2,0,0,0,warm,0,1,0,4.063391,0,0,0,3.64729595,0.405791,0,,38,38,38,0,0,3421426,25664802,0,0651623fb2ac92ef,2513.64562,0,4.84
20260927T200509Z-0e3b,ba99c9c3a4c23240,878403,gpu-frontier,gpu,resident,s2,71,2,0,0,0,warm,0,1,0,4.094659,0,0,0,3.67820811,0.405598,0,,39,39,39,0,0,3467664,25997675,0,e4166a43abfdb242,2513.64562,0,4.84
20260927T200509Z-0e3b,ba99c9c3a4c23240,439352,gpu-frontier,gpu,resident,s2,72,2,0,0,0,warm,0,1,0,3.997698,0,0,0,3.58576012,0.402133,0,,36,36,36,0,0,3412343,25600815,0,c576654430d354fd,2513.72573,0,4.84
20260927T200509Z-0e3b,ba99c9c3a4c23240,180097,gpu-frontier,gpu,resident,s2,73,2,0,0,0,warm,0,1,0,4.094152,0,0,0,3.67702389,0.406126,0,,40,40,40,0,0,3442964,25837110,0,464df24ab6a417ec,2514.12694,0,4.84
20260927T200509Z-0e3b,ba99c9c3a4c23240,923893,gpu-frontier,gpu,resident,s2,74,2,0,0,0,warm,0,1,0,4.114708,0,0,0,3.69120002,0.412906,0,,40,40,40,0,0,3460991,25961528,0,8dd1e4b1179a37fc,2513.72573,0,4.84
20260927T200509Z-0e3b,ba99c9c3a4c23240,178879,gpu-frontier,gpu,resident,s2,75,2,0,0,0,warm,0,1,0,4.003,0,0,0,3.54998398,0.442882,0,,38,38,38,0,0,3338755,25037943,0,a5bb5388b29bd046,2512.12189,0,4.84
20260927T200509Z-0e3b,ba99c9c3a4c23240,148736,gpu-frontier,gpu,resident,s2,76,2,0,0,0,warm,0,1,0,4.348626,0,0,0,3.92985606,0.408991,0,,39,39,39,0,0,3719179,27894202,0,2dcfc858873260f8,2513.72573,0,4.84
20260927T200509Z-0e3b,ba99c9c3a4c23240,950182,gpu-frontier,gpu,resident,s2,77,2,0,0,0,warm,0,1,0,4.338625,0,0,0,3.89302397,0.435497,0,,38,38,38,0,0,3713508,27915603,0,ee0ee56c280a7cc2,2511.16068,0,4.84
20260927T200509Z-0e3b,ba99c9c3a4c23240,667619,gpu-frontier,gpu,resident,s2,78,2,0,0,0,warm,0,1,0,3.9762,0,0,0,3.56121612,0.404203,0,,36,36,36,0,0,3387204,25423480,0,3c09b420faa8bd34,2511.16068,0,4.84
20260927T200509Z-0e3b,ba99c9c3a4c23240,53666,gpu-frontier,gpu,resident,s2,79,2,0,0,0,warm,0,1,0,3.905065,0,0,0,3.48227191,0.411947,0,,35,35,35,0,0,3304287,24813950,0,feab0b66e2021a0d,2513.72573,0,4.84
20260927T200509Z-0e3b,ba99c9c3a4c23240,149239,gpu-frontier,gpu,resident,s2,80,2,0,0,0,warm,0,1,0,4.09798,0,0,0,3.6574719,0.430473,0,,37,37,37,0,0,3458652,25954874,0,213803e440feadc1,2513.48513,0,4.84
20260927T200509Z-0e3b,ba99c9c3a4c23240,565157,gpu-frontier,gpu,resident,s2,81,2,0,0,0,warm,0,1,0,4.054419,0,0,0,3.62479997,0.415248,0,,37,37,37,0,0,3431937,25756557,0,c3e7c2a46358c6bf,2513.72573,0,4.84
20260927T200509Z-0e3b,ba99c9c3a4c23240,803347,gpu-frontier,gpu,resident,s2,82,2,0,0,0,warm,0,1,0,3.989448,0,0,0,3.56841612,0.410445,0,,36,36,36,0,0,3385431,25426839,0,61e45299bd3f9b95,2513.72573,0,4.84
20260927T200509Z-0e3b,ba99c9c3a4c23240,224649,gpu-frontier,gpu,resident,s2,83,2,0,0,0,warm,0,1,0,4.116359,0,0,0,3.69740796,0.4084,0,,38,38,38,0,0,3462736,25939123,0,4727f75658ae7f55,2513.72573,0,4.84
20260927T200509Z-0e3b,ba99c9c3a4c23240,146198,gpu-frontier,gpu,resident,s2,84,2,0,0,0,warm,0,1,0,4.14914,0,0,0,3.70047998,0.437735,0,,38,38,38,0,0,3473870,26071610,0,4a46b0a373169142,2513.72573,0,4.84
20260927T200509Z-0e3b,ba99c9c3a4c23240,557345,gpu-frontier,gpu,resident,s2,85,2,0,0,0,warm,0,1,0,3.948636,0,0,0,3.51631999,0.419067,0,,34,34,34,0,0,3341244,25074784,0,d0d44292b5894af7,2511.72132,0,4.84
20260927T200509Z-0e3b,ba99c9c3a4c23240,301998,gpu-frontier,gpu,resident,s2,86,2,0,0,0,warm,0,1,0,3.988003,0,0,0,3.56278396,0.414671,0,,36,36,36,0,0,3382386,25381423,0,f0c0c55daa7e12a1,2513.48513,0,4.84
20260927T200509Z-0e3b,ba99c9c3a4c23240,461546,gpu-frontier,gpu,resident,s2,87,2,0,0,0,warm,0,1,0,4.15179,0,0,0,3.73747206,0.403792,0,,38,38,38,0,0,3549454,26592795,0,6c69951426c756e4,2513.72573,0,4.84
20260927T200509Z-0e3b,ba99c9c3a4c23240,891232,gpu-frontier,gpu,resident,s2,88,2,0,0,0,warm,0,1,0,4.093557,0,0,0,3.67830396,0.404973,0,,38,38,38,0,0,3492224,26196389,0,cb5568ed8a609070,2513.72573,0,4.84
20260927T200509Z-0e3b,ba99c9c3a4c23240,648094,gpu-frontier,gpu,resident,s2,89,2,0,0,0,warm,0,1,0,4.050397,0,0,0,3.601408,0.438438,0,,37,37,37,0,0,3400743,25494520,0,6c7cf26ec6ec2f2c,2513.48513,0,4.84
20260927T200509Z-0e3b,ba99c9c3a4c23240,791162,gpu-frontier,gpu,resident,s2,90,2,0,0,0,warm,0,1,0,4.090186,0,0,0,3.67711997,0.403327,0,,39,39,39,0,0,3460288,25939461,0,14e5484e50e5d369,2514.12694,0,4.84
20260927T200509Z-0e3b,ba99c9c3a4c23240,897431,gpu-frontier,gpu,resident,s2,91,2,0,0,0,warm,0,1,0,4.269553,0,0,0,3.85344005,0.406246,0,,38,38,38,0,0,3653567,27403750,0,46ffb0299779ce28,2513.72573,0,4.84
20260927T200509Z-0e3b,ba99c9c3a4c23240,922237,gpu-frontier,gpu,resident,s2,92,2,0,0,0,warm,0,1,0,4.154837,0,0,0,3.73331189,0.411468,0,,36,36,36,0,0,3555750,26727011,0,a33f81d4d938e7c2,2512.2022,0,4.84
20260927T200509Z-0e3b,ba99c9c3a4c23240,323467,gpu-frontier,gpu,resident,s2,93,2,0,0,0,warm,0,1,0,3.955574,0,0,0,3.53871989,0.406067,0,,35,35,35,0,0,3368454,25240414,0,ac1779f60b920e21,2513.72573,0,4.84
20260927T200509Z-0e3b,ba99c9c3a4c23240,234796,gpu-frontier,gpu,resident,s2,94,2,0,0,0,warm,0,1,0,4.02644,0,0,0,3.61856008,0.398034,0,,36,36,36,0,0,3430977,25735144,0,7d74bc02948a9636,2511.72132,0,4.84
20260927T200509Z-0e3b,ba99c9c3a4c23240,853304,gpu-frontier,gpu,resident,s2,95,2,0,0,0,warm,0,1,0,4.108514,0,0,0,3.68003201,0.417961,0,,38,38,38,0,0,3477261,26066983,0,09372604fa945e90,2513.48513,0,4.84
20260927T200509Z-0e3b,ba99c9c3a4c23240,450173,gpu-frontier,gpu,resident,s2,96,2,0,0,0,warm,0,1,0,4.12351,0,0,0,3.70883203,0.403744,0,,37,37,37,0,0,3536124,26524560,0,5e71f6cd5808d723,2511.56107,0,4.84
20260927T200509Z-0e3b,ba99c9c3a4c23240,402126,gpu-frontier,gpu,resident,s2,97,2,0,0,0,warm,0,1,0,4.235799,0,0,0,3.81926394,0.406467,0,,39,39,39,0,0,3593382,26935592,0,f42f63df994942c2,2513.72573,0,4.84
20260927T200509Z-0e3b,ba99c9c3a4c23240,525289,gpu-frontier,gpu,resident,s2,98,2,0,0,0,warm,0,1,0,4.386009,0,0,0,3.9718399,0.40353,0,,39,39,39,0,0,3771558,28264184,0,4552620cf7334db8,2511.96159,0,4.84
20260927T200509Z-0e3b,ba99c9c3a4c23240,442490,gpu-frontier,gpu,resident,s2,99,2,0,0,0,warm,0,1,0,4.17418,0,0,0,3.75379205,0.410294,0,,38,38,38,0,0,3549221,26639207,0,bc7da764c475ef0e,2513.72573,0,4.84
20260927T200509Z-0e3b,ba99c9c3a4c23240,997733,gpu-frontier,gpu,resident,s2,100,2,0,0,0,warm,0,1,0,3.979089,0,0,0,3.56454396,0.404469,0,,34,34,34,0,0,3393922,25473272,0,e43bf8f7de07c1d1,2513.72573,0,4.84
20260927T200509Z-0e3b,ba99c9c3a4c23240,217852,gpu-frontier,gpu,resident,s2,101,2,0,0,0,warm,0,1,0,4.33184,0,0,0,3.91123199,0.410157,0,,38,38,38,0,0,3720820,27898032,0,2b6aad2a15eeffbc,2483.28714,0,4.84
20260927T200509Z-0e3b,ba99c9c3a4c23240,695169,gpu-frontier,gpu,resident,s2,102,2,0,0,0,warm,0,1,0,4.132994,0,0,0,3.70156789,0.421683,0,,38,38,38,0,0,3482147,26113676,0,bf69aa1b4acb1e99,2513.72573,0,4.84
20260927T200509Z-0e3b,ba99c9c3a4c23240,36788,gpu-frontier,gpu,resident,s2,103,2,0,0,0,warm,0,1,0,4.225319,0,0,0,3.68179202,0.532183,0,,39,39,39,0,0,3441280,25813424,0,440b72a38ee53e70,2512.12189,0,4.84
20260927T200509Z-0e3b,ba99c9c3a4c23240,702130,gpu-frontier,gpu,resident,s2,104,2,0,0,0,warm,0,1,0,4.052048,0,0,0,3.50918388,0.524098,0,,38,38,38,0,0,3246946,24361109,0,6a85681c5072f86d,2511.16068,0,4.84
20260927T200509Z-0e3b,ba99c9c3a4c23240,109705,gpu-frontier,gpu,resident,s2,105,2,0,0,0,warm,0,1,0,4.339146,0,0,0,3.75283194,0.574177,0,,38,38,38,0,0,3537752,26543886,0,122a6de40c98dd91,2511.96159,0,4.84
20260927T200509Z-0e3b,ba99c9c3a4c23240,60708,gpu-frontier,gpu,resident,s2,106,2,0,0,0,warm,0,1,0,4.25806,0,0,0,3.69577599,0.548045,0,,40,40,40,0,0,3467054,25985975,0,ff267373444e3979,2513.72573,0,4.84
20260927T200509Z-0e3b,ba99c9c3a4c23240,657965,gpu-frontier,gpu,resident,s2,107,2,0,0,0,warm,0,1,0,4.221886,0,0,0,3.70771194,0.498463,0,,36,36,36,0,0,3531352,26496998,0,7fc803176a503fcb,2513.72573,0,4.84
20260927T200509Z-0e3b,ba99c9c3a4c23240,248642,gpu-frontier,gpu,resident,s2,108,2,0,0,0,warm,0,1,0,4.222859,0,0,0,3.7616961,0.446926,0,,40,40,40,0,0,3503286,26274612,0,eb8a2f1c801ff9f5,2511.96159,0,4.84
20260927T200509Z-0e3b,ba99c9c3a4c23240,447024,gpu-frontier,gpu,resident,s2,109,2,0,0,0,warm,0,1,0,4.26038,0,0,0,3.81820798,0.431647,0,,38,38,38,0,0,3598715,26975711,0,294e71988b335ac8,2514.36796,0,4.84
20260927T200509Z-0e3b,ba99c9c3a4c23240,586669,gpu-frontier,gpu,resident,s2,110,2,0,0,0,warm,0,1,0,4.077418,0,0,0,3.64723206,0.418011,0,,36,36,36,0,0,3474218,26084089,0,7f06b0a07ce62fbd,2511.16068,0,4.84
20260927T200509Z-0e3b,ba99c9c3a4c23240,898528,gpu-frontier,gpu,resident,s2,111,2,0,0,0,warm,0,1,0,4.112803,0,0,0,3.69027209,0.412185,0,,37,37,37,0,0,3506010,26310146,0,ed0c4310232a6cfa,2513.72573,0,4.84
20260927T200509Z-0e3b,ba99c9c3a4c23240,410615,gpu-frontier,gpu,resident,s2,112,2,0,0,0,warm,0,1,0,3.908373,0,0,0,3.47747207,0.420064,0,,38,38,38,0,0,3271293,24526778,0,d6e3cae0016ae636,2513.80584,0,4.84
20260927T200509Z-0e3b,ba99c9c3a4c23240,233899,gpu-frontier,gpu,resident,s2,113,2,0,0,0,warm,0,1,0,4.035942,0,0,0,3.59942389,0.425666,0,,38,38,38,0,0,3399681,25521668,0,fb90ec5a321a1b11,2513.72573,0,4.84
20260927T200509Z-0e3b,ba99c9c3a4c23240,321855,gpu-frontier,gpu,resident,s2,114,2,0,0,0,warm,0,1,0,4.305209,0,0,0,3.87558389,0.416074,0,,36,36,36,0,0,3702375,27787418,0,184c285a03ae5048,2513.40474,0,4.84
20260927T200509Z-0e3b,ba99c9c3a4c23240,327721,gpu-frontier,gpu,resident,s2,115,2,0,0,0,warm,0,1,0,4.2449,0,0,0,3.82143998,0.412499,0,,38,38,38,0,0,3611281,27072462,0,0502c004ff0e13ac,2514.28751,0,4.84
20260927T200509Z-0e3b,ba99c9c3a4c23240,791859,gpu-frontier,gpu,resident,s2,116,2,0,0,0,warm,0,1,0,3.984036,0,0,0,3.55212808,0.421193,0,,38,38,38,0,0,3336657,25039979,0,77de2f97c13e9690,2513.72573,0,4.84
20260927T200509Z-0e3b,ba99c9c3a4c23240,830337,gpu-frontier,gpu,resident,s2,117,2,0,0,0,warm,0,1,0,3.929849,0,0,0,3.51311994,0.406487,0,,37,37,37,0,0,3288430,24649192,0,8a1f0ac79dfe7a21,2513.96638,0,4.84
20260927T200509Z-0e3b,ba99c9c3a4c23240,255281,gpu-frontier,gpu,resident,s2,118,2,0,0,0,warm,0,1,0,4.172605,0,0,0,3.74239993,0.417843,0,,40,40,40,0,0,3513905,26343536,0,9127d34afa79f86f,2511.16068,0,4.84
20260927T200509Z-0e3b,ba99c9c3a4c23240,396042,gpu-frontier,gpu,resident,s2,119,2,0,0,0,warm,0,1,0,4.136005,0,0,0,3.71049595,0.413428,0,,38,38,38,0,0,3504043,26310242,0,112d40140b009d4a,2513.72573,0,4.84
20260927T200509Z-0e3b,ba99c9c3a4c23240,617545,gpu-frontier,gpu,resident,s2,120,2,0,0,0,warm,0,1,0,3.938054,0,0,0,3.51817608,0.406977,0,,36,36,36,0,0,3334685,25004119,0,675e0bc84d0c5ef8,2511.8016,0,4.84
20260927T200509Z-0e3b,ba99c9c3a4c23240,469422,gpu-frontier,gpu,resident,s2,121,2,0,0,0,warm,0,1,0,4.204234,0,0,0,3.77731204,0.415819,0,,38,38,38,0,0,3572785,26821835,0,75c0ccd538f9c0f7,2513.72573,0,4.84
20260927T200509Z-0e3b,ba99c9c3a4c23240,187428,gpu-frontier,gpu,resident,s2,122,2,0,0,0,warm,0,1,0,3.813571,0,0,0,3.39120007,0.411067,0,,36,36,36,0,0,3167272,23754233,0,bd28bacb43728c1c,2513.72573,0,4.84
20260927T200509Z-0e3b,ba99c9c3a4c23240,59507,gpu-frontier,gpu,resident,s2,123,2,0,0,0,warm,0,1,0,4.150688,0,0,0,3.71670389,0.421768,0,,38,38,38,0,0,3488257,26164961,0,9bf525a021591b0c,2513.80584,0,4.84
20260927T200509Z-0e3b,ba99c9c3a4c23240,205738,gpu-frontier,gpu,resident,s2,124,2,0,0,0,warm,0,1,0,4.015157,0,0,0,3.5848,0.419251,0,,38,38,38,0,0,3359271,25203769,0,0ba3453c1e73022f,2513.72573,0,4.84
20260927T200509Z-0e3b,ba99c9c3a4c23240,867055,gpu-frontier,gpu,resident,s2,125,2,0,0,0,warm,0,1,0,4.126963,0,0,0,3.7032001,0.412363,0,,36,36,36,0,0,3522470,26428591,0,006b20bd4f12f3ab,2513.72573,0,4.84
20260927T200509Z-0e3b,ba99c9c3a4c23240,196131,gpu-frontier,gpu,resident,s2,126,2,0,0,0,warm,0,1,0,4.075248,0,0,0,3.65657592,0.407655,0,,37,37,37,0,0,3464343,25958825,0,898234ed8dcb8680,2511.16068,0,4.84
20260927T200509Z-0e3b,ba99c9c3a4c23240,151969,gpu-frontier,gpu,resident,s2,127,2,0,0,0,warm,0,1,0,5.520305,0,0,0,3.55436802,0.407496,1.548125,,37,37,37,0,0,3370929,25280422,0,0546343fa65d7f21,2514.0468,0,4.84
20260927T200509Z-0e3b,ba99c9c3a4c23240,715399,dial,cpu,resident,s2,0,2,0,0,1,warm,24,1,0,96.51267,0,1.373597,0,95.138704,0,0,,379,0,0,0,0,1047382,7864320,0,ecdcbb820737fc0e,,0,4.84
20260927T200509Z-0e3b,ba99c9c3a4c23240,187452,dial,cpu,resident,s2,1,2,0,0,1,warm,24,1,0,95.78963,0,1.138367,0,94.650772,0,0,,392,0,0,0,0,1047382,7864320,0,96f02017575011de,,0,4.84
20260927T200509Z-0e3b,ba99c9c3a4c23240,654701,dial,cpu,resident,s2,2,2,0,0,1,warm,24,1,0,96.156056,0,1.223139,0,94.93255,0,0,,387,0,0,0,0,1047382,7864320,0,4f9f9b29bfae372e,,0,4.84
20260927T200509Z-0e3b,ba99c9c3a4c23240,204001,dial,cpu,resident,s2,3,2,0,0,1,warm,24,1,0,95.327349,0,1.129236,0,94.197786,0,0,,391,0,0,0,0,1047382,7864320,0,13e234bc2b51e68e,,0,4.84
20260927T200509Z-0e3b,ba99c9c3a4c23240,463449,dial,cpu,resident,s2,4,2,0,0,1,warm,24,1,0,95.667378,0,1.208614,0,94.458601,0,0,,386,0,0,0,0,1047382,7864320,0,153de2728e824e53,,0,4.84
20260927T200509Z-0e3b,ba99c9c3a4c23240,253613,dial,cpu,resident,s2,5,2,0,0,1,warm,24,1,0,95.321911,0,1.121073,0,94.200637,0,0,,381,0,0,0,0,1047382,7864320,0,3247d70ca7f66ed4,,0,4.84
20260927T200509Z-0e3b,ba99c9c3a4c23240,239468,dial,cpu,resident,s2,6,2,0,0,1,warm,24,1,0,95.281546,0,1.300465,0,93.980827,0,0,,394,0,0,0,0,1047382,7864320,0,a6b6de89d97c7910,,0,4.84
20260927T200509Z-0e3b,ba99c9c3a4c23240,369505,dial,cpu,resident,s2,7,2,0,0,1,warm,24,1,0,94.774571,0,1.149973,0,93.62437,0,0,,384,0,0,0,0,1047382,7864320,0,109b4acc8f4ac33a,,0,4.84
20260927T200509Z-0e3b,ba99c9c3a4c23240,790454,dial,cpu,resident,s2,8,2,0,0,1,warm,24,1,0,94.323478,0,1.159532,0,93.163786,0,0,,392,0,0,0,0,1047382,7864320,0,26e48121c6aa4159,,0,4.84
20260927T200509Z-0e3b,ba99c9c3a4c23240,397801,dial,cpu,resident,s2,9,2,0,0,1,warm,24,1,0,94.973753,0,1.121101,0,93.852417,0,0,,387,0,0,0,0,1047382,7864320,0,5a7753eccbbbecc3,,0,4.84
20260927T200509Z-0e3b,ba99c9c3a4c23240,737225,dial,cpu,resident,s2,10,2,0,0,1,warm,24,1,0,94.999441,0,1.170703,0,93.828431,0,0,,373,0,0,0,0,1047382,7864320,0,f8923c22e103e6ad,,0,4.84
20260927T200509Z-0e3b,ba99c9c3a4c23240,155144,dial,cpu,resident,s2,11,2,0,0,1,warm,24,1,0,94.423305,0,1.159937,0,93.263056,0,0,,388,0,0,0,0,1047382,7864320,0,96cd5ce2c0bed8d9,,0,4.84
20260927T200509Z-0e3b,ba99c9c3a4c23240,763420,dial,cpu,resident,s2,12,2,0,0,1,warm,24,1,0,95.261015,0,1.130071,0,94.130637,0,0,,395,0,0,0,0,1047382,7864320,0,6afec27f81fe3362,,0,4.84
20260927T200509Z-0e3b,ba99c9c3a4c23240,558559,dial,cpu,resident,s2,13,2,0,0,1,warm,24,1,0,94.836335,0,1.160848,0,93.675188,0,0,,387,0,0,0,0,1047382,7864320,0,9ae2735bc57c118b,,0,4.84
20260927T200509Z-0e3b,ba99c9c3a4c23240,689533,dial,cpu,resident,s2,14,2,0,0,1,warm,24,1,0,95.216297,0,1.13265,0,94.083415,0,0,,387,0,0,0,0,1047382,7864320,0,6dd76205e9a709b1,,0,4.84
20260927T200509Z-0e3b,ba99c9c3a4c23240,85750,dial,cpu,resident,s2,15,2,0,0,1,warm,24,1,0,94.800248,0,1.120965,0,93.678899,0,0,,383,0,0,0,0,1047382,7864320,0,93d0652be5380e25,,0,4.84
20260927T200509Z-0e3b,ba99c9c3a4c23240,24166,dial,cpu,resident,s2,16,2,0,0,1,warm,24,1,0,94.456742,0,1.14427,0,93.31223,0,0,,404,0,0,0,0,1047382,7864320,0,4c9f86b8a429a6a1,,0,4.84
20260927T200509Z-0e3b,ba99c9c3a4c23240,181793,dial,cpu,resident,s2,17,2,0,0,1,warm,24,1,0,96.502213,0,1.170952,0,95.33101,0,0,,395,0,0,0,0,1047382,7864320,0,06c27d4ed33dc4c0,,0,4.84
20260927T200509Z-0e3b,ba99c9c3a4c23240,435643,dial,cpu,resident,s2,18,2,0,0,1,warm,24,1,0,98.733373,0,1.170168,0,97.562791,0,0,,391,0,0,0,0,1047382,7864320,0,9e5667ef0aef187c,,0,4.84
20260927T200509Z-0e3b,ba99c9c3a4c23240,412744,dial,cpu,resident,s2,19,2,0,0,1,warm,24,1,0,87.058695,0,1.263843,0,85.794076,0,0,,379,0,0,0,0,1047382,7864320,0,0a4ff2a55423b6fa,,0,4.84
20260927T200509Z-0e3b,ba99c9c3a4c23240,601557,dial,cpu,resident,s2,20,2,0,0,1,warm,24,1,0,86.280271,0,1.170468,0,85.109357,0,0,,384,0,0,0,0,1047382,7864320,0,c59071f58c6927a5,,0,4.54
20260927T200509Z-0e3b,ba99c9c3a4c23240,582010,dial,cpu,resident,s2,21,2,0,0,1,warm,24,1,0,92.398786,0,1.208812,0,91.189605,0,0,,397,0,0,0,0,1047382,7864320,0,abb1d0fe49a68439,,0,4.54
20260927T200509Z-0e3b,ba99c9c3a4c23240,369562,dial,cpu,resident,s2,22,2,0,0,1,warm,24,1,0,94.392552,0,1.155503,0,93.236643,0,0,,402,0,0,0,0,1047382,7864320,0,e8960d119b031443,,0,4.54
20260927T200509Z-0e3b,ba99c9c3a4c23240,1020126,dial,cpu,resident,s2,23,2,0,0,1,warm,24,1,0,95.24503,0,1.167716,0,94.076981,0,0,,384,0,0,0,0,1047382,7864320,0,9a263533db615402,,0,4.54
20260927T200509Z-0e3b,ba99c9c3a4c23240,79356,dial,cpu,resident,s2,24,2,0,0,1,warm,24,1,0,95.145115,0,1.148729,0,93.996164,0,0,,386,0,0,0,0,1047382,7864320,0,44e74e2f955df7c3,,0,4.54
20260927T200509Z-0e3b,ba99c9c3a4c23240,379637,dial,cpu,resident,s2,25,2,0,0,1,warm,24,1,0,95.445203,0,1.152558,0,94.29242,0,0,,387,0,0,0,0,1047382,7864320,0,d1a2e1c3ccbc3f21,,0,4.54
20260927T200509Z-0e3b,ba99c9c3a4c23240,863118,dial,cpu,resident,s2,26,2,0,0,1,warm,24,1,0,94.620387,0,1.133107,0,93.486982,0,0,,381,0,0,0,0,1047382,7864320,0,d5dba0885c35a5f9,,0,4.54
20260927T200509Z-0e3b,ba99c9c3a4c23240,997539,dial,cpu,resident,s2,27,2,0,0,1,warm,24,1,0,94.816452,0,1.126075,0,93.690226,0,0,,378,0,0,0,0,1047382,7864320,0,6eef670e6e3e1100,,0,4.54
20260927T200509Z-0e3b,ba99c9c3a4c23240,192191,dial,cpu,resident,s2,28,2,0,0,1,warm,24,1,0,97.250046,0,1.134456,0,96.115275,0,0,,388,0,0,0,0,1047382,7864320,0,662baab9bef29a06,,0,4.54
20260927T200509Z-0e3b,ba99c9c3a4c23240,67157,dial,cpu,resident,s2,29,2,0,0,1,warm,24,1,0,95.025855,0,1.160158,0,93.865188,0,0,,391,0,0,0,0,1047382,7864320,0,31aaa449503ab45c,,0,4.54
20260927T200509Z-0e3b,ba99c9c3a4c23240,65383,dial,cpu,resident,s2,30,2,0,0,1,warm,24,1,0,95.188367,0,1.119565,0,94.068499,0,0,,386,0,0,0,0,1047382,7864320,0,7204d50f6114d912,,0,4.54
20260927T200509Z-0e3b,ba99c9c3a4c23240,249726,dial,cpu,resident,s2,31,2,0,0,1,warm,24,1,0,95.302921,0,1.188498,0,94.114105,0,0,,384,0,0,0,0,1047382,7864320,0,29e88ade804cdeca,,0,4.54
20260927T200509Z-0e3b,ba99c9c3a4c23240,159695,dial,cpu,resident,s2,32,2,0,0,1,warm,24,1,0,94.977251,0,1.131041,0,93.845864,0,0,,375,0,0,0,0,1047382,7864320,0,7119e6e28c081569,,0,4.54
20260927T200509Z-0e3b,ba99c9c3a4c23240,127101,dial,cpu,resident,s2,33,2,0,0,1,warm,24,1,0,95.360585,0,1.13956,0,94.220689,0,0,,395,0,0,0,0,1047382,7864320,0,846d8477ad8013e1,,0,4.54
20260927T200509Z-0e3b,ba99c9c3a4c23240,296023,dial,cpu,resident,s2,34,2,0,0,1,warm,24,1,0,94.818041,0,1.182659,0,93.635081,0,0,,398,0,0,0,0,1047382,7864320,0,605cc580b3de4615,,0,4.54
20260927T200509Z-0e3b,ba99c9c3a4c23240,982751,dial,cpu,resident,s2,35,2,0,0,1,warm,24,1,0,96.066661,0,1.190441,0,94.875996,0,0,,390,0,0,0,0,1047382,7864320,0,0d4096cd5bc69572,,0,4.54
20260927T200509Z-0e3b,ba99c9c3a4c23240,966093,dial,cpu,resident,s2,36,2,0,0,1,warm,24,1,0,94.875526,0,1.171869,0,93.70336,0,0,,393,0,0,0,0,1047382,7864320,0,7d06fdf48f6e8286,,0,4.54
20260927T200509Z-0e3b,ba99c9c3a4c23240,731425,dial,cpu,resident,s2,37,2,0,0,1,warm,24,1,0,95.090388,0,1.165054,0,93.925003,0,0,,389,0,0,0,0,1047382,7864320,0,466affb9293ca47e,,0,4.54
20260927T200509Z-0e3b,ba99c9c3a4c23240,421395,dial,cpu,resident,s2,38,2,0,0,1,warm,24,1,0,95.587172,0,1.140648,0,94.446213,0,0,,389,0,0,0,0,1047382,7864320,0,eae68b7499feb2b6,,0,4.54
20260927T200509Z-0e3b,ba99c9c3a4c23240,734856,dial,cpu,resident,s2,39,2,0,0,1,warm,24,1,0,99.379606,0,1.136852,0,98.242244,0,0,,391,0,0,0,0,1047382,7864320,0,4f0d08e3cb27ad6a,,0,4.54
20260927T200509Z-0e3b,ba99c9c3a4c23240,413157,dial,cpu,resident,s2,40,2,0,0,1,warm,24,1,0,98.677769,0,1.202478,0,97.475064,0,0,,386,0,0,0,0,1047382,7864320,0,3a6c4deb6663fbb5,,0,4.54
20260927T200509Z-0e3b,ba99c9c3a4c23240,460916,dial,cpu,resident,s2,41,2,0,0,1,warm,24,1,0,95.283093,0,1.161575,0,94.12109,0,0,,393,0,0,0,0,1047382,7864320,0,a6f1b94b86d02118,,0,4.54
20260927T200509Z-0e3b,ba99c9c3a4c23240,769784,dial,cpu,resident,s2,42,2,0,0,1,warm,24,1,0,94.792066,0,1.148043,0,93.643708,0,0,,383,0,0,0,0,1047382,7864320,0,318d7c8bfa3d3ba0,,0,4.54
20260927T200509Z-0e3b,ba99c9c3a4c23240,974706,dial,cpu,resident,s2,43,2,0,0,1,warm,24,1,0,95.099433,0,1.171475,0,93.927631,0,0,,383,0,0,0,0,1047382,7864320,0,583c656b06b7d79c,,0,4.54
20260927T200509Z-0e3b,ba99c9c3a4c23240,58826,dial,cpu,resident,s2,44,2,0,0,1,warm,24,1,0,94.926189,0,1.150273,0,93.775701,0,0,,383,0,0,0,0,1047382,7864320,0,82cfa3ade61fd805,,0,4.54
20260927T200509Z-0e3b,ba99c9c3a4c23240,466714,dial,cpu,resident,s2,45,2,0,0,1,warm,24,1,0,94.969358,0,1.165444,0,93.803498,0,0,,388,0,0,0,0,1047382,7864320,0,ac36503bdc2a7b3e,,0,4.54
20260927T200509Z-0e3b,ba99c9c3a4c23240,597702,dial,cpu,resident,s2,46,2,0,0,1,warm,24,1,0,94.731257,0,1.122637,0,93.608257,0,0,,388,0,0,0,0,1047382,7864320,0,14363d3d7d4164a5,,0,4.54
20260927T200509Z-0e3b,ba99c9c3a4c23240,64665,dial,cpu,resident,s2,47,2,0,0,1,warm,24,1,0,94.990121,0,1.154382,0,93.835351,0,0,,399,0,0,0,0,1047382,7864320,0,8f0864e0fa5ef390,,0,4.54
20260927T200509Z-0e3b,ba99c9c3a4c23240,855449,dial,cpu,resident,s2,48,2,0,0,1,warm,24,1,0,95.176435,0,1.152747,0,94.023313,0,0,,382,0,0,0,0,1047382,7864320,0,eaf42e238a9ddc48,,0,4.54
20260927T200509Z-0e3b,ba99c9c3a4c23240,519923,dial,cpu,resident,s2,49,2,0,0,1,warm,24,1,0,94.988583,0,1.11934,0,93.868946,0,0,,395,0,0,0,0,1047382,7864320,0,a96200c3afe17ff5,,0,4.54
20260927T200509Z-0e3b,ba99c9c3a4c23240,474057,dial,cpu,resident,s2,50,2,0,0,1,warm,24,1,0,96.006837,0,1.146036,0,94.860454,0,0,,387,0,0,0,0,1047382,7864320,0,2ab389d83e24de4a,,0,4.54
20260927T200509Z-0e3b,ba99c9c3a4c23240,949772,dial,cpu,resident,s2,51,2,0,0,1,warm,24,1,0,94.698893,0,1.137787,0,93.560777,0,0,,387,0,0,0,0,1047382,7864320,0,f7ce1bc1539a870f,,0,4.54
20260927T200509Z-0e3b,ba99c9c3a4c23240,894887,dial,cpu,resident,s2,52,2,0,0,1,warm,24,1,0,95.244427,0,1.153011,0,94.091116,0,0,,392,0,0,0,0,1047382,7864320,0,e83804eab75047de,,0,4.54
20260927T200509Z-0e3b,ba99c9c3a4c23240,141783,dial,cpu,resident,s2,53,2,0,0,1,warm,24,1,0,95.159681,0,1.169726,0,93.989711,0,0,,385,0,0,0,0,1047382,7864320,0,93d9cbd5c1468553,,0,4.54
20260927T200509Z-0e3b,ba99c9c3a4c23240,917286,dial,cpu,resident,s2,54,2,0,0,1,warm,24,1,0,97.263624,0,1.152892,0,96.110423,0,0,,391,0,0,0,0,1047382,7864320,0,2dfe42ff94f73f3f,,0,4.54
20260927T200509Z-0e3b,ba99c9c3a4c23240,39176,dial,cpu,resident,s2,55,2,0,0,1,warm,24,1,0,95.634913,0,1.138995,0,94.495461,0,0,,384,0,0,0,0,1047382,7864320,0,fcd5001a78d68a13,,0,4.54
20260927T200509Z-0e3b,ba99c9c3a4c23240,345611,dial,cpu,resident,s2,56,2,0,0,1,warm,24,1,0,95.071021,0,1.148142,0,93.922582,0,0,,390,0,0,0,0,1047382,7864320,0,16413610483b2219,,0,4.54
20260927T200509Z-0e3b,ba99c9c3a4c23240,968513,dial,cpu,resident,s2,57,2,0,0,1,warm,24,1,0,94.81899,0,1.136738,0,93.682034,0,0,,392,0,0,0,0,1047382,7864320,0,05566abd08729f29,,0,4.54
20260927T200509Z-0e3b,ba99c9c3a4c23240,483034,dial,cpu,resident,s2,58,2,0,0,1,warm,24,1,0,95.809245,0,1.141901,0,94.667003,0,0,,390,0,0,0,0,1047382,7864320,0,d086ea4ae6327b65,,0,4.54
20260927T200509Z-0e3b,ba99c9c3a4c23240,553088,dial,cpu,resident,s2,59,2,0,0,1,warm,24,1,0,94.499907,0,1.165685,0,93.333922,0,0,,395,0,0,0,0,1047382,7864320,0,02539fcfa0feba49,,0,4.54
20260927T200509Z-0e3b,ba99c9c3a4c23240,868304,dial,cpu,resident,s2,60,2,0,0,1,warm,24,1,0,94.747109,0,1.129713,0,93.616817,0,0,,386,0,0,0,0,1047382,7864320,0,8a67d279430d6e18,,0,4.54
20260927T200509Z-0e3b,ba99c9c3a4c23240,667559,dial,cpu,resident,s2,61,2,0,0,1,warm,24,1,0,100.050186,0,1.180395,0,98.869528,0,0,,385,0,0,0,0,1047382,7864320,0,956021a54b8a90c1,,0,4.54
20260927T200509Z-0e3b,ba99c9c3a4c23240,695777,dial,cpu,resident,s2,62,2,0,0,1,warm,24,1,0,94.814743,0,1.180947,0,93.633561,0,0,,396,0,0,0,0,1047382,7864320,0,05f487ae1d20c8ea,,0,4.54
20260927T200509Z-0e3b,ba99c9c3a4c23240,410614,dial,cpu,resident,s2,63,2,0,0,1,warm,24,1,0,94.612418,0,1.158627,0,93.453614,0,0,,395,0,0,0,0,1047382,7864320,0,33339b273dd054e0,,0,4.54
20260927T200509Z-0e3b,ba99c9c3a4c23240,405553,dial,cpu,resident,s2,64,2,0,0,1,warm,24,1,0,94.572089,0,1.116974,0,93.454764,0,0,,374,0,0,0,0,1047382,7864320,0,d4252920120688c8,,0,4.54
20260927T200509Z-0e3b,ba99c9c3a4c23240,985326,dial,cpu,resident,s2,65,2,0,0,1,warm,24,1,0,95.019452,0,1.147497,0,93.871736,0,0,,393,0,0,0,0,1047382,7864320,0,8e89834923c4f91c,,0,4.54
20260927T200509Z-0e3b,ba99c9c3a4c23240,668876,dial,cpu,resident,s2,66,2,0,0,1,warm,24,1,0,94.990483,0,1.163244,0,93.826807,0,0,,388,0,0,0,0,1047382,7864320,0,ff78503eb529ff7a,,0,4.54
20260927T200509Z-0e3b,ba99c9c3a4c23240,965128,dial,cpu,resident,s2,67,2,0,0,1,warm,24,1,0,94.90828,0,1.142831,0,93.765199,0,0,,385,0,0,0,0,1047382,7864320,0,26b3d1ada6a27fb3,,0,4.54
20260927T200509Z-0e3b,ba99c9c3a4c23240,593734,dial,cpu,resident,s2,68,2,0,0,1,warm,24,1,0,94.760314,0,1.164908,0,93.59488,0,0,,393,0,0,0,0,1047382,7864320,0,109812663c9c2735,,0,4.54
20260927T200509Z-0e3b,ba99c9c3a4c23240,273974,dial,cpu,resident,s2,69,2,0,0,1,warm,24,1,0,94.356059,0,1.167849,0,93.187977,0,0,,380,0,0,0,0,1047382,7864320,0,8af4d6c71cef4e55,,0,4.54
20260927T200509Z-0e3b,ba99c9c3a4c23240,892034,dial,cpu,resident,s2,70,2,0,0,1,warm,24,1,0,94.425172,0,1.125668,0,93.299055,0,0,,397,0,0,0,0,1047382,7864320,0,0651623fb2ac92ef,,0,4.54
20260927T200509Z-0e3b,ba99c9c3a4c23240,878403,dial,cpu,resident,s2,71,2,0,0,1,warm,24,1,0,95.197224,0,1.162845,0,94.03404,0,0,,390,0,0,0,0,1047382,7864320,0,e4166a43abfdb242,,0,4.54
20260927T200509Z-0e3b,ba99c9c3a4c23240,439352,dial,cpu,resident,s2,72,2,0,0,1,warm,24,1,0,96.831574,0,1.2015,0,95.629793,0,0,,397,0,0,0,0,1047382,7864320,0,c576654430d354fd,,0,4.54
20260927T200509Z-0e3b,ba99c9c3a4c23240,180097,dial,cpu,resident,s2,73,2,0,0,1,warm,24,1,0,95.049546,0,1.127649,0,93.921524,0,0,,391,0,0,0,0,1047382,7864320,0,464df24ab6a417ec,,0,4.25
20260927T200509Z-0e3b,ba99c9c3a4c23240,923893,dial,cpu,resident,s2,74,2,0,0,1,warm,24,1,0,95.076288,0,1.125752,0,93.950091,0,0,,392,0,0,0,0,1047382,7864320,0,8dd1e4b1179a37fc,,0,4.25
20260927T200509Z-0e3b,ba99c9c3a4c23240,178879,dial,cpu,resident,s2,75,2,0,0,1,warm,24,1,0,94.998851,0,1.139317,0,93.859186,0,0,,391,0,0,0,0,1047382,7864320,0,a5bb5388b29bd046,,0,4.25
20260927T200509Z-0e3b,ba99c9c3a4c23240,148736,dial,cpu,resident,s2,76,2,0,0,1,warm,24,1,0,95.288129,0,1.104217,0,94.183495,0,0,,395,0,0,0,0,1047382,7864320,0,2dcfc858873260f8,,0,4.25
20260927T200509Z-0e3b,ba99c9c3a4c23240,950182,dial,cpu,resident,s2,77,2,0,0,1,warm,24,1,0,94.726607,0,1.150491,0,93.575877,0,0,,376,0,0,0,0,1047382,7864320,0,ee0ee56c280a7cc2,,0,4.25
20260927T200509Z-0e3b,ba99c9c3a4c23240,667619,dial,cpu,resident,s2,78,2,0,0,1,warm,24,1,0,94.93003,0,1.164365,0,93.7654,0,0,,382,0,0,0,0,1047382,7864320,0,3c09b420faa8bd34,,0,4.25
20260927T200509Z-0e3b,ba99c9c3a4c23240,53666,dial,cpu,resident,s2,79,2,0,0,1,warm,24,1,0,94.920859,0,1.175843,0,93.744714,0,0,,388,0,0,0,0,1047382,7864320,0,feab0b66e2021a0d,,0,4.25
20260927T200509Z-0e3b,ba99c9c3a4c23240,149239,dial,cpu,resident,s2,80,2,0,0,1,warm,24,1,0,94.667849,0,1.14794,0,93.519669,0,0,,394,0,0,0,0,1047382,7864320,0,213803e440feadc1,,0,4.25
20260927T200509Z-0e3b,ba99c9c3a4c23240,565157,dial,cpu,resident,s2,81,2,0,0,1,warm,24,1,0,95.015178,0,1.159997,0,93.854857,0,0,,383,0,0,0,0,1047382,7864320,0,c3e7c2a46358c6bf,,0,4.25
20260927T200509Z-0e3b,ba99c9c3a4c23240,803347,dial,cpu,resident,s2,82,2,0,0,1,warm,24,1,0,98.158727,0,1.19267,0,96.965762,0,0,,386,0,0,0,0,1047382,7864320,0,61e45299bd3f9b95,,0,4.25
20260927T200509Z-0e3b,ba99c9c3a4c23240,224649,dial,cpu,resident,s2,83,2,0,0,1,warm,24,1,0,97.128236,0,1.154443,0,95.973221,0,0,,380,0,0,0,0,1047382,7864320,0,4727f75658ae7f55,,0,4.25
20260927T200509Z-0e3b,ba99c9c3a4c23240,146198,dial,cpu,resident,s2,84,2,0,0,1,warm,24,1,0,85.677474,0,1.181362,0,84.495782,0,0,,382,0,0,0,0,1047382,7864320,0,4a46b0a373169142,,0,4.25
20260927T200509Z-0e3b,ba99c9c3a4c23240,557345,dial,cpu,resident,s2,85,2,0,0,1,warm,24,1,0,85.895026,0,1.190481,0,84.704286,0,0,,393,0,0,0,0,1047382,7864320,0,d0d44292b5894af7,,0,4.25
20260927T200509Z-0e3b,ba99c9c3a4c23240,301998,dial,cpu,resident,s2,86,2,0,0,1,warm,24,1,0,85.427576,0,1.218363,0,84.209054,0,0,,388,0,0,0,0,1047382,7864320,0,f0c0c55daa7e12a1,,0,4.25
20260927T200509Z-0e3b,ba99c9c3a4c23240,461546,dial,cpu,resident,s2,87,2,0,0,1,warm,24,1,0,86.374492,0,1.202441,0,85.171886,0,0,,390,0,0,0,0,1047382,7864320,0,6c69951426c756e4,,0,4.25
20260927T200509Z-0e3b,ba99c9c3a4c23240,891232,dial,cpu,resident,s2,88,2,0,0,1,warm,24,1,0,85.221899,0,1.181281,0,84.040406,0,0,,388,0,0,0,0,1047382,7864320,0,cb5568ed8a609070,,0,4.25
20260927T200509Z-0e3b,ba99c9c3a4c23240,648094,dial,cpu,resident,s2,89,2,0,0,1,warm,24,1,0,85.484665,0,1.209063,0,84.27534,0,0,,398,0,0,0,0,1047382,7864320,0,6c7cf26ec6ec2f2c,,0,4.25
20260927T200509Z-0e3b,ba99c9c3a4c23240,791162,dial,cpu,resident,s2,90,2,0,0,1,warm,24,1,0,95.089178,0,1.182439,0,93.906556,0,0,,400,0,0,0,0,1047382,7864320,0,14e5484e50e5d369,,0,4.25
20260927T200509Z-0e3b,ba99c9c3a4c23240,897431,dial,cpu,resident,s2,91,2,0,0,1,warm,24,1,0,94.809719,0,1.174496,0,93.634946,0,0,,380,0,0,0,0,1047382,7864320,0,46ffb0299779ce28,,0,4.25
20260927T200509Z-0e3b,ba99c9c3a4c23240,922237,dial,cpu,resident,s2,92,2,0,0,1,warm,24,1,0,94.97613,0,1.162645,0,93.813272,0,0,,380,0,0,0,0,1047382,7864320,0,a33f81d4d938e7c2,,0,4.25
20260927T200509Z-0e3b,ba99c9c3a4c23240,323467,dial,cpu,resident,s2,93,2,0,0,1,warm,24,1,0,95.398571,0,1.220334,0,94.17792,0,0,,396,0,0,0,0,1047382,7864320,0,ac1779f60b920e21,,0,4.25
20260927T200509Z-0e3b,ba99c9c3a4c23240,234796,dial,cpu,resident,s2,94,2,0,0,1,warm,24,1,0,96.423095,0,1.135594,0,95.287272,0,0,,387,0,0,0,0,1047382,7864320,0,7d74bc02948a9636,,0,4.25
20260927T200509Z-0e3b,ba99c9c3a4c23240,853304,dial,cpu,resident,s2,95,2,0,0,1,warm,24,1,0,95.334959,0,1.143618,0,94.191188,0,0,,393,0,0,0,0,1047382,7864320,0,09372604fa945e90,,0,4.25
20260927T200509Z-0e3b,ba99c9c3a4c23240,450173,dial,cpu,resident,s2,96,2,0,0,1,warm,24,1,0,95.073309,0,1.122359,0,93.950738,0,0,,384,0,0,0,0,1047382,7864320,0,5e71f6cd5808d723,,0,4.25
20260927T200509Z-0e3b,ba99c9c3a4c23240,402126,dial,cpu,resident,s2,97,2,0,0,1,warm,24,1,0,94.731445,0,1.138679,0,93.592613,0,0,,399,0,0,0,0,1047382,7864320,0,f42f63df994942c2,,0,4.25
20260927T200509Z-0e3b,ba99c9c3a4c23240,525289,dial,cpu,resident,s2,98,2,0,0,1,warm,24,1,0,95.243668,0,1.118234,0,94.125187,0,0,,389,0,0,0,0,1047382,7864320,0,4552620cf7334db8,,0,4.25
20260927T200509Z-0e3b,ba99c9c3a4c23240,442490,dial,cpu,resident,s2,99,2,0,0,1,warm,24,1,0,94.572313,0,1.13589,0,93.436201,0,0,,368,0,0,0,0,1047382,7864320,0,bc7da764c475ef0e,,0,4.25
20260927T200509Z-0e3b,ba99c9c3a4c23240,997733,dial,cpu,resident,s2,100,2,0,0,1,warm,24,1,0,94.882483,0,1.141266,0,93.741032,0,0,,380,0,0,0,0,1047382,7864320,0,e43bf8f7de07c1d1,,0,4.25
20260927T200509Z-0e3b,ba99c9c3a4c23240,217852,dial,cpu,resident,s2,101,2,0,0,1,warm,24,1,0,94.736256,0,1.164098,0,93.571776,0,0,,401,0,0,0,0,1047382,7864320,0,2b6aad2a15eeffbc,,0,4.25
20260927T200509Z-0e3b,ba99c9c3a4c23240,695169,dial,cpu,resident,s2,102,2,0,0,1,warm,24,1,0,94.612475,0,1.140921,0,93.471256,0,0,,380,0,0,0,0,1047382,7864320,0,bf69aa1b4acb1e99,,0,4.25
20260927T200509Z-0e3b,ba99c9c3a4c23240,36788,dial,cpu,resident,s2,103,2,0,0,1,warm,24,1,0,96.808561,0,1.137391,0,95.670743,0,0,,388,0,0,0,0,1047382,7864320,0,440b72a38ee53e70,,0,4.25
20260927T200509Z-0e3b,ba99c9c3a4c23240,702130,dial,cpu,resident,s2,104,2,0,0,1,warm,24,1,0,97.459311,0,1.259436,0,96.199346,0,0,,396,0,0,0,0,1047382,7864320,0,6a85681c5072f86d,,0,4.25
20260927T200509Z-0e3b,ba99c9c3a4c23240,109705,dial,cpu,resident,s2,105,2,0,0,1,warm,24,1,0,94.580483,0,1.137909,0,93.442143,0,0,,379,0,0,0,0,1047382,7864320,0,122a6de40c98dd91,,0,4.25
20260927T200509Z-0e3b,ba99c9c3a4c23240,60708,dial,cpu,resident,s2,106,2,0,0,1,warm,24,1,0,96.593217,0,1.122811,0,95.470075,0,0,,393,0,0,0,0,1047382,7864320,0,ff267373444e3979,,0,4.25
20260927T200509Z-0e3b,ba99c9c3a4c23240,657965,dial,cpu,resident,s2,107,2,0,0,1,warm,24,1,0,97.747073,0,1.121982,0,96.624668,0,0,,393,0,0,0,0,1047382,7864320,0,7fc803176a503fcb,,0,4.25
20260927T200509Z-0e3b,ba99c9c3a4c23240,248642,dial,cpu,resident,s2,108,2,0,0,1,warm,24,1,0,95.008485,0,1.138649,0,93.869549,0,0,,389,0,0,0,0,1047382,7864320,0,eb8a2f1c801ff9f5,,0,4.25
20260927T200509Z-0e3b,ba99c9c3a4c23240,447024,dial,cpu,resident,s2,109,2,0,0,1,warm,24,1,0,94.50759,0,1.122501,0,93.384604,0,0,,389,0,0,0,0,1047382,7864320,0,294e71988b335ac8,,0,4.25
20260927T200509Z-0e3b,ba99c9c3a4c23240,586669,dial,cpu,resident,s2,110,2,0,0,1,warm,24,1,0,95.004331,0,1.138011,0,93.865862,0,0,,379,0,0,0,0,1047382,7864320,0,7f06b0a07ce62fbd,,0,4.25
20260927T200509Z-0e3b,ba99c9c3a4c23240,898528,dial,cpu,resident,s2,111,2,0,0,1,warm,24,1,0,95.025164,0,1.129756,0,93.894939,0,0,,388,0,0,0,0,1047382,7864320,0,ed0c4310232a6cfa,,0,4.25
20260927T200509Z-0e3b,ba99c9c3a4c23240,410615,dial,cpu,resident,s2,112,2,0,0,1,warm,24,1,0,94.92979,0,1.138771,0,93.790693,0,0,,397,0,0,0,0,1047382,7864320,0,d6e3cae0016ae636,,0,4.25
20260927T200509Z-0e3b,ba99c9c3a4c23240,233899,dial,cpu,resident,s2,113,2,0,0,1,warm,24,1,0,94.708801,0,1.140844,0,93.567557,0,0,,379,0,0,0,0,1047382,7864320,0,fb90ec5a321a1b11,,0,4.25
20260927T200509Z-0e3b,ba99c9c3a4c23240,321855,dial,cpu,resident,s2,114,2,0,0,1,warm,24,1,0,94.812313,0,1.119067,0,93.69301,0,0,,376,0,0,0,0,1047382,7864320,0,184c285a03ae5048,,0,4.25
20260927T200509Z-0e3b,ba99c9c3a4c23240,327721,dial,cpu,resident,s2,115,2,0,0,1,warm,24,1,0,94.400282,0,1.178021,0,93.221806,0,0,,389,0,0,0,0,1047382,7864320,0,0502c004ff0e13ac,,0,4.25
20260927T200509Z-0e3b,ba99c9c3a4c23240,791859,dial,cpu,resident,s2,116,2,0,0,1,warm,24,1,0,95.078861,0,1.119574,0,93.958967,0,0,,399,0,0,0,0,1047382,7864320,0,77de2f97c13e9690,,0,4.25
20260927T200509Z-0e3b,ba99c9c3a4c23240,830337,dial,cpu,resident,s2,117,2,0,0,1,warm,24,1,0,96.386702,0,1.11851,0,95.267839,0,0,,392,0,0,0,0,1047382,7864320,0,8a1f0ac79dfe7a21,,0,4.25
20260927T200509Z-0e3b,ba99c9c3a4c23240,255281,dial,cpu,resident,s2,118,2,0,0,1,warm,24,1,0,94.862029,0,1.151094,0,93.710588,0,0,,400,0,0,0,0,1047382,7864320,0,9127d34afa79f86f,,0,4.25
20260927T200509Z-0e3b,ba99c9c3a4c23240,396042,dial,cpu,resident,s2,119,2,0,0,1,warm,24,1,0,94.275104,0,1.115775,0,93.159085,0,0,,367,0,0,0,0,1047382,7864320,0,112d40140b009d4a,,0,4.25
20260927T200509Z-0e3b,ba99c9c3a4c23240,617545,dial,cpu,resident,s2,120,2,0,0,1,warm,24,1,0,95.264342,0,1.125486,0,94.138489,0,0,,395,0,0,0,0,1047382,7864320,0,675e0bc84d0c5ef8,,0,4.25
20260927T200509Z-0e3b,ba99c9c3a4c23240,469422,dial,cpu,resident,s2,121,2,0,0,1,warm,24,1,0,94.554656,0,1.140321,0,93.413969,0,0,,374,0,0,0,0,1047382,7864320,0,75c0ccd538f9c0f7,,0,4.25
20260927T200509Z-0e3b,ba99c9c3a4c23240,187428,dial,cpu,resident,s2,122,2,0,0,1,warm,24,1,0,95.39637,0,1.118725,0,94.277229,0,0,,391,0,0,0,0,1047382,7864320,0,bd28bacb43728c1c,,0,4.25
20260927T200509Z-0e3b,ba99c9c3a4c23240,59507,dial,cpu,resident,s2,123,2,0,0,1,warm,24,1,0,94.905421,0,1.166565,0,93.738546,0,0,,404,0,0,0,0,1047382,7864320,0,9bf525a021591b0c,,0,4.25
20260927T200509Z-0e3b,ba99c9c3a4c23240,205738,dial,cpu,resident,s2,124,2,0,0,1,warm,24,1,0,95.571454,0,1.164768,0,94.406281,0,0,,402,0,0,0,0,1047382,7864320,0,0ba3453c1e73022f,,0,4.25
20260927T200509Z-0e3b,ba99c9c3a4c23240,867055,dial,cpu,resident,s2,125,2,0,0,1,warm,24,1,0,98.645561,0,1.144438,0,97.500793,0,0,,393,0,0,0,0,1047382,7864320,0,006b20bd4f12f3ab,,0,3.99
20260927T200509Z-0e3b,ba99c9c3a4c23240,196131,dial,cpu,resident,s2,126,2,0,0,1,warm,24,1,0,95.127575,0,1.160746,0,93.96636,0,0,,383,0,0,0,0,1047382,7864320,0,898234ed8dcb8680,,0,3.99
20260927T200509Z-0e3b,ba99c9c3a4c23240,151969,dial,cpu,resident,s2,127,2,0,0,1,warm,24,1,0,94.797503,0,1.134336,0,93.662673,0,0.000164,,386,0,0,0,0,1047382,7864320,0,0546343fa65d7f21,,0,3.99
20260927T200509Z-0e3b,ba99c9c3a4c23240,715399,gpu-nearfar,gpu,resident,s2,0,2,0,0,2,warm,0,1,13,9.854979,0,0.349624,4.00022411,3.84057593,0.484626,0,,159,159,452,0,0,1090802,8217844,0,ecdcbb820737fc0e,2496.4338,0,3.99
20260927T200509Z-0e3b,ba99c9c3a4c23240,187452,gpu-nearfar,gpu,resident,s2,1,2,0,0,2,warm,0,1,13,5.507797,0,0,0,3.92787194,0.511741,0,,166,166,466,0,0,1091052,8220392,0,96f02017575011de,2495.40532,0,3.99
20260927T200509Z-0e3b,ba99c9c3a4c23240,654701,gpu-nearfar,gpu,resident,s2,2,2,0,0,2,warm,0,1,13,5.735811,0,0,0,4.06694412,0.496689,0,,166,166,474,0,0,1091551,8223959,0,4f9f9b29bfae372e,2493.82476,0,3.99
20260927T200509Z-0e3b,ba99c9c3a4c23240,204001,gpu-nearfar,gpu,resident,s2,3,2,0,0,2,warm,0,1,13,5.550828,0,0,0,3.93139195,0.485807,0,,161,161,460,0,0,1091420,8222574,0,13e234bc2b51e68e,2493.35119,0,3.99
20260927T200509Z-0e3b,ba99c9c3a4c23240,463449,gpu-nearfar,gpu,resident,s2,4,2,0,0,2,warm,0,1,13,5.370139,0,0,0,3.75049591,0.495122,0,,156,156,442,0,0,1091526,8224052,0,153de2728e824e53,2495.8007,0,3.99
20260927T200509Z-0e3b,ba99c9c3a4c23240,253613,gpu-nearfar,gpu,resident,s2,5,2,0,0,2,warm,0,1,13,5.396084,0,0,0,3.86022401,0.490836,0,,160,160,458,0,0,1091796,8225629,0,3247d70ca7f66ed4,2496.1962,0,3.99
20260927T200509Z-0e3b,ba99c9c3a4c23240,239468,gpu-nearfar,gpu,resident,s2,6,2,0,0,2,warm,0,1,13,5.476566,0,0,0,3.92566395,0.492893,0,,162,162,462,0,0,1091377,8221882,0,a6b6de89d97c7910,2495.95894,0,3.99
20260927T200509Z-0e3b,ba99c9c3a4c23240,369505,gpu-nearfar,gpu,resident,s2,7,2,0,0,2,warm,0,1,13,5.345349,0,0,0,3.79484797,0.490414,0,,156,156,450,0,0,1091169,8220148,0,109b4acc8f4ac33a,2495.40532,0,3.99
20260927T200509Z-0e3b,ba99c9c3a4c23240,790454,gpu-nearfar,gpu,resident,s2,8,2,0,0,2,warm,0,1,13,5.503558,0,0,0,3.93183994,0.489636,0,,163,163,464,0,0,1091826,8225256,0,26e48121c6aa4159,2495.87967,0,3.99
20260927T200509Z-0e3b,ba99c9c3a4c23240,397801,gpu-nearfar,gpu,resident,s2,9,2,0,0,2,warm,0,1,13,5.406465,0,0,0,3.83350396,0.50984,0,,157,157,452,0,0,1090803,8217569,0,5a7753eccbbbecc3,2495.32608,0,3.99
20260927T200509Z-0e3b,ba99c9c3a4c23240,737225,gpu-nearfar,gpu,resident,s2,10,2,0,0,2,warm,0,1,13,5.194615,0,0,0,3.68384004,0.473334,0,,147,147,420,0,0,1091133,8219547,0,f8923c22e103e6ad,2498.33445,0,3.99
20260927T200509Z-0e3b,ba99c9c3a4c23240,155144,gpu-nearfar,gpu,resident,s2,11,2,0,0,2,warm,0,1,13,5.404105,0,0,0,3.86707211,0.486864,0,,162,162,458,0,0,1091211,8220791,0,96cd5ce2c0bed8d9,2495.87967,0,3.99
20260927T200509Z-0e3b,ba99c9c3a4c23240,763420,gpu-nearfar,gpu,resident,s2,12,2,0,0,2,warm,0,1,13,5.563985,0,0,0,3.92345595,0.498613,0,,164,164,466,0,0,1091515,8223998,0,6afec27f81fe3362,2495.72173,0,3.99
20260927T200509Z-0e3b,ba99c9c3a4c23240,558559,gpu-nearfar,gpu,resident,s2,13,2,0,0,2,warm,0,1,13,5.647656,0,0,0,3.9357121,0.488316,0,,163,163,468,0,0,1090940,8218550,0,9ae2735bc57c118b,2496.11721,0,3.99
20260927T200509Z-0e3b,ba99c9c3a4c23240,689533,gpu-nearfar,gpu,resident,s2,14,2,0,0,2,warm,0,1,13,5.432208,0,0,0,3.87344003,0.475693,0,,163,163,460,0,0,1090904,8217838,0,6dd76205e9a709b1,2495.32608,0,3.99
20260927T200509Z-0e3b,ba99c9c3a4c23240,85750,gpu-nearfar,gpu,resident,s2,15,2,0,0,2,warm,0,1,13,5.383402,0,0,0,3.83004808,0.48661,0,,159,159,456,0,0,1090992,8219620,0,93d0652be5380e25,2496.03793,0,3.99
20260927T200509Z-0e3b,ba99c9c3a4c23240,24166,gpu-nearfar,gpu,resident,s2,16,2,0,0,2,warm,0,1,13,5.603016,0,0,0,4.06582403,0.486688,0,,172,172,490,0,0,1092501,8231503,0,4c9f86b8a429a6a1,2495.87967,0,3.99
20260927T200509Z-0e3b,ba99c9c3a4c23240,181793,gpu-nearfar,gpu,resident,s2,17,2,0,0,2,warm,0,1,13,5.466514,0,0,0,3.9267199,0.483876,0,,166,166,470,0,0,1091288,8222115,0,06c27d4ed33dc4c0,2496.3545,0,3.99
20260927T200509Z-0e3b,ba99c9c3a4c23240,435643,gpu-nearfar,gpu,resident,s2,18,2,0,0,2,warm,0,1,13,5.301983,0,0,0,3.76515198,0.488321,0,,155,155,444,0,0,1091719,8225340,0,9e5667ef0aef187c,2495.87967,0,3.99
20260927T200509Z-0e3b,ba99c9c3a4c23240,412744,gpu-nearfar,gpu,resident,s2,19,2,0,0,2,warm,0,1,13,5.388697,0,0,0,3.86515188,0.484598,0,,160,160,458,0,0,1091249,8221118,0,0a4ff2a55423b6fa,2495.87967,0,3.99
20260927T200509Z-0e3b,ba99c9c3a4c23240,601557,gpu-nearfar,gpu,resident,s2,20,2,0,0,2,warm,0,1,13,5.385416,0,0,0,3.8559041,0.482395,0,,161,161,460,0,0,1091103,8219576,0,c59071f58c6927a5,2493.98276,0,3.99
20260927T200509Z-0e3b,ba99c9c3a4c23240,582010,gpu-nearfar,gpu,resident,s2,21,2,0,0,2,warm,0,1,13,5.416571,0,0,0,3.88115191,0.487233,0,,161,161,460,0,0,1091967,8226616,0,abb1d0fe49a68439,2495.87967,0,3.99
20260927T200509Z-0e3b,ba99c9c3a4c23240,369562,gpu-nearfar,gpu,resident,s2,22,2,0,0,2,warm,0,1,13,5.458362,0,0,0,3.9411521,0.482834,0,,164,164,470,0,0,1091161,8220930,0,e8960d119b031443,2495.87967,0,3.99
20260927T200509Z-0e3b,ba99c9c3a4c23240,1020126,gpu-nearfar,gpu,resident,s2,23,2,0,0,2,warm,0,1,13,5.449935,0,0,0,3.905056,0.505936,0,,162,162,466,0,0,1091114,8219629,0,9a263533db615402,2495.87967,0,3.99
20260927T200509Z-0e3b,ba99c9c3a4c23240,79356,gpu-nearfar,gpu,resident,s2,24,2,0,0,2,warm,0,1,13,5.44164,0,0,0,3.88416004,0.511723,0,,160,160,458,0,0,1091346,8221575,0,44e74e2f955df7c3,2495.87967,0,3.99
20260927T200509Z-0e3b,ba99c9c3a4c23240,379637,gpu-nearfar,gpu,resident,s2,25,2,0,0,2,warm,0,1,13,5.470206,0,0,0,3.90195203,0.491324,0,,162,162,462,0,0,1090944,8217877,0,d1a2e1c3ccbc3f21,2495.87967,0,3.99
20260927T200509Z-0e3b,ba99c9c3a4c23240,863118,gpu-nearfar,gpu,resident,s2,26,2,0,0,2,warm,0,1,13,5.433274,0,0,0,3.9061439,0.485156,0,,164,164,470,0,0,1090903,8218763,0,d5dba0885c35a5f9,2496.67115,0,3.99
20260927T200509Z-0e3b,ba99c9c3a4c23240,997539,gpu-nearfar,gpu,resident,s2,27,2,0,0,2,warm,0,1,13,5.274338,0,0,0,3.71244788,0.485311,0,,154,154,434,0,0,1090823,8218143,0,6eef670e6e3e1100,2495.87967,0,3.99
20260927T200509Z-0e3b,ba99c9c3a4c23240,192191,gpu-nearfar,gpu,resident,s2,28,2,0,0,2,warm,0,1,13,5.383268,0,0,0,3.80700803,0.480303,0,,155,155,448,0,0,1090594,8216246,0,662baab9bef29a06,2495.87967,0,3.99
20260927T200509Z-0e3b,ba99c9c3a4c23240,67157,gpu-nearfar,gpu,resident,s2,29,2,0,0,2,warm,0,1,13,5.463876,0,0,0,3.92985606,0.486777,0,,164,164,466,0,0,1091333,8222411,0,31aaa449503ab45c,2495.87967,0,3.99
20260927T200509Z-0e3b,ba99c9c3a4c23240,65383,gpu-nearfar,gpu,resident,s2,30,2,0,0,2,warm,0,1,13,5.258823,0,0,0,3.73020792,0.484195,0,,151,151,440,0,0,1091570,8223052,0,7204d50f6114d912,2495.72173,0,3.99
20260927T200509Z-0e3b,ba99c9c3a4c23240,249726,gpu-nearfar,gpu,resident,s2,31,2,0,0,2,warm,0,1,13,5.464718,0,0,0,3.95526409,0.481026,0,,168,168,474,0,0,1091632,8224659,0,29e88ade804cdeca,2495.87967,0,3.99
20260927T200509Z-0e3b,ba99c9c3a4c23240,159695,gpu-nearfar,gpu,resident,s2,32,2,0,0,2,warm,0,1,13,5.404275,0,0,0,3.84579206,0.480964,0,,157,157,448,0,0,1090870,8217956,0,7119e6e28c081569,2495.95894,0,3.99
20260927T200509Z-0e3b,ba99c9c3a4c23240,127101,gpu-nearfar,gpu,resident,s2,33,2,0,0,2,warm,0,1,13,5.568557,0,0,0,4.04137611,0.486558,0,,172,172,486,0,0,1091937,8226839,0,846d8477ad8013e1,2498.41358,0,3.99
20260927T200509Z-0e3b,ba99c9c3a4c23240,296023,gpu-nearfar,gpu,resident,s2,34,2,0,0,2,warm,0,1,13,5.484713,0,0,0,3.93264008,0.490052,0,,164,164,458,0,0,1091592,8224849,0,605cc580b3de4615,2495.87967,0,3.99
20260927T200509Z-0e3b,ba99c9c3a4c23240,982751,gpu-nearfar,gpu,resident,s2,35,2,0,0,2,warm,0,1,13,5.462028,0,0,0,3.92623997,0.483728,0,,165,165,468,0,0,1091158,8220447,0,0d4096cd5bc69572,2495.87967,0,3.99
20260927T200509Z-0e3b,ba99c9c3a4c23240,966093,gpu-nearfar,gpu,resident,s2,36,2,0,0,2,warm,0,1,13,5.465371,0,0,0,3.94809604,0.478158,0,,165,165,476,0,0,1091445,8222502,0,7d06fdf48f6e8286,2495.87967,0,3.99
20260927T200509Z-0e3b,ba99c9c3a4c23240,731425,gpu-nearfar,gpu,resident,s2,37,2,0,0,2,warm,0,1,13,5.444343,0,0,0,3.91737604,0.487634,0,,164,164,462,0,0,1091726,8225698,0,466affb9293ca47e,2495.72173,0,3.99
20260927T200509Z-0e3b,ba99c9c3a4c23240,421395,gpu-nearfar,gpu,resident,s2,38,2,0,0,2,warm,0,1,13,5.404086,0,0,0,3.85807991,0.482929,0,,161,161,456,0,0,1091771,8224892,0,eae68b7499feb2b6,2498.41358,0,3.99
20260927T200509Z-0e3b,ba99c9c3a4c23240,734856,gpu-nearfar,gpu,resident,s2,39,2,0,0,2,warm,0,1,13,5.603861,0,0,0,4.06489611,0.487097,0,,173,173,488,0,0,1090871,8218014,0,4f0d08e3cb27ad6a,2493.35119,0,3.99
20260927T200509Z-0e3b,ba99c9c3a4c23240,413157,gpu-nearfar,gpu,resident,s2,40,2,0,0,2,warm,0,1,13,5.36454,0,0,0,3.83561611,0.481197,0,,159,159,456,0,0,1091085,8220058,0,3a6c4deb6663fbb5,2495.72173,0,3.99
20260927T200509Z-0e3b,ba99c9c3a4c23240,460916,gpu-nearfar,gpu,resident,s2,41,2,0,0,2,warm,0,1,13,5.363013,0,0,0,3.82924795,0.487804,0,,160,160,454,0,0,1091801,8225813,0,a6f1b94b86d02118,2495.95894,0,3.99
20260927T200509Z-0e3b,ba99c9c3a4c23240,769784,gpu-nearfar,gpu,resident,s2,42,2,0,0,2,warm,0,1,13,5.358524,0,0,0,3.83145595,0.486471,0,,159,159,456,0,0,1091890,8226995,0,318d7c8bfa3d3ba0,2495.95894,0,3.99
20260927T200509Z-0e3b,ba99c9c3a4c23240,974706,gpu-nearfar,gpu,resident,s2,43,2,0,0,2,warm,0,1,13,5.344165,0,0,0,3.79980803,0.490359,0,,156,156,446,0,0,1090796,8216706,0,583c656b06b7d79c,2498.41358,0,3.99
20260927T200509Z-0e3b,ba99c9c3a4c23240,58826,gpu-nearfar,gpu,resident,s2,44,2,0,0,2,warm,0,1,13,5.394369,0,0,0,3.8649919,0.488287,0,,160,160,454,0,0,1090850,8217596,0,82cfa3ade61fd805,2495.64247,0,3.99
20260927T200509Z-0e3b,ba99c9c3a4c23240,466714,gpu-nearfar,gpu,resident,s2,45,2,0,0,2,warm,0,1,13,5.487611,0,0,0,3.92345595,0.500078,0,,165,165,468,0,0,1091492,8223051,0,ac36503bdc2a7b3e,2495.87967,0,3.99
20260927T200509Z-0e3b,ba99c9c3a4c23240,597702,gpu-nearfar,gpu,resident,s2,46,2,0,0,2,warm,0,1,13,5.611088,0,0,0,4.05939198,0.484646,0,,169,169,480,0,0,1091735,8225795,0,14363d3d7d4164a5,2494.93086,0,3.99
20260927T200509Z-0e3b,ba99c9c3a4c23240,64665,gpu-nearfar,gpu,resident,s2,47,2,0,0,2,warm,0,1,13,5.456225,0,0,0,3.93120003,0.478092,0,,164,164,466,0,0,1091673,8225194,0,8f0864e0fa5ef390,2495.87967,0,3.99
20260927T200509Z-0e3b,ba99c9c3a4c23240,855449,gpu-nearfar,gpu,resident,s2,48,2,0,0,2,warm,0,1,13,5.289645,0,0,0,3.75174403,0.481069,0,,156,156,446,0,0,1091185,8220947,0,eaf42e238a9ddc48,2495.87967,0,3.99
20260927T200509Z-0e3b,ba99c9c3a4c23240,519923,gpu-nearfar,gpu,resident,s2,49,2,0,0,2,warm,0,1,13,5.401106,0,0,0,3.86505604,0.487819,0,,162,162,462,0,0,1091192,8220563,0,a96200c3afe17ff5,2495.87967,0,3.99
20260927T200509Z-0e3b,ba99c9c3a4c23240,474057,gpu-nearfar,gpu,resident,s2,50,2,0,0,2,warm,0,1,13,5.474085,0,0,0,3.92566395,0.490751,0,,163,163,468,0,0,1091534,8223228,0,2ab389d83e24de4a,2497.70067,0,3.99
20260927T200509Z-0e3b,ba99c9c3a4c23240,949772,gpu-nearfar,gpu,resident,s2,51,2,0,0,2,warm,0,1,13,5.425078,0,0,0,3.89375997,0.482929,0,,162,162,462,0,0,1090568,8215768,0,f7ce1bc1539a870f,2495.87967,0,3.99
20260927T200509Z-0e3b,ba99c9c3a4c23240,894887,gpu-nearfar,gpu,resident,s2,52,2,0,0,2,warm,0,1,13,5.529721,0,0,0,3.98496008,0.484373,0,,167,167,476,0,0,1091800,8225862,0,e83804eab75047de,2496.3545,0,3.99
20260927T200509Z-0e3b,ba99c9c3a4c23240,141783,gpu-nearfar,gpu,resident,s2,53,2,0,0,2,warm,0,1,13,5.425188,0,0,0,3.87548804,0.477168,0,,163,163,456,0,0,1091557,8224216,0,93d9cbd5c1468553,2495.87967,0,3.99
20260927T200509Z-0e3b,ba99c9c3a4c23240,917286,gpu-nearfar,gpu,resident,s2,54,2,0,0,2,warm,0,1,13,5.488943,0,0,0,3.95667195,0.482833,0,,167,167,472,0,0,1091905,8226744,0,2dfe42ff94f73f3f,2496.03793,0,3.99
20260927T200509Z-0e3b,ba99c9c3a4c23240,39176,gpu-nearfar,gpu,resident,s2,55,2,0,0,2,warm,0,1,13,5.454329,0,0,0,3.85660791,0.491945,0,,163,163,460,0,0,1090772,8216511,0,fcd5001a78d68a13,2495.87967,0,3.99
20260927T200509Z-0e3b,ba99c9c3a4c23240,345611,gpu-nearfar,gpu,resident,s2,56,2,0,0,2,warm,0,1,13,5.520152,0,0,0,3.93484807,0.490784,0,,164,164,462,0,0,1091292,8221915,0,16413610483b2219,2495.56352,0,3.99
20260927T200509Z-0e3b,ba99c9c3a4c23240,968513,gpu-nearfar,gpu,resident,s2,57,2,0,0,2,warm,0,1,13,5.544183,0,0,0,3.97056007,0.487313,0,,168,168,470,0,0,1090994,8218605,0,05566abd08729f29,2495.87967,0,3.99
20260927T200509Z-0e3b,ba99c9c3a4c23240,483034,gpu-nearfar,gpu,resident,s2,58,2,0,0,2,warm,0,1,13,5.545733,0,0,0,4.00224018,0.484157,0,,171,171,480,0,0,1091394,8222552,0,d086ea4ae6327b65,2496.4338,0,3.99
20260927T200509Z-0e3b,ba99c9c3a4c23240,553088,gpu-nearfar,gpu,resident,s2,59,2,0,0,2,warm,0,1,13,5.614722,0,0,0,4.07203197,0.484656,0,,174,174,490,0,0,1091939,8227539,0,02539fcfa0feba49,2496.4338,0,3.99
20260927T200509Z-0e3b,ba99c9c3a4c23240,868304,gpu-nearfar,gpu,resident,s2,60,2,0,0,2,warm,0,1,13,5.431368,0,0,0,3.87286401,0.487095,0,,161,161,456,0,0,1090890,8218664,0,8a67d279430d6e18,2493.90391,0,3.99
20260927T200509Z-0e3b,ba99c9c3a4c23240,667559,gpu-nearfar,gpu,resident,s2,61,2,0,0,2,warm,0,1,13,5.410652,0,0,0,3.85196805,0.486774,0,,161,161,456,0,0,1090742,8217303,0,956021a54b8a90c1,2495.87967,0,3.99
20260927T200509Z-0e3b,ba99c9c3a4c23240,695777,gpu-nearfar,gpu,resident,s2,62,2,0,0,2,warm,0,1,13,5.3841,0,0,0,3.84345603,0.484707,0,,159,159,456,0,0,1091275,8221264,0,05f487ae1d20c8ea,2493.66679,0,3.99
20260927T200509Z-0e3b,ba99c9c3a4c23240,410614,gpu-nearfar,gpu,resident,s2,63,2,0,0,2,warm,0,1,13,5.500798,0,0,0,3.966784,0.482392,0,,167,167,480,0,0,1091735,8225165,0,33339b273dd054e0,2496.51281,0,3.99
20260927T200509Z-0e3b,ba99c9c3a4c23240,405553,gpu-nearfar,gpu,resident,s2,64,2,0,0,2,warm,0,1,13,5.325897,0,0,0,3.77200007,0.4843,0,,154,154,434,0,0,1090514,8215100,0,d4252920120688c8,2493.35119,0,3.99
20260927T200509Z-0e3b,ba99c9c3a4c23240,985326,gpu-nearfar,gpu,resident,s2,65,2,0,0,2,warm,0,1,13,5.469794,0,0,0,3.94393611,0.480485,0,,164,164,474,0,0,1091634,8224537,0,8e89834923c4f91c,2495.87967,0,3.99
20260927T200509Z-0e3b,ba99c9c3a4c23240,668876,gpu-nearfar,gpu,resident,s2,66,2,0,0,2,warm,0,1,13,5.449552,0,0,0,3.923136,0.486091,0,,165,165,468,0,0,1091252,8220925,0,ff78503eb529ff7a,2496.3545,0,3.99
20260927T200509Z-0e3b,ba99c9c3a4c23240,965128,gpu-nearfar,gpu,resident,s2,67,2,0,0,2,warm,0,1,13,5.311116,0,0,0,3.78652811,0.481006,0,,156,156,446,0,0,1091360,8221999,0,26b3d1ada6a27fb3,2495.87967,0,3.99
20260927T200509Z-0e3b,ba99c9c3a4c23240,593734,gpu-nearfar,gpu,resident,s2,68,2,0,0,2,warm,0,1,13,5.426701,0,0,0,3.88483191,0.489825,0,,164,164,462,0,0,1091953,8227393,0,109812663c9c2735,2493.35119,0,3.99
20260927T200509Z-0e3b,ba99c9c3a4c23240,273974,gpu-nearfar,gpu,resident,s2,69,2,0,0,2,warm,0,1,13,5.316725,0,0,0,3.75539207,0.484961,0,,150,150,426,0,0,1090798,8217949,0,8af4d6c71cef4e55,2495.87967,0,3.99
20260927T200509Z-0e3b,ba99c9c3a4c23240,892034,gpu-nearfar,gpu,resident,s2,70,2,0,0,2,warm,0,1,13,5.509774,0,0,0,3.94060802,0.485417,0,,164,164,474,0,0,1091138,8220828,0,0651623fb2ac92ef,2493.50883,0,3.99
20260927T200509Z-0e3b,ba99c9c3a4c23240,878403,gpu-nearfar,gpu,resident,s2,71,2,0,0,2,warm,0,1,13,5.408594,0,0,0,3.87743998,0.486409,0,,162,162,458,0,0,1090576,8215915,0,e4166a43abfdb242,2495.01007,0,3.99
20260927T200509Z-0e3b,ba99c9c3a4c23240,439352,gpu-nearfar,gpu,resident,s2,72,2,0,0,2,warm,0,1,13,5.541933,0,0,0,3.98307204,0.490884,0,,167,167,480,0,0,1091722,8224869,0,c576654430d354fd,2495.48427,0,3.99
20260927T200509Z-0e3b,ba99c9c3a4c23240,180097,gpu-nearfar,gpu,resident,s2,73,2,0,0,2,warm,0,1,13,5.451816,0,0,0,3.93500805,0.471547,0,,165,165,468,0,0,1091284,8221161,0,464df24ab6a417ec,2495.8007,0,3.99
20260927T200509Z-0e3b,ba99c9c3a4c23240,923893,gpu-nearfar,gpu,resident,s2,74,2,0,0,2,warm,0,1,13,5.525975,0,0,0,3.95827198,0.471503,0,,168,168,474,0,0,1091172,8220393,0,8dd1e4b1179a37fc,2495.87967,0,3.99
20260927T200509Z-0e3b,ba99c9c3a4c23240,178879,gpu-nearfar,gpu,resident,s2,75,2,0,0,2,warm,0,1,13,5.514058,0,0,0,3.98188806,0.478307,0,,168,168,474,0,0,1091840,8226623,0,a5bb5388b29bd046,2493.66679,0,3.99
20260927T200509Z-0e3b,ba99c9c3a4c23240,148736,gpu-nearfar,gpu,resident,s2,76,2,0,0,2,warm,0,1,13,5.469707,0,0,0,3.93088007,0.480576,0,,165,165,464,0,0,1091735,8225624,0,2dcfc858873260f8,2495.87967,0,3.99
20260927T200509Z-0e3b,ba99c9c3a4c23240,950182,gpu-nearfar,gpu,resident,s2,77,2,0,0,2,warm,0,1,13,5.298771,0,0,0,3.755584,0.488926,0,,154,154,438,0,0,1090667,8216476,0,ee0ee56c280a7cc2,2494.06162,0,3.99
20260927T200509Z-0e3b,ba99c9c3a4c23240,667619,gpu-nearfar,gpu,resident,s2,78,2,0,0,2,warm,0,1,13,5.367706,0,0,0,3.83020806,0.484647,0,,157,157,448,0,0,1090648,8216669,0,3c09b420faa8bd34,2493.74592,0,3.99
20260927T200509Z-0e3b,ba99c9c3a4c23240,53666,gpu-nearfar,gpu,resident,s2,79,2,0,0,2,warm,0,1,13,5.370475,0,0,0,3.8181119,0.494455,0,,160,160,450,0,0,1091569,8224684,0,feab0b66e2021a0d,2496.4338,0,3.99
20260927T200509Z-0e3b,ba99c9c3a4c23240,149239,gpu-nearfar,gpu,resident,s2,80,2,0,0,2,warm,0,1,13,5.511735,0,0,0,3.97584009,0.481383,0,,168,168,474,0,0,1091111,8220463,0,213803e440feadc1,2495.87967,0,3.99
20260927T200509Z-0e3b,ba99c9c3a4c23240,565157,gpu-nearfar,gpu,resident,s2,81,2,0,0,2,warm,0,1,13,5.366609,0,0,0,3.831424,0.485958,0,,160,160,458,0,0,1090837,8217650,0,c3e7c2a46358c6bf,2495.87967,0,3.99
20260927T200509Z-0e3b,ba99c9c3a4c23240,803347,gpu-nearfar,gpu,resident,s2,82,2,0,0,2,warm,0,1,13,5.37278,0,0,0,3.83520007,0.482442,0,,158,158,454,0,0,1091183,8221612,0,61e45299bd3f9b95,2495.87967,0,3.99
20260927T200509Z-0e3b,ba99c9c3a4c23240,224649,gpu-nearfar,gpu,resident,s2,83,2,0,0,2,warm,0,1,13,5.403606,0,0,0,3.86515188,0.479369,0,,162,162,454,0,0,1091406,8221977,0,4727f75658ae7f55,2495.87967,0,3.99
20260927T200509Z-0e3b,ba99c9c3a4c23240,146198,gpu-nearfar,gpu,resident,s2,84,2,0,0,2,warm,0,1,13,5.39195,0,0,0,3.87951994,0.471222,0,,163,163,464,0,0,1091208,8221301,0,4a46b0a373169142,2494.29881,0,3.99
20260927T200509Z-0e3b,ba99c9c3a4c23240,557345,gpu-nearfar,gpu,resident,s2,85,2,0,0,2,warm,0,1,13,5.372026,0,0,0,3.82486391,0.486154,0,,157,157,448,0,0,1091154,8220436,0,d0d44292b5894af7,2495.87967,0,3.99
20260927T200509Z-0e3b,ba99c9c3a4c23240,301998,gpu-nearfar,gpu,resident,s2,86,2,0,0,2,warm,0,1,13,5.604147,0,0,0,4.01887989,0.495637,0,,167,167,472,0,0,1091615,8223777,0,f0c0c55daa7e12a1,2495.87967,0,3.99
20260927T200509Z-0e3b,ba99c9c3a4c23240,461546,gpu-nearfar,gpu,resident,s2,87,2,0,0,2,warm,0,1,13,5.495327,0,0,0,3.92355204,0.48204,0,,161,161,460,0,0,1091672,8225142,0,6c69951426c756e4,2496.3545,0,3.99
20260927T200509Z-0e3b,ba99c9c3a4c23240,891232,gpu-nearfar,gpu,resident,s2,88,2,0,0,2,warm,0,1,13,5.34978,0,0,0,3.80790401,0.485417,0,,157,157,452,0,0,1091892,8225999,0,cb5568ed8a609070,2495.87967,0,3.99
20260927T200509Z-0e3b,ba99c9c3a4c23240,648094,gpu-nearfar,gpu,resident,s2,89,2,0,0,2,warm,0,1,13,5.516231,0,0,0,3.97724795,0.482575,0,,167,167,476,0,0,1091262,8221742,0,6c7cf26ec6ec2f2c,2496.11721,0,3.99
20260927T200509Z-0e3b,ba99c9c3a4c23240,791162,gpu-nearfar,gpu,resident,s2,90,2,0,0,2,warm,0,1,13,5.585047,0,0,0,4.04230404,0.48681,0,,171,171,484,0,0,1092135,8228564,0,14e5484e50e5d369,2495.87967,0,3.99
20260927T200509Z-0e3b,ba99c9c3a4c23240,897431,gpu-nearfar,gpu,resident,s2,91,2,0,0,2,warm,0,1,13,5.417541,0,0,0,3.8425281,0.483265,0,,159,159,456,0,0,1090784,8216979,0,46ffb0299779ce28,2495.32608,0,3.99
20260927T200509Z-0e3b,ba99c9c3a4c23240,922237,gpu-nearfar,gpu,resident,s2,92,2,0,0,2,warm,0,1,13,5.683844,0,0,0,4.06678391,0.52289,0,,167,167,476,0,0,1090750,8216859,0,a33f81d4d938e7c2,2495.87967,0,3.99
20260927T200509Z-0e3b,ba99c9c3a4c23240,323467,gpu-nearfar,gpu,resident,s2,93,2,0,0,2,warm,0,1,13,5.569211,0,0,0,4.02502394,0.486988,0,,171,171,480,0,0,1091613,8224625,0,ac1779f60b920e21,2493.98276,0,3.99
20260927T200509Z-0e3b,ba99c9c3a4c23240,234796,gpu-nearfar,gpu,resident,s2,94,2,0,0,2,warm,0,1,13,5.608821,0,0,0,4.04239988,0.482746,0,,166,166,474,0,0,1091166,8220146,0,7d74bc02948a9636,2494.14077,0,3.99
20260927T200509Z-0e3b,ba99c9c3a4c23240,853304,gpu-nearfar,gpu,resident,s2,95,2,0,0,2,warm,0,1,13,5.510201,0,0,0,3.98047996,0.481745,0,,168,168,482,0,0,1092084,8228871,0,09372604fa945e90,2495.87967,0,3.99
20260927T200509Z-0e3b,ba99c9c3a4c23240,450173,gpu-nearfar,gpu,resident,s2,96,2,0,0,2,warm,0,1,13,5.408886,0,0,0,3.88243198,0.478762,0,,163,163,460,0,0,1090882,8218143,0,5e71f6cd5808d723,2495.87967,0,3.99
20260927T200509Z-0e3b,ba99c9c3a4c23240,402126,gpu-nearfar,gpu,resident,s2,97,2,0,0,2,warm,0,1,13,5.505248,0,0,0,3.97292805,0.480287,0,,168,168,466,0,0,1091961,8227648,0,f42f63df994942c2,2495.87967,0,3.99
20260927T200509Z-0e3b,ba99c9c3a4c23240,525289,gpu-nearfar,gpu,resident,s2,98,2,0,0,2,warm,0,1,13,5.45271,0,0,0,3.8858881,0.481479,0,,161,161,460,0,0,1091355,8221768,0,4552620cf7334db8,2495.87967,0,3.99
20260927T200509Z-0e3b,ba99c9c3a4c23240,442490,gpu-nearfar,gpu,resident,s2,99,2,0,0,2,warm,0,1,13,5.356877,0,0,0,3.79212809,0.487112,0,,154,154,442,0,0,1090237,8212317,0,bc7da764c475ef0e,2495.87967,0,3.99
20260927T200509Z-0e3b,ba99c9c3a4c23240,997733,gpu-nearfar,gpu,resident,s2,100,2,0,0,2,warm,0,1,13,5.437603,0,0,0,3.89286399,0.483615,0,,162,162,458,0,0,1090911,8218392,0,e43bf8f7de07c1d1,2495.87967,0,3.99
20260927T200509Z-0e3b,ba99c9c3a4c23240,217852,gpu-nearfar,gpu,resident,s2,101,2,0,0,2,warm,0,1,13,5.621242,0,0,0,4.08220816,0.481171,0,,175,175,496,0,0,1091989,8228387,0,2b6aad2a15eeffbc,2495.8007,0,3.99
20260927T200509Z-0e3b,ba99c9c3a4c23240,695169,gpu-nearfar,gpu,resident,s2,102,2,0,0,2,warm,0,1,13,5.523218,0,0,0,3.93388796,0.518226,0,,163,163,460,0,0,1090956,8218338,0,bf69aa1b4acb1e99,2496.82951,0,3.99
20260927T200509Z-0e3b,ba99c9c3a4c23240,36788,gpu-nearfar,gpu,resident,s2,103,2,0,0,2,warm,0,1,13,5.717849,0,0,0,4.00003195,0.517288,0,,169,169,472,0,0,1091555,8223267,0,440b72a38ee53e70,2495.95894,0,3.99
20260927T200509Z-0e3b,ba99c9c3a4c23240,702130,gpu-nearfar,gpu,resident,s2,104,2,0,0,2,warm,0,1,13,5.798555,0,0,0,4.099648,0.523698,0,,169,169,484,0,0,1091462,8222859,0,6a85681c5072f86d,2496.4338,0,3.99
20260927T200509Z-0e3b,ba99c9c3a4c23240,109705,gpu-nearfar,gpu,resident,s2,105,2,0,0,2,warm,0,1,13,5.668732,0,0,0,4.00214386,0.521715,0,,170,170,482,0,0,1091853,8225899,0,122a6de40c98dd91,2495.87967,0,3.99
20260927T200509Z-0e3b,ba99c9c3a4c23240,60708,gpu-nearfar,gpu,resident,s2,106,2,0,0,2,warm,0,1,13,5.456389,0,0,0,3.88758397,0.484276,0,,162,162,462,0,0,1091443,8221747,0,ff267373444e3979,2495.48427,0,3.99
20260927T200509Z-0e3b,ba99c9c3a4c23240,657965,gpu-nearfar,gpu,resident,s2,107,2,0,0,2,warm,0,1,13,5.475736,0,0,0,3.9270401,0.486494,0,,163,163,460,0,0,1091223,8221480,0,7fc803176a503fcb,2495.72173,0,3.99
20260927T200509Z-0e3b,ba99c9c3a4c23240,248642,gpu-nearfar,gpu,resident,s2,108,2,0,0,2,warm,0,1,13,5.528045,0,0,0,3.95542407,0.489239,0,,163,163,464,0,0,1091052,8219402,0,eb8a2f1c801ff9f5,2495.87967,0,3.99
20260927T200509Z-0e3b,ba99c9c3a4c23240,447024,gpu-nearfar,gpu,resident,s2,109,2,0,0,2,warm,0,1,13,5.447267,0,0,0,3.84364796,0.489002,0,,162,162,450,0,0,1091300,8222046,0,294e71988b335ac8,2497.77977,0,3.99
20260927T200509Z-0e3b,ba99c9c3a4c23240,586669,gpu-nearfar,gpu,resident,s2,110,2,0,0,2,warm,0,1,13,5.366395,0,0,0,3.8119359,0.474684,0,,155,155,448,0,0,1090956,8218961,0,7f06b0a07ce62fbd,2495.87967,0,3.99
20260927T200509Z-0e3b,ba99c9c3a4c23240,898528,gpu-nearfar,gpu,resident,s2,111,2,0,0,2,warm,0,1,13,5.445143,0,0,0,3.88995194,0.4819,0,,163,163,464,0,0,1091312,8222036,0,ed0c4310232a6cfa,2495.87967,0,3.99
20260927T200509Z-0e3b,ba99c9c3a4c23240,410615,gpu-nearfar,gpu,resident,s2,112,2,0,0,2,warm,0,1,13,5.478117,0,0,0,3.93241596,0.478783,0,,166,166,466,0,0,1092053,8228262,0,d6e3cae0016ae636,2495.8007,0,3.99
20260927T200509Z-0e3b,ba99c9c3a4c23240,233899,gpu-nearfar,gpu,resident,s2,113,2,0,0,2,warm,0,1,13,5.301495,0,0,0,3.75471997,0.491097,0,,154,154,438,0,0,1091343,8222204,0,fb90ec5a321a1b11,2495.87967,0,3.99
20260927T200509Z-0e3b,ba99c9c3a4c23240,321855,gpu-nearfar,gpu,resident,s2,114,2,0,0,2,warm,0,1,13,5.288094,0,0,0,3.75363207,0.488716,0,,155,155,440,0,0,1090873,8218423,0,184c285a03ae5048,2495.87967,0,3.99
20260927T200509Z-0e3b,ba99c9c3a4c23240,327721,gpu-nearfar,gpu,resident,s2,115,2,0,0,2,warm,0,1,13,5.451885,0,0,0,3.89468789,0.481992,0,,162,162,462,0,0,1091520,8223458,0,0502c004ff0e13ac,2495.87967,0,3.99
20260927T200509Z-0e3b,ba99c9c3a4c23240,791859,gpu-nearfar,gpu,resident,s2,116,2,0,0,2,warm,0,1,13,5.484839,0,0,0,3.96649599,0.469564,0,,167,167,472,0,0,1091600,8223990,0,77de2f97c13e9690,2495.87967,0,3.99
20260927T200509Z-0e3b,ba99c9c3a4c23240,830337,gpu-nearfar,gpu,resident,s2,117,2,0,0,2,warm,0,1,13,5.436746,0,0,0,3.91033602,0.476971,0,,163,163,468,0,0,1091703,8224812,0,8a1f0ac79dfe7a21,2495.87967,0,3.99
20260927T200509Z-0e3b,ba99c9c3a4c23240,255281,gpu-nearfar,gpu,resident,s2,118,2,0,0,2,warm,0,1,13,5.473541,0,0,0,3.92447996,0.493456,0,,165,165,472,0,0,1091446,8223003,0,9127d34afa79f86f,2493.98276,0,3.99
20260927T200509Z-0e3b,ba99c9c3a4c23240,396042,gpu-nearfar,gpu,resident,s2,119,2,0,0,2,warm,0,1,13,5.339185,0,0,0,3.80038404,0.486104,0,,157,157,444,0,0,1090496,8215032,0,112d40140b009d4a,2493.98276,0,3.99
20260927T200509Z-0e3b,ba99c9c3a4c23240,617545,gpu-nearfar,gpu,resident,s2,120,2,0,0,2,warm,0,1,13,5.429424,0,0,0,3.87673593,0.483913,0,,161,161,456,0,0,1091197,8220846,0,675e0bc84d0c5ef8,2495.87967,0,3.99
20260927T200509Z-0e3b,ba99c9c3a4c23240,469422,gpu-nearfar,gpu,resident,s2,121,2,0,0,2,warm,0,1,13,5.409623,0,0,0,3.85279989,0.47877,0,,159,159,452,0,0,1090891,8218076,0,75c0ccd538f9c0f7,2496.2755,0,3.99
20260927T200509Z-0e3b,ba99c9c3a4c23240,187428,gpu-nearfar,gpu,resident,s2,122,2,0,0,2,warm,0,1,13,5.58492,0,0,0,4.04521608,0.48286,0,,169,169,480,0,0,1091215,8220305,0,bd28bacb43728c1c,2495.87967,0,3.99
20260927T200509Z-0e3b,ba99c9c3a4c23240,59507,gpu-nearfar,gpu,resident,s2,123,2,0,0,2,warm,0,1,13,5.585394,0,0,0,4.02790403,0.483249,0,,172,172,482,0,0,1091611,8224470,0,9bf525a021591b0c,2496.11721,0,3.99
20260927T200509Z-0e3b,ba99c9c3a4c23240,205738,gpu-nearfar,gpu,resident,s2,124,2,0,0,2,warm,0,1,13,5.613811,0,0,0,4.06169605,0.487942,0,,172,172,494,0,0,1091517,8223441,0,0ba3453c1e73022f,2493.35119,0,3.99
20260927T200509Z-0e3b,ba99c9c3a4c23240,867055,gpu-nearfar,gpu,resident,s2,125,2,0,0,2,warm,0,1,13,5.535449,0,0,0,3.98601604,0.488705,0,,168,168,478,0,0,1091451,8223286,0,006b20bd4f12f3ab,2495.56352,0,3.99
20260927T200509Z-0e3b,ba99c9c3a4c23240,196131,gpu-nearfar,gpu,resident,s2,126,2,0,0,2,warm,0,1,13,5.414744,0,0,0,3.8632319,0.486988,0,,162,162,454,0,0,1091071,8219568,0,898234ed8dcb8680,2495.87967,0,3.99
20260927T200509Z-0e3b,ba99c9c3a4c23240,151969,gpu-nearfar,gpu,resident,s2,127,2,0,0,2,warm,0,1,13,7.212683,0,0,0,3.80767989,0.487961,1.862211,,157,157,448,0,0,1090965,8219474,0,0546343fa65d7f21,2493.58796,0,3.99
20260927T200509Z-0e3b,ba99c9c3a4c23240,715399,delta-omp,cpu,resident,s2,0,2,0,0,3,warm,24,1,13,18.482474,0,1.973965,0,16.507945,0,0,,34,152,0,42,110,1152067,17370404,0,ecdcbb820737fc0e,,0,3.99
20260927T200509Z-0e3b,ba99c9c3a4c23240,187452,delta-omp,cpu,resident,s2,1,2,0,0,3,warm,24,1,13,18.477592,0,2.137549,0,16.339497,0,0,,34,160,0,44,116,1152358,17376330,0,96f02017575011de,,0,3.99
20260927T200509Z-0e3b,ba99c9c3a4c23240,654701,delta-omp,cpu,resident,s2,2,2,0,0,3,warm,24,1,13,18.596403,0,2.124246,0,16.471838,0,0,,35,157,0,42,115,1151855,17366338,0,4f9f9b29bfae372e,,0,3.99
20260927T200509Z-0e3b,ba99c9c3a4c23240,204001,delta-omp,cpu,resident,s2,3,2,0,0,3,warm,24,1,13,18.91845,0,2.157696,0,16.760316,0,0,,35,156,0,42,114,1151750,17364426,0,13e234bc2b51e68e,,0,3.99
20260927T200509Z-0e3b,ba99c9c3a4c23240,463449,delta-omp,cpu,resident,s2,4,2,0,0,3,warm,24,1,13,19.031132,0,2.127173,0,16.903699,0,0,,33,151,0,42,109,1152253,17373046,0,153de2728e824e53,,0,3.99
20260927T200509Z-0e3b,ba99c9c3a4c23240,253613,delta-omp,cpu,resident,s2,5,2,0,0,3,warm,24,1,13,18.620446,0,2.150496,0,16.469573,0,0,,35,153,0,42,111,1152190,17374236,0,3247d70ca7f66ed4,,0,3.99
20260927T200509Z-0e3b,ba99c9c3a4c23240,239468,delta-omp,cpu,resident,s2,6,2,0,0,3,warm,24,1,13,19.206167,0,2.137181,0,17.068555,0,0,,35,156,0,42,114,1152148,17367724,0,a6b6de89d97c7910,,0,3.99
20260927T200509Z-0e3b,ba99c9c3a4c23240,369505,delta-omp,cpu,resident,s2,7,2,0,0,3,warm,24,1,13,18.835672,0,2.130829,0,16.704527,0,0,,34,153,0,42,111,1152233,17373228,0,109b4acc8f4ac33a,,0,3.99
20260927T200509Z-0e3b,ba99c9c3a4c23240,790454,delta-omp,cpu,resident,s2,8,2,0,0,3,warm,24,1,13,18.715694,0,2.122522,0,16.592828,0,0,,35,157,0,45,112,1152067,17368732,0,26e48121c6aa4159,,0,3.99
20260927T200509Z-0e3b,ba99c9c3a4c23240,397801,delta-omp,cpu,resident,s2,9,2,0,0,3,warm,24,1,13,19.318349,0,2.119918,0,17.197532,0,0,,35,157,0,42,115,1152247,17372706,0,5a7753eccbbbecc3,,0,3.99
20260927T200509Z-0e3b,ba99c9c3a4c23240,737225,delta-omp,cpu,resident,s2,10,2,0,0,3,warm,24,1,13,20.268565,0,2.645179,0,17.622579,0,0,,32,142,0,41,101,1152077,17368224,0,f8923c22e103e6ad,,0,3.99
20260927T200509Z-0e3b,ba99c9c3a4c23240,155144,delta-omp,cpu,resident,s2,11,2,0,0,3,warm,24,1,13,19.543338,0,2.201218,0,17.341561,0,0,,34,155,0,42,113,1152078,17371198,0,96cd5ce2c0bed8d9,,0,3.99
20260927T200509Z-0e3b,ba99c9c3a4c23240,763420,delta-omp,cpu,resident,s2,12,2,0,0,3,warm,24,1,13,19.148135,0,2.155006,0,16.99247,0,0,,35,157,0,45,112,1152135,17374226,0,6afec27f81fe3362,,0,3.99
20260927T200509Z-0e3b,ba99c9c3a4c23240,558559,delta-omp,cpu,resident,s2,13,2,0,0,3,warm,24,1,13,18.567805,0,2.147105,0,16.420213,0,0,,36,155,0,43,112,1152535,17374122,0,9ae2735bc57c118b,,0,3.99
20260927T200509Z-0e3b,ba99c9c3a4c23240,689533,delta-omp,cpu,resident,s2,14,2,0,0,3,warm,24,1,13,18.458393,0,2.141663,0,16.316288,0,0,,34,160,0,45,115,1152143,17370912,0,6dd76205e9a709b1,,0,3.99
20260927T200509Z-0e3b,ba99c9c3a4c23240,85750,delta-omp,cpu,resident,s2,15,2,0,0,3,warm,24,1,13,18.140274,0,2.131724,0,16.008112,0,0,,35,157,0,45,112,1151913,17365252,0,93d0652be5380e25,,0,3.99
20260927T200509Z-0e3b,ba99c9c3a4c23240,24166,delta-omp,cpu,resident,s2,16,2,0,0,3,warm,24,1,13,19.043726,0,2.133042,0,16.910152,0,0,,37,163,0,45,118,1152083,17369904,0,4c9f86b8a429a6a1,,0,3.99
20260927T200509Z-0e3b,ba99c9c3a4c23240,181793,delta-omp,cpu,resident,s2,17,2,0,0,3,warm,24,1,13,18.900899,0,2.132347,0,16.768083,0,0,,35,159,0,43,116,1151857,17369592,0,06c27d4ed33dc4c0,,0,3.99
20260927T200509Z-0e3b,ba99c9c3a4c23240,435643,delta-omp,cpu,resident,s2,18,2,0,0,3,warm,24,1,13,18.761017,0,2.166887,0,16.593617,0,0,,34,155,0,44,111,1152318,17375096,0,9e5667ef0aef187c,,0,3.99
20260927T200509Z-0e3b,ba99c9c3a4c23240,412744,delta-omp,cpu,resident,s2,19,2,0,0,3,warm,24,1,13,18.840391,0,2.19358,0,16.646098,0,0,,35,158,0,43,115,1152091,17371086,0,0a4ff2a55423b6fa,,0,3.99
20260927T200509Z-0e3b,ba99c9c3a4c23240,601557,delta-omp,cpu,resident,s2,20,2,0,0,3,warm,24,1,13,19.733114,0,2.358501,0,17.373948,0,0,,34,156,0,43,113,1152076,17370194,0,c59071f58c6927a5,,0,3.99
20260927T200509Z-0e3b,ba99c9c3a4c23240,582010,delta-omp,cpu,resident,s2,21,2,0,0,3,warm,24,1,13,20.314632,0,2.495507,0,17.818423,0,0,,35,159,0,44,115,1152150,17371620,0,abb1d0fe49a68439,,0,3.99
20260927T200509Z-0e3b,ba99c9c3a4c23240,369562,delta-omp,cpu,resident,s2,22,2,0,0,3,warm,24,1,13,18.787311,0,2.152787,0,16.633769,0,0,,36,160,0,44,116,1151708,17364004,0,e8960d119b031443,,0,3.99
20260927T200509Z-0e3b,ba99c9c3a4c23240,1020126,delta-omp,cpu,resident,s2,23,2,0,0,3,warm,24,1,13,18.43093,0,2.131715,0,16.298712,0,0,,36,160,0,43,117,1152017,17370122,0,9a263533db615402,,0,3.99
20260927T200509Z-0e3b,ba99c9c3a4c23240,79356,delta-omp,cpu,resident,s2,24,2,0,0,3,warm,24,1,13,18.783094,0,2.122362,0,16.660344,0,0,,35,153,0,42,111,1151841,17366080,0,44e74e2f955df7c3,,0,3.99
20260927T200509Z-0e3b,ba99c9c3a4c23240,379637,delta-omp,cpu,resident,s2,25,2,0,0,3,warm,24,1,13,18.348575,0,2.132863,0,16.215292,0,0,,35,160,0,44,116,1152098,17368098,0,d1a2e1c3ccbc3f21,,0,3.99
20260927T200509Z-0e3b,ba99c9c3a4c23240,863118,delta-omp,cpu,resident,s2,26,2,0,0,3,warm,24,1,13,18.998964,0,2.138488,0,16.860092,0,0,,36,157,0,42,115,1152256,17374780,0,d5dba0885c35a5f9,,0,3.99
20260927T200509Z-0e3b,ba99c9c3a4c23240,997539,delta-omp,cpu,resident,s2,27,2,0,0,3,warm,24,1,13,18.6554,0,2.137547,0,16.517539,0,0,,32,148,0,41,107,1152321,17375334,0,6eef670e6e3e1100,,0,3.99
20260927T200509Z-0e3b,ba99c9c3a4c23240,192191,delta-omp,cpu,resident,s2,28,2,0,0,3,warm,24,1,13,18.625337,0,2.153399,0,16.471541,0,0,,35,150,0,42,108,1151842,17368254,0,662baab9bef29a06,,0,3.99
20260927T200509Z-0e3b,ba99c9c3a4c23240,67157,delta-omp,cpu,resident,s2,29,2,0,0,3,warm,24,1,13,18.523477,0,2.125616,0,16.397609,0,0,,35,155,0,45,110,1152265,17375520,0,31aaa449503ab45c,,0,3.99
20260927T200509Z-0e3b,ba99c9c3a4c23240,65383,delta-omp,cpu,resident,s2,30,2,0,0,3,warm,24,1,13,18.581268,0,2.120801,0,16.460165,0,0,,36,152,0,43,109,1151870,17368456,0,7204d50f6114d912,,0,3.99
20260927T200509Z-0e3b,ba99c9c3a4c23240,249726,delta-omp,cpu,resident,s2,31,2,0,0,3,warm,24,1,13,18.166412,0,2.128143,0,16.037788,0,0,,35,161,0,45,116,1152127,17373556,0,29e88ade804cdeca,,0,3.99
20260927T200509Z-0e3b,ba99c9c3a4c23240,159695,delta-omp,cpu,resident,s2,32,2,0,0,3,warm,24,1,13,18.72325,0,2.118864,0,16.603824,0,0,,34,153,0,42,111,1151589,17362714,0,7119e6e28c081569,,0,3.99
20260927T200509Z-0e3b,ba99c9c3a4c23240,127101,delta-omp,cpu,resident,s2,33,2,0,0,3,warm,24,1,13,18.803931,0,2.132981,0,16.670564,0,0,,36,162,0,45,117,1152064,17372924,0,846d8477ad8013e1,,0,3.99
20260927T200509Z-0e3b,ba99c9c3a4c23240,296023,delta-omp,cpu,resident,s2,34,2,0,0,3,warm,24,1,13,18.572076,0,2.131341,0,16.440306,0,0,,33,159,0,45,114,1152417,17379072,0,605cc580b3de4615,,0,3.99
20260927T200509Z-0e3b,ba99c9c3a4c23240,982751,delta-omp,cpu,resident,s2,35,2,0,0,3,warm,24,1,13,18.344543,0,2.128603,0,16.21566,0,0,,35,159,0,45,114,1151561,17360952,0,0d4096cd5bc69572,,0,3.99
20260927T200509Z-0e3b,ba99c9c3a4c23240,966093,delta-omp,cpu,resident,s2,36,2,0,0,3,warm,24,1,13,18.895297,0,2.136851,0,16.757931,0,0,,36,159,0,44,115,1151735,17363790,0,7d06fdf48f6e8286,,0,3.99
20260927T200509Z-0e3b,ba99c9c3a4c23240,731425,delta-omp,cpu,resident,s2,37,2,0,0,3,warm,24,1,13,19.048168,0,2.119363,0,16.928404,0,0,,34,158,0,43,115,1152149,17371354,0,466affb9293ca47e,,0,3.99
20260927T200509Z-0e3b,ba99c9c3a4c23240,421395,delta-omp,cpu,resident,s2,38,2,0,0,3,warm,24,1,13,18.281806,0,2.131224,0,16.150277,0,0,,35,157,0,44,113,1152237,17374010,0,eae68b7499feb2b6,,0,3.99
20260927T200509Z-0e3b,ba99c9c3a4c23240,734856,delta-omp,cpu,resident,s2,39,2,0,0,3,warm,24,1,13,18.981444,0,2.120843,0,16.860344,0,0,,36,154,0,42,112,1152033,17371074,0,4f0d08e3cb27ad6a,,0,3.99
20260927T200509Z-0e3b,ba99c9c3a4c23240,413157,delta-omp,cpu,resident,s2,40,2,0,0,3,warm,24,1,13,18.723969,0,2.142615,0,16.58086,0,0,,35,154,0,42,112,1151836,17365186,0,3a6c4deb6663fbb5,,0,3.99
20260927T200509Z-0e3b,ba99c9c3a4c23240,460916,delta-omp,cpu,resident,s2,41,2,0,0,3,warm,24,1,13,18.924882,0,2.150548,0,16.773969,0,0,,34,158,0,44,114,1152344,17374664,0,a6f1b94b86d02118,,0,3.99
20260927T200509Z-0e3b,ba99c9c3a4c23240,769784,delta-omp,cpu,resident,s2,42,2,0,0,3,warm,24,1,13,18.237075,0,2.131073,0,16.105535,0,0,,34,156,0,45,111,1152184,17374220,0,318d7c8bfa3d3ba0,,0,3.99
20260927T200509Z-0e3b,ba99c9c3a4c23240,974706,delta-omp,cpu,resident,s2,43,2,0,0,3,warm,24,1,13,18.6602,0,2.117514,0,16.542063,0,0,,34,154,0,43,111,1152001,17368112,0,583c656b06b7d79c,,0,3.99
20260927T200509Z-0e3b,ba99c9c3a4c23240,58826,delta-omp,cpu,resident,s2,44,2,0,0,3,warm,24,1,13,18.341934,0,2.118824,0,16.2228,0,0,,34,151,0,43,108,1151775,17363978,0,82cfa3ade61fd805,,0,3.99
20260927T200509Z-0e3b,ba99c9c3a4c23240,466714,delta-omp,cpu,resident,s2,45,2,0,0,3,warm,24,1,13,18.604028,0,2.127474,0,16.476084,0,0,,35,154,0,44,110,1151987,17372170,0,ac36503bdc2a7b3e,,0,3.99
20260927T200509Z-0e3b,ba99c9c3a4c23240,597702,delta-omp,cpu,resident,s2,46,2,0,0,3,warm,24,1,13,18.882378,0,2.141343,0,16.740548,0,0,,36,164,0,44,120,1152735,17387152,0,14363d3d7d4164a5,,0,3.99
20260927T200509Z-0e3b,ba99c9c3a4c23240,64665,delta-omp,cpu,resident,s2,47,2,0,0,3,warm,24,1,13,18.491145,0,2.145499,0,16.3452,0,0,,35,157,0,45,112,1152316,17374490,0,8f0864e0fa5ef390,,0,3.99
20260927T200509Z-0e3b,ba99c9c3a4c23240,855449,delta-omp,cpu,resident,s2,48,2,0,0,3,warm,24,1,13,18.926054,0,2.135855,0,16.789597,0,0,,34,154,0,42,112,1152047,17368776,0,eaf42e238a9ddc48,,0,3.99
20260927T200509Z-0e3b,ba99c9c3a4c23240,519923,delta-omp,cpu,resident,s2,49,2,0,0,3,warm,24,1,13,18.765621,0,2.120558,0,16.644731,0,0,,35,158,0,45,113,1151677,17363340,0,a96200c3afe17ff5,,0,3.99
20260927T200509Z-0e3b,ba99c9c3a4c23240,474057,delta-omp,cpu,resident,s2,50,2,0,0,3,warm,24,1,13,18.323043,0,2.121738,0,16.200942,0,0,,36,156,0,45,111,1151845,17369378,0,2ab389d83e24de4a,,0,3.99
20260927T200509Z-0e3b,ba99c9c3a4c23240,949772,delta-omp,cpu,resident,s2,51,2,0,0,3,warm,24,1,13,18.79214,0,2.130152,0,16.661498,0,0,,35,158,0,42,116,1151885,17365390,0,f7ce1bc1539a870f,,0,3.99
20260927T200509Z-0e3b,ba99c9c3a4c23240,894887,delta-omp,cpu,resident,s2,52,2,0,0,3,warm,24,1,13,18.951186,0,2.140742,0,16.80993,0,0,,35,161,0,44,117,1152149,17371906,0,e83804eab75047de,,0,3.99
20260927T200509Z-0e3b,ba99c9c3a4c23240,141783,delta-omp,cpu,resident,s2,53,2,0,0,3,warm,24,1,13,18.624185,0,2.124484,0,16.499295,0,0,,33,155,0,45,110,1151967,17370518,0,93d9cbd5c1468553,,0,3.99
20260927T200509Z-0e3b,ba99c9c3a4c23240,917286,delta-omp,cpu,resident,s2,54,2,0,0,3,warm,24,1,13,18.83464,0,2.117365,0,16.716849,0,0,,35,161,0,45,116,1152524,17377348,0,2dfe42ff94f73f3f,,0,3.99
20260927T200509Z-0e3b,ba99c9c3a4c23240,39176,delta-omp,cpu,resident,s2,55,2,0,0,3,warm,24,1,13,18.828816,0,2.134406,0,16.693887,0,0,,34,151,0,43,108,1151148,17355184,0,fcd5001a78d68a13,,0,3.99
20260927T200509Z-0e3b,ba99c9c3a4c23240,345611,delta-omp,cpu,resident,s2,56,2,0,0,3,warm,24,1,13,18.618648,0,2.124268,0,16.494018,0,0,,34,157,0,45,112,1152046,17371074,0,16413610483b2219,,0,3.99
20260927T200509Z-0e3b,ba99c9c3a4c23240,968513,delta-omp,cpu,resident,s2,57,2,0,0,3,warm,24,1,13,18.964832,0,2.122826,0,16.841584,0,0,,34,159,0,43,116,1152103,17372104,0,05566abd08729f29,,0,3.99
20260927T200509Z-0e3b,ba99c9c3a4c23240,483034,delta-omp,cpu,resident,s2,58,2,0,0,3,warm,24,1,13,18.900344,0,2.119322,0,16.78065,0,0,,35,163,0,42,121,1152219,17373294,0,d086ea4ae6327b65,,0,3.99
20260927T200509Z-0e3b,ba99c9c3a4c23240,553088,delta-omp,cpu,resident,s2,59,2,0,0,3,warm,24,1,13,18.293594,0,2.143557,0,16.149527,0,0,,36,163,0,44,119,1152101,17370702,0,02539fcfa0feba49,,0,3.99
20260927T200509Z-0e3b,ba99c9c3a4c23240,868304,delta-omp,cpu,resident,s2,60,2,0,0,3,warm,24,1,13,18.331137,0,2.13114,0,16.199491,0,0,,34,153,0,45,108,1151988,17370274,0,8a67d279430d6e18,,0,3.99
20260927T200509Z-0e3b,ba99c9c3a4c23240,667559,delta-omp,cpu,resident,s2,61,2,0,0,3,warm,24,1,13,19.475382,0,2.139047,0,17.3359,0,0,,34,158,0,39,119,1151794,17365904,0,956021a54b8a90c1,,0,3.99
20260927T200509Z-0e3b,ba99c9c3a4c23240,695777,delta-omp,cpu,resident,s2,62,2,0,0,3,warm,24,1,13,18.716466,0,2.138112,0,16.577809,0,0,,35,155,0,45,110,1151948,17366970,0,05f487ae1d20c8ea,,0,3.99
20260927T200509Z-0e3b,ba99c9c3a4c23240,410614,delta-omp,cpu,resident,s2,63,2,0,0,3,warm,24,1,13,19.000845,0,2.139878,0,16.86044,0,0,,37,162,0,45,117,1152264,17372672,0,33339b273dd054e0,,0,3.99
20260927T200509Z-0e3b,ba99c9c3a4c23240,405553,delta-omp,cpu,resident,s2,64,2,0,0,3,warm,24,1,13,19.001061,0,2.223998,0,16.776784,0,0,,32,149,0,40,109,1151194,17354180,0,d4252920120688c8,,0,3.99
20260927T200509Z-0e3b,ba99c9c3a4c23240,985326,delta-omp,cpu,resident,s2,65,2,0,0,3,warm,24,1,13,19.116472,0,2.138894,0,16.977179,0,0,,37,158,0,42,116,1152193,17371150,0,8e89834923c4f91c,,0,3.99
20260927T200509Z-0e3b,ba99c9c3a4c23240,668876,delta-omp,cpu,resident,s2,66,2,0,0,3,warm,24,1,13,18.746015,0,2.131364,0,16.614346,0,0,,35,159,0,45,114,1152061,17370652,0,ff78503eb529ff7a,,0,3.99
20260927T200509Z-0e3b,ba99c9c3a4c23240,965128,delta-omp,cpu,resident,s2,67,2,0,0,3,warm,24,1,13,18.325327,0,2.125814,0,16.199197,0,0,,34,152,0,45,107,1152164,17370994,0,26b3d1ada6a27fb3,,0,3.99
20260927T200509Z-0e3b,ba99c9c3a4c23240,593734,delta-omp,cpu,resident,s2,68,2,0,0,3,warm,24,1,13,18.638968,0,2.122188,0,16.516337,0,0,,34,159,0,45,114,1151549,17362698,0,109812663c9c2735,,0,3.99
20260927T200509Z-0e3b,ba99c9c3a4c23240,273974,delta-omp,cpu,resident,s2,69,2,0,0,3,warm,24,1,13,18.91914,0,2.133054,0,16.785694,0,0,,32,147,0,42,105,1152394,17375848,0,8af4d6c71cef4e55,,0,3.99
20260927T200509Z-0e3b,ba99c9c3a4c23240,892034,delta-omp,cpu,resident,s2,70,2,0,0,3,warm,24,1,13,18.749084,0,2.128536,0,16.619936,0,0,,37,161,0,45,116,1151879,17367276,0,0651623fb2ac92ef,,0,3.99
20260927T200509Z-0e3b,ba99c9c3a4c23240,878403,delta-omp,cpu,resident,s2,71,2,0,0,3,warm,24,1,13,19.045603,0,2.124186,0,16.921099,0,0,,34,160,0,42,118,1151954,17369206,0,e4166a43abfdb242,,0,3.99
20260927T200509Z-0e3b,ba99c9c3a4c23240,439352,delta-omp,cpu,resident,s2,72,2,0,0,3,warm,24,1,13,18.86116,0,2.140714,0,16.720114,0,0,,37,163,0,45,118,1151237,17358516,0,c576654430d354fd,,0,3.99
20260927T200509Z-0e3b,ba99c9c3a4c23240,180097,delta-omp,cpu,resident,s2,73,2,0,0,3,warm,24,1,13,18.733102,0,2.130732,0,16.60206,0,0,,34,157,0,45,112,1151708,17367552,0,464df24ab6a417ec,,0,3.99
20260927T200509Z-0e3b,ba99c9c3a4c23240,923893,delta-omp,cpu,resident,s2,74,2,0,0,3,warm,24,1,13,18.631632,0,2.123926,0,16.507457,0,0,,35,164,0,45,119,1152098,17373184,0,8dd1e4b1179a37fc,,0,3.99
20260927T200509Z-0e3b,ba99c9c3a4c23240,178879,delta-omp,cpu,resident,s2,75,2,0,0,3,warm,24,1,13,18.885988,0,2.145491,0,16.74018,0,0,,35,162,0,45,117,1152197,17372680,0,a5bb5388b29bd046,,0,3.99
20260927T200509Z-0e3b,ba99c9c3a4c23240,148736,delta-omp,cpu,resident,s2,76,2,0,0,3,warm,24,1,13,19.47655,0,2.15248,0,17.323717,0,0,,34,159,0,42,117,1152091,17372042,0,2dcfc858873260f8,,0,3.99
20260927T200509Z-0e3b,ba99c9c3a4c23240,950182,delta-omp,cpu,resident,s2,77,2,0,0,3,warm,24,1,13,18.278837,0,2.134283,0,16.144198,0,0,,33,150,0,43,107,1151598,17363090,0,ee0ee56c280a7cc2,,0,3.99
20260927T200509Z-0e3b,ba99c9c3a4c23240,667619,delta-omp,cpu,resident,s2,78,2,0,0,3,warm,24,1,13,18.972342,0,2.125409,0,16.846753,0,0,,34,155,0,42,113,1151563,17364648,0,3c09b420faa8bd34,,0,3.99
20260927T200509Z-0e3b,ba99c9c3a4c23240,53666,delta-omp,cpu,resident,s2,79,2,0,0,3,warm,24,1,13,19.377894,0,2.140425,0,17.236978,0,0,,33,153,0,42,111,1152096,17371818,0,feab0b66e2021a0d,,0,3.99
20260927T200509Z-0e3b,ba99c9c3a4c23240,149239,delta-omp,cpu,resident,s2,80,2,0,0,3,warm,24,1,13,18.850781,0,2.135522,0,16.714941,0,0,,35,156,0,44,112,1151702,17364924,0,213803e440feadc1,,0,3.99
20260927T200509Z-0e3b,ba99c9c3a4c23240,565157,delta-omp,cpu,resident,s2,81,2,0,0,3,warm,24,1,13,18.563177,0,2.141218,0,16.421431,0,0,,35,158,0,44,114,1152127,17371430,0,c3e7c2a46358c6bf,,0,3.99
20260927T200509Z-0e3b,ba99c9c3a4c23240,803347,delta-omp,cpu,resident,s2,82,2,0,0,3,warm,24,1,13,19.025715,0,2.130666,0,16.894574,0,0,,34,154,0,42,112,1151461,17362648,0,61e45299bd3f9b95,,0,3.99
20260927T200509Z-0e3b,ba99c9c3a4c23240,224649,delta-omp,cpu,resident,s2,83,2,0,0,3,warm,24,1,13,18.736122,0,2.129315,0,16.606415,0,0,,33,155,0,42,113,1152031,17367342,0,4727f75658ae7f55,,0,3.99
20260927T200509Z-0e3b,ba99c9c3a4c23240,146198,delta-omp,cpu,resident,s2,84,2,0,0,3,warm,24,1,13,18.878851,0,2.155097,0,16.72336,0,0,,34,156,0,42,114,1151942,17368996,0,4a46b0a373169142,,0,3.99
20260927T200509Z-0e3b,ba99c9c3a4c23240,557345,delta-omp,cpu,resident,s2,85,2,0,0,3,warm,24,1,13,19.271988,0,2.135759,0,17.13596,0,0,,34,153,0,42,111,1151898,17365214,0,d0d44292b5894af7,,0,3.99
20260927T200509Z-0e3b,ba99c9c3a4c23240,301998,delta-omp,cpu,resident,s2,86,2,0,0,3,warm,24,1,13,19.016432,0,2.130413,0,16.885485,0,0,,35,158,0,42,116,1152175,17374506,0,f0c0c55daa7e12a1,,0,3.99
20260927T200509Z-0e3b,ba99c9c3a4c23240,461546,delta-omp,cpu,resident,s2,87,2,0,0,3,warm,24,1,13,18.948345,0,2.12508,0,16.822929,0,0,,35,158,0,45,113,1152408,17377786,0,6c69951426c756e4,,0,3.99
20260927T200509Z-0e3b,ba99c9c3a4c23240,891232,delta-omp,cpu,resident,s2,88,2,0,0,3,warm,24,1,13,19.497141,0,2.281101,0,17.215515,0,0,,35,158,0,42,116,1152288,17372644,0,cb5568ed8a609070,,0,3.99
20260927T200509Z-0e3b,ba99c9c3a4c23240,648094,delta-omp,cpu,resident,s2,89,2,0,0,3,warm,24,1,13,18.87688,0,2.134428,0,16.742008,0,0,,36,165,0,45,120,1151667,17361100,0,6c7cf26ec6ec2f2c,,0,3.99
20260927T200509Z-0e3b,ba99c9c3a4c23240,791162,delta-omp,cpu,resident,s2,90,2,0,0,3,warm,24,1,13,19.124889,0,2.124437,0,17.000151,0,0,,36,162,0,44,118,1152096,17371662,0,14e5484e50e5d369,,0,3.99
20260927T200509Z-0e3b,ba99c9c3a4c23240,897431,delta-omp,cpu,resident,s2,91,2,0,0,3,warm,24,1,13,18.472539,0,2.123094,0,16.349037,0,0,,35,154,0,43,111,1151926,17367706,0,46ffb0299779ce28,,0,3.99
20260927T200509Z-0e3b,ba99c9c3a4c23240,922237,delta-omp,cpu,resident,s2,92,2,0,0,3,warm,24,1,13,19.011788,0,2.140297,0,16.870878,0,0,,35,156,0,41,115,1151690,17364432,0,a33f81d4d938e7c2,,0,3.99
20260927T200509Z-0e3b,ba99c9c3a4c23240,323467,delta-omp,cpu,resident,s2,93,2,0,0,3,warm,24,1,13,18.892462,0,2.153726,0,16.738424,0,0,,35,164,0,45,119,1151910,17369436,0,ac1779f60b920e21,,0,3.99
20260927T200509Z-0e3b,ba99c9c3a4c23240,234796,delta-omp,cpu,resident,s2,94,2,0,0,3,warm,24,1,13,19.15436,0,2.154518,0,16.999537,0,0,,36,165,0,42,123,1152603,17379586,0,7d74bc02948a9636,,0,3.99
20260927T200509Z-0e3b,ba99c9c3a4c23240,853304,delta-omp,cpu,resident,s2,95,2,0,0,3,warm,24,1,13,19.047957,0,2.139725,0,16.9078,0,0,,36,159,0,45,114,1152305,17375448,0,09372604fa945e90,,0,3.99
20260927T200509Z-0e3b,ba99c9c3a4c23240,450173,delta-omp,cpu,resident,s2,96,2,0,0,3,warm,24,1,13,18.810717,0,2.145948,0,16.66443,0,0,,34,159,0,42,117,1151849,17368400,0,5e71f6cd5808d723,,0,3.99
20260927T200509Z-0e3b,ba99c9c3a4c23240,402126,delta-omp,cpu,resident,s2,97,2,0,0,3,warm,24,1,13,18.921938,0,2.145196,0,16.776336,0,0,,33,159,0,45,114,1151829,17364704,0,f42f63df994942c2,,0,3.99
20260927T200509Z-0e3b,ba99c9c3a4c23240,525289,delta-omp,cpu,resident,s2,98,2,0,0,3,warm,24,1,13,18.685989,0,2.142303,0,16.543333,0,0,,35,156,0,43,113,1151846,17366718,0,4552620cf7334db8,,0,3.99
20260927T200509Z-0e3b,ba99c9c3a4c23240,442490,delta-omp,cpu,resident,s2,99,2,0,0,3,warm,24,1,13,18.559357,0,2.131012,0,16.428031,0,0,,34,154,0,40,114,1151095,17354526,0,bc7da764c475ef0e,,0,3.99
20260927T200509Z-0e3b,ba99c9c3a4c23240,997733,delta-omp,cpu,resident,s2,100,2,0,0,3,warm,24,1,13,18.754448,0,2.125402,0,16.628662,0,0,,34,156,0,42,114,1152523,17378674,0,e43bf8f7de07c1d1,,0,3.99
20260927T200509Z-0e3b,ba99c9c3a4c23240,217852,delta-omp,cpu,resident,s2,101,2,0,0,3,warm,24,1,13,19.2244,0,2.128089,0,17.095984,0,0,,36,161,0,45,116,1152424,17380988,0,2b6aad2a15eeffbc,,0,3.99
20260927T200509Z-0e3b,ba99c9c3a4c23240,695169,delta-omp,cpu,resident,s2,102,2,0,0,3,warm,24,1,13,18.591847,0,2.13912,0,16.452401,0,0,,34,153,0,43,110,1152392,17373354,0,bf69aa1b4acb1e99,,0,3.99
20260927T200509Z-0e3b,ba99c9c3a4c23240,36788,delta-omp,cpu,resident,s2,103,2,0,0,3,warm,24,1,13,19.149176,0,2.153447,0,16.995394,0,0,,34,156,0,42,114,1152084,17373440,0,440b72a38ee53e70,,0,3.99
20260927T200509Z-0e3b,ba99c9c3a4c23240,702130,delta-omp,cpu,resident,s2,104,2,0,0,3,warm,24,1,13,19.440525,0,2.160057,0,17.279669,0,0,,37,166,0,42,124,1151236,17356620,0,6a85681c5072f86d,,0,3.99
20260927T200509Z-0e3b,ba99c9c3a4c23240,109705,delta-omp,cpu,resident,s2,105,2,0,0,3,warm,24,1,13,18.812515,0,2.155196,0,16.65692,0,0,,35,160,0,43,117,1152102,17371288,0,122a6de40c98dd91,,0,3.99
20260927T200509Z-0e3b,ba99c9c3a4c23240,60708,delta-omp,cpu,resident,s2,106,2,0,0,3,warm,24,1,13,18.939578,0,2.136601,0,16.802517,0,0,,35,160,0,45,115,1151995,17368754,0,ff267373444e3979,,0,3.99
20260927T200509Z-0e3b,ba99c9c3a4c23240,657965,delta-omp,cpu,resident,s2,107,2,0,0,3,warm,24,1,13,18.420402,0,2.128786,0,16.291247,0,0,,34,157,0,45,112,1152257,17374820,0,7fc803176a503fcb,,0,3.99
20260927T200509Z-0e3b,ba99c9c3a4c23240,248642,delta-omp,cpu,resident,s2,108,2,0,0,3,warm,24,1,13,18.510794,0,2.128829,0,16.381501,0,0,,35,152,0,43,109,1152192,17375134,0,eb8a2f1c801ff9f5,,0,3.99
20260927T200509Z-0e3b,ba99c9c3a4c23240,447024,delta-omp,cpu,resident,s2,109,2,0,0,3,warm,24,1,13,18.713669,0,2.127077,0,16.586143,0,0,,32,155,0,42,113,1152362,17375740,0,294e71988b335ac8,,0,3.99
20260927T200509Z-0e3b,ba99c9c3a4c23240,586669,delta-omp,cpu,resident,s2,110,2,0,0,3,warm,24,1,13,18.293524,0,2.148518,0,16.144559,0,0,,35,154,0,43,111,1152320,17373120,0,7f06b0a07ce62fbd,,0,3.99
20260927T200509Z-0e3b,ba99c9c3a4c23240,898528,delta-omp,cpu,resident,s2,111,2,0,0,3,warm,24,1,13,18.783777,0,2.137044,0,16.646338,0,0,,35,155,0,42,113,1152054,17369816,0,ed0c4310232a6cfa,,0,3.99
20260927T200509Z-0e3b,ba99c9c3a4c23240,410615,delta-omp,cpu,resident,s2,112,2,0,0,3,warm,24,1,13,18.998425,0,2.144048,0,16.853999,0,0,,34,156,0,45,111,1152237,17374776,0,d6e3cae0016ae636,,0,3.99
20260927T200509Z-0e3b,ba99c9c3a4c23240,233899,delta-omp,cpu,resident,s2,113,2,0,0,3,warm,24,1,13,18.472805,0,2.145224,0,16.327198,0,0,,33,149,0,43,106,1152287,17374744,0,fb90ec5a321a1b11,,0,3.99
20260927T200509Z-0e3b,ba99c9c3a4c23240,321855,delta-omp,cpu,resident,s2,114,2,0,0,3,warm,24,1,13,18.870553,0,2.150857,0,16.71938,0,0,,33,153,0,41,112,1152094,17371174,0,184c285a03ae5048,,0,3.99
20260927T200509Z-0e3b,ba99c9c3a4c23240,327721,delta-omp,cpu,resident,s2,115,2,0,0,3,warm,24,1,13,18.987253,0,2.197214,0,16.789645,0,0,,35,156,0,43,113,1152605,17380682,0,0502c004ff0e13ac,,0,3.99
20260927T200509Z-0e3b,ba99c9c3a4c23240,791859,delta-omp,cpu,resident,s2,116,2,0,0,3,warm,24,1,13,20.401868,0,2.621988,0,17.779251,0,0,,35,159,0,42,117,1151761,17366942,0,77de2f97c13e9690,,0,3.99
20260927T200509Z-0e3b,ba99c9c3a4c23240,830337,delta-omp,cpu,resident,s2,117,2,0,0,3,warm,24,1,13,19.141367,0,2.157003,0,16.983855,0,0,,36,158,0,42,116,1152222,17370842,0,8a1f0ac79dfe7a21,,0,3.99
20260927T200509Z-0e3b,ba99c9c3a4c23240,255281,delta-omp,cpu,resident,s2,118,2,0,0,3,warm,24,1,13,19.328454,0,2.153177,0,17.174944,0,0,,35,157,0,43,114,1151905,17369464,0,9127d34afa79f86f,,0,3.99
20260927T200509Z-0e3b,ba99c9c3a4c23240,396042,delta-omp,cpu,resident,s2,119,2,0,0,3,warm,24,1,13,18.298999,0,2.129041,0,16.169475,0,0,,33,149,0,42,107,1152255,17375074,0,112d40140b009d4a,,0,3.99
20260927T200509Z-0e3b,ba99c9c3a4c23240,617545,delta-omp,cpu,resident,s2,120,2,0,0,3,warm,24,1,13,18.646292,0,2.146957,0,16.498836,0,0,,34,158,0,45,113,1152273,17373060,0,675e0bc84d0c5ef8,,0,3.99
20260927T200509Z-0e3b,ba99c9c3a4c23240,469422,delta-omp,cpu,resident,s2,121,2,0,0,3,warm,24,1,13,18.916328,0,2.138192,0,16.777782,0,0,,34,154,0,40,114,1152100,17368868,0,75c0ccd538f9c0f7,,0,3.99
20260927T200509Z-0e3b,ba99c9c3a4c23240,187428,delta-omp,cpu,resident,s2,122,2,0,0,3,warm,24,1,13,18.618021,0,2.138661,0,16.47904,0,0,,36,159,0,44,115,1151966,17367468,0,bd28bacb43728c1c,,0,3.99
20260927T200509Z-0e3b,ba99c9c3a4c23240,59507,delta-omp,cpu,resident,s2,123,2,0,0,3,warm,24,1,13,20.127737,0,2.298809,0,17.828359,0,0,,35,166,0,44,122,1151921,17367872,0,9bf525a021591b0c,,0,3.99
20260927T200509Z-0e3b,ba99c9c3a4c23240,205738,delta-omp,cpu,resident,s2,124,2,0,0,3,warm,24,1,13,19.811238,0,2.397639,0,17.413183,0,0,,37,166,0,45,121,1151822,17366950,0,0ba3453c1e73022f,,0,3.99
20260927T200509Z-0e3b,ba99c9c3a4c23240,867055,delta-omp,cpu,resident,s2,125,2,0,0,3,warm,24,1,13,19.086421,0,2.157109,0,16.928676,0,0,,36,162,0,45,117,1151716,17368136,0,006b20bd4f12f3ab,,0,3.99
20260927T200509Z-0e3b,ba99c9c3a4c23240,196131,delta-omp,cpu,resident,s2,126,2,0,0,3,warm,24,1,13,19.125562,0,2.149851,0,16.975192,0,0,,33,156,0,42,114,1152516,17376780,0,898234ed8dcb8680,,0,3.99
20260927T200509Z-0e3b,ba99c9c3a4c23240,151969,delta-omp,cpu,resident,s2,127,2,0,0,3,warm,24,1,13,18.597052,0,2.159894,0,16.436441,0,0.000172,,34,153,0,43,110,1151967,17369226,0,0546343fa65d7f21,,0,3.99
